article_id,article_version,url_type_id,url_id,url,url_name,sort_order,last_updated,url_description
52369,17,1,1,http://,,1,2025-12-22 15:54:37.593000,
52369,17,2,2,http://,,2,2025-12-22 15:54:37.597000,
52369,17,3,3,http://,,3,2025-12-22 15:54:37.597000,
52369,17,4,4,http://,,4,2025-12-22 15:54:37.600000,
52370,135,1,1,http://,,1,2026-07-31 17:44:07.490000,
52370,135,2,2,http://,,2,2026-07-31 17:44:07.507000,
52370,135,3,3,http://,,3,2026-07-31 17:44:07.527000,
52370,135,4,4,https://www.accessdata.fda.gov/scripts/cder/daf/,FDA Web site,4,2026-07-31 17:44:07.543000,
52379,10,1,1,http://,,1,2023-11-17 21:59:58.707000,
52379,10,2,2,http://,,2,2023-11-17 21:59:58.710000,
52379,10,3,3,http://,,3,2023-11-17 21:59:58.710000,
52379,10,4,4,http://,,4,2023-11-17 21:59:58.713000,
52399,75,1,1,http://,,1,2026-07-07 14:19:53.123000,
52399,75,2,2,http://,,2,2026-07-07 14:19:53.130000,
52399,75,3,3,http://,,3,2026-07-07 14:19:53.133000,
52399,75,4,4,https://www.accessdata.fda.gov/scripts/cder/daf/,FDA Web site,4,2026-07-07 14:19:53.140000,
52420,64,1,1,http://,,1,2025-12-22 14:16:58.860000,
52420,64,2,2,http://,,2,2025-12-22 14:16:58.863000,
52420,64,3,3,http://,,3,2025-12-22 14:16:58.867000,
52420,64,4,4,https://www.accessdata.fda.gov/scripts/cdrh/cfdocs/cfPMA/pma.cfm,FDA Premarket Notification Database,4,2025-12-22 14:16:58.870000,
52421,23,1,1,http://,,1,2023-09-22 19:00:52.680000,
52421,23,2,2,http://,,2,2023-09-22 19:00:52.680000,
52421,23,3,3,http://,,3,2023-09-22 19:00:52.683000,
52421,23,4,4,https://www.accessdata.fda.gov/scripts/cder/daf/,FDA Web site,4,2023-09-22 19:00:52.687000,
52423,84,1,1,http://,,1,2024-09-19 20:53:55.310000,
52423,84,2,2,http://,,2,2024-09-19 20:53:55.313000,
52423,84,3,3,http://,,3,2024-09-19 20:53:55.313000,
52423,84,4,4,https://www.accessdata.fda.gov/scripts/cder/daf/,FDA Web site,4,2024-09-19 20:53:55.317000,
52430,12,1,1,http://,,1,2025-11-26 22:23:51.180000,
52430,12,2,2,http://,,2,2025-11-26 22:23:51.183000,
52430,12,3,3,http://,,3,2025-11-26 22:23:51.187000,
52430,12,4,4,http://,,4,2025-11-26 22:23:51.187000,
52432,14,1,1,http://,,1,2023-11-07 17:38:39.937000,
52432,14,2,2,http://,,2,2023-11-07 17:38:39.940000,
52432,14,3,3,http://,,3,2023-11-07 17:38:39.943000,
52432,14,4,4,http://,,4,2023-11-07 17:38:39.947000,
52434,51,1,1,http://,,1,2024-09-20 16:59:11.233000,
52434,51,2,2,http://,,2,2024-09-20 16:59:11.237000,
52434,51,3,3,http://,,3,2024-09-20 16:59:11.240000,
52434,51,4,4,http://,,4,2024-09-20 16:59:11.240000,
52435,14,1,1,http://,,1,2025-11-26 22:25:16.877000,
52435,14,2,2,http://,,2,2025-11-26 22:25:16.880000,
52435,14,3,3,http://,,3,2025-11-26 22:25:16.880000,
52435,14,4,4,http://,,4,2025-11-26 22:25:16.883000,
52437,17,1,1,http://,,1,2025-11-26 22:26:52.133000,
52437,17,2,2,http://,,2,2025-11-26 22:26:52.137000,
52437,17,3,3,http://,,3,2025-11-26 22:26:52.137000,
52437,17,4,4,http://,,4,2025-11-26 22:26:52.140000,
52438,22,1,1,http://,,1,2025-09-18 20:45:45.470000,
52438,22,2,2,http://,,2,2025-09-18 20:45:45.477000,
52438,22,3,3,http://,,3,2025-09-18 20:45:45.477000,
52438,22,4,4,http://,,4,2025-09-18 20:45:45.480000,
52447,30,1,1,http://,,1,2021-09-24 13:06:32.720000,
52447,30,2,2,http://,,2,2021-09-24 13:06:32.723000,
52447,30,3,3,http://,,3,2021-09-24 13:06:32.723000,
52447,30,4,4,http://,,4,2021-09-24 13:06:32.723000,
52448,24,1,1,http://,,1,2025-09-17 14:20:33.140000,
52448,24,2,2,http://,,2,2025-09-17 14:20:33.140000,
52448,24,3,3,http://,,3,2025-09-17 14:20:33.143000,
52448,24,4,4,https://www.accessdata.fda.gov/scripts/cder/daf/,FDA Web site,4,2025-09-17 14:20:33.150000,
52450,83,1,1,http://,,1,2026-06-12 01:18:49.327000,
52450,83,2,2,http://,,2,2026-06-12 01:18:49.327000,
52450,83,3,3,http://,,3,2026-06-12 01:18:49.330000,
52450,83,4,4,https://www.accessdata.fda.gov/scripts/cder/daf/,FDA Web site,4,2026-06-12 01:18:49.333000,
52451,89,1,1,http://,,1,2026-07-24 15:36:33.947000,
52451,89,2,2,http://,,2,2026-07-24 15:36:33.950000,
52451,89,3,3,http://,,3,2026-07-24 15:36:33.950000,
52451,89,4,4,https://www.accessdata.fda.gov/scripts/cder/daf/,FDA Web site,4,2026-07-24 15:36:33.957000,
52453,49,1,1,http://,,1,2025-09-17 14:17:07.567000,
52453,49,2,2,http://,,2,2025-09-17 14:17:07.570000,
52453,49,3,3,http://,,3,2025-09-17 14:17:07.573000,
52453,49,4,4,http://,,4,2025-09-17 14:17:07.573000,
52457,65,1,1,http://,,1,2026-04-03 00:25:33.137000,
52457,65,2,2,http://,,2,2026-04-03 00:25:33.140000,
52457,65,3,3,http://,,3,2026-04-03 00:25:33.143000,
52457,65,4,4,http://,,4,2026-04-03 00:25:33.147000,
52458,40,1,1,http://,,1,2026-04-15 12:41:36.810000,
52458,40,2,2,http://,,2,2026-04-15 12:41:36.813000,
52458,40,3,3,http://,,3,2026-04-15 12:41:36.817000,
52458,40,4,4,http://,,4,2026-04-15 12:41:36.820000,
52459,23,1,1,http://,,1,2022-04-07 21:36:30.353000,
52459,23,2,2,http://,,2,2022-04-07 21:36:30.367000,
52459,23,3,3,http://,,3,2022-04-07 21:36:30.387000,
52459,23,4,4,http://,,4,2022-04-07 21:36:30.400000,
52460,16,1,1,http://,,1,2022-04-07 21:37:19.497000,
52460,16,2,2,http://,,2,2022-04-07 21:37:19.500000,
52460,16,3,3,http://,,3,2022-04-07 21:37:19.500000,
52460,16,4,4,http://,,4,2022-04-07 21:37:19.500000,
52461,21,1,1,http://,,1,2022-04-07 21:38:51.557000,
52461,21,2,2,http://,,2,2022-04-07 21:38:51.557000,
52461,21,3,3,http://,,3,2022-04-07 21:38:51.560000,
52461,21,4,4,http://,,4,2022-04-07 21:38:51.567000,
52462,32,1,1,http://,,1,2025-09-11 13:46:37.803000,
52462,32,2,2,http://,,2,2025-09-11 13:46:37.807000,
52462,32,3,3,http://,,3,2025-09-11 13:46:37.810000,
52462,32,4,4,http://,,4,2025-09-11 13:46:37.813000,
52463,32,1,1,http://,,1,2025-09-11 13:48:26.567000,
52463,32,2,2,http://,,2,2025-09-11 13:48:26.573000,
52463,32,3,3,http://,,3,2025-09-11 13:48:26.593000,
52463,32,4,4,http://,,4,2025-09-11 13:48:26.620000,
52464,65,1,1,http://,,1,2026-04-15 12:46:45.550000,
52464,65,2,2,http://,,2,2026-04-15 12:46:45.553000,
52464,65,3,3,http://,,3,2026-04-15 12:46:45.557000,
52464,65,4,4,http://,,4,2026-04-15 12:46:45.560000,
52465,72,1,1,http://,,1,2026-04-01 18:31:26.320000,
52465,72,2,2,http://,,2,2026-04-01 18:31:26.323000,
52465,72,3,3,http://,,3,2026-04-01 18:31:26.327000,
52465,72,4,4,http://,,4,2026-04-01 18:31:26.330000,
52466,87,1,1,http://,,1,2026-06-10 15:25:06.790000,
52466,87,2,2,http://,,2,2026-06-10 15:25:06.793000,
52466,87,3,3,http://,,3,2026-06-10 15:25:06.797000,
52466,87,4,4,http://,,4,2026-06-10 15:25:06.800000,
52467,54,1,1,http://,,1,2024-05-08 15:56:44.063000,
52467,54,2,2,http://,,2,2024-05-08 15:56:44.067000,
52467,54,3,3,http://,,3,2024-05-08 15:56:44.073000,
52467,54,4,4,http://,,4,2024-05-08 15:56:44.083000,
52468,22,1,1,http://,,1,2022-04-07 21:44:53.107000,
52468,22,2,2,http://,,2,2022-04-07 21:44:53.110000,
52468,22,3,3,http://,,3,2022-04-07 21:44:53.110000,
52468,22,4,4,http://,,4,2022-04-07 21:44:53.113000,
52469,28,1,1,http://,,1,2024-10-09 18:19:01.080000,
52469,28,2,2,http://,,2,2024-10-09 18:19:01.093000,
52469,28,3,3,http://,,3,2024-10-09 18:19:01.100000,
52469,28,4,4,http://,,4,2024-10-09 18:19:01.113000,
52470,19,1,1,http://,,1,2026-07-27 18:03:29.270000,
52470,19,2,2,http://,,2,2026-07-27 18:03:29.270000,
52470,19,3,3,http://,,3,2026-07-27 18:03:29.273000,
52470,19,4,4,http://,,4,2026-07-27 18:03:29.277000,
52474,40,1,1,http://,,1,2025-09-12 13:35:43.440000,
52474,40,2,2,http://,,2,2025-09-12 13:35:43.443000,
52474,40,3,3,http://,,3,2025-09-12 13:35:43.443000,
52474,40,4,4,http://,,4,2025-09-12 13:35:43.447000,
52476,27,1,1,http://,,1,2022-04-07 14:02:30.123000,
52476,27,2,2,http://,,2,2022-04-07 14:02:30.143000,
52476,27,3,3,http://,,3,2022-04-07 14:02:30.160000,
52476,27,4,4,http://,,4,2022-04-07 14:02:30.163000,
52477,16,1,1,http://,,1,2022-04-07 14:09:34.573000,
52477,16,2,2,http://,,2,2022-04-07 14:09:34.587000,
52477,16,3,3,http://,,3,2022-04-07 14:09:34.600000,
52477,16,4,4,http://,,4,2022-04-07 14:09:34.613000,
52478,26,1,1,http://,,1,2025-10-03 15:02:26.390000,
52478,26,2,2,http://,,2,2025-10-03 15:02:26.393000,
52478,26,3,3,http://,,3,2025-10-03 15:02:26.393000,
52478,26,4,4,http://,,4,2025-10-03 15:02:26.397000,
52479,73,1,1,http://,,1,2025-12-31 13:50:40.580000,
52479,73,2,2,http://,,2,2025-12-31 13:50:40.580000,
52479,73,3,3,http://,,3,2025-12-31 13:50:40.583000,
52479,73,4,4,http://,,4,2025-12-31 13:50:40.587000,
52480,90,1,1,http://,,1,2025-12-31 14:02:27.037000,
52480,90,2,2,http://,,2,2025-12-31 14:02:27.040000,
52480,90,3,3,http://,,3,2025-12-31 14:02:27.040000,
52480,90,4,4,http://,,4,2025-12-31 14:02:27.043000,
52481,30,1,1,http://,,1,2025-03-27 12:56:19.403000,
52481,30,2,2,http://,,2,2025-03-27 12:56:19.403000,
52481,30,3,3,http://,,3,2025-03-27 12:56:19.407000,
52481,30,4,4,http://,,4,2025-03-27 12:56:19.410000,
52487,33,1,1,http://,,1,2025-04-03 16:17:00.720000,
52487,33,2,2,http://,,2,2025-04-03 16:17:00.723000,
52487,33,3,3,http://,,3,2025-04-03 16:17:00.723000,
52487,33,4,4,http://,,4,2025-04-03 16:17:00.727000,
52489,24,1,1,http://,,1,2022-04-07 14:19:18.937000,
52489,24,2,2,http://,,2,2022-04-07 14:19:19.037000,
52489,24,3,3,http://,,3,2022-04-07 14:19:19.040000,
52489,24,4,4,http://,,4,2022-04-07 14:19:19.040000,
52490,27,1,1,http://,,1,2022-04-07 14:19:58.927000,
52490,27,2,2,http://,,2,2022-04-07 14:19:58.927000,
52490,27,3,3,http://,,3,2022-04-07 14:19:58.930000,
52490,27,4,4,http://,,4,2022-04-07 14:19:58.930000,
52492,22,1,1,http://,,1,2026-05-05 16:08:57.467000,
52492,22,2,2,http://,,2,2026-05-05 16:08:57.477000,
52492,22,3,3,http://,,3,2026-05-05 16:08:57.483000,
52492,22,4,4,http://,,4,2026-05-05 16:08:57.493000,
52494,63,1,1,http://,,1,2025-09-11 14:03:16.057000,
52494,63,2,2,http://,,2,2025-09-11 14:03:16.063000,
52494,63,3,3,http://,,3,2025-09-11 14:03:16.077000,
52494,63,4,4,http://,,4,2025-09-11 14:03:16.093000,
52495,18,1,1,http://,,1,2022-04-07 16:51:16.840000,
52495,18,2,2,http://,,2,2022-04-07 16:51:16.863000,
52495,18,3,3,http://,,3,2022-04-07 16:51:16.877000,
52495,18,4,4,http://,,4,2022-04-07 16:51:16.890000,
52496,64,1,1,http://,,1,2026-06-11 15:17:17.307000,
52496,64,2,2,http://,,2,2026-06-11 15:17:17.310000,
52496,64,3,3,http://,,3,2026-06-11 15:17:17.310000,
52496,64,4,4,http://,,4,2026-06-11 15:17:17.313000,
52497,35,1,1,http://,,1,2024-06-05 19:22:53.573000,
52497,35,2,2,http://,,2,2024-06-05 19:22:53.577000,
52497,35,3,3,http://,,3,2024-06-05 19:22:53.577000,
52497,35,4,4,http://,,4,2024-06-05 19:22:53.580000,
52498,64,1,1,http://,,1,2026-04-03 00:26:19.690000,
52498,64,2,2,http://,,2,2026-04-03 00:26:19.693000,
52498,64,3,3,http://,,3,2026-04-03 00:26:19.697000,
52498,64,4,4,http://,,4,2026-04-03 00:26:19.700000,
52499,23,1,1,http://,,1,2022-05-18 17:35:40.497000,
52499,23,2,2,http://,,2,2022-05-18 17:35:40.507000,
52499,23,3,3,http://,,3,2022-05-18 17:35:40.513000,
52499,23,4,4,http://,,4,2022-05-18 17:35:40.520000,
52500,46,1,1,http://,,1,2026-04-03 00:26:44.617000,
52500,46,2,2,http://,,2,2026-04-03 00:26:44.620000,
52500,46,3,3,http://,,3,2026-04-03 00:26:44.623000,
52500,46,4,4,http://,,4,2026-04-03 00:26:44.627000,
52501,47,1,1,http://,,1,2024-11-26 12:52:37.463000,
52501,47,2,2,http://,,2,2024-11-26 12:52:37.467000,
52501,47,3,3,http://,,3,2024-11-26 12:52:37.470000,
52501,47,4,4,http://,,4,2024-11-26 12:52:37.470000,
52502,20,1,1,http://,,1,2022-04-07 16:49:20.803000,
52502,20,2,2,http://,,2,2022-04-07 16:49:20.890000,
52502,20,3,3,http://,,3,2022-04-07 16:49:21,
52502,20,4,4,http://,,4,2022-04-07 16:49:21.050000,
52503,26,1,1,http://,,1,2025-10-23 17:00:08.420000,
52503,26,2,2,http://,,2,2025-10-23 17:00:08.420000,
52503,26,3,3,http://,,3,2025-10-23 17:00:08.427000,
52503,26,4,4,http://,,4,2025-10-23 17:00:08.427000,
52504,61,1,1,http://,,1,2026-04-03 00:27:07.047000,
52504,61,2,2,http://,,2,2026-04-03 00:27:07.050000,
52504,61,3,3,http://,,3,2026-04-03 00:27:07.053000,
52504,61,4,4,http://,,4,2026-04-03 00:27:07.060000,
52505,80,1,1,http://,,1,2026-05-21 16:54:43.160000,
52505,80,2,2,http://,,2,2026-05-21 16:54:43.163000,
52505,80,3,3,http://,,3,2026-05-21 16:54:43.167000,
52505,80,4,4,http://,,4,2026-05-21 16:54:43.167000,
52507,156,1,1,http://,,1,2026-01-27 18:51:06.250000,
52507,156,2,2,http://,,2,2026-01-27 18:51:06.253000,
52507,156,3,3,http://,,3,2026-01-27 18:51:06.257000,
52507,156,4,4,http://,,4,2026-01-27 18:51:06.257000,
52508,39,1,1,http://,,1,2022-04-07 12:33:09.550000,
52508,39,2,2,http://,,2,2022-04-07 12:33:09.560000,
52508,39,3,3,http://,,3,2022-04-07 12:33:09.573000,
52508,39,4,4,http://,,4,2022-04-07 12:33:09.587000,
52509,73,1,1,http://,,1,2026-06-19 14:05:58.790000,
52509,73,2,2,http://,,2,2026-06-19 14:05:58.793000,
52509,73,3,3,http://,,3,2026-06-19 14:05:58.797000,
52509,73,4,4,http://,,4,2026-06-19 14:05:58.800000,
52510,61,1,1,http://,,1,2025-09-12 13:51:39.197000,
52510,61,2,2,http://,,2,2025-09-12 13:51:39.200000,
52510,61,3,3,http://,,3,2025-09-12 13:51:39.203000,
52510,61,4,4,http://,,4,2025-09-12 13:51:39.207000,
52511,28,1,1,http://,,1,2022-04-07 12:40:02.123000,
52511,28,2,2,http://,,2,2022-04-07 12:40:02.133000,
52511,28,3,3,http://,,3,2022-04-07 12:40:02.137000,
52511,28,4,4,http://,,4,2022-04-07 12:40:02.143000,
52512,46,1,1,http://,,1,2024-05-09 18:55:43.157000,
52512,46,2,2,http://,,2,2024-05-09 18:55:43.157000,
52512,46,3,3,http://,,3,2024-05-09 18:55:43.160000,
52512,46,4,4,http://,,4,2024-05-09 18:55:43.160000,
52513,50,1,1,http://,,1,2026-07-02 18:30:37.303000,
52513,50,2,2,http://,,2,2026-07-02 18:30:37.307000,
52513,50,3,3,http://,,3,2026-07-02 18:30:37.307000,
52513,50,4,4,http://,,4,2026-07-02 18:30:37.310000,
52514,61,1,1,http://,,1,2024-05-09 18:59:28.460000,
52514,61,2,2,http://,,2,2024-05-09 18:59:28.460000,
52514,61,3,3,http://,,3,2024-05-09 18:59:28.463000,
52514,61,4,4,http://,,4,2024-05-09 18:59:28.470000,
52516,26,1,1,http://,,1,2023-09-20 13:41:37.460000,
52516,26,2,2,http://,,2,2023-09-20 13:41:37.460000,
52516,26,3,3,http://,,3,2023-09-20 13:41:37.463000,
52516,26,4,4,http://,,4,2023-09-20 13:41:37.463000,
52517,50,1,1,http://,,1,2025-10-03 14:40:04.813000,
52517,50,2,2,http://,,2,2025-10-03 14:40:04.817000,
52517,50,3,3,http://,,3,2025-10-03 14:40:04.820000,
52517,50,4,4,http://,,4,2025-10-03 14:40:04.820000,
52518,36,1,1,http://,,1,2023-05-11 16:30:31.980000,
52518,36,2,2,http://,,2,2023-05-11 16:30:31.990000,
52518,36,3,3,http://,,3,2023-05-11 16:30:32,
52518,36,4,4,http://,,4,2023-05-11 16:30:32.010000,
52519,39,1,1,http://,,1,2024-05-09 18:57:25.723000,
52519,39,2,2,http://,,2,2024-05-09 18:57:25.730000,
52519,39,3,3,http://,,3,2024-05-09 18:57:25.740000,
52519,39,4,4,http://,,4,2024-05-09 18:57:25.750000,
52520,31,1,1,http://,,1,2022-11-11 14:43:17.460000,
52520,31,2,2,http://,,2,2022-11-11 14:43:17.463000,
52520,31,3,3,http://,,3,2022-11-11 14:43:17.463000,
52520,31,4,4,http://,,4,2022-11-11 14:43:17.467000,
52521,55,1,1,http://,,1,2026-04-02 16:24:24.067000,
52521,55,2,2,http://,,2,2026-04-02 16:24:24.070000,
52521,55,3,3,http://,,3,2026-04-02 16:24:24.073000,
52521,55,4,4,http://,,4,2026-04-02 16:24:24.077000,
52527,90,1,1,http://,,1,2026-04-24 12:57:21.377000,
52527,90,2,2,http://,,2,2026-04-24 12:57:21.380000,
52527,90,3,3,http://,,3,2026-04-24 12:57:21.387000,
52535,14,1,1,http://,,1,2026-07-27 18:01:49.997000,
52535,14,2,2,http://,,2,2026-07-27 18:01:50,
52535,14,3,3,http://,,3,2026-07-27 18:01:50.003000,
52535,14,4,4,http://,,4,2026-07-27 18:01:50.007000,
52537,11,1,1,http://,,1,2023-12-29 17:39:23.197000,
52537,11,2,2,http://,,2,2023-12-29 17:39:23.200000,
52537,11,3,3,http://,,3,2023-12-29 17:39:23.203000,
52537,11,4,4,http://,,4,2023-12-29 17:39:23.213000,
52571,143,1,1,http://,,1,2026-07-10 13:46:46.893000,
52571,143,2,2,http://,,2,2026-07-10 13:46:46.897000,
52571,143,3,3,http://,,3,2026-07-10 13:46:46.900000,
52711,22,1,1,http://,,1,2022-04-07 21:46:31.160000,
52711,22,2,2,http://,,2,2022-04-07 21:46:31.163000,
52711,22,3,3,http://,,3,2022-04-07 21:46:31.163000,
52711,22,4,4,http://,,4,2022-04-07 21:46:31.170000,
52712,25,1,1,http://,,1,2022-04-07 21:47:16.283000,
52712,25,2,2,http://,,2,2022-04-07 21:47:16.290000,
52712,25,3,3,http://,,3,2022-04-07 21:47:16.297000,
52712,25,4,4,http://,,4,2022-04-07 21:47:16.300000,
52713,18,1,1,http://,,1,2022-04-07 14:00:02.617000,
52713,18,2,2,http://,,2,2022-04-07 14:00:02.633000,
52713,18,3,3,http://,,3,2022-04-07 14:00:02.650000,
52713,18,4,4,http://,,4,2022-04-07 14:00:02.667000,
52800,98,1,1,http://,,1,2026-07-10 12:17:53.933000,
52800,98,2,2,http://,,2,2026-07-10 12:17:53.940000,
52800,98,3,3,http://,,3,2026-07-10 12:17:53.940000,
52825,12,1,1,http://,,1,2024-01-16 14:52:38.173000,
52825,12,2,2,http://,,2,2024-01-16 14:52:38.177000,
52825,12,3,3,http://,,3,2024-01-16 14:52:38.180000,
52825,12,4,4,http://,,4,2024-01-16 14:52:38.180000,
52830,9,1,1,http://,,1,2019-11-08 18:57:38.770000,
52830,9,2,2,http://,,2,2019-11-08 18:57:38.770000,
52830,9,3,3,http://,,3,2019-11-08 18:57:38.773000,
52830,9,4,4,http://,,4,2019-11-08 18:57:38.773000,
52837,21,1,1,http://,,1,2024-12-19 15:52:55.500000,
52837,21,2,2,http://,,2,2024-12-19 15:52:55.570000,
52837,21,3,3,http://,,3,2024-12-19 15:52:55.577000,
52837,21,4,4,http://,,4,2024-12-19 15:52:55.670000,
52841,4,1,1,http://,,1,2016-09-22 21:24:08.937000,
52841,4,2,2,http://,,2,2016-09-22 21:24:08.937000,
52841,4,3,3,http://,,3,2016-09-22 21:24:08.940000,
52841,4,4,4,http://,,4,2016-09-22 21:24:08.940000,
52842,18,1,1,http://,,1,2023-11-17 21:52:18.360000,
52842,18,2,2,http://,,2,2023-11-17 21:52:18.360000,
52842,18,3,3,http://,,3,2023-11-17 21:52:18.363000,
52842,18,4,4,http://,,4,2023-11-17 21:52:18.367000,
52845,8,1,1,http://,,1,2023-10-06 15:24:41.663000,
52845,8,2,2,http://,,2,2023-10-06 15:24:41.667000,
52845,8,3,3,http://,,3,2023-10-06 15:24:41.667000,
52845,8,4,4,http://,,4,2023-10-06 15:24:41.670000,
52849,36,1,1,http://,,1,2023-12-21 15:24:40.873000,
52849,36,2,2,http://,,2,2023-12-21 15:24:40.877000,
52849,36,3,3,http://,,3,2023-12-21 15:24:40.880000,
52849,36,4,4,http://,,4,2023-12-21 15:24:40.880000,
52850,56,1,1,http://,,1,2025-12-22 18:44:57.083000,
52850,56,2,2,http://,,2,2025-12-22 18:44:57.087000,
52850,56,3,3,http://,,3,2025-12-22 18:44:57.087000,
52850,56,4,4,http://,,4,2025-12-22 18:44:57.090000,
52855,31,1,1,http://,,1,2024-01-04 13:46:54.127000,
52855,31,2,2,http://,,2,2024-01-04 13:46:54.130000,
52855,31,3,3,http://,,3,2024-01-04 13:46:54.130000,
52855,31,4,4,http://,,4,2024-01-04 13:46:54.133000,
52863,59,1,1,http://,,1,2025-12-22 15:48:34.407000,
52863,59,2,2,http://,,2,2025-12-22 15:48:34.410000,
52863,59,3,3,http://,,3,2025-12-22 15:48:34.410000,
52863,59,4,4,http://,,4,2025-12-22 15:48:34.413000,
52866,35,1,1,http://,,1,2024-12-19 16:04:28.550000,
52866,35,2,2,http://,,2,2024-12-19 16:04:28.557000,
52866,35,3,3,http://,,3,2024-12-19 16:04:28.563000,
52866,35,4,4,http://,,4,2024-12-19 16:04:28.567000,
52868,46,1,1,http://,,1,2024-12-19 12:58:08.203000,
52868,46,2,2,http://,,2,2024-12-19 12:58:08.207000,
52868,46,3,3,http://,,3,2024-12-19 12:58:08.227000,
52868,46,4,4,http://,,4,2024-12-19 12:58:08.233000,
52870,38,1,1,http://,,1,2024-12-19 13:27:21.797000,
52870,38,2,2,http://,,2,2024-12-19 13:27:21.800000,
52870,38,3,3,http://,,3,2024-12-19 13:27:21.810000,
52870,38,4,4,http://,,4,2024-12-19 13:27:21.810000,
52917,4,1,1,http://,,1,2023-11-22 16:25:23.607000,
52917,4,2,2,http://,,2,2023-11-22 16:25:23.610000,
52917,4,3,3,http://,,3,2023-11-22 16:25:23.613000,
52917,4,4,4,http://,,4,2023-11-22 16:25:23.613000,
52918,5,1,1,http://,,1,2023-11-22 18:30:28.623000,
52918,5,2,2,http://,,2,2023-11-22 18:30:28.623000,
52918,5,3,3,http://,,3,2023-11-22 18:30:28.627000,
52918,5,4,4,http://,,4,2023-11-22 18:30:28.627000,
52986,242,1,1,http://,,1,2025-04-25 17:28:18.167000,
52986,242,2,2,http://,,2,2025-04-25 17:28:18.170000,
52986,242,3,3,http://,,3,2025-04-25 17:28:18.173000,
52986,242,4,4,http://,,4,2025-04-25 17:28:18.177000,
52992,30,1,1,http://,,1,2025-04-11 13:01:11.620000,
52992,30,2,2,http://,,2,2025-04-11 13:01:11.627000,
52992,30,3,3,http://,,3,2025-04-11 13:01:11.630000,
52992,30,4,4,http://,,4,2025-04-11 13:01:11.633000,
52993,54,1,1,http://,,1,2024-10-18 13:42:55.837000,
52993,54,2,2,http://,,2,2024-10-18 13:42:55.843000,
52993,54,3,3,http://,,3,2024-10-18 13:42:55.853000,
52993,54,4,4,http://,,4,2024-10-18 13:42:55.863000,
52996,31,1,1,http://,,1,2025-09-26 13:52:29.980000,
52996,31,2,2,http://,,2,2025-09-26 13:52:29.983000,
52996,31,3,3,http://,,3,2025-09-26 13:52:29.987000,
52996,31,4,4,http://,,4,2025-09-26 13:52:29.990000,
52998,50,1,1,http://,,1,2026-01-23 14:04:07.353000,
52998,50,2,2,http://,,2,2026-01-23 14:04:07.357000,
52998,50,3,3,http://,,3,2026-01-23 14:04:07.357000,
52998,50,4,4,http://,,4,2026-01-23 14:04:07.360000,
53001,45,1,1,http://,,1,2026-01-23 14:04:57.367000,
53001,45,2,2,http://,,2,2026-01-23 14:04:57.370000,
53001,45,3,3,http://,,3,2026-01-23 14:04:57.373000,
53001,45,4,4,http://,,4,2026-01-23 14:04:57.373000,
53006,14,1,1,http://www.socialsecurity.gov/OP_Home/ssact/title18/1862.htm,Title XVIII of the Social Security Act §1862(a)(1)(A),1,2019-12-12 15:59:00.607000,
53006,14,2,2,http://,,2,2019-12-12 15:59:00.610000,
53006,14,3,3,http://,,3,2019-12-12 15:59:00.610000,
53006,14,4,4,http://,,4,2019-12-12 15:59:00.610000,
53008,56,1,1,http://,,1,2025-09-23 18:03:56.860000,
53008,56,2,2,http://,,2,2025-09-23 18:03:56.867000,
53008,56,3,3,http://,,3,2025-09-23 18:03:56.870000,
53008,56,4,4,http://,,4,2025-09-23 18:03:56.873000,
53018,14,1,1,http://,,1,2023-11-20 14:38:49.343000,
53018,14,2,2,http://,,2,2023-11-20 14:38:49.347000,
53018,14,3,3,http://,,3,2023-11-20 14:38:49.350000,
53018,14,4,4,http://,,4,2023-11-20 14:38:49.350000,
53019,15,1,1,http://,,1,2025-07-15 16:38:48.063000,
53019,15,2,2,http://,,2,2025-07-15 16:38:48.067000,
53019,15,3,3,http://,,3,2025-07-15 16:38:48.067000,
53019,15,4,4,http://,,4,2025-07-15 16:38:48.070000,
53021,141,1,1,http://,,1,2026-07-10 18:50:56.683000,
53021,141,2,2,http://,,2,2026-07-10 18:50:56.683000,
53021,141,3,3,http://,,3,2026-07-10 18:50:56.687000,
53024,22,1,1,http://,,1,2024-03-13 14:59:57.913000,
53024,22,2,2,http://,,2,2024-03-13 14:59:57.917000,
53024,22,3,3,http://,,3,2024-03-13 14:59:57.920000,
53024,22,4,4,http://,,4,2024-03-13 14:59:57.920000,
53026,65,1,1,http://,,1,2025-12-22 16:12:03.717000,
53026,65,2,2,http://,,2,2025-12-22 16:12:03.720000,
53026,65,3,3,http://,,3,2025-12-22 16:12:03.720000,
53026,65,4,4,http://,,4,2025-12-22 16:12:03.723000,
53032,145,1,1,http://,,1,2026-07-08 13:31:30.790000,
53032,145,2,2,http://,,2,2026-07-08 13:31:30.793000,
53032,145,3,3,http://,,3,2026-07-08 13:31:30.800000,
53033,141,1,1,http://,,1,2026-07-08 13:35:48.730000,
53033,141,2,2,http://,,2,2026-07-08 13:35:48.740000,
53033,141,3,3,http://,,3,2026-07-08 13:35:48.747000,
53043,16,1,1,http://www.socialsecurity.gov/OP_Home/ssact/title18/1862.htm,Title XVIII of the Social Security Act §1862(a)(1)(A),1,2026-06-19 12:08:46.077000,
53043,16,2,2,http://www.socialsecurity.gov/OP_Home/ssact/title18/1833.htm,Title XVIII of the Social Security Act §1833(e),2,2026-06-19 12:08:46.100000,
53043,16,3,3,http://,,3,2026-06-19 12:08:46.103000,
53043,16,4,4,http://,,4,2026-06-19 12:08:46.120000,
53047,17,1,1,http://,,1,2021-12-29 16:33:30.133000,
53047,17,2,2,http://,,2,2021-12-29 16:33:30.133000,
53047,17,3,3,http://,,3,2021-12-29 16:33:30.137000,
53047,17,4,4,http://,,4,2021-12-29 16:33:30.137000,
53052,48,1,1,http://,,1,2025-08-19 18:16:46.950000,
53052,48,2,2,http://,,2,2025-08-19 18:16:46.957000,
53052,48,3,3,http://,,3,2025-08-19 18:16:46.960000,
53052,48,4,4,http://,,4,2025-08-19 18:16:46.963000,
53053,14,1,1,http://,,1,2022-05-12 13:18:15.293000,
53053,14,2,2,http://,,2,2022-05-12 13:18:15.307000,
53053,14,3,3,http://,,3,2022-05-12 13:18:15.320000,
53053,14,4,4,http://,,4,2022-05-12 13:18:15.330000,
53055,13,1,1,http://,,1,2019-04-04 21:20:46.727000,
53055,13,2,2,http://,,2,2019-04-04 21:20:46.727000,
53055,13,3,3,http://,,3,2019-04-04 21:20:46.730000,
53055,13,4,4,http://,,4,2019-04-04 21:20:46.730000,
53056,15,1,1,http://,,1,2024-11-27 17:20:58.923000,
53056,15,2,2,http://,,2,2024-11-27 17:20:58.927000,
53056,15,3,3,http://,,3,2024-11-27 17:20:58.930000,
53056,15,4,4,http://,,4,2024-11-27 17:20:58.933000,
53057,67,1,1,http://,,1,2026-02-04 14:15:19.787000,
53057,67,2,2,http://,,2,2026-02-04 14:15:19.790000,
53057,67,3,3,http://,,3,2026-02-04 14:15:19.793000,
53057,67,4,4,http://,,4,2026-02-04 14:15:19.797000,
53058,65,1,1,http://,,1,2026-02-04 14:13:53.693000,
53058,65,2,2,http://,,2,2026-02-04 14:13:53.697000,
53058,65,3,3,http://,,3,2026-02-04 14:13:53.700000,
53058,65,4,4,http://,,4,2026-02-04 14:13:53.703000,
53060,48,1,1,http://www.socialsecurity.gov/OP_Home/ssact/title18/1862.htm,Title XVIII of the Social Security Act §1862(a)(1)(A),1,2025-08-14 12:47:20.930000,
53060,48,2,2,http://,,2,2025-08-14 12:47:20.933000,
53060,48,3,3,http://,,3,2025-08-14 12:47:20.937000,
53060,48,4,4,http://,,4,2025-08-14 12:47:20.937000,
53064,87,1,1,http://,,1,2026-02-04 14:07:36.740000,
53064,87,2,2,http://,,2,2026-02-04 14:07:36.743000,
53064,87,3,3,http://,,3,2026-02-04 14:07:36.747000,
53064,87,4,4,http://,,4,2026-02-04 14:07:36.750000,
53065,76,1,1,http://,,1,2026-02-04 14:10:39.827000,
53065,76,2,2,http://,,2,2026-02-04 14:10:39.830000,
53065,76,3,3,http://,,3,2026-02-04 14:10:39.833000,
53065,76,4,4,http://,,4,2026-02-04 14:10:39.837000,
53066,99,1,1,http://www.socialsecurity.gov/OP_Home/ssact/title18/1861.htm#act-1861-s-4,"Social Security Act 1861(s)(2)(A), Medical and Other Health Services",1,2026-07-09 15:36:16.577000,
53066,99,2,2,https://www.ecfr.gov/current/title-42/chapter-IV/subchapter-B/part-410/subpart-B/section-410.29,"42 CFR  410.29,  Limitations on Drugs and Biologicals",2,2026-07-09 15:36:16.580000,
53066,99,3,3,http://www.cms.gov/Regulations-and-Guidance/Guidance/Manuals/Downloads/bp102c15.pdf,"Publication 100-02, Chapter 15, Section 50, Drugs and Biologicals",3,2026-07-09 15:36:16.583000,
53084,28,1,1,http://,,1,2023-11-14 16:35:25.527000,
53084,28,2,2,http://,,2,2023-11-14 16:35:25.527000,
53084,28,3,3,http://,,3,2023-11-14 16:35:25.530000,
53084,28,4,4,http://,,4,2023-11-14 16:35:25.530000,
53095,28,1,1,http://,,1,2024-09-05 14:24:29.040000,
53095,28,2,2,http://,,2,2024-09-05 14:24:29.070000,
53095,28,3,3,http://,,3,2024-09-05 14:24:29.103000,
53095,28,4,4,http://,,4,2024-09-05 14:24:29.103000,
53101,46,1,1,http://,,1,2024-08-29 13:10:24.503000,
53101,46,2,2,http://,,2,2024-08-29 13:10:24.507000,
53101,46,3,3,http://,,3,2024-08-29 13:10:24.510000,
53101,46,4,4,http://,,4,2024-08-29 13:10:24.510000,
53104,32,1,1,http://,,1,2022-01-18 13:18:14.227000,
53104,32,2,2,http://,,2,2022-01-18 13:18:14.227000,
53104,32,3,3,http://,,3,2022-01-18 13:18:14.230000,
53104,32,4,4,http://,,4,2022-01-18 13:18:14.230000,
53105,22,1,1,http://,,1,2019-10-16 21:55:24.193000,
53105,22,2,2,http://,,2,2019-10-16 21:55:24.193000,
53105,22,3,3,http://,,3,2019-10-16 21:55:24.197000,
53105,22,4,4,http://,,4,2019-10-16 21:55:24.310000,
53106,16,1,1,http://,,1,2017-04-20 13:39:36.103000,
53106,16,2,2,http://,,2,2017-04-20 13:39:36.107000,
53106,16,3,3,http://,,3,2017-04-20 13:39:36.107000,
53106,16,4,4,http://,,4,2017-04-20 13:39:36.110000,
53127,193,1,1,http://,,1,2026-07-10 13:46:05.600000,
53127,193,2,2,http://,,2,2026-07-10 13:46:05.603000,
53127,193,3,3,http://,,3,2026-07-10 13:46:05.607000,
53134,84,1,1,http://,,1,2023-11-22 12:43:03.753000,
53134,84,2,2,http://,,2,2023-11-22 12:43:03.757000,
53134,84,3,3,http://,,3,2023-11-22 12:43:03.760000,
53134,84,4,4,http://,,4,2023-11-22 12:43:03.760000,
53296,23,1,1,http://,,1,2025-10-06 12:11:07.397000,
53296,23,2,2,http://,,2,2025-10-06 12:11:07.407000,
53296,23,3,3,http://,,3,2025-10-06 12:11:07.413000,
53296,23,4,4,http://,,4,2025-10-06 12:11:07.423000,
53304,16,1,1,http://,,1,2023-11-14 16:25:55.640000,
53304,16,2,2,http://,,2,2023-11-14 16:25:55.640000,
53304,16,3,3,https://www.cms.gov/Regulations-and-Guidance/Guidance/Manuals/Downloads/bp102c01.pdf,"Medicare Benefit Policy Manual, Publication 100-02, Chapter 1, Section 110",3,2023-11-14 16:25:55.647000,
53304,16,3,4,https://www.cms.gov/Regulations-and-Guidance/Guidance/Manuals/Downloads/bp102c15.pdf,"Medicare Benefit Policy Manual, Publication 100-02, Chapter 15, Sections 220-230.",4,2023-11-14 16:25:55.650000,
53304,16,4,5,http://,,5,2023-11-14 16:25:55.653000,
53322,16,1,1,http://,,1,2023-11-16 19:22:42.960000,
53322,16,2,2,http://,,2,2023-11-16 19:22:42.963000,
53322,16,3,3,http://,,3,2023-11-16 19:22:42.967000,
53322,16,4,4,http://,,4,2023-11-16 19:22:42.967000,
53352,13,1,1,http://,,1,2023-11-14 16:30:14.280000,
53352,13,2,2,http://,,2,2023-11-14 16:30:14.293000,
53352,13,3,3,http://,,3,2023-11-14 16:30:14.297000,
53352,13,4,4,http://,,4,2023-11-14 16:30:14.300000,
53356,14,1,1,http://,,1,2023-11-16 19:28:44.480000,
53356,14,2,2,http://,,2,2023-11-16 19:28:44.483000,
53356,14,3,3,http://,,3,2023-11-16 19:28:44.487000,
53356,14,4,4,http://,,4,2023-11-16 19:28:44.490000,
53359,40,1,1,http://,,1,2026-06-17 15:00:09.180000,
53359,40,2,2,http://,,2,2026-06-17 15:00:09.187000,
53359,40,3,3,http://www.cms.gov/Regulations-and-Guidance/Guidance/Manuals/Downloads/ncd103c1_Part4.pdf,Medicare National Coverage Determinations Manual,3,2026-06-17 15:00:09.190000,
53359,40,4,4,http://,,4,2026-06-17 15:00:09.197000,
53387,35,1,1,http://www.socialsecurity.gov/OP_Home/ssact/title18/1862.htm,Title XVIII Social Security Act 1862(a)(1),1,2026-06-26 12:42:12.343000,
53387,35,2,2,http://,,2,2026-06-26 12:42:12.347000,
53387,35,3,3,http://www.cms.gov/Regulations-and-Guidance/Guidance/Manuals/Downloads/bp102c15.pdf,"Publication 100-02, Medicare Benefit Policy Manual, Chapter 15, §50",3,2026-06-26 12:42:12.350000,
53387,35,4,4,http://,,4,2026-06-26 12:42:12.353000,
53399,13,1,1,http://,,1,2019-11-07 15:59:39.857000,
53399,13,2,2,http://,,2,2019-11-07 15:59:39.860000,
53399,13,3,3,http://,,3,2019-11-07 15:59:39.860000,
53399,13,4,4,http://,,4,2019-11-07 15:59:39.863000,
53423,16,1,1,http://,,1,2019-09-30 14:29:56.340000,
53423,16,2,2,http://,,2,2019-09-30 14:29:56.343000,
53423,16,3,3,http://,,3,2019-09-30 14:29:56.343000,
53423,16,4,4,http://,,4,2019-09-30 14:29:56.347000,
53435,11,1,1,http://,,1,2023-01-11 18:34:32.520000,
53435,11,2,2,http://,,2,2023-01-11 18:34:32.527000,
53435,11,3,3,http://,,3,2023-01-11 18:34:32.533000,
53435,11,4,4,http://,,4,2023-01-11 18:34:32.637000,
53441,10,1,1,http://,,1,2019-09-26 17:30:03.910000,
53441,10,2,2,http://,,2,2019-09-26 17:30:03.913000,
53441,10,3,3,http://,,3,2019-09-26 17:30:03.917000,
53441,10,4,4,http://,,4,2019-09-26 17:30:03.917000,
53444,14,1,1,http://,,1,2023-01-10 20:56:52.967000,
53444,14,2,2,http://,,2,2023-01-10 20:56:52.970000,
53444,14,3,3,https://www.cms.gov/Regulations-and-Guidance/Guidance/Manuals/Downloads/ncd103c1_Part2.pdf,"Medicare National Coverage Determinations Manual Chapter 1, Part 2, Section 100.1",3,2023-01-10 20:56:52.973000,
53444,14,4,4,http://,,4,2023-01-10 20:56:52.980000,
53446,6,1,1,http://www.socialsecurity.gov/OP_Home/ssact/title18/1862.htm,Title XVIII of the Social Security Act §1862(a)(1)(A),1,2017-10-10 15:38:51.840000,
53446,6,2,2,http://,,2,2017-10-10 15:38:51.847000,
53446,6,3,3,http://,,3,2017-10-10 15:38:51.850000,
53446,6,4,4,http://,,4,2017-10-10 15:38:51.850000,
53472,18,1,1,http://www.socialsecurity.gov/OP_Home/ssact/title18/1862.htm,Title XVIII of the Social Security Act §1862(a)(1)(A),1,2019-12-03 21:10:27.247000,
53472,18,2,2,http://,,2,2019-12-03 21:10:27.247000,
53472,18,3,3,http://,,3,2019-12-03 21:10:27.247000,
53472,18,4,4,http://,,4,2019-12-03 21:10:27.250000,
53480,14,1,1,http://,,1,2019-10-15 14:36:38.490000,
53480,14,2,2,http://,,2,2019-10-15 14:36:38.493000,
53480,14,3,3,http://,,3,2019-10-15 14:36:38.493000,
53480,14,4,4,http://,,4,2019-10-15 14:36:38.497000,
53482,13,1,1,http://,,1,2019-10-24 00:19:11.037000,
53482,13,2,2,http://,,2,2019-10-24 00:19:11.040000,
53482,13,3,3,http://,,3,2019-10-24 00:19:11.040000,
53482,13,4,4,http://,,4,2019-10-24 00:19:11.043000,
53484,18,1,1,http://,,1,2026-05-04 13:10:02.717000,
53484,18,2,2,http://,,2,2026-05-04 13:10:02.720000,
53484,18,3,3,http://,,3,2026-05-04 13:10:02.723000,
53484,18,4,4,http://,,4,2026-05-04 13:10:02.730000,
53488,11,1,1,http://,,1,2019-10-02 12:44:20.777000,
53488,11,2,2,http://,,2,2019-10-02 12:44:20.780000,
53488,11,3,3,http://,,3,2019-10-02 12:44:20.780000,
53488,11,4,4,http://,,4,2019-10-02 12:44:20.783000,
53495,11,1,1,http://,,1,2024-11-12 14:59:57.427000,
53495,11,2,2,http://,,2,2024-11-12 14:59:57.430000,
53495,11,3,3,http://,,3,2024-11-12 14:59:57.430000,
53495,11,4,4,http://,,4,2024-11-12 14:59:57.433000,
53497,15,1,1,http://,,1,2023-01-11 13:47:04.507000,
53497,15,2,2,http://,,2,2023-01-11 13:47:04.510000,
53497,15,3,3,http://,,3,2023-01-11 13:47:04.510000,
53497,15,4,4,http://,,4,2023-01-11 13:47:04.513000,
53531,22,1,1,http://,,1,2024-09-09 13:22:00.853000,
53531,22,2,2,http://,,2,2024-09-09 13:22:00.857000,
53531,22,3,3,http://,,3,2024-09-09 13:22:00.860000,
53531,22,4,4,http://,,4,2024-09-09 13:22:00.860000,
53538,15,1,1,http://,,1,2019-10-15 15:07:32.140000,
53538,15,2,2,http://,,2,2019-10-15 15:07:32.140000,
53538,15,3,3,http://,,3,2019-10-15 15:07:32.143000,
53538,15,4,4,http://,,4,2019-10-15 15:07:32.147000,
53558,29,1,1,http://,,1,2022-01-18 12:58:03.980000,
53558,29,2,2,http://,,2,2022-01-18 12:58:03.980000,
53558,29,3,3,http://,,3,2022-01-18 12:58:03.983000,
53558,29,4,4,http://,,4,2022-01-18 12:58:03.983000,
53605,21,1,1,http://,,1,2021-07-08 12:10:04.633000,
53605,21,2,2,http://,,2,2021-07-08 12:10:04.637000,
53605,21,3,3,http://,,3,2021-07-08 12:10:04.637000,
53605,21,4,4,http://,,4,2021-07-08 12:10:04.640000,
53702,19,1,1,http://,,1,2019-11-11 14:30:33.483000,
53702,19,2,2,http://,,2,2019-11-11 14:30:33.487000,
53702,19,3,3,http://,,3,2019-11-11 14:30:33.490000,
53702,19,4,4,http://,,4,2019-11-11 14:30:33.490000,
53708,16,1,1,http://www.socialsecurity.gov/OP_Home/ssact/title18/1862.htm,Title XVIII of the Social Security Act §1862(a)(1)(A),1,2019-10-30 14:47:41.293000,
53708,16,1,2,http://www.socialsecurity.gov/OP_Home/ssact/title18/1833.htm,Title XVIII of the Social Security Act §1833(e),2,2019-10-30 14:47:41.297000,
53708,16,2,3,http://,,3,2019-10-30 14:47:41.297000,
53708,16,3,4,http://www.cms.gov/Regulations-and-Guidance/Guidance/Manuals/Downloads/ncd103c1_Part1.pdf,"CMS Internet-Only Manuals, Publication 100-03, Ch. 1, §50.3",4,2019-10-30 14:47:41.300000,
53708,16,4,5,http://,,5,2019-10-30 14:47:41.327000,
53773,20,1,1,http://,,1,2024-01-12 15:56:27.987000,
53773,20,2,2,http://,,2,2024-01-12 15:56:27.990000,
53773,20,3,3,http://,,3,2024-01-12 15:56:27.993000,
53773,20,4,4,http://,,4,2024-01-12 15:56:27.997000,
53775,34,1,1,http://,,1,2025-01-07 15:40:50.587000,
53775,34,2,2,http://,,2,2025-01-07 15:40:50.590000,
53775,34,3,3,http://,,3,2025-01-07 15:40:50.593000,
53775,34,4,4,http://,,4,2025-01-07 15:40:50.597000,
53778,14,1,1,http://,,1,2019-09-25 21:21:37.730000,
53778,14,2,2,http://,,2,2019-09-25 21:21:37.730000,
53778,14,3,3,http://,,3,2019-09-25 21:21:37.733000,
53778,14,4,4,http://,,4,2019-09-25 21:21:37.737000,
53781,17,1,1,http://,,1,2024-01-11 16:38:49.897000,
53781,17,2,2,http://,,2,2024-01-11 16:38:49.907000,
53781,17,3,3,http://,,3,2024-01-11 16:38:49.913000,
53781,17,4,4,http://,,4,2024-01-11 16:38:50.023000,
53784,15,1,1,http://,,1,2020-08-12 19:50:20.303000,
53784,15,2,2,http://,,2,2020-08-12 19:50:20.307000,
53784,15,3,3,http://www.cms.gov/Regulations-and-Guidance/Guidance/Manuals/Downloads/clm104c32.pdf,Pub 100-04 Chapter 32 Medicare Claims Processing,3,2020-08-12 19:50:20.307000,
53784,15,3,4,http://www.cms.gov/Regulations-and-Guidance/Guidance/Manuals/Downloads/ncd103c1_Part4.pdf,"Pub 100-03, Medicare National Coverage Determinations Manual, Chapter 1, Part 4",4,2020-08-12 19:50:20.307000,
53784,15,4,5,http://,,5,2020-08-12 19:50:20.307000,
53793,38,1,1,http://,,1,2026-01-27 16:36:00.230000,
53793,38,2,2,http://,,2,2026-01-27 16:36:00.233000,
53793,38,3,3,http://,,3,2026-01-27 16:36:00.240000,
53793,38,4,4,http://,,4,2026-01-27 16:36:00.247000,
53883,26,1,1,http://,,1,2024-03-01 14:33:37.523000,
53883,26,2,2,http://,,2,2024-03-01 14:33:37.523000,
53883,26,3,3,http://,,3,2024-03-01 14:33:37.527000,
53883,26,4,4,http://,,4,2024-03-01 14:33:37.530000,
53893,11,1,1,http://,,1,2025-09-11 23:12:00.247000,
53893,11,2,2,http://,,2,2025-09-11 23:12:00.250000,
53893,11,3,3,http://,,3,2025-09-11 23:12:00.250000,
53893,11,4,4,http://,,4,2025-09-11 23:12:00.253000,
53916,12,1,1,http://,,1,2023-11-08 18:55:41.153000,
53916,12,2,2,http://,,2,2023-11-08 18:55:41.157000,
53916,12,3,3,http://,,3,2023-11-08 18:55:41.160000,
53916,12,4,4,http://,,4,2023-11-08 18:55:41.160000,
53931,6,1,1,http://www.socialsecurity.gov/OP_Home/ssact/title18/1862.htm,Title XVIII of the Social Security Act §1862(a)(1)(A),1,2024-11-07 19:04:06.900000,
53931,6,2,2,http://,,2,2024-11-07 19:04:06.930000,
53931,6,3,3,http://,,3,2024-11-07 19:04:06.940000,
53931,6,4,4,http://,,4,2024-11-07 19:04:06.950000,
53972,10,1,1,http://,,1,2023-11-08 19:00:24.230000,
53972,10,2,2,http://,,2,2023-11-08 19:00:24.230000,
53972,10,3,3,http://,,3,2023-11-08 19:00:24.233000,
53972,10,4,4,http://,,4,2023-11-08 19:00:24.237000,
53986,18,1,1,http://,,1,2024-12-04 18:18:01.297000,
53986,18,2,2,http://,,2,2024-12-04 18:18:01.300000,
53986,18,3,3,http://,,3,2024-12-04 18:18:01.313000,
53986,18,4,4,http://,,4,2024-12-04 18:18:01.317000,
53988,20,1,1,http://,,1,2024-12-04 17:54:48.163000,
53988,20,2,2,http://,,2,2024-12-04 17:54:48.167000,
53988,20,3,3,http://,,3,2024-12-04 17:54:48.170000,
53988,20,4,4,http://,,4,2024-12-04 17:54:48.170000,
54018,33,1,1,http://,,1,2023-07-21 17:08:27.573000,
54018,33,2,2,http://,,2,2023-07-21 17:08:27.573000,
54018,33,3,3,http://,,3,2023-07-21 17:08:27.577000,
54018,33,4,4,http://,,4,2023-07-21 17:08:27.580000,
54021,26,1,1,http://,,1,2024-05-24 15:25:57.893000,
54021,26,2,2,http://,,2,2024-05-24 15:25:57.897000,
54021,26,3,3,http://,,3,2024-05-24 15:25:57.897000,
54021,26,4,4,http://,,4,2024-05-24 15:25:57.900000,
54061,23,1,1,http://,,1,2025-12-22 15:12:01.620000,
54061,23,2,2,http://,,2,2025-12-22 15:12:01.623000,
54061,23,3,3,http://,,3,2025-12-22 15:12:01.627000,
54061,23,4,4,http://,,4,2025-12-22 15:12:01.630000,
54095,68,1,1,http://,,1,2025-09-26 17:04:56.310000,
54095,68,2,2,http://,,2,2025-09-26 17:04:56.317000,
54095,68,3,3,http://,,3,2025-09-26 17:04:56.397000,
54095,68,4,4,http://,,4,2025-09-26 17:04:56.400000,
54111,50,1,1,http://,,1,2025-09-26 17:14:53.850000,
54111,50,2,2,http://,,2,2025-09-26 17:14:53.850000,
54111,50,3,3,http://,,3,2025-09-26 17:14:53.857000,
54111,50,4,4,http://,,4,2025-09-26 17:14:53.860000,
54117,88,1,1,http://,,1,2026-01-23 13:39:50.990000,
54117,88,2,2,http://,,2,2026-01-23 13:39:50.993000,
54117,88,3,3,http://,,3,2026-01-23 13:39:50.997000,
54117,88,4,4,http://,,4,2026-01-23 13:39:50.997000,
54188,33,1,1,http://,,1,2024-08-28 20:13:46.597000,
54188,33,2,2,http://,,2,2024-08-28 20:13:46.600000,
54188,33,3,3,http://,,3,2024-08-28 20:13:46.603000,
54188,33,4,4,http://,,4,2024-08-28 20:13:46.603000,
54191,27,1,1,http://,,1,2023-11-08 18:44:30.047000,
54191,27,2,2,http://,,2,2023-11-08 18:44:30.047000,
54191,27,3,3,http://,,3,2023-11-08 18:44:30.050000,
54191,27,4,4,http://,,4,2023-11-08 18:44:30.050000,
54192,22,1,1,http://,,1,2024-05-29 21:01:59.040000,
54192,22,2,2,http://,,2,2024-05-29 21:01:59.050000,
54192,22,3,3,http://,,3,2024-05-29 21:01:59.057000,
54192,22,4,4,http://,,4,2024-05-29 21:01:59.063000,
54194,23,1,1,http://,,1,2023-11-14 18:27:57.650000,
54194,23,2,2,http://,,2,2023-11-14 18:27:57.677000,
54194,23,3,3,http://,,3,2023-11-14 18:27:57.687000,
54194,23,4,4,http://,,4,2023-11-14 18:27:57.700000,
54195,22,1,1,http://,,1,2023-11-15 12:11:05.693000,
54195,22,2,2,http://,,2,2023-11-15 12:11:05.697000,
54195,22,3,3,http://,,3,2023-11-15 12:11:05.700000,
54195,22,4,4,http://,,4,2023-11-15 12:11:05.703000,
54196,20,1,1,http://,,1,2023-11-15 12:12:26.520000,
54196,20,2,2,http://,,2,2023-11-15 12:12:26.523000,
54196,20,3,3,http://,,3,2023-11-15 12:12:26.527000,
54196,20,4,4,http://,,4,2023-11-15 12:12:26.530000,
54257,14,1,1,http://,,1,2023-11-08 16:53:27.507000,
54257,14,2,2,http://,,2,2023-11-08 16:53:27.507000,
54257,14,3,3,http://,,3,2023-11-08 16:53:27.510000,
54257,14,4,4,http://,,4,2023-11-08 16:53:27.510000,
54269,14,1,1,http://,,1,2023-11-14 18:04:43.340000,
54269,14,2,2,http://,,2,2023-11-14 18:04:43.360000,
54269,14,3,3,http://,,3,2023-11-14 18:04:43.363000,
54269,14,4,4,http://,,4,2023-11-14 18:04:43.377000,
54270,16,1,1,http://,,1,2023-11-14 18:06:31.860000,
54270,16,2,2,http://,,2,2023-11-14 18:06:31.867000,
54270,16,3,3,http://,,3,2023-11-14 18:06:31.870000,
54270,16,4,4,http://,,4,2023-11-14 18:06:31.873000,
54283,15,1,1,http://,,1,2023-11-15 12:26:18.493000,
54283,15,2,2,http://,,2,2023-11-15 12:26:18.497000,
54283,15,3,3,http://,,3,2023-11-15 12:26:18.500000,
54283,15,4,4,http://,,4,2023-11-15 12:26:18.503000,
54295,27,1,1,http://,,1,2023-11-10 16:31:05.137000,
54295,27,2,2,http://,,2,2023-11-10 16:31:05.140000,
54295,27,3,3,http://,,3,2023-11-10 16:31:05.147000,
54295,27,4,4,http://,,4,2023-11-10 16:31:05.153000,
54300,16,1,1,http://,,1,2023-11-07 15:46:52.187000,
54300,16,2,2,http://,,2,2023-11-07 15:46:52.193000,
54300,16,3,3,http://,,3,2023-11-07 15:46:52.203000,
54300,16,4,4,http://,,4,2023-11-07 15:46:52.210000,
54327,7,1,1,http://www.socialsecurity.gov/OP_Home/ssact/title18/1862.htm,"Title XVIII of the Social Security Act, §1862(a)(1)(A)",1,2023-11-07 15:11:38.780000,
54327,7,1,2,http://www.socialsecurity.gov/OP_Home/ssact/title18/1833.htm,"Title XVIII of the Social Security Act, §1833(e)",2,2023-11-07 15:11:38.783000,
54327,7,2,3,http://,,3,2023-11-07 15:11:38.787000,
54327,7,3,4,http://,,4,2023-11-07 15:11:38.787000,
54327,7,4,5,http://,,5,2023-11-07 15:11:38.790000,
54338,55,1,1,http://,,1,2025-08-29 17:41:30.207000,
54338,55,2,2,http://,,2,2025-08-29 17:41:30.210000,
54338,55,3,3,http://,,3,2025-08-29 17:41:30.210000,
54338,55,4,4,http://,,4,2025-08-29 17:41:30.217000,
54386,38,1,1,http://,,1,2024-08-29 12:08:32.920000,
54386,38,2,2,http://,,2,2024-08-29 12:08:32.920000,
54386,38,3,3,http://,,3,2024-08-29 12:08:32.923000,
54386,38,4,4,http://,,4,2024-08-29 12:08:32.927000,
54418,28,1,1,http://,,1,2023-11-22 15:31:11.237000,
54418,28,2,2,http://,,2,2023-11-22 15:31:11.237000,
54418,28,3,3,http://,,3,2023-11-22 15:31:11.240000,
54418,28,4,4,http://,,4,2023-11-22 15:31:11.240000,
54422,21,1,1,http://,,1,2024-05-24 11:58:39.267000,
54422,21,2,2,http://,,2,2024-05-24 11:58:39.270000,
54422,21,3,3,http://,,3,2024-05-24 11:58:39.273000,
54422,21,4,4,http://,,4,2024-05-24 11:58:39.277000,
54445,27,1,1,http://,,1,2023-11-22 16:55:45.037000,
54445,27,2,2,http://,,2,2023-11-22 16:55:45.037000,
54445,27,3,3,http://,,3,2023-11-22 16:55:45.040000,
54445,27,4,4,http://,,4,2023-11-22 16:55:45.040000,
54472,30,1,1,http://,,1,2023-02-20 19:12:21.987000,
54472,30,2,2,http://,,2,2023-02-20 19:12:21.997000,
54472,30,3,3,http://,,3,2023-02-20 19:12:22,
54472,30,4,4,http://,,4,2023-02-20 19:12:22,
54480,16,1,1,http://,,1,2025-09-22 13:50:29.280000,
54480,16,2,2,http://,,2,2025-09-22 13:50:29.310000,
54480,16,3,3,http://,,3,2025-09-22 13:50:29.313000,
54480,16,4,4,http://,,4,2025-09-22 13:50:29.317000,
54484,13,1,1,http://,,1,2025-09-18 20:04:08.477000,
54484,13,2,2,http://,,2,2025-09-18 20:04:08.480000,
54484,13,3,3,http://,,3,2025-09-18 20:04:08.483000,
54484,13,4,4,http://,,4,2025-09-18 20:04:08.487000,
54498,24,1,1,http://,,1,2023-11-22 15:32:47.743000,
54498,24,2,2,http://,,2,2023-11-22 15:32:47.747000,
54498,24,3,3,http://,,3,2023-11-22 15:32:47.750000,
54498,24,4,4,http://,,4,2023-11-22 15:32:47.750000,
54516,48,1,1,http://,,1,2026-04-08 14:06:15.967000,
54516,48,2,2,http://,,2,2026-04-08 14:06:15.990000,
54516,48,3,3,http://,,3,2026-04-08 14:06:16.020000,
54516,48,4,4,http://,,4,2026-04-08 14:06:16.063000,
54543,21,1,1,http://,,1,2025-09-22 11:56:22.930000,
54543,21,2,2,http://,,2,2025-09-22 11:56:22.933000,
54543,21,3,3,http://,,3,2025-09-22 11:56:22.937000,
54543,21,4,4,http://,,4,2025-09-22 11:56:22.940000,
54548,36,1,1,http://,,1,2025-09-17 14:15:48.333000,
54548,36,2,2,http://,,2,2025-09-17 14:15:48.337000,
54548,36,3,3,http://,,3,2025-09-17 14:15:48.337000,
54548,36,4,4,https://www.accessdata.fda.gov/scripts/cder/daf/,FDA Web site,4,2025-09-17 14:15:48.340000,
54555,18,1,1,http://www.socialsecurity.gov/OP_Home/ssact/title18/1862.htm,Title XVIII of the Social Security Act §1862(a)(1)(A),1,2024-01-12 16:25:49.590000,
54555,18,1,2,http://www.socialsecurity.gov/OP_Home/ssact/title18/1833.htm,Title XVIII of the Social Security Act §1833(e),2,2024-01-12 16:25:49.610000,
54555,18,2,3,http://,,3,2024-01-12 16:25:49.630000,
54555,18,3,4,http://,,4,2024-01-12 16:25:49.650000,
54555,18,4,5,http://,,5,2024-01-12 16:25:49.667000,
54559,12,1,1,http://www.socialsecurity.gov/OP_Home/ssact/title18/1862.htm,Title XVIII of the Social Security Act §1862(a)(1)(A),1,2021-08-30 15:52:16.347000,
54559,12,2,2,http://,,2,2021-08-30 15:52:16.347000,
54559,12,3,3,http://,,3,2021-08-30 15:52:16.347000,
54559,12,4,4,http://,,4,2021-08-30 15:52:16.363000,
54563,54,1,1,http://,,1,2024-11-25 13:05:37.677000,
54563,54,2,2,http://,,2,2024-11-25 13:05:37.680000,
54563,54,3,3,http://,,3,2024-11-25 13:05:37.687000,
54563,54,4,4,http://,,4,2024-11-25 13:05:37.690000,
54602,25,1,1,http://,,1,2025-12-22 16:31:51.880000,
54602,25,2,2,http://,,2,2025-12-22 16:31:51.883000,
54602,25,3,3,http://,,3,2025-12-22 16:31:51.887000,
54602,25,4,4,http://,,4,2025-12-22 16:31:51.890000,
54610,3,1,1,http://,,1,2023-11-07 12:31:09.643000,
54610,3,2,2,http://,,2,2023-11-07 12:31:09.650000,
54610,3,3,3,http://,,3,2023-11-07 12:31:09.653000,
54610,3,4,4,http://,,4,2023-11-07 12:31:09.653000,
54611,5,1,1,http://,,1,2023-11-07 12:27:57.470000,
54611,5,2,2,http://,,2,2023-11-07 12:27:57.483000,
54611,5,3,3,http://,,3,2023-11-07 12:27:57.493000,
54611,5,4,4,http://,,4,2023-11-07 12:27:57.503000,
54612,4,1,1,http://,,1,2023-11-15 17:57:45.853000,
54612,4,2,2,http://,,2,2023-11-15 17:57:45.853000,
54612,4,3,3,http://,,3,2023-11-15 17:57:45.857000,
54612,4,4,4,http://,,4,2023-11-15 17:57:45.867000,
54613,3,1,1,http://,,1,2023-11-07 12:27:00.833000,
54613,3,2,2,http://,,2,2023-11-07 12:27:00.837000,
54613,3,3,3,http://,,3,2023-11-07 12:27:00.840000,
54613,3,4,4,http://,,4,2023-11-07 12:27:00.840000,
54635,31,1,1,http://,,1,2023-11-08 19:11:27.460000,
54635,31,2,2,https://www.cms.gov/Regulations-and-Guidance/Guidance/Manuals/Downloads/pim83c03.pdf,"Program Integrity Manual 100-8 Chapter 3, Section 3.6.2.2",2,2023-11-08 19:11:27.467000,Reasonable and Necessary Criteria
54635,31,3,3,http://,,3,2023-11-08 19:11:27.470000,
54635,31,4,4,http://,,4,2023-11-08 19:11:27.470000,
54641,13,1,1,http://,,1,2023-11-17 12:43:00.377000,
54641,13,2,2,http://,,2,2023-11-17 12:43:00.380000,
54641,13,3,3,http://,,3,2023-11-17 12:43:00.380000,
54641,13,4,4,http://,,4,2023-11-17 12:43:00.383000,
54643,13,1,1,http://,,1,2023-11-17 12:44:31.633000,
54643,13,2,2,http://,,2,2023-11-17 12:44:31.633000,
54643,13,3,3,http://,,3,2023-11-17 12:44:31.637000,
54643,13,4,4,http://,,4,2023-11-17 12:44:31.637000,
54660,14,1,1,http://,,1,2023-11-17 12:42:28.050000,
54660,14,2,2,http://,,2,2023-11-17 12:42:28.053000,
54660,14,3,3,https://www.cms.gov/Regulations-and-Guidance/Guidance/Manuals/Downloads/bp102c15.pdf,Coverage of Intravenous Immune Globulin for Treatment of Primary Immune Deficiency Diseases in the Home ,3,2023-11-17 12:42:28.057000,
54660,14,4,4,http://,,4,2023-11-17 12:42:28.060000,
54682,34,1,1,http://www.socialsecurity.gov/OP_Home/ssact/title18/1862.htm,Title XVIII of the Social Security Act §1862(a)(1)(A),1,2024-01-25 15:14:26.270000,
54682,34,2,2,http://www.socialsecurity.gov/OP_Home/ssact/title18/1833.htm,Title XVIII of the Social Security Act §1833(e),2,2024-01-25 15:14:26.273000,
54682,34,3,3,http://,,3,2024-01-25 15:14:26.277000,
54682,34,4,4,http://,,4,2024-01-25 15:14:26.280000,
54685,17,1,1,http://,,1,2023-11-08 15:22:47.930000,
54685,17,2,2,http://,,2,2023-11-08 15:22:47.930000,
54685,17,3,3,http://,,3,2023-11-08 15:22:47.933000,
54685,17,4,4,http://,,4,2023-11-08 15:22:47.937000,
54686,22,1,1,http://,,1,2024-09-14 23:02:26.890000,
54686,22,2,2,http://,,2,2024-09-14 23:02:26.890000,
54686,22,3,3,http://,,3,2024-09-14 23:02:26.893000,
54686,22,4,4,http://,,4,2024-09-14 23:02:26.897000,
54688,23,1,1,http://,,1,2023-11-08 18:48:22.280000,
54688,23,2,2,http://,,2,2023-11-08 18:48:22.283000,
54688,23,3,3,http://,,3,2023-11-08 18:48:22.287000,
54688,23,4,4,http://,,4,2023-11-08 18:48:22.287000,
54689,32,1,1,http://,,1,2023-11-07 18:21:11.080000,
54689,32,2,2,http://,,2,2023-11-07 18:21:11.083000,
54689,32,3,3,http://,,3,2023-11-07 18:21:11.087000,
54689,32,4,4,http://,,4,2023-11-07 18:21:11.087000,
54750,13,1,1,http://www.socialsecurity.gov/OP_Home/ssact/title18/1862.htm,Title XVIII of the Social Security Act §1862(a)(1)(A),1,2019-10-28 17:04:55.193000,
54750,13,2,2,http://,,2,2019-10-28 17:04:55.193000,
54750,13,3,3,http://,,3,2019-10-28 17:04:55.193000,
54750,13,4,4,http://,,4,2019-10-28 17:04:55.197000,
54767,71,1,1,http://www.socialsecurity.gov/OP_Home/ssact/title18/1862.htm,Title XVIII of the Social Security Act §1862(a)(1)(A),1,2026-05-01 12:54:23.620000,
54767,71,2,2,http://,,2,2026-05-01 12:54:23.627000,
54767,71,3,3,http://,,3,2026-05-01 12:54:23.630000,
54767,71,4,4,http://,,4,2026-05-01 12:54:23.633000,
54768,38,1,1,http://,,1,2025-08-14 14:11:36.633000,
54768,38,2,2,http://,,2,2025-08-14 14:11:36.637000,
54768,38,3,3,http://,,3,2025-08-14 14:11:36.640000,
54768,38,4,4,http://,,4,2025-08-14 14:11:36.640000,
54769,27,1,1,http://,,1,2022-01-18 13:00:18.333000,
54769,27,2,2,http://,,2,2022-01-18 13:00:18.337000,
54769,27,3,3,http://,,3,2022-01-18 13:00:18.337000,
54769,27,4,4,http://,,4,2022-01-18 13:00:18.340000,
54795,42,1,1,http://,,1,2024-03-15 10:14:22.930000,
54795,42,2,2,http://,,2,2024-03-15 10:14:22.937000,
54795,42,3,3,http://,,3,2024-03-15 10:14:22.947000,
54795,42,4,4,http://,,4,2024-03-15 10:14:22.960000,
54799,67,1,1,http://,,1,2026-05-01 12:53:41.947000,
54799,67,2,2,http://,,2,2026-05-01 12:53:41.950000,
54799,67,3,3,http://,,3,2026-05-01 12:53:41.953000,
54799,67,4,4,http://,,4,2026-05-01 12:53:41.957000,
54812,7,1,1,http://,,1,2017-10-30 13:34:24.967000,
54812,7,2,2,http://,,2,2017-10-30 13:34:24.970000,
54812,7,3,3,http://,,3,2017-10-30 13:34:24.973000,
54812,7,4,4,http://,,4,2017-10-30 13:34:24.977000,
54830,9,1,1,http://,,1,2024-04-05 20:59:32.553000,
54830,9,2,2,http://,,2,2024-04-05 20:59:32.557000,
54830,9,3,3,http://,,3,2024-04-05 20:59:32.560000,
54830,9,4,4,http://,,4,2024-04-05 20:59:32.560000,
54831,28,1,1,http://,,1,2023-08-24 15:36:23.590000,
54831,28,2,2,http://,,2,2023-08-24 15:36:23.593000,
54831,28,3,3,https://,,3,2023-08-24 15:36:23.597000,
54831,28,4,4,http://,,4,2023-08-24 15:36:23.600000,
54832,14,1,1,http://,,1,2024-03-28 13:08:54.883000,
54832,14,2,2,http://,,2,2024-03-28 13:08:54.883000,
54832,14,3,3,http://,,3,2024-03-28 13:08:54.887000,
54832,14,4,4,http://,,4,2024-03-28 13:08:54.887000,
54880,10,1,1,http://,,1,2025-06-05 17:08:18.800000,
54880,10,2,2,http://,,2,2025-06-05 17:08:18.803000,
54880,10,3,3,http://,,3,2025-06-05 17:08:18.807000,
54880,10,4,4,http://,,4,2025-06-05 17:08:18.813000,
54901,27,1,1,http://,,1,2024-03-15 17:01:26.127000,
54901,27,2,2,http://,,2,2024-03-15 17:01:26.133000,
54901,27,3,3,http://,,3,2024-03-15 17:01:26.143000,
54901,27,4,4,http://,,4,2024-03-15 17:01:26.150000,
54909,25,1,1,http://,,1,2023-09-22 19:02:46.950000,
54909,25,2,2,http://,,2,2023-09-22 19:02:46.950000,
54909,25,3,3,http://,,3,2023-09-22 19:02:46.953000,
54909,25,4,4,http://,,4,2023-09-22 19:02:46.953000,
54919,22,1,1,http://,,1,2025-06-23 20:12:18.473000,
54919,22,2,2,http://,,2,2025-06-23 20:12:18.480000,
54919,22,3,3,http://www.cms.gov/Regulations-and-Guidance/Guidance/Manuals/Downloads/clm104c32.pdf,Claims Processing Manual,3,2025-06-23 20:12:18.483000,
54919,22,4,4,http://,,4,2025-06-23 20:12:18.487000,
54923,45,1,1,http://,,1,2026-01-22 14:31:43.373000,
54923,45,2,2,http://,,2,2026-01-22 14:31:43.380000,
54923,45,3,3,https://www.cms.gov/Regulations-and-Guidance/Guidance/Manuals/Downloads/clm104c32.pdf,https://www.cms.gov/Regulations-and-Guidance/Guidance/Manuals/Downloads/clm104c32.pdf,3,2026-01-22 14:31:43.383000,
54923,45,4,4,http://,,4,2026-01-22 14:31:43.390000,
54926,25,1,1,http://,,1,2025-05-09 14:50:07.687000,
54926,25,2,2,http://,,2,2025-05-09 14:50:07.690000,
54926,25,3,3,http://,,3,2025-05-09 14:50:07.693000,
54926,25,4,4,http://,,4,2025-05-09 14:50:07.697000,
54929,40,1,1,http://,,1,2025-09-18 16:52:51.333000,
54929,40,2,2,http://,,2,2025-09-18 16:52:51.337000,
54929,40,3,3,http://,,3,2025-09-18 16:52:51.340000,
54929,40,4,4,http://,,4,2025-09-18 16:52:51.340000,
54953,70,1,1,https://www.gpo.gov/fdsys/granule/CFR-2011-title42-vol2/CFR-2011-title42-vol2-sec410-32,https://www.gpo.gov/fdsys/granule/CFR-2011-title42-vol2/CFR-2011-title42-vol2-sec410-32,1,2026-02-20 13:00:23.160000,"42 CFR 410.32 - Diagnostic x-ray tests, diagnostic laboratory tests, and other diagnostic tests: Conditions."
54953,70,1,2,https://www.gpo.gov/fdsys/pkg/CFR-2015-title42-vol2/pdf/CFR-2015-title42-vol2-sec410-33.pdf,https://www.gpo.gov/fdsys/pkg/CFR-2015-title42-vol2/pdf/CFR-2015-title42-vol2-sec410-33.pdf,2,2026-02-20 13:00:23.163000,42 CFR Ch. IV (10–1–15 Edition) § 410.33 Independent diagnostic testing facility
54953,70,2,3,http://,,3,2026-02-20 13:00:23.170000,
54953,70,3,4,https://www.cms.gov/Regulations-and-Guidance/Guidance/Manuals/Downloads/clm104c35.pdf,https://www.cms.gov/Regulations-and-Guidance/Guidance/Manuals/Downloads/clm104c35.pdf,4,2026-02-20 13:00:23.173000,"Medicare Claims Processing Manual, Chapter 35- Independent Diagnostic Testing"
54953,70,3,5,https://www.cms.gov/Regulations-and-Guidance/Guidance/Transmittals/downloads/R727OTN.pdf,https://www.cms.gov/Regulations-and-Guidance/Guidance/Transmittals/downloads/R727OTN.pdf,5,2026-02-20 13:00:23.177000,"Mailing To All Individual Practitioners, Medical Groups and Clinics and Independent Diagnostic Testing Facilities (IDTF) Who Are Billing or Have Billed For Advanced Diagnostic Imaging Services."
54953,70,4,6,https://www.cms.gov/medicare-coverage-database/view/ncacal-decision-memo.aspx?proposed=N&ncaid=304&,https://www.cms.gov/medicare-coverage-database/view/ncacal-decision-memo.aspx?proposed=N&ncaid=304&,6,2026-02-20 13:00:23.180000,National Coverage Analysis
54954,28,1,1,http://,,1,2023-01-20 14:21:01.957000,
54954,28,2,2,http://,,2,2023-01-20 14:21:01.960000,
54954,28,3,3,http://,,3,2023-01-20 14:21:01.960000,
54954,28,4,4,http://,,4,2023-01-20 14:21:01.963000,
54958,28,1,1,http://,,1,2025-12-24 18:28:57.373000,
54958,28,2,2,http://,,2,2025-12-24 18:28:57.377000,
54958,28,3,3,http://www.cms.gov/medicare-coverage-database/details/nca-decision-memo.aspx?NCAId=267,http://www.cms.gov/medicare-coverage-database/details/nca-decision-memo.aspx?NCAId=267,3,2025-12-24 18:28:57.380000,Decision Memo for Cardiac Pacemakers: Single-Chamber and Dual-Chamber Permanent Cardiac Pacemakers (CAG-00063R3)
54958,28,4,4,http://,,4,2025-12-24 18:28:57.383000,
54961,21,1,1,http://,,1,2026-04-02 15:20:29.860000,
54961,21,2,2,http://,,2,2026-04-02 15:20:29.873000,
54961,21,3,3,http://,,3,2026-04-02 15:20:29.947000,
54961,21,4,4,http://,,4,2026-04-02 15:20:29.967000,
54969,52,1,1,http://,,1,2025-09-22 11:54:20.797000,
54969,52,2,2,http://,,2,2025-09-22 11:54:20.800000,
54969,52,3,3,http://,,3,2025-09-22 11:54:20.803000,
54969,52,4,4,http://,,4,2025-09-22 11:54:20.807000,
54975,17,1,1,http://,,1,2023-11-22 15:12:08.733000,
54975,17,2,2,http://,,2,2023-11-22 15:12:08.737000,
54975,17,3,3,http://,,3,2023-11-22 15:12:08.740000,
54975,17,4,4,http://,,4,2023-11-22 15:12:08.743000,
54982,28,1,1,http://,,1,2025-05-09 14:48:53.273000,
54982,28,2,2,http://,,2,2025-05-09 14:48:53.280000,
54982,28,3,3,http://,,3,2025-05-09 14:48:53.283000,
54982,28,4,4,http://,,4,2025-05-09 14:48:53.283000,
55001,69,1,1,http://,,1,2026-04-30 16:07:55.770000,
55001,69,2,2,http://,,2,2026-04-30 16:07:55.777000,
55001,69,3,3,http://,,3,2026-04-30 16:07:55.780000,
55001,69,4,4,http://,,4,2026-04-30 16:07:55.783000,
55028,45,1,1,http://,,1,2025-10-08 13:33:18.327000,
55028,45,2,2,http://,,2,2025-10-08 13:33:18.350000,
55028,45,3,3,http://,,3,2025-10-08 13:33:18.370000,
55028,45,4,4,http://,,4,2025-10-08 13:33:18.393000,
55044,18,1,1,http://,,1,2023-11-22 19:02:01.377000,
55044,18,2,2,http://,,2,2023-11-22 19:02:01.377000,
55044,18,3,3,http://,,3,2023-11-22 19:02:01.380000,
55044,18,4,4,http://,,4,2023-11-22 19:02:01.380000,
55056,14,1,1,http://,,1,2023-11-17 12:43:34.093000,
55056,14,2,2,http://,,2,2023-11-17 12:43:34.097000,
55056,14,3,3,http://,,3,2023-11-17 12:43:34.097000,
55056,14,4,4,http://,,4,2023-11-17 12:43:34.100000,
55058,7,1,1,http://,,1,2023-11-16 19:29:34.083000,
55058,7,2,2,http://,,2,2023-11-16 19:29:34.087000,
55058,7,3,3,http://,,3,2023-11-16 19:29:34.090000,
55058,7,4,4,http://,,4,2023-11-16 19:29:34.090000,
55061,13,1,1,http://,,1,2026-06-16 19:35:52.540000,
55061,13,2,2,http://,,2,2026-06-16 19:35:52.547000,
55061,13,3,3,http://,,3,2026-06-16 19:35:52.553000,
55061,13,4,4,http://,,4,2026-06-16 19:35:52.557000,
55069,26,1,1,http://,,1,2025-08-14 17:49:02.487000,
55069,26,2,2,http://,,2,2025-08-14 17:49:02.493000,
55069,26,3,3,http://,,3,2025-08-14 17:49:02.513000,
55069,26,4,4,http://,,4,2025-08-14 17:49:02.533000,
55115,18,1,1,http://,,1,2026-05-05 18:56:37.237000,
55115,18,2,2,http://,,2,2026-05-05 18:56:37.247000,
55115,18,3,3,http://,,3,2026-05-05 18:56:37.253000,
55115,18,4,4,http://,,4,2026-05-05 18:56:37.263000,
55136,19,1,1,http://,,1,2024-01-24 13:36:42.923000,
55136,19,2,2,http://,,2,2024-01-24 13:36:42.927000,
55136,19,3,3,http://,,3,2024-01-24 13:36:42.927000,
55136,19,4,4,http://,,4,2024-01-24 13:36:42.930000,
55146,17,1,1,http://,,1,2026-04-21 17:09:34.443000,
55146,17,2,2,http://,,2,2026-04-21 17:09:34.463000,
55146,17,3,3,http://,,3,2026-04-21 17:09:34.470000,
55146,17,4,4,http://,,4,2026-04-21 17:09:34.480000,
55147,30,1,1,http://,,1,2024-09-17 12:22:14.107000,
55147,30,2,2,http://,,2,2024-09-17 12:22:14.110000,
55147,30,3,3,http://,,3,2024-09-17 12:22:14.113000,
55147,30,4,4,http://,,4,2024-09-17 12:22:14.113000,
55161,23,1,1,http://,,1,2023-08-23 17:01:05.550000,
55161,23,2,2,http://,,2,2023-08-23 17:01:05.563000,
55161,23,3,3,http://,,3,2023-08-23 17:01:05.577000,
55161,23,4,4,http://,,4,2023-08-23 17:01:05.590000,
55162,20,1,1,http://,,1,2026-07-24 11:52:37.983000,
55162,20,2,2,http://,,2,2026-07-24 11:52:37.987000,
55162,20,3,3,http://,,3,2026-07-24 11:52:37.987000,
55162,20,4,4,http://,,4,2026-07-24 11:52:37.990000,
55169,15,1,1,http://,,1,2025-10-22 15:38:30.780000,
55169,15,2,2,http://,,2,2025-10-22 15:38:30.780000,
55169,15,3,3,http://,,3,2025-10-22 15:38:30.783000,
55169,15,4,4,http://,,4,2025-10-22 15:38:30.787000,
55175,25,1,1,http://,,1,2025-12-23 19:00:36.033000,
55175,25,2,2,http://,,2,2025-12-23 19:00:36.043000,
55175,25,3,3,http://,,3,2025-12-23 19:00:36.050000,
55175,25,4,4,http://,,4,2025-12-23 19:00:36.060000,
55193,15,1,1,http://,,1,2026-04-20 12:22:57.117000,
55193,15,2,2,http://,,2,2026-04-20 12:22:57.120000,
55193,15,3,3,http://,,3,2026-04-20 12:22:57.123000,
55193,15,4,4,http://,,4,2026-04-20 12:22:57.130000,
55197,35,1,1,http://,,1,2026-02-20 13:10:20.523000,
55197,35,2,2,http://,,2,2026-02-20 13:10:20.527000,
55197,35,3,3,http://,,3,2026-02-20 13:10:20.530000,
55197,35,4,4,http://,,4,2026-02-20 13:10:20.533000,
55200,37,1,1,http://,,1,2025-12-23 17:38:53.787000,
55200,37,2,2,http://,,2,2025-12-23 17:38:53.787000,
55200,37,3,3,http://,,3,2025-12-23 17:38:53.790000,
55200,37,4,4,http://,,4,2025-12-23 17:38:53.793000,
55206,18,1,1,http://,,1,2023-11-20 17:27:56.740000,
55206,18,2,2,http://,,2,2023-11-20 17:27:56.743000,
55206,18,3,3,http://,,3,2023-11-20 17:27:56.747000,
55206,18,4,4,http://,,4,2023-11-20 17:27:56.750000,
55210,15,1,1,http://,,1,2026-01-22 14:36:51.787000,
55210,15,2,2,http://,,2,2026-01-22 14:36:51.800000,
55210,15,3,3,http://,,3,2026-01-22 14:36:51.823000,
55210,15,4,4,http://,,4,2026-01-22 14:36:51.840000,
55215,9,1,1,http://,,1,2023-11-16 19:23:06.723000,
55215,9,2,2,http://,,2,2023-11-16 19:23:06.723000,
55215,9,3,3,http://,,3,2023-11-16 19:23:06.727000,
55215,9,4,4,http://,,4,2023-11-16 19:23:06.730000,
55224,37,1,1,http://,,1,2026-06-18 12:38:09.207000,
55224,37,2,2,http://,,2,2026-06-18 12:38:09.207000,
55224,37,3,3,http://,,3,2026-06-18 12:38:09.210000,
55224,37,4,4,http://,,4,2026-06-18 12:38:09.213000,
55227,19,1,1,http://,,1,2025-08-14 17:32:58.597000,
55227,19,2,2,http://,,2,2025-08-14 17:32:58.600000,
55227,19,3,3,http://,,3,2025-08-14 17:32:58.603000,
55227,19,4,4,http://,,4,2025-08-14 17:32:58.607000,
55229,46,1,1,http://,,1,2026-01-23 14:05:44.050000,
55229,46,2,2,http://,,2,2026-01-23 14:05:44.053000,
55229,46,3,3,http://,,3,2026-01-23 14:05:44.053000,
55229,46,4,4,http://,,4,2026-01-23 14:05:44.057000,
55230,18,1,1,http://,,1,2025-12-23 17:56:22.930000,
55230,18,2,2,http://,,2,2025-12-23 17:56:22.930000,
55230,18,3,3,http://,,3,2025-12-23 17:56:22.933000,
55230,18,4,4,http://,,4,2025-12-23 17:56:22.937000,
55231,17,1,1,http://,,1,2026-01-22 14:47:58.783000,
55231,17,2,2,http://,,2,2026-01-22 14:47:58.790000,
55231,17,3,3,http://,,3,2026-01-22 14:47:58.790000,
55231,17,4,4,http://,,4,2026-01-22 14:47:58.793000,
55233,21,1,1,http://,,1,2024-09-17 14:09:15.777000,
55233,21,2,2,http://,,2,2024-09-17 14:09:15.777000,
55233,21,3,3,http://,,3,2024-09-17 14:09:15.780000,
55233,21,4,4,http://,,4,2024-09-17 14:09:15.783000,
55235,15,1,1,http://,,1,2023-07-19 14:22:47.780000,
55235,15,2,2,http://,,2,2023-07-19 14:22:47.783000,
55235,15,3,3,http://,,3,2023-07-19 14:22:47.783000,
55235,15,4,4,http://,,4,2023-07-19 14:22:47.787000,
55239,65,1,1,http://,,1,2026-06-24 20:03:12.883000,
55239,65,2,2,http://,,2,2026-06-24 20:03:12.890000,
55239,65,3,3,http://,,3,2026-06-24 20:03:12.903000,
55239,65,4,4,http://,,4,2026-06-24 20:03:12.910000,
55264,14,1,1,http://,,1,2023-11-22 16:47:04.130000,
55264,14,2,2,http://,,2,2023-11-22 16:47:04.133000,
55264,14,3,3,http://,,3,2023-11-22 16:47:04.137000,
55264,14,4,4,http://,,4,2023-11-22 16:47:04.137000,
55294,34,1,1,http://,,1,2025-08-29 14:09:45.300000,
55294,34,2,2,http://,,2,2025-08-29 14:09:45.303000,
55294,34,3,3,http://,,3,2025-08-29 14:09:45.307000,
55294,34,4,4,http://,,4,2025-08-29 14:09:45.310000,
55310,12,1,1,http://,,1,2025-08-28 12:06:50.820000,
55310,12,2,2,http://,,2,2025-08-28 12:06:50.823000,
55310,12,3,3,http://,,3,2025-08-28 12:06:50.827000,
55310,12,4,4,http://,,4,2025-08-28 12:06:50.830000,
55315,17,1,1,http://,,1,2025-09-26 22:10:37.777000,
55315,17,2,2,http://,,2,2025-09-26 22:10:37.780000,
55315,17,3,3,http://,,3,2025-09-26 22:10:37.783000,
55315,17,4,4,http://,,4,2025-09-26 22:10:37.787000,
55326,40,1,1,http://,,1,2023-11-16 19:26:40.480000,
55326,40,2,2,http://,,2,2023-11-16 19:26:40.483000,
55326,40,3,3,http://,,3,2023-11-16 19:26:40.487000,
55326,40,4,4,http://,,4,2023-11-16 19:26:40.490000,
55336,49,1,1,http://,,1,2025-08-21 12:24:21.770000,
55336,49,2,2,http://,,2,2025-08-21 12:24:21.770000,
55336,49,3,3,http://,,3,2025-08-21 12:24:21.773000,
55336,49,4,4,http://,,4,2025-08-21 12:24:21.777000,
55354,35,1,1,http://,,1,2023-06-05 13:31:53.550000,
55354,35,2,2,http://,,2,2023-06-05 13:31:53.553000,
55354,35,3,3,http://,,3,2023-06-05 13:31:53.557000,
55354,35,4,4,http://,,4,2023-06-05 13:31:53.560000,
55426,132,1,1,http://,,1,2026-06-24 19:02:21.390000,
55426,132,2,2,http://,,2,2026-06-24 19:02:21.393000,
55426,132,3,3,http://,,3,2026-06-24 19:02:21.397000,
55426,132,4,4,http://,,4,2026-06-24 19:02:21.397000,
55478,12,1,1,http://,,1,2023-11-08 19:17:03.303000,
55478,12,2,2,http://,,2,2023-11-08 19:17:03.307000,
55478,12,3,3,http://,,3,2023-11-08 19:17:03.310000,
55478,12,4,4,http://,,4,2023-11-08 19:17:03.310000,
55503,5,1,1,http://,,1,2023-11-22 16:23:07.647000,
55503,5,2,2,http://,,2,2023-11-22 16:23:07.647000,
55503,5,3,3,http://,,3,2023-11-22 16:23:07.650000,
55503,5,4,4,http://,,4,2023-11-22 16:23:07.653000,
55505,5,1,1,http://,,1,2023-11-22 16:22:29.057000,
55505,5,2,2,http://,,2,2023-11-22 16:22:29.057000,
55505,5,3,3,http://,,3,2023-11-22 16:22:29.060000,
55505,5,4,4,http://,,4,2023-11-22 16:22:29.060000,
55530,35,1,1,http://,,1,2025-06-20 20:58:13.210000,
55530,35,2,2,http://,,2,2025-06-20 20:58:13.213000,
55530,35,3,3,http://,,3,2025-06-20 20:58:13.217000,
55530,35,4,4,http://,,4,2025-06-20 20:58:13.220000,
55584,19,1,1,http://,,1,2023-11-08 19:11:50.360000,
55584,19,2,2,http://,,2,2023-11-08 19:11:50.363000,
55584,19,3,3,http://,,3,2023-11-08 19:11:50.367000,
55584,19,4,4,http://,,4,2023-11-08 19:11:50.367000,
55595,17,1,1,http://,,1,2024-09-09 15:11:52.297000,
55595,17,2,2,http://,,2,2024-09-09 15:11:52.300000,
55595,17,3,3,http://,,3,2024-09-09 15:11:52.303000,
55595,17,4,4,http://,,4,2024-09-09 15:11:52.307000,
55596,13,1,1,http://,,1,2023-11-22 18:55:46.803000,
55596,13,2,2,http://,,2,2023-11-22 18:55:46.807000,
55596,13,3,3,http://,,3,2023-11-22 18:55:46.807000,
55596,13,4,4,http://,,4,2023-11-22 18:55:46.810000,
55597,24,1,1,http://,,1,2023-11-22 18:26:57.420000,
55597,24,2,2,http://,,2,2023-11-22 18:26:57.427000,
55597,24,3,3,http://,,3,2023-11-22 18:26:57.433000,
55597,24,4,4,http://,,4,2023-11-22 18:26:57.443000,
55621,17,1,1,http://,,1,2026-04-21 17:41:21.327000,
55621,17,2,2,http://,,2,2026-04-21 17:41:21.330000,
55621,17,3,3,http://,,3,2026-04-21 17:41:21.333000,
55621,17,4,4,http://,,4,2026-04-21 17:41:21.337000,
55623,16,1,1,http://,,1,2023-11-22 18:53:25.300000,
55623,16,2,2,http://,,2,2023-11-22 18:53:25.310000,
55623,16,3,3,http://,,3,2023-11-22 18:53:25.317000,
55623,16,4,4,http://,,4,2023-11-22 18:53:25.323000,
55624,34,1,1,http://,,1,2024-03-15 16:08:50.870000,
55624,34,2,2,http://,,2,2024-03-15 16:08:50.880000,
55624,34,3,3,http://,,3,2024-03-15 16:08:50.887000,
55624,34,4,4,http://,,4,2024-03-15 16:08:50.890000,
55639,51,1,1,https://,,1,2025-11-18 20:23:25.057000,
55639,51,2,2,https://www.cms.gov/Regulations-and-Guidance/Guidance/Manuals/Downloads/clm104c12.pdf,https://www.cms.gov/Regulations-and-Guidance/Guidance/Manuals/Downloads/clm104c12.pdf,2,2025-11-18 20:23:25.060000,"Publications 100-04 Medicare Claims Processing Manual, Chapter 12 Section 30.5 Payment for Codes for Chemotherapy Administration and Nonchemotherapy Injections and Infusions"
55639,51,3,3,https://www.cms.gov/Regulations-and-Guidance/Guidance/Manuals/Downloads/bp102c15.pdf,https://www.cms.gov/Regulations-and-Guidance/Guidance/Manuals/Downloads/bp102c15.pdf,3,2025-11-18 20:23:25.063000,"CMS Pub. 100-02 Medicare Benefit Policy Manual, Chapter 15, Covered Medical and Other Health Services, Section 50, Drugs and Biologicals"
55639,51,3,4,https://www.cms.gov/Regulations-and-Guidance/Guidance/Manuals/Downloads/clm104c12.pdf,https://www.cms.gov/Regulations-and-Guidance/Guidance/Manuals/Downloads/clm104c12.pdf,4,2025-11-18 20:23:25.070000,"CMS 100-04 Medicare Claims Processing Manual, Ch. 12, Physician/Nonphysician Practitioners, Sec. 30.5, Payment for Codes for Chemotherapy Administration and Nonchemotherapy Injections and Infusions"
55639,51,3,5,https://www.cms.gov/Regulations-and-Guidance/Guidance/Manuals/Downloads/clm104c14.pdf,https://www.cms.gov/Regulations-and-Guidance/Guidance/Manuals/Downloads/clm104c14.pdf,5,2025-11-18 20:23:25.073000,"CMS 100-04 Medicare Claims Processing Manual, Chapter 14, Ambulatory Surgical Centers, Section 10, General"
55639,51,3,6,https://www.cms.gov/Regulations-and-Guidance/Guidance/Manuals/Downloads/clm104c17.pdf,https://www.cms.gov/Regulations-and-Guidance/Guidance/Manuals/Downloads/clm104c17.pdf,6,2025-11-18 20:23:25.077000,"CMS 100-04 Medicare Claims Processing Manual, Chapter17, Drugs and Biologicals, Section 90.2, Drugs, Biologicals, and Radiopharmaceuticals"
55639,51,4,7,https://,,7,2025-11-18 20:23:25.080000,
55672,26,1,1,http://,,1,2023-11-20 14:31:32.273000,
55672,26,2,2,http://,,2,2023-11-20 14:31:32.277000,
55672,26,3,3,http://,,3,2023-11-20 14:31:32.277000,
55672,26,4,4,http://,,4,2023-11-20 14:31:32.280000,
55675,25,1,1,http://,,1,2023-11-16 19:14:19.917000,
55675,25,2,2,http://,,2,2023-11-16 19:14:19.923000,
55675,25,3,3,http://,,3,2023-11-16 19:14:19.933000,
55675,25,4,4,http://,,4,2023-11-16 19:14:19.940000,
55695,21,1,1,http://,,1,2023-05-23 12:49:05.630000,
55695,21,2,2,http://,,2,2023-05-23 12:49:05.630000,
55695,21,3,3,http://,,3,2023-05-23 12:49:05.633000,
55695,21,4,4,http://,,4,2023-05-23 12:49:05.637000,
55703,27,1,1,http://,,1,2026-06-18 15:02:38.770000,
55703,27,2,2,http://,,2,2026-06-18 15:02:38.770000,
55703,27,3,3,https://www.cms.gov/Regulations-and-Guidance/Guidance/Manuals/Downloads/bp102c11.pdf,https://www.cms.gov/Regulations-and-Guidance/Guidance/Manuals/Downloads/bp102c11.pdf,3,2026-06-18 15:02:38.777000,"CMS IOM Publication 100-02, Medicare Benefit Policy Manual, Chapter 11 End Stage Renal Disease (ESRD)"
55703,27,4,4,http://,,4,2026-06-18 15:02:38.780000,
55709,11,1,1,http://,,1,2024-04-16 15:08:02.757000,
55709,11,2,2,http://,,2,2024-04-16 15:08:02.760000,
55709,11,3,3,http://,,3,2024-04-16 15:08:02.760000,
55709,11,4,4,http://,,4,2024-04-16 15:08:02.763000,
55710,16,1,1,http://,,1,2025-12-23 18:12:33.220000,
55710,16,2,2,http://,,2,2025-12-23 18:12:33.223000,
55710,16,3,3,http://,,3,2025-12-23 18:12:33.223000,
55710,16,4,4,http://,,4,2025-12-23 18:12:33.227000,
55711,24,1,1,http://,,1,2025-09-18 19:52:22.390000,
55711,24,2,2,http://,,2,2025-09-18 19:52:22.393000,
55711,24,3,3,http://,,3,2025-09-18 19:52:22.393000,
55711,24,4,4,http://,,4,2025-09-18 19:52:22.397000,
55715,12,1,1,http://,,1,2025-01-31 19:32:23.050000,
55715,12,2,2,http://,,2,2025-01-31 19:32:23.053000,
55715,12,3,3,http://,,3,2025-01-31 19:32:23.057000,
55715,12,4,4,http://,,4,2025-01-31 19:32:23.063000,
55716,11,1,1,http://,,1,2023-11-08 15:14:20.610000,
55716,11,2,2,http://,,2,2023-11-08 15:14:20.613000,
55716,11,3,3,http://,,3,2023-11-08 15:14:20.617000,
55716,11,4,4,http://,,4,2023-11-08 15:14:20.620000,
55717,26,1,1,http://,,1,2025-08-18 16:43:49.877000,
55717,26,2,2,http://,,2,2025-08-18 16:43:49.880000,
55717,26,3,3,http://,,3,2025-08-18 16:43:49.883000,
55717,26,4,4,http://,,4,2025-08-18 16:43:49.887000,
55719,15,1,1,http://,,1,2023-11-16 19:28:20.067000,
55719,15,2,2,http://,,2,2023-11-16 19:28:20.070000,
55719,15,3,3,http://,,3,2023-11-16 19:28:20.070000,
55719,15,4,4,http://,,4,2023-11-16 19:28:20.073000,
55723,44,1,1,http://,,1,2023-01-20 12:02:28.340000,
55723,44,2,2,http://,,2,2023-01-20 12:02:28.343000,
55723,44,3,3,http://,,3,2023-01-20 12:02:28.347000,
55723,44,4,4,http://,,4,2023-01-20 12:02:28.350000,
55738,17,1,1,http://,,1,2023-06-22 12:58:52.297000,
55738,17,2,2,http://,,2,2023-06-22 12:58:52.297000,
55738,17,3,3,http://,,3,2023-06-22 12:58:52.300000,
55738,17,4,4,http://,,4,2023-06-22 12:58:52.300000,
55754,22,1,1,http://,,1,2023-11-14 16:22:56.453000,
55754,22,2,2,http://,,2,2023-11-14 16:22:56.457000,
55754,22,3,3,http://,,3,2023-11-14 16:22:56.460000,
55754,22,4,4,http://,,4,2023-11-14 16:22:56.463000,
55757,5,1,1,http://,,1,2017-10-13 17:25:42.060000,
55757,5,2,2,http://,,2,2017-10-13 17:25:42.063000,
55757,5,3,3,http://,,3,2017-10-13 17:25:42.067000,
55757,5,4,4,http://,,4,2017-10-13 17:25:42.070000,
55769,14,1,1,http://,,1,2023-11-22 16:09:29.343000,
55769,14,2,2,http://,,2,2023-11-22 16:09:29.343000,
55769,14,3,3,http://,,3,2023-11-22 16:09:29.347000,
55769,14,4,4,http://,,4,2023-11-22 16:09:29.350000,
55774,13,1,1,http://,,1,2025-06-20 18:55:24.637000,
55774,13,2,2,http://,,2,2025-06-20 18:55:24.640000,
55774,13,3,3,http://,,3,2025-06-20 18:55:24.643000,
55774,13,4,4,http://,,4,2025-06-20 18:55:24.647000,
55818,26,1,1,http://,,1,2026-01-23 14:13:19.590000,
55818,26,2,2,http://,,2,2026-01-23 14:13:19.600000,
55818,26,3,3,http://,,3,2026-01-23 14:13:19.610000,
55818,26,4,4,http://,,4,2026-01-23 14:13:19.617000,
55835,16,1,1,http://,,1,2026-02-27 17:31:04.710000,
55835,16,2,2,http://,,2,2026-02-27 17:31:04.710000,
55835,16,3,3,http://www.cms.gov/Regulations-and-Guidance/Guidance/Manuals/Downloads/ncd103c1_Part4.pdf,Medicare National Coverage Determinations Manual,3,2026-02-27 17:31:04.717000,
55835,16,4,4,http://,,4,2026-02-27 17:31:04.717000,
55909,46,1,1,http://,,1,2025-11-18 19:04:13.443000,
55909,46,2,2,https://www.cms.gov/Regulations-and-Guidance/Guidance/Transmittals/2017Downloads/R3921CP.pdf,https://www.cms.gov/Regulations-and-Guidance/Guidance/Transmittals/2017Downloads/R3921CP.pdf,2,2025-11-18 19:04:13.450000,"CR 10220 Hyperbaric Oxygen (HBO) Therapy (Section C, Topical Application of Oxygen)"
55909,46,3,3,https://www.cms.gov/Regulations-and-Guidance/Guidance/Manuals/Downloads/bp102c07.pdf,https://www.cms.gov/Regulations-and-Guidance/Guidance/Manuals/Downloads/bp102c07.pdf,3,2025-11-18 19:04:13.453000,"CMS Publication 100-02, Medicare Benefit Policy Manual, Chapter 7 – Home Health Services, Section 10.10 – Consolidated Billing, C. Relationship Between Consolidated Billing Requirements and Part B Supplies and Part B Therapies Included in the Baseline Rates That Could Have Been Unbundled Prior to HH PPS That No Longer Can Be Unbundled"
55909,46,3,4,https://www.cms.gov/Regulations-and-Guidance/Guidance/Manuals/downloads/bp102c15.pdf,https://www.cms.gov/Regulations-and-Guidance/Guidance/Manuals/downloads/bp102c15.pdf,4,2025-11-18 19:04:13.457000,"CMS IOM Publication 100-02, Medicare Benefit Policy Manual, Chapter 15- Covered Medical and Other Health Services, Section 100: Surgical Dressings, Splints, Casts, and Other Devices Used for Reductions of Fractures and Dislocations"
55909,46,3,5,https://www.cms.gov/Regulations-and-Guidance/Guidance/Manuals/Downloads/clm104c04.pdf,https://www.cms.gov/Regulations-and-Guidance/Guidance/Manuals/Downloads/clm104c04.pdf,5,2025-11-18 19:04:13.460000,"CMS IOM PUB 100-4, Medicare Claims Processing Manual, Chapter 4  – Part B Hospital(Including Inpatient Hospital Part B and OPPS), Section  200.9 - Billing for “Sometimes Therapy” Services that May be Paid as Non-Therapy Services for Hospital Outpatients"
55909,46,4,6,http://,,6,2025-11-18 19:04:13.463000,
55913,9,1,1,http://,,1,2024-12-17 15:26:40.713000,
55913,9,2,2,http://,,2,2024-12-17 15:26:40.720000,
55913,9,3,3,http://,,3,2024-12-17 15:26:40.723000,
55913,9,4,4,http://,,4,2024-12-17 15:26:40.730000,
55937,46,1,1,http://,,1,2026-04-02 15:10:23.657000,
55937,46,2,2,http://,,2,2026-04-02 15:10:23.660000,
55937,46,3,3,https://www.cms.gov/Regulations-and-Guidance/Guidance/Manuals/Downloads/clm104c04.pdf,"Medicare Claims Processing Manual, Chapter 4, Part B Hospital",3,2026-04-02 15:10:23.663000,
55937,46,4,4,http://,,4,2026-04-02 15:10:23.667000,
55951,21,1,1,https://,,1,2026-06-18 12:51:56.773000,
55951,21,2,2,https://www.ssa.gov/OP_Home/ssact/title18/1862.htm,https://www.ssa.gov/OP_Home/ssact/title18/1862.htm,2,2026-06-18 12:51:56.780000,"Title XVIII of the Social Security Act, §1862(a)(1)(A). Allows coverage and payment for only those services that are considered to be reasonable and necessary."
55951,21,2,3,https://www.ssa.gov/OP_Home/ssact/title18/1833.htm,https://www.ssa.gov/OP_Home/ssact/title18/1833.htm,3,2026-06-18 12:51:56.787000,Title XVIII of the Social Security Act §1833(e)  Prohibits Medicare payment for any claim which lacks the necessary information to process the claim.
55951,21,2,4,https://www.law.cornell.edu/cfr/text/42/410.32,https://www.law.cornell.edu/cfr/text/42/410.32,4,2026-06-18 12:51:56.793000,"42 Code of Federal Regulations (CFR) §410.32 Diagnostic x-ray tests, diagnostic laboratory tests, and other diagnostic tests: Conditions."
55951,21,3,5,https://www.cms.gov/Regulations-and-Guidance/Guidance/Manuals/downloads/pim83c03.pdf,https://www.cms.gov/Regulations-and-Guidance/Guidance/Manuals/downloads/pim83c03.pdf,5,2026-06-18 12:51:56.800000,"CMS Internet Online Manual, Medicare Program Integrity Manual 100-08, Chapter 3, Section 3.6.2.2, Reasonable and Necessary Criteria"
55951,21,3,6,https://www.cms.gov/Regulations-and-Guidance/Guidance/Manuals/Downloads/clm104c26.pdf,https://www.cms.gov/regulations-and-guidance/guidance/manuals/downloads/clm104c26pdf.pdf ,6,2026-06-18 12:51:56.813000,"CMS Publication IOM 100-04 Medicare Claims Processing Manual, Chapter 26, Section 10.4 Provider of Service of Supplier Information (Rev.3881, Issued: 10-13-17, Effective: 01-16-18, Implementation: 01-16-18)"
55951,21,4,7,https://www.acog.org/clinical/clinical-guidance/committee-opinion/articles/2015/05/endometrial-intraepithelial-neoplasia,https://www.acog.org/clinical/clinical-guidance/committee-opinion/articles/2015/05/endometrial-intraepithelial-neoplasia,7,2026-06-18 12:51:56.830000,Endometrial intraepithelial neoplasia. Committee Opinion NO. 631. American College of Obstetricians and Gynecologists. Obstet Gynecol 2015:125:1272-8.
55958,6,1,1,http://,,1,2024-02-28 15:20:28.163000,
55958,6,2,2,http://,,2,2024-02-28 15:20:28.183000,
55958,6,3,3,http://,,3,2024-02-28 15:20:28.187000,
55958,6,4,4,http://,,4,2024-02-28 15:20:28.190000,
56006,19,1,1,http://,,1,2023-12-21 20:09:49.690000,
56006,19,2,2,http://,,2,2023-12-21 20:09:49.690000,
56006,19,3,3,http://,,3,2023-12-21 20:09:49.693000,
56006,19,4,4,http://,,4,2023-12-21 20:09:49.693000,
56025,16,1,1,http://,,1,2023-11-08 18:56:50.900000,
56025,16,2,2,http://,,2,2023-11-08 18:56:50.903000,
56025,16,3,3,http://,,3,2023-11-08 18:56:50.903000,
56025,16,4,4,http://,,4,2023-11-08 18:56:50.907000,
56027,14,1,1,http://,,1,2025-12-23 00:21:15.403000,
56027,14,2,2,http://,,2,2025-12-23 00:21:15.407000,
56027,14,3,3,http://,,3,2025-12-23 00:21:15.410000,
56027,14,4,4,http://,,4,2025-12-23 00:21:15.410000,
56034,42,1,1,http://,,1,2026-03-04 15:55:08.810000,
56034,42,2,2,http://,,2,2026-03-04 15:55:08.817000,
56034,42,3,3,http://,,3,2026-03-04 15:55:08.820000,
56034,42,4,4,http://,,4,2026-03-04 15:55:08.823000,
56065,23,1,1,http://,,1,2022-11-15 01:52:20.070000,
56065,23,2,2,http://,,2,2022-11-15 01:52:20.070000,
56065,23,3,3,http://,,3,2022-11-15 01:52:20.073000,
56065,23,4,4,http://,,4,2022-11-15 01:52:20.073000,
56071,23,1,1,http://,,1,2024-12-23 12:02:30.890000,
56071,23,2,2,http://,,2,2024-12-23 12:02:30.897000,
56071,23,3,3,http://,,3,2024-12-23 12:02:30.900000,
56071,23,4,4,http://,,4,2024-12-23 12:02:30.903000,
56072,13,1,1,http://,,1,2024-01-23 18:41:24.480000,
56072,13,2,2,http://,,2,2024-01-23 18:41:24.487000,
56072,13,3,3,http://,,3,2024-01-23 18:41:24.490000,
56072,13,4,4,http://,,4,2024-01-23 18:41:24.490000,
56083,14,1,1,http://,,1,2026-07-27 17:58:49.157000,
56083,14,2,2,http://,,2,2026-07-27 17:58:49.160000,
56083,14,3,3,http://,,3,2026-07-27 17:58:49.163000,
56083,14,4,4,http://,,4,2026-07-27 17:58:49.163000,
56103,14,1,1,http://,,1,2024-01-23 13:23:59.703000,
56103,14,2,2,http://,,2,2024-01-23 13:23:59.707000,
56103,14,3,3,http://,,3,2024-01-23 13:23:59.710000,
56103,14,4,4,http://,,4,2024-01-23 13:23:59.713000,
56106,14,1,1,http://,,1,2024-01-30 20:17:52.880000,
56106,14,2,2,http://,,2,2024-01-30 20:17:52.880000,
56106,14,3,3,http://,,3,2024-01-30 20:17:52.883000,
56106,14,4,4,http://,,4,2024-01-30 20:17:52.887000,
56112,6,1,1,http://,,1,2023-11-14 16:42:55.757000,
56112,6,2,2,http://,,2,2023-11-14 16:42:55.760000,
56112,6,3,3,http://,,3,2023-11-14 16:42:55.763000,
56112,6,4,4,http://,,4,2023-11-14 16:42:55.767000,
56141,39,1,1,http://,,1,2020-11-12 22:00:17.003000,
56141,39,2,2,http://,,2,2020-11-12 22:00:17.003000,
56141,39,3,3,http://,,3,2020-11-12 22:00:17.003000,
56141,39,4,4,http://,,4,2020-11-12 22:00:17.003000,
56152,35,1,1,http://,,1,2025-09-18 16:59:29.407000,
56152,35,2,2,http://,,2,2025-09-18 16:59:29.410000,
56152,35,3,3,http://,,3,2025-09-18 16:59:29.410000,
56152,35,4,4,http://,,4,2025-09-18 16:59:29.413000,
56157,19,1,1,http://,,1,2026-06-18 15:44:55.790000,
56157,19,2,2,http://,,2,2026-06-18 15:44:55.793000,
56157,19,3,3,http://,,3,2026-06-18 15:44:55.797000,
56157,19,4,4,http://,,4,2026-06-18 15:44:55.800000,
56159,23,1,1,http://,,1,2026-02-27 19:04:10.680000,
56159,23,2,2,http://,,2,2026-02-27 19:04:10.690000,
56159,23,3,3,http://,,3,2026-02-27 19:04:10.700000,
56159,23,4,4,http://,,4,2026-02-27 19:04:10.707000,
56175,15,1,1,http://www.socialsecurity.gov/OP_Home/ssact/title18/1862.htm,Title XVIII of the Social Security Act §1862(a)(1)(A),1,2026-02-27 17:35:02.260000,
56175,15,1,2,http://www.socialsecurity.gov/OP_Home/ssact/title18/1833.htm,Title XVIII of the Social Security Act §1833(e),2,2026-02-27 17:35:02.263000,
56175,15,2,3,http://,,3,2026-02-27 17:35:02.267000,
56175,15,3,4,http://,,4,2026-02-27 17:35:02.267000,
56175,15,4,5,http://,,5,2026-02-27 17:35:02.270000,
56178,21,1,1,http://,,1,2023-11-20 14:25:43.660000,
56178,21,2,2,http://,,2,2023-11-20 14:25:43.660000,
56178,21,3,3,http://,,3,2023-11-20 14:25:43.663000,
56178,21,4,4,http://,,4,2023-11-20 14:25:43.667000,
56198,11,1,1,http://,,1,2023-11-18 23:18:42.360000,
56198,11,2,2,http://,,2,2023-11-18 23:18:42.363000,
56198,11,3,3,http://,,3,2023-11-18 23:18:42.363000,
56198,11,4,4,http://,,4,2023-11-18 23:18:42.367000,
56199,130,1,1,https://www.ssa.gov/OP_Home/ssact/title18/1862.htm,Title XVIII of the Social Security Act (SSA),1,2026-05-21 17:22:25.950000,Section 1862(a)(1)(A) excludes expenses incurred for items or services which are not reasonable and necessary for the diagnosis or treatment of illness or injury or to improve the functioning of a malformed body member.
56199,130,1,2,https://www.ssa.gov/OP_Home/ssact/title18/1833.htm,Title XVIII of the Social Security Act (SSA),2,2026-05-21 17:22:25.953000,Section 1833(e) prohibits Medicare payment for any claim which lacks the necessary information to process the claim. 
56199,130,1,3,https://www.ssa.gov/OP_Home/ssact/title18/1862.htm,Title XVIII of the Social Security Act (SSA),3,2026-05-21 17:22:25.957000,"Section 1862(a)(7) excludes routine physical examinations, unless otherwise covered by statute."
56199,130,2,4,https://,,4,2026-05-21 17:22:25.960000,
56199,130,3,5,https://www.cms.gov/Regulations-and-Guidance/Guidance/Manuals/Downloads/bp102c15.pdf,"CMS Publication 100-02, Medicare Benefit Policy Manual, Chapter 15, Section 80.1 ",5,2026-05-21 17:22:25.963000,Laboratory services must meet applicable requirements of CLIA
56199,130,3,6,https://www.cms.gov/Regulations-and-Guidance/Guidance/Manuals/downloads/clm104c16.pdf,"CMS Publication 100-04, Medicare Claims Processing Manual, Chapter 16, Section 40.7 ",6,2026-05-21 17:22:25.970000,Billing for Noncovered Clinical Laboratory Tests Section and 120.1 Clarification of the Use of the Term “Screening” or “Screen” 
56199,130,3,7,https://www.cms.gov/Regulations-and-Guidance/Guidance/Manuals/downloads/clm104c30.pdf,"CMS Publication 100-04, Medicare Claims Processing Manual, Chapter 30, Section 50 ",7,2026-05-21 17:22:25.970000,Advance Beneficiary Notice of Noncoverage (ABN)
56199,130,3,8,https://www.cms.gov/Regulations-and-Guidance/Guidance/Transmittals/2018Downloads/R829PI.pdf,"CMS Publication 100-08, Medicare Program Integrity Manual, Chapter 13",8,2026-05-21 17:22:25.977000,Local Coverage Determinations
56199,130,3,9,https://www.cms.gov/Medicare/Coding/NationalCorrectCodInitEd/index.html,"CMS National Correct Coding Initiative (NCCI) Policy Manual for Medicare Services, Chapter 10, Pathology/Laboratory Services, (A)",9,2026-05-21 17:22:25.980000,Introduction
56199,130,3,10,https://www.cms.gov/Regulations-and-Guidance/Guidance/Manuals/downloads/bp102c15.pdf,"CMS Publication 100-02, Medicare Benefit Policy Manual, Chapter 15, Section 80.6. 5 ",10,2026-05-21 17:22:25.983000,Describes the Surgical/Cytopathology Exception. 
56199,130,3,11,https://www.cms.gov/Medicare/Coding/NationalCorrectCodInitEd/index.html,"CMS National Correct Coding Initiative (NCCI) Policy Manual for Medicare Services, Chapter 10 Pathology/Laboratory Services ",11,2026-05-21 17:22:25.987000,Addresses reflex testing 
56199,130,4,12,https://,,12,2026-05-21 17:22:25.990000,
56232,34,1,1,http://,,1,2025-09-17 16:31:14.320000,
56232,34,2,2,https://www.govregs.com/regulations/expand/title42_chapterIV_part411_subpartA_section411.15,https://www.govregs.com/regulations/expand/title42_chapterIV_part411_subpartA_section411.15,2,2025-09-17 16:31:14.323000,42 CFR Section 411.15 Particular services excluded from coverage (L) Foot care
56232,34,3,3,https://www.cms.gov/Regulations-and-Guidance/Guidance/Manuals/Downloads/bp102c15.pdf,https://www.cms.gov/Regulations-and-Guidance/Guidance/Manuals/Downloads/bp102c15.pdf,3,2025-09-17 16:31:14.327000,"CMS Publication, 100-02, Medicare Benefit Policy Manual, Chapter 15, Section 290 – Foot Care."
56232,34,4,4,http://,,4,2025-09-17 16:31:14.330000,
56248,12,1,1,http://,,1,2019-09-11 17:34:42.880000,
56248,12,2,2,http://,,2,2019-09-11 17:34:42.883000,
56248,12,3,3,http://,,3,2019-09-11 17:34:42.887000,
56248,12,4,4,http://,,4,2019-09-11 17:34:42.887000,
56273,28,1,1,http://,,1,2025-08-22 18:58:45.830000,
56273,28,2,2,https://www.ssa.gov/OP_Home/ssact/title18/1833.htm  ,Title XVIII of the Social Security Act:,2,2025-08-22 18:58:45.833000,Section 1833 (e) prohibits Medicare payment for any claim which lacks the necessary information to process the claim. Section 1862 (a) (1) (A) excludes expenses incurred for items or services which are not reasonable and necessary for the diagnosis or treatment of illness or injury or to improve the functioning of a malformed body member.
56273,28,2,3,https://www.govregs.com/regulations/expand/title42_chapterIV_part411_subpartA_section411.15#title42chapterIV_part411_subpartA_section411.15,https://www.govregs.com/regulations/expand/title42_chapterIV_part411_subpartA_section411.15#title42chapterIV_part411_subpartA_section411.15,3,2025-08-22 18:58:45.840000,"CFR Part 411.15., subpart A addresses general exclusions and exclusion of particular services."
56273,28,3,4,https://www.cms.gov/Regulations-and-Guidance/Guidance/Manuals/Downloads/bp102c15.pdf,https://www.cms.gov/Regulations-and-Guidance/Guidance/Manuals/Downloads/bp102c15.pdf,4,2025-08-22 18:58:45.843000,"CMS Pub. 100-02 Chapter 15 §30.5, 40.4, and 220 & CMS Pub. 100-02 Chapter 15 §240 - 240.1.5."
56273,28,3,5,https://www.cms.gov/Regulations-and-Guidance/Guidance/Manuals/Downloads/clm104c12.pdf,https://www.cms.gov/Regulations-and-Guidance/Guidance/Manuals/Downloads/clm104c12.pdf,5,2025-08-22 18:58:45.847000,CMS Pub. 100-04 Chapter 12 §220
56273,28,3,6,https://www.cms.gov/Regulations-and-Guidance/Guidance/Manuals/Downloads/clm104c23.pdf,https://www.cms.gov/Regulations-and-Guidance/Guidance/Manuals/Downloads/clm104c23.pdf,6,2025-08-22 18:58:45.850000,CMS Pub. 100-04 Chapter 23 §20.9.1.1
56273,28,4,7,https://www.cms.gov/sites/default/files/2022-04/MLN1232664_Chiropractic_Educational_Tool_2022_03_508.pdf,https://www.cms.gov/sites/default/files/2022-04/MLN1232664_Chiropractic_Educational_Tool_2022_03_508.pdf,7,2025-08-22 18:58:45.857000,
56273,28,4,8,https://www.cms.gov/regulations-and-guidance/guidance/transmittals/2019downloads/r854pi.pdf,https://www.cms.gov/regulations-and-guidance/guidance/transmittals/2019downloads/r854pi.pdf,8,2025-08-22 18:58:45.860000,
56287,18,1,1,http://,,1,2024-05-31 13:37:47.030000,
56287,18,2,2,http://,,2,2024-05-31 13:37:47.040000,
56287,18,3,3,http://,,3,2024-05-31 13:37:47.050000,
56287,18,4,4,http://,,4,2024-05-31 13:37:47.057000,
56289,14,1,1,http://,,1,2026-02-19 15:38:53.443000,
56289,14,2,2,http://,,2,2026-02-19 15:38:53.450000,
56289,14,3,3,http://,,3,2026-02-19 15:38:53.450000,
56289,14,4,4,http://,,4,2026-02-19 15:38:53.453000,
56333,11,1,1,http://,,1,2023-07-19 14:40:42.820000,
56333,11,2,2,http://,,2,2023-07-19 14:40:42.820000,
56333,11,3,3,http://,,3,2023-07-19 14:40:42.823000,
56333,11,4,4,http://,,4,2023-07-19 14:40:42.827000,
56335,14,1,1,http://,,1,2025-04-25 18:44:23.737000,
56335,14,2,2,http://,,2,2025-04-25 18:44:23.760000,
56335,14,3,3,http://,,3,2025-04-25 18:44:23.767000,
56335,14,4,4,http://,,4,2025-04-25 18:44:23.780000,
56346,27,1,1,http://,,1,2026-06-12 13:29:01.790000,
56346,27,2,2,http://,,2,2026-06-12 13:29:01.793000,
56346,27,3,3,http://,,3,2026-06-12 13:29:01.797000,
56346,27,4,4,http://,,4,2026-06-12 13:29:01.800000,
56380,56,1,1,http://,,1,2025-08-26 12:15:01.280000,
56380,56,2,2,http://,,2,2025-08-26 12:15:01.283000,
56380,56,3,3,http://,,3,2025-08-26 12:15:01.287000,
56380,56,4,4,http://,,4,2025-08-26 12:15:01.290000,
56384,7,1,1,http://,,1,2019-10-08 18:32:35.067000,
56384,7,2,2,http://,,2,2019-10-08 18:32:35.067000,
56384,7,3,3,http://,,3,2019-10-08 18:32:35.070000,
56384,7,4,4,http://,,4,2019-10-08 18:32:35.070000,
56389,36,1,1,http://,,1,2025-08-21 14:33:52.997000,
56389,36,2,2,http://,,2,2025-08-21 14:33:53,
56389,36,3,3,http://,,3,2025-08-21 14:33:53.003000,
56389,36,4,4,http://,,4,2025-08-21 14:33:53.003000,
56390,11,1,1,http://,,1,2023-01-10 14:47:11.920000,
56390,11,2,2,http://,,2,2023-01-10 14:47:11.923000,
56390,11,3,3,http://,,3,2023-01-10 14:47:11.927000,
56390,11,4,4,http://,,4,2023-01-10 14:47:11.927000,
56391,37,1,1,http://,,1,2025-12-24 19:58:22.137000,
56391,37,2,2,https://www.cms.gov/Regulations-and-Guidance/Guidance/Transmittals/2018Downloads/R829PI.pdf,https://www.cms.gov/Regulations-and-Guidance/Guidance/Transmittals/2018Downloads/R829PI.pdf,2,2025-12-24 19:58:22.140000,"Change Request 10901, Local Coverage Determinations (LCDs)"
56391,37,3,3,https://www.cms.gov/medicare-coverage-database/details/ncd-details.aspx?NCDId=110&ncdver=4&bc=AAAAQAAAAAAA&,https://www.cms.gov/medicare-coverage-database/details/ncd-details.aspx?NCDId=110&ncdver=4&bc=AAAAQAAAAAAA&,3,2025-12-24 19:58:22.143000,National Coverage Determination (NCD) for Implantable Automatic Defibrillators (20.4)
56391,37,4,4,http://,,4,2025-12-24 19:58:22.147000,
56394,32,1,1,http://,,1,2026-07-16 17:21:40.600000,
56394,32,2,2,https://www.ssa.gov/OP_Home/ssact/title18/1862.htm,https://www.ssa.gov/OP_Home/ssact/title18/1862.htm,2,2026-07-16 17:21:40.600000,"Title XVIII of the Social Security Act (SSA or the Act), Section 1862(a)(1)(A), explains that payment may be allowed only for those services that are considered to be reasonable and necessary for the diagnosis or treatment of illness or injury or to improve the functioning of a malformed body member."
56394,32,2,3,https://www.ssa.gov/OP_Home/ssact/title18/1833.htm,https://www.ssa.gov/OP_Home/ssact/title18/1833.htm,3,2026-07-16 17:21:40.603000,"Title XVIII of the SSA, Section 1833(e), prohibits Medicare payment for any claim which lacks the necessary information to process the claim."
56394,32,2,4,https://www.ssa.gov/OP_Home/ssact/title18/1862.htm,https://www.ssa.gov/OP_Home/ssact/title18/1862.htm,4,2026-07-16 17:21:40.607000,"Title XVIII of the SSA, Section 1862(a)(7), states that Medicare will not cover any services or procedures associated with routine physical checkups."
56394,32,2,5,https://www.ssa.gov/OP_Home/ssact/title18/1862.htm,https://www.ssa.gov/OP_Home/ssact/title18/1862.htm,5,2026-07-16 17:21:40.610000,"42 Code of Federal Regulations, 410.32, Diagnostic X-Rays, diagnostic laboratory tests, and other diagnostic tests: Conditions. This section describes regulations that apply to performing these tests."
56394,32,3,6,https://www.cms.gov/Regulations-and-Guidance/Guidance/Manuals/Downloads/bp102c15.pdf,https://www.cms.gov/Regulations-and-Guidance/Guidance/Manuals/Downloads/bp102c15.pdf,6,2026-07-16 17:21:40.613000,"Pub 100-02, Medicare Benefit Policy Manual, Chapter 15 Covered Medical and Other Health Services: Section 80-Requirements for Diagnostic X-Ray, Diagnostic Laboratory, and Other Diagnostic Tests, Section 280.2 -Colorectal Cancer Screening"
56394,32,3,7,https://www.cms.gov/Regulations-and-Guidance/Guidance/Manuals/Internet-Only-Manuals-IOMs-Items/CMS018912.html?DLPage=1&DLEntries=10&DLSort=0&DLSortDir=ascending,https://www.cms.gov/Regulations-and-Guidance/Guidance/Manuals/Internet-Only-Manuals-IOMs-Items/CMS018912.html?DLPage=1&DLEntries=10&DLSort=0&DLSortDir=ascending,7,2026-07-16 17:21:40.617000,Pub.100-04 Medicare Claims Processing Manual -Chapter 18 Preventive and Screening Services: Section 60 - Colorectal Cancer Screening
56394,32,4,8,http://,,8,2026-07-16 17:21:40.617000,
56395,18,1,1,http://,,1,2026-06-16 15:07:49.857000,
56395,18,2,2,https://www.ssa.gov/OP_Home/ssact/title18/1862.htm,https://www.ssa.gov/OP_Home/ssact/title18/1862.htm,2,2026-06-16 15:07:49.860000,"Title XVIII of the Social Security Act, Section 1862(a)(1)(A). This section allows coverage and payment for only those services that are considered to be medically reasonable and necessary."
56395,18,2,3,https://www.ssa.gov/OP_Home/ssact/title18/1833.htm,https://www.ssa.gov/OP_Home/ssact/title18/1833.htm,3,2026-06-16 15:07:49.870000,"Title XVIII of the Social Security Act, Section 1833(e). This section prohibits Medicare payment for any claim which lacks the necessary information to process the claim."
56395,18,3,4,https://www.cms.gov/Regulations-and-Guidance/Guidance/Transmittals/2019Downloads/R854PI.pdf,https://www.cms.gov/Regulations-and-Guidance/Guidance/Transmittals/2019Downloads/R854PI.pdf,4,2026-06-16 15:07:49.873000,"Change Request 10901 Local Coverage Determinations (LCDs) Implementation date January 8, 2019."
56395,18,4,5,http://,,5,2026-06-16 15:07:49.877000,
56396,11,1,1,http://,,1,2023-01-17 15:54:04.973000,
56396,11,2,2,http://,,2,2023-01-17 15:54:04.977000,
56396,11,3,3,http://,,3,2023-01-17 15:54:04.980000,
56396,11,4,4,http://,,4,2023-01-17 15:54:04.983000,
56414,41,1,1,http://,,1,2025-09-26 13:53:43.630000,
56414,41,2,2,http://,,2,2025-09-26 13:53:43.647000,
56414,41,3,3,http://,,3,2025-09-26 13:53:43.663000,
56414,41,4,4,http://,,4,2025-09-26 13:53:43.683000,
56416,42,1,1,http://,,1,2025-09-26 13:54:34.307000,
56416,42,2,2,http://,,2,2025-09-26 13:54:34.310000,
56416,42,3,3,http://,,3,2025-09-26 13:54:34.313000,
56416,42,4,4,http://,,4,2025-09-26 13:54:34.320000,
56419,20,1,1,http://,,1,2023-04-10 13:11:15.767000,
56419,20,2,2,http://,,2,2023-04-10 13:11:15.770000,
56419,20,3,3,http://,,3,2023-04-10 13:11:15.773000,
56419,20,4,4,http://,,4,2023-04-10 13:11:15.773000,
56420,16,1,1,http://,,1,2023-01-20 12:04:01.667000,
56420,16,2,2,http://,,2,2023-01-20 12:04:01.667000,
56420,16,3,3,http://,,3,2023-01-20 12:04:01.670000,
56420,16,4,4,http://,,4,2023-01-20 12:04:01.673000,
56421,40,1,1,http://,,1,2025-11-10 12:56:31.933000,
56421,40,2,2,http://,,2,2025-11-10 12:56:31.937000,
56421,40,3,3,http://,,3,2025-11-10 12:56:31.940000,
56421,40,4,4,http://,,4,2025-11-10 12:56:31.943000,
56422,50,1,1,http://,,1,2026-01-23 14:06:35.107000,
56422,50,2,2,http://,,2,2026-01-23 14:06:35.110000,
56422,50,3,3,http://,,3,2026-01-23 14:06:35.110000,
56422,50,4,4,http://,,4,2026-01-23 14:06:35.113000,
56423,59,1,1,http://,,1,2026-01-23 14:07:25.740000,
56423,59,2,2,http://,,2,2026-01-23 14:07:25.740000,
56423,59,3,3,http://,,3,2026-01-23 14:07:25.743000,
56423,59,4,4,http://,,4,2026-01-23 14:07:25.747000,
56425,16,1,1,http://,,1,2025-11-26 22:39:00.917000,
56425,16,2,2,http://,,2,2025-11-26 22:39:00.920000,
56425,16,3,3,http://,,3,2025-11-26 22:39:00.920000,
56425,16,4,4,http://,,4,2025-11-26 22:39:00.923000,
56431,6,1,1,http://,,1,2021-02-25 20:08:16.850000,
56431,6,2,2,http://,,2,2021-02-25 20:08:16.850000,
56431,6,3,3,http://,,3,2021-02-25 20:08:16.850000,
56431,6,4,4,http://,,4,2021-02-25 20:08:16.853000,
56432,25,1,1,http://,,1,2026-02-04 14:06:26.750000,
56432,25,2,2,http://,,2,2026-02-04 14:06:26.757000,
56432,25,3,3,http://,,3,2026-02-04 14:06:26.760000,
56432,25,4,4,http://,,4,2026-02-04 14:06:26.763000,
56439,18,1,1,http://,,1,2025-10-31 20:58:09.373000,
56439,18,2,2,http://,,2,2025-10-31 20:58:09.377000,
56439,18,3,3,http://,,3,2025-10-31 20:58:09.380000,
56439,18,4,4,http://,,4,2025-10-31 20:58:09.387000,
56448,22,1,1,http://,,1,2025-11-26 22:37:21.053000,
56448,22,2,2,http://,,2,2025-11-26 22:37:21.057000,
56448,22,3,3,http://,,3,2025-11-26 22:37:21.060000,
56448,22,4,4,http://,,4,2025-11-26 22:37:21.060000,
56451,26,1,1,http://,,1,2025-09-30 23:46:17.323000,
56451,26,2,2,http://,,2,2025-09-30 23:46:17.330000,
56451,26,3,3,http://,,3,2025-09-30 23:46:17.333000,
56451,26,4,4,http://,,4,2025-09-30 23:46:17.337000,
56453,12,1,1,http://,,1,2025-09-18 20:06:24.233000,
56453,12,2,2,http://,,2,2025-09-18 20:06:24.237000,
56453,12,3,3,http://,,3,2025-09-18 20:06:24.240000,
56453,12,4,4,http://,,4,2025-09-18 20:06:24.240000,
56454,12,1,1,http://,,1,2026-02-23 17:34:52.843000,
56454,12,2,2,http://,,2,2026-02-23 17:34:52.847000,
56454,12,3,3,http://,,3,2026-02-23 17:34:52.847000,
56454,12,4,4,http://,,4,2026-02-23 17:34:52.850000,
56455,12,1,1,http://,,1,2026-02-20 22:00:55.357000,
56455,12,2,2,http://,,2,2026-02-20 22:00:55.370000,
56455,12,3,3,http://,,3,2026-02-20 22:00:55.383000,
56455,12,4,4,http://,,4,2026-02-20 22:00:55.400000,
56456,32,1,1,http://,,1,2026-02-20 19:56:11.600000,
56456,32,2,2,http://,,2,2026-02-20 19:56:11.603000,
56456,32,3,3,http://,,3,2026-02-20 19:56:11.610000,
56456,32,4,4,http://,,4,2026-02-20 19:56:11.610000,
56457,15,1,1,http://,,1,2026-02-20 19:22:54.903000,
56457,15,2,2,http://,,2,2026-02-20 19:22:54.907000,
56457,15,3,3,http://,,3,2026-02-20 19:22:54.910000,
56457,15,4,4,http://,,4,2026-02-20 19:22:54.913000,
56459,30,1,1,http://,,1,2026-04-10 11:43:42.447000,
56459,30,2,2,http://,,2,2026-04-10 11:43:42.453000,
56459,30,3,3,http://,,3,2026-04-10 11:43:42.457000,
56459,30,4,4,http://,,4,2026-04-10 11:43:42.460000,
56460,14,1,1,http://,,1,2026-02-20 19:46:02.067000,
56460,14,2,2,http://,,2,2026-02-20 19:46:02.077000,
56460,14,3,3,http://,,3,2026-02-20 19:46:02.083000,
56460,14,4,4,http://,,4,2026-02-20 19:46:02.087000,
56461,26,1,1,http://,,1,2026-02-27 14:26:45.937000,
56461,26,2,2,http://,,2,2026-02-27 14:26:45.940000,
56461,26,3,3,http://,,3,2026-02-27 14:26:45.940000,
56461,26,4,4,http://,,4,2026-02-27 14:26:45.943000,
56462,32,1,1,http://,,1,2026-02-27 16:11:08.580000,
56462,32,2,2,http://,,2,2026-02-27 16:11:08.580000,
56462,32,3,3,http://,,3,2026-02-27 16:11:08.583000,
56462,32,4,4,http://,,4,2026-02-27 16:11:08.587000,
56464,35,1,1,http://,,1,2026-02-27 18:26:55.940000,
56464,35,2,2,http://,,2,2026-02-27 18:26:55.943000,
56464,35,3,3,http://,,3,2026-02-27 18:26:55.947000,
56464,35,4,4,http://,,4,2026-02-27 18:26:55.947000,
56465,16,1,1,http://,,1,2026-03-25 18:17:46.877000,
56465,16,2,2,http://,,2,2026-03-25 18:17:46.883000,
56465,16,3,3,http://,,3,2026-03-25 18:17:46.890000,
56465,16,4,4,http://,,4,2026-03-25 18:17:46.893000,
56467,14,1,1,http://,,1,2026-03-25 20:03:04.533000,
56467,14,2,2,http://,,2,2026-03-25 20:03:04.537000,
56467,14,3,3,http://,,3,2026-03-25 20:03:04.540000,
56467,14,4,4,http://,,4,2026-03-25 20:03:04.540000,
56471,18,1,1,http://,,1,2026-02-20 21:43:00.580000,
56471,18,2,2,http://,,2,2026-02-20 21:43:00.583000,
56471,18,3,3,http://,,3,2026-02-20 21:43:00.587000,
56471,18,4,4,http://,,4,2026-02-20 21:43:00.590000,
56476,35,1,1,http://,,1,2025-08-14 14:47:40.543000,
56476,35,2,2,http://,,2,2025-08-14 14:47:40.557000,
56476,35,3,3,http://,,3,2025-08-14 14:47:40.563000,
56476,35,4,4,http://,,4,2025-08-14 14:47:40.570000,
56491,25,1,1,http://,,1,2025-03-18 16:49:19,
56491,25,2,2,http://,,2,2025-03-18 16:49:19.007000,
56491,25,3,3,http://,,3,2025-03-18 16:49:19.010000,
56491,25,4,4,http://,,4,2025-03-18 16:49:19.010000,
56493,13,1,1,http://,,1,2025-10-31 20:50:57.700000,
56493,13,2,2,http://,,2,2025-10-31 20:50:57.703000,
56493,13,3,3,http://,,3,2025-10-31 20:50:57.707000,
56493,13,4,4,http://,,4,2025-10-31 20:50:57.710000,
56494,17,1,1,http://,,1,2026-02-20 21:50:05.870000,
56494,17,2,2,http://,,2,2026-02-20 21:50:05.873000,
56494,17,3,3,http://,,3,2026-02-20 21:50:05.877000,
56494,17,4,4,http://,,4,2026-02-20 21:50:05.880000,
56497,20,1,1,http://,,1,2021-02-09 13:54:19.223000,
56497,20,2,2,http://,,2,2021-02-09 13:54:19.223000,
56497,20,3,3,http://,,3,2021-02-09 13:54:19.223000,
56497,20,4,4,http://,,4,2021-02-09 13:54:19.227000,
56500,39,1,1,http://,,1,2025-10-31 21:03:26.803000,
56500,39,2,2,http://,,2,2025-10-31 21:03:26.807000,
56500,39,3,3,http://,,3,2025-10-31 21:03:26.810000,
56500,39,4,4,http://,,4,2025-10-31 21:03:26.813000,
56502,8,1,1,http://,,1,2023-11-20 14:21:05.560000,
56502,8,2,2,http://,,2,2023-11-20 14:21:05.560000,
56502,8,3,3,http://,,3,2023-11-20 14:21:05.567000,
56502,8,4,4,http://,,4,2023-11-20 14:21:05.567000,
56503,12,1,1,http://,,1,2024-12-17 16:47:50.077000,
56503,12,2,2,http://,,2,2024-12-17 16:47:50.080000,
56503,12,3,3,http://,,3,2024-12-17 16:47:50.083000,
56503,12,4,4,http://,,4,2024-12-17 16:47:50.083000,
56505,41,1,1,http://,,1,2026-02-20 14:54:46.583000,
56505,41,2,2,http://,,2,2026-02-20 14:54:46.587000,
56505,41,3,3,http://,,3,2026-02-20 14:54:46.590000,
56505,41,4,4,http://,,4,2026-02-20 14:54:46.593000,
56514,25,1,1,http://,,1,2025-03-24 15:55:10.463000,
56514,25,2,2,http://,,2,2025-03-24 15:55:10.467000,
56514,25,3,3,http://,,3,2025-03-24 15:55:10.470000,
56514,25,4,4,http://,,4,2025-03-24 15:55:10.473000,
56531,19,1,1,http://,,1,2024-08-12 18:11:49.920000,
56531,19,2,2,http://,,2,2024-08-12 18:11:49.927000,
56531,19,3,3,http://,,3,2024-08-12 18:11:49.930000,
56531,19,4,4,http://,,4,2024-08-12 18:11:49.933000,
56537,41,1,1,http://,,1,2025-09-15 17:47:48.797000,
56537,41,2,2,http://,,2,2025-09-15 17:47:48.803000,
56537,41,3,3,http://,,3,2025-09-15 17:47:48.807000,
56537,41,4,4,http://,,4,2025-09-15 17:47:48.810000,
56538,27,1,1,http://,,1,2025-09-26 13:55:14.563000,
56538,27,2,2,http://,,2,2025-09-26 13:55:14.567000,
56538,27,3,3,http://,,3,2025-09-26 13:55:14.567000,
56538,27,4,4,http://,,4,2025-09-26 13:55:14.570000,
56541,40,1,1,http://,,1,2024-01-19 13:04:01.897000,
56541,40,2,2,http://,,2,2024-01-19 13:04:01.897000,
56541,40,3,3,http://,,3,2024-01-19 13:04:01.900000,
56541,40,4,4,http://,,4,2024-01-19 13:04:01.900000,
56542,18,1,1,http://,,1,2025-09-26 17:08:21.107000,
56542,18,2,2,http://,,2,2025-09-26 17:08:21.120000,
56542,18,3,3,http://,,3,2025-09-26 17:08:21.127000,
56542,18,4,4,http://,,4,2025-09-26 17:08:21.150000,
56544,28,1,1,http://,,1,2025-09-15 17:40:08.853000,
56544,28,2,2,http://,,2,2025-09-15 17:40:08.857000,
56544,28,3,3,http://,,3,2025-09-15 17:40:08.860000,
56544,28,4,4,http://,,4,2025-09-15 17:40:08.863000,
56545,14,1,1,http://,,1,2024-11-13 14:10:50.267000,
56545,14,2,2,http://,,2,2024-11-13 14:10:50.273000,
56545,14,3,3,http://,,3,2024-11-13 14:10:50.283000,
56545,14,4,4,http://,,4,2024-11-13 14:10:50.293000,
56548,20,1,1,http://,,1,2025-09-15 17:41:12.510000,
56548,20,2,2,http://,,2,2025-09-15 17:41:12.513000,
56548,20,3,3,http://,,3,2025-09-15 17:41:12.517000,
56548,20,4,4,http://,,4,2025-09-15 17:41:12.520000,
56549,13,1,1,http://,,1,2019-09-11 17:42:04.950000,
56549,13,2,2,http://,,2,2019-09-11 17:42:04.950000,
56549,13,3,3,http://,,3,2019-09-11 17:42:04.953000,
56549,13,4,4,http://,,4,2019-09-11 17:42:04.953000,
56550,12,1,1,http://,,1,2019-09-11 17:48:25.803000,
56550,12,2,2,http://,,2,2019-09-11 17:48:25.803000,
56550,12,3,3,http://,,3,2019-09-11 17:48:25.860000,
56550,12,4,4,http://,,4,2019-09-11 17:48:25.940000,
56551,34,1,1,http://,,1,2025-09-15 17:52:45.750000,
56551,34,2,2,http://,,2,2025-09-15 17:52:45.753000,
56551,34,3,3,http://,,3,2025-09-15 17:52:45.757000,
56551,34,4,4,http://,,4,2025-09-15 17:52:45.760000,
56558,86,1,1,http://,,1,2025-11-26 13:34:39.123000,
56558,86,2,2,http://,,2,2025-11-26 13:34:39.123000,
56558,86,3,3,http://,,3,2025-11-26 13:34:39.127000,
56558,86,4,4,http://,,4,2025-11-26 13:34:39.130000,
56559,26,1,1,http://,,1,2025-08-13 21:55:28.320000,
56559,26,2,2,http://,,2,2025-08-13 21:55:28.323000,
56559,26,3,3,http://,,3,2025-08-13 21:55:28.327000,
56559,26,4,4,http://,,4,2025-08-13 21:55:28.327000,
56562,33,1,1,http://,,1,2024-08-08 18:59:20.150000,
56562,33,2,2,http://,,2,2024-08-08 18:59:20.157000,
56562,33,3,3,http://,,3,2024-08-08 18:59:20.160000,
56562,33,4,4,http://,,4,2024-08-08 18:59:20.163000,
56566,46,1,1,http://,,1,2026-02-13 13:55:50.460000,
56566,46,2,2,http://,,2,2026-02-13 13:55:50.463000,
56566,46,3,3,http://,,3,2026-02-13 13:55:50.467000,
56566,46,4,4,http://,,4,2026-02-13 13:55:50.470000,
56572,22,1,1,http://,,1,2024-06-04 13:39:36.827000,
56572,22,2,2,http://,,2,2024-06-04 13:39:36.830000,
56572,22,3,3,http://,,3,2024-06-04 13:39:36.833000,
56572,22,4,4,http://,,4,2024-06-04 13:39:36.833000,
56580,30,1,1,http://,,1,2025-08-14 18:31:24.170000,
56580,30,2,2,http://,,2,2025-08-14 18:31:24.177000,
56580,30,3,3,http://,,3,2025-08-14 18:31:24.180000,
56580,30,4,4,http://,,4,2025-08-14 18:31:24.183000,
56584,14,1,1,http://,,1,2023-07-06 14:41:37.023000,
56584,14,2,2,http://,,2,2023-07-06 14:41:37.027000,
56584,14,3,3,http://,,3,2023-07-06 14:41:37.030000,
56584,14,4,4,http://,,4,2023-07-06 14:41:37.030000,
56587,48,1,1,http://,,1,2026-02-06 13:52:17.913000,
56587,48,2,2,http://,,2,2026-02-06 13:52:17.920000,
56587,48,3,3,http://,,3,2026-02-06 13:52:17.920000,
56587,48,4,4,http://,,4,2026-02-06 13:52:17.923000,
56588,33,1,1,http://,,1,2026-06-11 20:22:41.060000,
56588,33,2,2,http://,,2,2026-06-11 20:22:41.063000,
56588,33,3,3,http://,,3,2026-06-11 20:22:41.067000,
56588,33,4,4,http://,,4,2026-06-11 20:22:41.070000,
56594,14,1,1,http://,,1,2026-03-16 18:22:37.770000,
56594,14,2,2,http://,,2,2026-03-16 18:22:37.777000,
56594,14,3,3,http://,,3,2026-03-16 18:22:37.780000,
56594,14,4,4,http://,,4,2026-03-16 18:22:37.783000,
56602,39,1,1,http://,,1,2025-01-24 13:51:56.557000,
56602,39,2,2,http://,,2,2025-01-24 13:51:56.560000,
56602,39,3,3,http://,,3,2025-01-24 13:51:56.560000,
56602,39,4,4,http://,,4,2025-01-24 13:51:56.563000,
56605,22,1,1,http://,,1,2025-12-22 15:47:49.260000,
56605,22,2,2,http://,,2,2025-12-22 15:47:49.260000,
56605,22,3,3,http://,,3,2025-12-22 15:47:49.263000,
56605,22,4,4,http://,,4,2025-12-22 15:47:49.267000,
56607,19,1,1,http://,,1,2025-08-21 14:15:21.253000,
56607,19,2,2,http://,,2,2025-08-21 14:15:21.257000,
56607,19,3,3,http://,,3,2025-08-21 14:15:21.260000,
56607,19,4,4,http://,,4,2025-08-21 14:15:21.263000,
56609,18,1,1,http://,,1,2024-02-13 22:15:19.613000,
56609,18,2,2,http://,,2,2024-02-13 22:15:19.617000,
56609,18,3,3,http://,,3,2024-02-13 22:15:19.617000,
56609,18,4,4,http://,,4,2024-02-13 22:15:19.620000,
56610,13,1,1,http://,,1,2023-11-06 15:53:06.337000,
56610,13,2,2,http://,,2,2023-11-06 15:53:06.340000,
56610,13,3,3,http://,,3,2023-11-06 15:53:06.343000,
56610,13,4,4,http://,,4,2023-11-06 15:53:06.347000,
56611,15,1,1,http://,,1,2025-08-14 16:11:20.010000,
56611,15,2,2,http://,,2,2025-08-14 16:11:20.013000,
56611,15,3,3,http://,,3,2025-08-14 16:11:20.017000,
56611,15,4,4,http://,,4,2025-08-14 16:11:20.020000,
56612,35,1,1,http://,,1,2026-07-17 12:41:24.063000,
56612,35,2,2,http://,,2,2026-07-17 12:41:24.067000,
56612,35,3,3,http://,,3,2026-07-17 12:41:24.070000,
56612,35,4,4,http://,,4,2026-07-17 12:41:24.070000,
56613,17,1,1,http://,,1,2025-08-14 16:13:19.463000,
56613,17,2,2,http://,,2,2025-08-14 16:13:19.467000,
56613,17,3,3,http://,,3,2025-08-14 16:13:19.470000,
56613,17,4,4,http://,,4,2025-08-14 16:13:19.473000,
56614,23,1,1,http://,,1,2025-04-09 14:26:15.127000,
56614,23,2,2,http://,,2,2025-04-09 14:26:15.130000,
56614,23,3,3,http://,,3,2025-04-09 14:26:15.133000,
56614,23,4,4,http://,,4,2025-04-09 14:26:15.137000,
56615,36,1,1,http://,,1,2025-09-26 13:56:52.050000,
56615,36,2,2,http://,,2,2025-09-26 13:56:52.053000,
56615,36,3,3,http://www.cms.gov/Regulations-and-Guidance/Guidance/Manuals/Downloads/clm104c32.pdf,"Medicare Claims Processing Manual, Chapter 32, Billing Requirements for Special Services",3,2025-09-26 13:56:52.060000,
56615,36,4,4,http://,,4,2025-09-26 13:56:52.063000,
56616,11,1,1,http://,,1,2024-12-13 15:16:30.823000,
56616,11,2,2,http://,,2,2024-12-13 15:16:30.827000,
56616,11,3,3,http://,,3,2024-12-13 15:16:30.837000,
56616,11,4,4,http://,,4,2024-12-13 15:16:30.837000,
56617,26,1,1,http://,,1,2023-12-19 12:47:27.650000,
56617,26,2,2,http://,,2,2023-12-19 12:47:27.650000,
56617,26,3,3,http://,,3,2023-12-19 12:47:27.653000,
56617,26,4,4,http://,,4,2023-12-19 12:47:27.653000,
56619,33,1,1,http://,,1,2025-08-20 14:53:39.670000,
56619,33,2,2,http://,,2,2025-08-20 14:53:39.670000,
56619,33,3,3,http://,,3,2025-08-20 14:53:39.677000,
56619,33,4,4,http://,,4,2025-08-20 14:53:39.680000,
56621,26,1,1,http://,,1,2025-08-14 12:30:34.850000,
56621,26,2,2,http://,,2,2025-08-14 12:30:34.853000,
56621,26,3,3,http://,,3,2025-08-14 12:30:34.857000,
56621,26,4,4,http://,,4,2025-08-14 12:30:34.857000,
56625,36,1,1,http://,,1,2025-08-19 15:00:56.550000,
56625,36,2,2,http://,,2,2025-08-19 15:00:56.553000,
56625,36,3,3,http://,,3,2025-08-19 15:00:56.557000,
56625,36,4,4,http://,,4,2025-08-19 15:00:56.560000,
56631,19,1,1,http://,,1,2023-10-20 11:53:02.140000,
56631,19,2,2,http://,,2,2023-10-20 11:53:02.143000,
56631,19,3,3,http://,,3,2023-10-20 11:53:02.143000,
56631,19,4,4,http://,,4,2023-10-20 11:53:02.147000,
56632,31,1,1,http://,,1,2025-08-14 17:16:05.273000,
56632,31,2,2,http://,,2,2025-08-14 17:16:05.280000,
56632,31,3,3,http://,,3,2025-08-14 17:16:05.283000,
56632,31,4,4,http://,,4,2025-08-14 17:16:05.287000,
56633,47,1,1,http://,,1,2023-11-09 23:50:23.180000,
56633,47,2,2,http://,,2,2023-11-09 23:50:23.183000,
56633,47,3,3,http://,,3,2023-11-09 23:50:23.183000,
56633,47,4,4,http://,,4,2023-11-09 23:50:23.187000,
56636,20,1,1,http://,,1,2025-10-22 18:51:30.507000,
56636,20,2,2,http://,,2,2025-10-22 18:51:30.510000,
56636,20,3,3,http://,,3,2025-10-22 18:51:30.513000,
56636,20,4,4,http://,,4,2025-10-22 18:51:30.517000,
56638,37,1,1,http://,,1,2025-07-09 18:47:28.230000,
56638,37,2,2,http://,,2,2025-07-09 18:47:28.243000,
56638,37,3,3,http://,,3,2025-07-09 18:47:28.263000,
56638,37,4,4,http://,,4,2025-07-09 18:47:28.280000,
56639,20,1,1,http://,,1,2025-08-14 13:23:36.963000,
56639,20,2,2,http://,,2,2025-08-14 13:23:36.970000,
56639,20,3,3,http://,,3,2025-08-14 13:23:36.980000,
56639,20,4,4,http://,,4,2025-08-14 13:23:36.990000,
56640,16,1,1,http://,,1,2019-09-06 18:27:01.240000,
56640,16,2,2,http://,,2,2019-09-06 18:27:01.240000,
56640,16,3,3,http://,,3,2019-09-06 18:27:01.243000,
56640,16,4,4,http://,,4,2019-09-06 18:27:01.243000,
56641,18,1,1,http://,,1,2025-08-14 13:58:38.333000,
56641,18,2,2,http://,,2,2025-08-14 13:58:38.337000,
56641,18,3,3,http://,,3,2025-08-14 13:58:38.340000,
56641,18,4,4,http://,,4,2025-08-14 13:58:38.340000,
56642,47,1,1,http://,,1,2025-07-09 18:46:28.820000,
56642,47,2,2,http://,,2,2025-07-09 18:46:28.823000,
56642,47,3,3,http://,,3,2025-07-09 18:46:28.827000,
56642,47,4,4,http://,,4,2025-07-09 18:46:28.830000,
56644,29,1,1,http://,,1,2025-09-26 14:04:44.480000,
56644,29,2,2,http://,,2,2025-09-26 14:04:44.483000,
56644,29,3,3,http://,,3,2025-09-26 14:04:44.487000,
56644,29,4,4,http://,,4,2025-09-26 14:04:44.490000,
56645,48,1,1,http://,,1,2024-10-18 13:49:41.560000,
56645,48,2,2,http://,,2,2024-10-18 13:49:41.563000,
56645,48,3,3,http://,,3,2024-10-18 13:49:41.567000,
56645,48,4,4,http://,,4,2024-10-18 13:49:41.567000,
56647,32,1,1,http://,,1,2023-11-09 23:51:50.010000,
56647,32,2,2,http://,,2,2023-11-09 23:51:50.010000,
56647,32,3,3,http://,,3,2023-11-09 23:51:50.013000,
56647,32,4,4,http://,,4,2023-11-09 23:51:50.013000,
56648,19,1,1,http://,,1,2023-10-19 18:16:12.120000,
56648,19,2,2,http://,,2,2023-10-19 18:16:12.120000,
56648,19,3,3,http://,,3,2023-10-19 18:16:12.123000,
56648,19,4,4,http://,,4,2023-10-19 18:16:12.127000,
56651,36,1,1,http://,,1,2023-11-09 11:41:10.710000,
56651,36,2,2,http://,,2,2023-11-09 11:41:10.713000,
56651,36,3,3,http://,,3,2023-11-09 11:41:10.717000,
56651,36,4,4,http://,,4,2023-11-09 11:41:10.717000,
56653,15,1,1,http://,,1,2024-05-31 13:36:54.827000,
56653,15,2,2,http://,,2,2024-05-31 13:36:54.827000,
56653,15,3,3,http://,,3,2024-05-31 13:36:54.830000,
56653,15,4,4,http://,,4,2024-05-31 13:36:54.830000,
56658,42,1,1,http://,,1,2026-01-27 16:16:05.817000,
56658,42,2,2,http://,,2,2026-01-27 16:16:05.820000,
56658,42,3,3,http://,,3,2026-01-27 16:16:05.820000,
56658,42,4,4,http://,,4,2026-01-27 16:16:05.823000,
56666,19,1,1,http://,,1,2023-01-20 12:03:14.307000,
56666,19,2,2,http://,,2,2023-01-20 12:03:14.310000,
56666,19,3,3,http://,,3,2023-01-20 12:03:14.310000,
56666,19,4,4,http://,,4,2023-01-20 12:03:14.313000,
56669,16,1,1,http://,,1,2024-07-23 15:40:32.020000,
56669,16,2,2,http://,,2,2024-07-23 15:40:32.020000,
56669,16,3,3,http://,,3,2024-07-23 15:40:32.023000,
56669,16,4,4,http://,,4,2024-07-23 15:40:32.027000,
56670,61,1,1,http://,,1,2026-04-02 15:32:48.310000,
56670,61,2,2,http://,,2,2026-04-02 15:32:48.337000,
56670,61,3,3,http://,,3,2026-04-02 15:32:48.353000,
56670,61,4,4,http://,,4,2026-04-02 15:32:48.430000,
56672,16,1,1,http://,,1,2024-10-18 12:45:49.803000,
56672,16,2,2,http://,,2,2024-10-18 12:45:49.810000,
56672,16,3,3,http://,,3,2024-10-18 12:45:49.810000,
56672,16,4,4,http://,,4,2024-10-18 12:45:49.813000,
56673,14,1,1,http://,,1,2024-12-13 15:17:19.307000,
56673,14,2,2,http://,,2,2024-12-13 15:17:19.310000,
56673,14,3,3,http://,,3,2024-12-13 15:17:19.313000,
56673,14,4,4,http://,,4,2024-12-13 15:17:19.317000,
56674,11,1,1,http://,,1,2025-04-09 14:28:58.450000,
56674,11,2,2,http://,,2,2025-04-09 14:28:58.453000,
56674,11,3,3,http://,,3,2025-04-09 14:28:58.457000,
56674,11,4,4,http://,,4,2025-04-09 14:28:58.460000,
56675,25,1,1,http://,,1,2024-09-05 14:29:00.790000,
56675,25,2,2,http://,,2,2024-09-05 14:29:00.793000,
56675,25,3,3,http://,,3,2024-09-05 14:29:00.793000,
56675,25,4,4,http://,,4,2024-09-05 14:29:00.797000,
56679,9,1,1,http://,,1,2024-08-22 14:02:02.010000,
56679,9,2,2,http://,,2,2024-08-22 14:02:02.013000,
56679,9,3,3,http://,,3,2024-08-22 14:02:02.017000,
56679,9,4,4,http://,,4,2024-08-22 14:02:02.020000,
56680,44,1,1,http://,,1,2025-10-24 13:18:49.640000,
56680,44,2,2,http://,,2,2025-10-24 13:18:49.643000,
56680,44,3,3,http://,,3,2025-10-24 13:18:49.643000,
56680,44,4,4,http://,,4,2025-10-24 13:18:49.647000,
56681,34,1,1,http://,,1,2023-11-09 11:38:02.890000,
56681,34,2,2,http://,,2,2023-11-09 11:38:02.893000,
56681,34,3,3,http://,,3,2023-11-09 11:38:02.900000,
56681,34,4,4,http://,,4,2023-11-09 11:38:02.900000,
56682,49,1,1,http://,,1,2025-10-03 12:28:16.187000,
56682,49,2,2,http://,,2,2025-10-03 12:28:16.190000,
56682,49,3,3,http://,,3,2025-10-03 12:28:16.193000,
56682,49,4,4,http://,,4,2025-10-03 12:28:16.197000,
56684,17,1,1,http://,,1,2025-09-12 14:35:09.833000,
56684,17,2,2,http://,,2,2025-09-12 14:35:09.837000,
56684,17,3,3,http://,,3,2025-09-12 14:35:09.840000,
56684,17,4,4,http://,,4,2025-09-12 14:35:09.843000,
56685,17,1,1,http://,,1,2024-08-26 14:04:31.807000,
56685,17,2,2,http://,,2,2024-08-26 14:04:31.810000,
56685,17,3,3,http://,,3,2024-08-26 14:04:31.810000,
56685,17,4,4,http://,,4,2024-08-26 14:04:31.813000,
56686,16,1,1,http://,,1,2024-12-17 17:34:19.763000,
56686,16,2,2,http://,,2,2024-12-17 17:34:19.767000,
56686,16,3,3,http://,,3,2024-12-17 17:34:19.770000,
56686,16,4,4,http://,,4,2024-12-17 17:34:19.773000,
56691,28,1,1,http://,,1,2025-08-14 13:49:01.403000,
56691,28,2,2,http://,,2,2025-08-14 13:49:01.407000,
56691,28,3,3,http://,,3,2025-08-14 13:49:01.410000,
56691,28,4,4,http://,,4,2025-08-14 13:49:01.410000,
56692,19,1,1,http://,,1,2026-07-27 17:39:27.537000,
56692,19,2,2,http://,,2,2026-07-27 17:39:27.540000,
56692,19,3,3,http://,,3,2026-07-27 17:39:27.540000,
56692,19,4,4,http://,,4,2026-07-27 17:39:27.543000,
56695,24,1,1,http://,,1,2025-08-25 13:18:59.310000,
56695,24,2,2,http://,,2,2025-08-25 13:18:59.310000,
56695,24,3,3,http://,,3,2025-08-25 13:18:59.313000,
56695,24,4,4,http://,,4,2025-08-25 13:18:59.317000,
56696,43,1,1,http://,,1,2026-03-05 12:45:15.170000,
56696,43,2,2,http://,,2,2026-03-05 12:45:15.173000,
56696,43,3,3,http://,,3,2026-03-05 12:45:15.177000,
56696,43,4,4,http://,,4,2026-03-05 12:45:15.180000,
56697,44,1,1,http://,,1,2025-10-31 21:11:16.620000,
56697,44,2,2,http://,,2,2025-10-31 21:11:16.623000,
56697,44,3,3,http://,,3,2025-10-31 21:11:16.627000,
56697,44,4,4,http://,,4,2025-10-31 21:11:16.627000,
56703,17,1,1,http://,,1,2024-06-24 12:34:08.053000,
56703,17,2,2,http://,,2,2024-06-24 12:34:08.060000,
56703,17,3,3,http://,,3,2024-06-24 12:34:08.063000,
56703,17,4,4,http://,,4,2024-06-24 12:34:08.063000,
56704,10,1,1,http://,,1,2022-03-04 13:36:36.380000,
56704,10,2,2,http://,,2,2022-03-04 13:36:36.383000,
56704,10,3,3,http://,,3,2022-03-04 13:36:36.383000,
56704,10,4,4,http://,,4,2022-03-04 13:36:36.387000,
56717,35,1,1,http://,,1,2026-02-04 14:11:07.557000,
56717,35,2,2,http://,,2,2026-02-04 14:11:07.560000,
56717,35,3,3,http://,,3,2026-02-04 14:11:07.563000,
56717,35,4,4,http://,,4,2026-02-04 14:11:07.567000,
56718,39,1,1,http://,,1,2026-06-26 12:40:37.217000,
56718,39,2,2,http://,,2,2026-06-26 12:40:37.217000,
56718,39,3,3,http://,,3,2026-06-26 12:40:37.220000,
56718,39,4,4,http://,,4,2026-06-26 12:40:37.223000,
56722,23,1,1,http://,,1,2025-09-26 17:44:06.780000,
56722,23,2,2,http://,,2,2025-09-26 17:44:06.783000,
56722,23,3,3,http://,,3,2025-09-26 17:44:06.787000,
56722,23,4,4,http://,,4,2025-09-26 17:44:06.790000,
56724,5,1,1,http://,,1,2019-10-09 15:05:14.907000,
56724,5,2,2,http://,,2,2019-10-09 15:05:14.907000,
56724,5,3,3,http://,,3,2019-10-09 15:05:14.910000,
56724,5,4,4,http://,,4,2019-10-09 15:05:14.910000,
56726,43,1,1,http://,,1,2025-09-16 20:15:36.150000,
56726,43,2,2,http://,,2,2025-09-16 20:15:36.150000,
56726,43,3,3,http://,,3,2025-09-16 20:15:36.153000,
56726,43,4,4,http://,,4,2025-09-16 20:15:36.157000,
56727,21,1,1,http://,,1,2025-08-18 15:58:46.780000,
56727,21,2,2,http://,,2,2025-08-18 15:58:46.783000,
56727,21,3,3,http://,,3,2025-08-18 15:58:46.787000,
56727,21,4,4,http://,,4,2025-08-18 15:58:46.790000,
56729,21,1,1,http://,,1,2025-08-25 14:13:16.383000,
56729,21,2,2,http://,,2,2025-08-25 14:13:16.387000,
56729,21,3,3,http://,,3,2025-08-25 14:13:16.390000,
56729,21,4,4,http://,,4,2025-08-25 14:13:16.393000,
56730,27,1,1,http://,,1,2026-02-04 14:11:48.327000,
56730,27,2,2,http://,,2,2026-02-04 14:11:48.330000,
56730,27,3,3,http://,,3,2026-02-04 14:11:48.333000,
56730,27,4,4,http://,,4,2026-02-04 14:11:48.337000,
56731,16,1,1,http://,,1,2023-12-27 19:22:56.600000,
56731,16,2,2,http://,,2,2023-12-27 19:22:56.600000,
56731,16,3,3,http://,,3,2023-12-27 19:22:56.603000,
56731,16,4,4,http://,,4,2023-12-27 19:22:56.603000,
56732,15,1,1,http://,,1,2023-12-20 18:54:10.780000,
56732,15,2,2,http://,,2,2023-12-20 18:54:10.790000,
56732,15,3,3,http://,,3,2023-12-20 18:54:10.797000,
56732,15,4,4,http://,,4,2023-12-20 18:54:10.807000,
56737,31,1,1,http://,,1,2024-09-18 13:08:04.560000,
56737,31,2,2,http://,,2,2024-09-18 13:08:04.560000,
56737,31,3,3,http://,,3,2024-09-18 13:08:04.563000,
56737,31,4,4,http://,,4,2024-09-18 13:08:04.567000,
56743,26,1,1,http://,,1,2025-12-22 18:35:48.710000,
56743,26,2,2,http://,,2,2025-12-22 18:35:48.710000,
56743,26,3,3,http://,,3,2025-12-22 18:35:48.713000,
56743,26,4,4,http://,,4,2025-12-22 18:35:48.717000,
56747,29,1,1,http://,,1,2025-07-10 20:15:48.230000,
56747,29,2,2,http://,,2,2025-07-10 20:15:48.233000,
56747,29,3,3,http://,,3,2025-07-10 20:15:48.233000,
56747,29,4,4,http://,,4,2025-07-10 20:15:48.237000,
56748,31,1,1,http://,,1,2026-06-26 12:41:24.807000,
56748,31,2,2,http://,,2,2026-06-26 12:41:24.807000,
56748,31,3,3,http://,,3,2026-06-26 12:41:24.810000,
56748,31,4,4,http://,,4,2026-06-26 12:41:24.813000,
56754,4,1,1,http://,,1,2019-09-26 17:24:10.577000,
56754,4,2,2,http://,,2,2019-09-26 17:24:10.580000,
56754,4,3,3,http://,,3,2019-09-26 17:24:10.580000,
56754,4,4,4,http://,,4,2019-09-26 17:24:10.583000,
56756,20,1,1,http://,,1,2023-11-03 14:52:04.727000,
56756,20,2,2,http://,,2,2023-11-03 14:52:04.730000,
56756,20,3,3,http://,,3,2023-11-03 14:52:04.730000,
56756,20,4,4,http://,,4,2023-11-03 14:52:04.733000,
56758,62,1,1,http://,,1,2025-09-18 11:59:12.247000,
56758,62,2,2,http://,,2,2025-09-18 11:59:12.250000,
56758,62,3,3,http://,,3,2025-09-18 11:59:12.253000,
56758,62,4,4,http://,,4,2025-09-18 11:59:12.257000,
56766,25,1,1,http://,,1,2025-09-17 16:21:02.130000,
56766,25,2,2,http://,,2,2025-09-17 16:21:02.137000,
56766,25,3,3,http://,,3,2025-09-17 16:21:02.137000,
56766,25,4,4,http://,,4,2025-09-17 16:21:02.140000,
56767,29,1,1,http://,,1,2025-12-22 13:59:34.577000,
56767,29,2,2,http://,,2,2025-12-22 13:59:34.580000,
56767,29,3,3,http://,,3,2025-12-22 13:59:34.580000,
56767,29,4,4,http://,,4,2025-12-22 13:59:34.583000,
56769,18,1,1,http://,,1,2025-08-14 15:14:16.057000,
56769,18,2,2,http://,,2,2025-08-14 15:14:16.070000,
56769,18,3,3,http://,,3,2025-08-14 15:14:16.080000,
56769,18,4,4,http://,,4,2025-08-14 15:14:16.090000,
56771,25,1,1,http://,,1,2024-09-17 12:35:02.733000,
56771,25,2,2,http://,,2,2024-09-17 12:35:02.737000,
56771,25,3,3,http://,,3,2024-09-17 12:35:02.737000,
56771,25,4,4,http://,,4,2024-09-17 12:35:02.740000,
56773,30,1,1,http://,,1,2025-09-26 13:57:38.930000,
56773,30,2,2,http://,,2,2025-09-26 13:57:38.933000,
56773,30,3,3,http://,,3,2025-09-26 13:57:38.933000,
56773,30,4,4,http://,,4,2025-09-26 13:57:38.940000,
56774,22,1,1,http://,,1,2025-08-14 11:51:30.930000,
56774,22,2,2,http://,,2,2025-08-14 11:51:30.933000,
56774,22,3,3,http://,,3,2025-08-14 11:51:30.937000,
56774,22,4,4,http://,,4,2025-08-14 11:51:30.940000,
56775,24,1,1,http://,,1,2025-08-25 13:56:09.840000,
56775,24,2,2,http://,,2,2025-08-25 13:56:09.843000,
56775,24,3,3,http://,,3,2025-08-25 13:56:09.847000,
56775,24,4,4,http://,,4,2025-08-25 13:56:09.850000,
56777,16,1,1,http://,,1,2026-01-27 16:48:14.867000,
56777,16,2,2,http://,,2,2026-01-27 16:48:14.867000,
56777,16,3,3,http://,,3,2026-01-27 16:48:14.870000,
56777,16,4,4,http://,,4,2026-01-27 16:48:14.873000,
56779,25,1,1,http://,,1,2026-06-12 20:47:56.320000,
56779,25,2,2,http://,,2,2026-06-12 20:47:56.323000,
56779,25,3,3,http://,,3,2026-06-12 20:47:56.323000,
56779,25,4,4,http://,,4,2026-06-12 20:47:56.327000,
56781,39,1,1,http://,,1,2026-05-19 14:16:15.533000,
56781,39,2,2,http://,,2,2026-05-19 14:16:15.537000,
56781,39,3,3,http://,,3,2026-05-19 14:16:15.537000,
56781,39,4,4,http://,,4,2026-05-19 14:16:15.540000,
56784,18,1,1,http://,,1,2024-08-12 15:21:11.460000,
56784,18,2,2,http://,,2,2024-08-12 15:21:11.463000,
56784,18,3,3,http://,,3,2024-08-12 15:21:11.467000,
56784,18,4,4,http://,,4,2024-08-12 15:21:11.477000,
56786,77,1,1,http://,,1,2026-07-10 13:47:47.093000,
56786,77,2,2,http://,,2,2026-07-10 13:47:47.097000,
56786,77,3,3,http://,,3,2026-07-10 13:47:47.100000,
56786,77,4,4,http://,,4,2026-07-10 13:47:47.107000,
56787,24,1,1,http://,,1,2023-09-21 18:53:52.457000,
56787,24,2,2,http://,,2,2023-09-21 18:53:52.460000,
56787,24,3,3,http://,,3,2023-09-21 18:53:52.460000,
56787,24,4,4,http://,,4,2023-09-21 18:53:52.463000,
56792,11,1,1,http://,,1,2023-08-07 14:15:22.353000,
56792,11,2,2,http://,,2,2023-08-07 14:15:22.353000,
56792,11,3,3,http://,,3,2023-08-07 14:15:22.357000,
56792,11,4,4,http://,,4,2023-08-07 14:15:22.360000,
56793,35,1,1,http://,,1,2025-08-01 18:16:49.267000,
56793,35,2,2,http://,,2,2025-08-01 18:16:49.270000,
56793,35,3,3,http://,,3,2025-08-01 18:16:49.273000,
56793,35,4,4,http://,,4,2025-08-01 18:16:49.280000,
56795,34,1,1,http://,,1,2025-04-23 19:27:48.880000,
56795,34,2,2,http://,,2,2025-04-23 19:27:48.880000,
56795,34,3,3,https://www.cms.gov/Regulations-and-Guidance/Guidance/Manuals/Downloads/bp102c11.pdf,https://www.cms.gov/Regulations-and-Guidance/Guidance/Manuals/Downloads/bp102c11.pdf,3,2025-04-23 19:27:48.887000,"CMS Pub 100-02 Medicare Benefit Policy Manual, Chapter 11 – End Stage Renal Disease (ESRD), Section 20.3 – Drugs and Biologicals (Rev. 224, Issued: 06-03-16, Effective: 01-01-16, Implementation: 09-06-16)"
56795,34,3,4,https://www.cms.gov/Regulations-and-Guidance/Guidance/Manuals/Downloads/bp102c13.pdf,https://www.cms.gov/Regulations-and-Guidance/Guidance/Manuals/Downloads/bp102c13.pdf,4,2025-04-23 19:27:48.890000,"CMS Pub 100-02 Medicare Coverage Policy Manual, Chapter 13 – Rural Health Clinic (RHC) and Federally Qualified Health Center (FQHC) Services, Section 120 Services and Supplies Furnished Incident to Physician’s Services (Rev. 239, Issued: 01-09-18, Effective: 1-22-18, Implementation: 1-22-18)"
56795,34,3,5,https://www.cms.gov/Regulations-and-Guidance/Guidance/Manuals/Downloads/bp102c15.pdf,https://www.cms.gov/Regulations-and-Guidance/Guidance/Manuals/Downloads/bp102c15.pdf,5,2025-04-23 19:27:48.897000,"CMS Pub 100-02 Medicare Benefit Policy Manual, Chapter 15 - Covered Medical and Other Health Services, Section 50.5.2 – Erythropoietin (EPO), (Rev. 1, 10-01-03)"
56795,34,3,6,https://www.cms.gov/Regulations-and-Guidance/Guidance/Manuals/downloads/clm104c08.pdf,https://www.cms.gov/Regulations-and-Guidance/Guidance/Manuals/downloads/clm104c08.pdf,6,2025-04-23 19:27:48.900000,"CMS Pub100-04 Medicare Claims Processing Manual, Chapter 8 – Outpatient ESRD Hospital, Independent Facility, and Physician/Supplier Claims, Sections 10 – General Description of ESRD Payment and Consolidated Billing Requirements (Rev. 10640, Issued:08-06-21, Effective:09-07-21, Implementation:09-07-21)"
56795,34,3,7,https://www.cms.gov/Regulations-and-Guidance/Guidance/Manuals/downloads/clm104c08.pdf,https://www.cms.gov/Regulations-and-Guidance/Guidance/Manuals/downloads/clm104c08.pdf,7,2025-04-23 19:27:48.903000,"CMS Pub 100-04 Medicare Claim Processing Manual, Chapter 8- Outpatient ESRD Hospital, Independent Facility, and Physician/Supplier Claims, Section 60.4 Erythropoietin Stimulating Agents (ESAs) (Rev. 10640, Issued:08-06-21, Effective:09-07-21, Implementation:09-07-21)"
56795,34,3,8,https://www.cms.gov/Regulations-and-Guidance/Guidance/Manuals/downloads/clm104c08.pdf,https://www.cms.gov/Regulations-and-Guidance/Guidance/Manuals/downloads/clm104c08.pdf,8,2025-04-23 19:27:48.910000,"CMS Pub 100-04 Medicare Claim Processing Manual, Chapter 8- Outpatient ESRD Hospital, Independent Facility, and Physician/Supplier Claims, Section 60.4.2 - Facility Billing Requirements for ESAs (Rev. 10640, Issued:08-06-21, Effective:09-07-21, Implementation:09-07-21)"
56795,34,3,9,https://www.cms.gov/Regulations-and-Guidance/Guidance/Manuals/downloads/clm104c08.pdf,https://www.cms.gov/Regulations-and-Guidance/Guidance/Manuals/downloads/clm104c08.pdf,9,2025-04-23 19:27:48.913000,"CMS Pub 100-04 Medicare Claim Processing Manual, Chapter 8- Outpatient ESRD Hospital, Independent Facility, and Physician/Supplier Claims, Section 60.4.4 - Payment Amount for Epoetin Alfa (EPO) (Rev. 10640, Issued:08-06-21, Effective:09-07-21, Implementation:09-07-21)"
56795,34,3,10,https://www.cms.gov/Regulations-and-Guidance/Guidance/Manuals/downloads/clm104c08.pdf,https://www.cms.gov/Regulations-and-Guidance/Guidance/Manuals/downloads/clm104c08.pdf,10,2025-04-23 19:27:48.920000,"CMS Pub 100-04 Medicare Claim Processing Manual, Chapter 8- Outpatient ESRD Hospital, Independent Facility, and Physician/Supplier Claims, Section 60.4.4.1 - Payment for Epoetin Alfa (EPO) in Other Settings. (Rev. 10640, Issued:08-06-21, Effective:09-07-21, Implementation:09-07-21)"
56795,34,3,11,https://www.cms.gov/Regulations-and-Guidance/Guidance/Manuals/downloads/clm104c08.pdf,https://www.cms.gov/Regulations-and-Guidance/Guidance/Manuals/downloads/clm104c08.pdf,11,2025-04-23 19:27:48.923000,"CMS Pub 100-04 Medicare Claim Processing Manual, Chapter 8- Outpatient ESRD Hospital, Independent Facility, and Physician/Supplier Claims, Section 60.4.4.2 - Epoetin Alfa (EPO) Provided in the Hospital Outpatient Department (Rev. 10640, Issued:08-06-21, Effective:09-07-21, Implementation:09-07-21)"
56795,34,3,12,https://www.cms.gov/Regulations-and-Guidance/Guidance/Manuals/downloads/clm104c08.pdf,https://www.cms.gov/Regulations-and-Guidance/Guidance/Manuals/downloads/clm104c08.pdf,12,2025-04-23 19:27:48.927000,"CMS Pub 100-04 Medicare Claim Processing Manual, Chapter 8- Outpatient ESRD Hospital, Independent Facility, and Physician/Supplier Claims, Section 60.4.6.3 Payment amount for Darbepoetin Alfa (Aranesp) (Rev. 10640, Issued:08-06-21, Effective:09-07-21, Implementation:09-07-21)"
56795,34,3,13,https://www.cms.gov/Regulations-and-Guidance/Guidance/Manuals/downloads/clm104c08.pdf,https://www.cms.gov/Regulations-and-Guidance/Guidance/Manuals/downloads/clm104c08.pdf,13,2025-04-23 19:27:48.930000,"CMS Pub 100-04 Medicare Claim Processing Manual, Chapter 8- Outpatient ESRD Hospital, Independent Facility, and Physician/Supplier Claims, Section 60.4.6.4 - Payment for Darbepoetin Alfa (Aranesp) in Other Settings (Rev. 10640, Issued:08-06-21, Effective:09-07-21, Implementation:09-07-21)"
56795,34,3,14,https://www.cms.gov/Regulations-and-Guidance/Guidance/Manuals/downloads/clm104c08.pdf,https://www.cms.gov/Regulations-and-Guidance/Guidance/Manuals/downloads/clm104c08.pdf,14,2025-04-23 19:27:48.933000,"CMS Pub 100-04 Medicare Claim Processing Manual, Chapter 8- Outpatient ESRD Hospital, Independent Facility, and Physician/Supplier Claims, Section - 60.4.6.5 - Payment for Darbepoetin Alfa (Aranesp) in the Hospital Outpatient Department (Rev.2582, Issued: 11-02-12, Effective: 04-01-13, Implementation: 04-01-13)"
56795,34,3,15,https://www.cms.gov/Regulations-and-Guidance/Guidance/Manuals/Downloads/clm104c17.pdf,https://www.cms.gov/Regulations-and-Guidance/Guidance/Manuals/Downloads/clm104c17.pdf,15,2025-04-23 19:27:48.937000,"CMS Publication 100-04 Medicare Claims Processing Manual, Chapter 17 - Drugs and Biologicals, Section 80.9 – Required Modifiers for ESAs Administered to Non-ESRD patients"
56795,34,4,16,https://www.wpsgha.com/wps/portal/mac/site/claims/guides-and-resources/modifier-esa/,https://www.wpsgha.com/wps/portal/mac/site/claims/guides-and-resources/modifier-esa/,16,2025-04-23 19:27:48.943000,Erythropoiesis Stimulating Agents (ESAs) Modifiers Fact Sheet
56796,31,1,1,http://,,1,2026-01-23 13:44:56.320000,
56796,31,2,2,http://,,2,2026-01-23 13:44:56.323000,
56796,31,3,3,http://,,3,2026-01-23 13:44:56.327000,
56796,31,4,4,http://,,4,2026-01-23 13:44:56.327000,
56797,18,1,1,http://,,1,2025-12-22 13:57:20.190000,
56797,18,2,2,http://,,2,2025-12-22 13:57:20.193000,
56797,18,3,3,http://,,3,2025-12-22 13:57:20.197000,
56797,18,4,4,http://,,4,2025-12-22 13:57:20.200000,
56798,29,1,1,http://,,1,2026-07-27 17:53:31.123000,
56798,29,2,2,http://,,2,2026-07-27 17:53:31.127000,
56798,29,3,3,http://,,3,2026-07-27 17:53:31.130000,
56798,29,4,4,http://,,4,2026-07-27 17:53:31.130000,
56799,29,1,1,http://,,1,2025-10-30 14:19:07.417000,
56799,29,2,2,http://,,2,2025-10-30 14:19:07.420000,
56799,29,3,3,http://,,3,2025-10-30 14:19:07.420000,
56799,29,4,4,http://,,4,2025-10-30 14:19:07.427000,
56802,18,1,1,http://,,1,2025-09-26 22:16:17.210000,
56802,18,2,2,http://,,2,2025-09-26 22:16:17.213000,
56802,18,3,3,http://,,3,2025-09-26 22:16:17.217000,
56802,18,4,4,http://,,4,2025-09-26 22:16:17.220000,
56805,41,1,1,http://,,1,2025-09-26 17:13:56.080000,
56805,41,2,2,http://,,2,2025-09-26 17:13:56.087000,
56805,41,3,3,http://,,3,2025-09-26 17:13:56.087000,
56805,41,4,4,http://,,4,2025-09-26 17:13:56.090000,
56808,15,1,1,http://,,1,2025-09-26 22:12:16.500000,
56808,15,2,2,http://,,2,2025-09-26 22:12:16.503000,
56808,15,3,3,http://,,3,2025-09-26 22:12:16.507000,
56808,15,4,4,http://,,4,2025-09-26 22:12:16.507000,
56809,20,1,1,http://,,1,2025-08-29 17:15:28.453000,
56809,20,2,2,http://,,2,2025-08-29 17:15:28.457000,
56809,20,3,3,http://,,3,2025-08-29 17:15:28.463000,
56809,20,4,4,http://,,4,2025-08-29 17:15:28.467000,
56811,13,1,1,http://,,1,2025-09-19 13:08:35.997000,
56811,13,2,2,http://,,2,2025-09-19 13:08:36,
56811,13,3,3,http://,,3,2025-09-19 13:08:36.003000,
56811,13,4,4,http://,,4,2025-09-19 13:08:36.007000,
56816,16,1,1,http://,,1,2026-02-20 21:11:46.873000,
56816,16,2,2,http://,,2,2026-02-20 21:11:46.877000,
56816,16,3,3,http://,,3,2026-02-20 21:11:46.880000,
56816,16,4,4,http://,,4,2026-02-20 21:11:46.883000,
56818,55,1,1,http://,,1,2026-06-22 17:25:00.600000,
56818,55,2,2,http://,,2,2026-06-22 17:25:00.603000,
56818,55,3,3,http://,,3,2026-06-22 17:25:00.610000,
56818,55,4,4,http://,,4,2026-06-22 17:25:00.610000,
56823,22,1,1,http://,,1,2026-02-20 20:03:05.930000,
56823,22,2,2,http://,,2,2026-02-20 20:03:05.930000,
56823,22,3,3,http://,,3,2026-02-20 20:03:05.933000,
56823,22,4,4,http://,,4,2026-02-20 20:03:05.937000,
56825,20,1,1,http://,,1,2025-08-14 15:48:50.720000,
56825,20,2,2,http://,,2,2025-08-14 15:48:50.727000,
56825,20,3,3,http://,,3,2025-08-14 15:48:50.730000,
56825,20,4,4,http://,,4,2025-08-14 15:48:50.733000,
56826,12,1,1,http://,,1,2019-11-01 14:09:38.063000,
56826,12,2,2,http://,,2,2019-11-01 14:09:38.067000,
56826,12,3,3,http://,,3,2019-11-01 14:09:38.067000,
56826,12,4,4,http://,,4,2019-11-01 14:09:38.067000,
56827,17,1,1,http://,,1,2025-09-15 17:38:34.527000,
56827,17,2,2,http://,,2,2025-09-15 17:38:34.530000,
56827,17,3,3,http://,,3,2025-09-15 17:38:34.530000,
56827,17,4,4,http://,,4,2025-09-15 17:38:34.533000,
56836,18,1,1,http://,,1,2026-04-29 15:39:36.157000,
56836,18,2,2,http://,,2,2026-04-29 15:39:36.160000,
56836,18,3,3,http://,,3,2026-04-29 15:39:36.163000,
56836,18,4,4,http://,,4,2026-04-29 15:39:36.170000,
56837,18,1,1,http://,,1,2024-12-19 16:28:18.193000,
56837,18,2,2,http://,,2,2024-12-19 16:28:18.200000,
56837,18,3,3,http://,,3,2024-12-19 16:28:18.203000,
56837,18,4,4,http://,,4,2024-12-19 16:28:18.207000,
56838,13,1,1,http://,,1,2024-05-21 14:16:40.253000,
56838,13,2,2,http://,,2,2024-05-21 14:16:40.257000,
56838,13,3,3,http://,,3,2024-05-21 14:16:40.260000,
56838,13,4,4,http://,,4,2024-05-21 14:16:40.260000,
56841,18,1,1,http://,,1,2023-10-20 11:51:58.720000,
56841,18,2,2,http://,,2,2023-10-20 11:51:58.720000,
56841,18,3,3,http://,,3,2023-10-20 11:51:58.723000,
56841,18,4,4,http://,,4,2023-10-20 11:51:58.723000,
56844,26,1,1,http://,,1,2025-09-17 16:48:39.457000,
56844,26,2,2,http://,,2,2025-09-17 16:48:39.460000,
56844,26,3,3,http://,,3,2025-09-17 16:48:39.463000,
56844,26,4,4,http://,,4,2025-09-17 16:48:39.467000,
56845,12,1,1,http://,,1,2025-09-15 17:50:38.350000,
56845,12,2,2,http://,,2,2025-09-15 17:50:38.353000,
56845,12,3,3,http://,,3,2025-09-15 17:50:38.357000,
56845,12,4,4,http://,,4,2025-09-15 17:50:38.360000,
56848,16,1,1,http://,,1,2025-01-24 13:54:22.803000,
56848,16,2,2,http://,,2,2025-01-24 13:54:22.807000,
56848,16,3,3,http://,,3,2025-01-24 13:54:22.810000,
56848,16,4,4,http://,,4,2025-01-24 13:54:22.817000,
56850,33,1,1,http://,,1,2024-12-19 12:51:51.297000,
56850,33,2,2,http://,,2,2024-12-19 12:51:51.300000,
56850,33,3,3,http://,,3,2024-12-19 12:51:51.307000,
56850,33,4,4,http://,,4,2024-12-19 12:51:51.310000,
56852,24,1,1,http://,,1,2026-01-27 16:20:06.863000,
56852,24,2,2,http://,,2,2026-01-27 16:20:06.867000,
56852,24,3,3,http://,,3,2026-01-27 16:20:06.870000,
56852,24,4,4,http://,,4,2026-01-27 16:20:06.870000,
56853,102,1,1,http://,,1,2026-07-21 12:43:22.700000,
56853,102,2,2,http://,,2,2026-07-21 12:43:22.703000,
56853,102,3,3,http://,,3,2026-07-21 12:43:22.707000,
56853,102,4,4,http://,,4,2026-07-21 12:43:22.710000,
56857,7,1,1,http://,,1,2021-06-30 12:24:42.647000,
56857,7,2,2,http://,,2,2021-06-30 12:24:42.650000,
56857,7,3,3,http://,,3,2021-06-30 12:24:42.650000,
56857,7,4,4,http://,,4,2021-06-30 12:24:42.650000,
56859,7,1,1,http://,,1,2021-02-02 17:28:11.647000,
56859,7,2,2,http://,,2,2021-02-02 17:28:11.647000,
56859,7,3,3,http://,,3,2021-02-02 17:28:11.647000,
56859,7,4,4,http://,,4,2021-02-02 17:28:11.650000,
56863,15,1,1,http://,,1,2023-11-20 14:45:57.290000,
56863,15,2,2,http://,,2,2023-11-20 14:45:57.290000,
56863,15,3,3,http://,,3,2023-11-20 14:45:57.293000,
56863,15,4,4,http://,,4,2023-11-20 14:45:57.297000,
56865,29,1,1,http://,,1,2024-09-19 20:58:15.577000,
56865,29,2,2,http://,,2,2024-09-19 20:58:15.580000,
56865,29,3,3,http://,,3,2024-09-19 20:58:15.580000,
56865,29,4,4,http://,,4,2024-09-19 20:58:15.583000,
56866,21,1,1,http://,,1,2026-06-12 13:29:34.650000,
56866,21,2,2,http://,,2,2026-06-12 13:29:34.653000,
56866,21,3,3,http://,,3,2026-06-12 13:29:34.657000,
56866,21,4,4,http://,,4,2026-06-12 13:29:34.660000,
56867,45,1,1,http://,,1,2026-02-16 20:53:45.767000,
56867,45,2,2,http://,,2,2026-02-16 20:53:45.767000,
56867,45,3,3,http://,,3,2026-02-16 20:53:45.770000,
56867,45,4,4,http://,,4,2026-02-16 20:53:45.773000,
56868,30,1,1,http://,,1,2025-08-22 19:20:58.050000,
56868,30,2,2,http://,,2,2025-08-22 19:20:58.053000,
56868,30,3,3,http://,,3,2025-08-22 19:20:58.060000,
56868,30,4,4,http://,,4,2025-08-22 19:20:58.060000,
56869,12,1,1,http://,,1,2024-12-17 20:18:35.460000,
56869,12,2,2,http://,,2,2024-12-17 20:18:35.467000,
56869,12,3,3,http://,,3,2024-12-17 20:18:35.470000,
56869,12,4,4,http://,,4,2024-12-17 20:18:35.473000,
56870,7,1,1,http://,,1,2021-11-16 13:03:11.500000,
56870,7,2,2,http://,,2,2021-11-16 13:03:11.507000,
56870,7,3,3,http://,,3,2021-11-16 13:03:11.510000,
56870,7,4,4,http://,,4,2021-11-16 13:03:11.513000,
56871,19,1,1,http://,,1,2024-12-16 20:11:02.090000,
56871,19,2,2,http://,,2,2024-12-16 20:11:02.093000,
56871,19,3,3,http://,,3,2024-12-16 20:11:02.093000,
56871,19,4,4,http://,,4,2024-12-16 20:11:02.097000,
56872,10,1,1,http://,,1,2023-07-21 15:01:18.923000,
56872,10,2,2,http://,,2,2023-07-21 15:01:18.927000,
56872,10,3,3,http://,,3,2023-07-21 15:01:18.930000,
56872,10,4,4,http://,,4,2023-07-21 15:01:18.930000,
56874,29,1,1,http://,,1,2024-12-19 16:40:08.797000,
56874,29,2,2,http://,,2,2024-12-19 16:40:08.800000,
56874,29,3,3,http://,,3,2024-12-19 16:40:08.803000,
56874,29,4,4,http://,,4,2024-12-19 16:40:08.807000,
56875,11,1,1,http://,,1,2021-09-09 12:14:43.167000,
56875,11,2,2,http://,,2,2021-09-09 12:14:43.170000,
56875,11,3,3,http://,,3,2021-09-09 12:14:43.170000,
56875,11,4,4,http://,,4,2021-09-09 12:14:43.170000,
56876,18,1,1,http://,,1,2023-12-28 16:40:58.810000,
56876,18,2,2,http://,,2,2023-12-28 16:40:58.823000,
56876,18,3,3,http://,,3,2023-12-28 16:40:58.837000,
56876,18,4,4,http://,,4,2023-12-28 16:40:58.853000,
56881,10,1,1,http://,,1,2025-08-01 00:19:51.113000,
56881,10,2,2,http://,,2,2025-08-01 00:19:51.117000,
56881,10,3,3,http://,,3,2025-08-01 00:19:51.120000,
56881,10,4,4,http://,,4,2025-08-01 00:19:51.123000,
56884,13,1,1,http://,,1,2023-11-08 17:11:56.913000,
56884,13,2,2,http://,,2,2023-11-08 17:11:56.913000,
56884,13,3,3,http://,,3,2023-11-08 17:11:56.917000,
56884,13,4,4,http://,,4,2023-11-08 17:11:56.920000,
56885,14,1,1,http://,,1,2023-11-10 16:46:18.937000,
56885,14,2,2,http://,,2,2023-11-10 16:46:18.940000,
56885,14,3,3,http://,,3,2023-11-10 16:46:18.943000,
56885,14,4,4,http://,,4,2023-11-10 16:46:18.947000,
56887,11,1,1,http://,,1,2023-11-15 12:11:45.770000,
56887,11,2,2,http://,,2,2023-11-15 12:11:45.777000,
56887,11,3,3,http://,,3,2023-11-15 12:11:45.780000,
56887,11,4,4,http://,,4,2023-11-15 12:11:45.783000,
56898,15,1,1,http://,,1,2021-06-15 12:08:48.157000,
56898,15,2,2,http://,,2,2021-06-15 12:08:48.157000,
56898,15,3,3,http://,,3,2021-06-15 12:08:48.160000,
56898,15,4,4,http://,,4,2021-06-15 12:08:48.160000,
56899,11,1,1,http://,,1,2024-10-31 13:10:46.890000,
56899,11,2,2,http://,,2,2024-10-31 13:10:46.893000,
56899,11,3,3,http://,,3,2024-10-31 13:10:46.897000,
56899,11,4,4,http://,,4,2024-10-31 13:10:46.900000,
56900,23,1,1,http://,,1,2025-09-17 17:04:38.837000,
56900,23,2,2,http://,,2,2025-09-17 17:04:38.840000,
56900,23,3,3,http://,,3,2025-09-17 17:04:38.840000,
56900,23,4,4,http://,,4,2025-09-17 17:04:38.843000,
56902,50,1,1,http://,,1,2026-01-22 20:17:24.260000,
56902,50,2,2,http://,,2,2026-01-22 20:17:24.263000,
56902,50,3,3,http://,,3,2026-01-22 20:17:24.267000,
56902,50,4,4,http://,,4,2026-01-22 20:17:24.270000,
56903,15,1,1,http://,,1,2025-06-18 17:23:39.083000,
56903,15,2,2,http://,,2,2025-06-18 17:23:39.090000,
56903,15,3,3,http://,,3,2025-06-18 17:23:39.090000,
56903,15,4,4,http://,,4,2025-06-18 17:23:39.093000,
56905,20,1,1,http://,,1,2026-01-22 19:48:02.293000,
56905,20,2,2,http://,,2,2026-01-22 19:48:02.297000,
56905,20,3,3,http://,,3,2026-01-22 19:48:02.300000,
56905,20,4,4,http://,,4,2026-01-22 19:48:02.303000,
56906,13,1,1,http://,,1,2022-06-20 12:58:59.480000,
56906,13,2,2,http://,,2,2022-06-20 12:58:59.483000,
56906,13,3,3,http://,,3,2022-06-20 12:58:59.487000,
56906,13,4,4,http://,,4,2022-06-20 12:58:59.490000,
56907,24,1,1,http://,,1,2025-12-24 18:56:25.120000,
56907,24,2,2,http://,,2,2025-12-24 18:56:25.127000,
56907,24,3,3,http://,,3,2025-12-24 18:56:25.130000,
56907,24,4,4,http://,,4,2025-12-24 18:56:25.133000,
56908,19,1,1,http://,,1,2025-12-24 17:44:45.273000,
56908,19,2,2,http://,,2,2025-12-24 17:44:45.277000,
56908,19,3,3,http://,,3,2025-12-24 17:44:45.277000,
56908,19,4,4,http://,,4,2025-12-24 17:44:45.280000,
56910,9,1,1,http://,,1,2025-07-16 16:14:38.450000,
56910,9,2,2,http://,,2,2025-07-16 16:14:38.453000,
56910,9,3,3,http://,,3,2025-07-16 16:14:38.467000,
56910,9,4,4,http://,,4,2025-07-16 16:14:38.480000,
56913,13,1,1,http://,,1,2023-07-07 13:48:57.573000,
56913,13,2,2,http://,,2,2023-07-07 13:48:57.573000,
56913,13,3,3,http://,,3,2023-07-07 13:48:57.577000,
56913,13,4,4,http://,,4,2023-07-07 13:48:57.577000,
56914,19,1,1,http://,,1,2026-01-22 19:51:10.217000,
56914,19,2,2,http://,,2,2026-01-22 19:51:10.230000,
56914,19,3,3,http://,,3,2026-01-22 19:51:10.237000,
56914,19,4,4,http://,,4,2026-01-22 19:51:10.243000,
56915,37,1,1,http://,,1,2026-04-29 14:55:56.163000,
56915,37,2,2,http://,,2,2026-04-29 14:55:56.170000,
56915,37,3,3,http://,,3,2026-04-29 14:55:56.173000,
56915,37,4,4,http://,,4,2026-04-29 14:55:56.177000,
56916,33,1,1,http://,,1,2026-04-21 17:37:20.780000,
56916,33,2,2,http://,,2,2026-04-21 17:37:20.780000,
56916,33,3,3,https://www.cms.gov/Regulations-and-Guidance/Guidance/Manuals/Downloads/clm104c32.pdf,https://www.cms.gov/Regulations-and-Guidance/Guidance/Manuals/Downloads/clm104c32.pdf,3,2026-04-21 17:37:20.787000,"100-04 Medicare Claims Processing Manual, Chapter 32 - Billing Requirements for Special Services, Section 300.2 for Claims Processing Requirements for OPT with Verteporfin Services on Professional"
56916,33,4,4,http://,,4,2026-04-21 17:37:20.790000,
56923,16,1,1,http://,,1,2023-01-20 12:08:35.487000,
56923,16,2,2,http://,,2,2023-01-20 12:08:35.487000,
56923,16,3,3,http://,,3,2023-01-20 12:08:35.490000,
56923,16,4,4,http://,,4,2023-01-20 12:08:35.493000,
56924,11,1,1,http://,,1,2023-07-03 13:03:52.730000,
56924,11,2,2,http://,,2,2023-07-03 13:03:52.730000,
56924,11,3,3,http://,,3,2023-07-03 13:03:52.733000,
56924,11,4,4,http://,,4,2023-07-03 13:03:52.737000,
56926,17,1,1,http://,,1,2026-07-27 16:44:20.847000,
56926,17,2,2,http://,,2,2026-07-27 16:44:20.847000,
56926,17,3,3,http://,,3,2026-07-27 16:44:20.850000,
56926,17,4,4,http://,,4,2026-07-27 16:44:20.853000,
56929,15,1,1,http://,,1,2023-09-14 20:07:55.947000,
56929,15,2,2,http://,,2,2023-09-14 20:07:55.947000,
56929,15,3,3,http://,,3,2023-09-14 20:07:55.947000,
56929,15,4,4,http://,,4,2023-09-14 20:07:55.950000,
56933,9,1,1,http://,,1,2022-10-10 12:44:24.160000,
56933,9,2,2,http://,,2,2022-10-10 12:44:24.160000,
56933,9,3,3,http://,,3,2022-10-10 12:44:24.163000,
56933,9,4,4,http://,,4,2022-10-10 12:44:24.167000,
56937,43,1,1,http://,,1,2025-12-22 18:17:02.770000,
56937,43,2,2,http://,,2,2025-12-22 18:17:02.780000,
56937,43,3,3,http://,,3,2025-12-22 18:17:02.790000,
56937,43,4,4,http://,,4,2025-12-22 18:17:02.797000,
56938,46,1,1,http://,,1,2022-01-14 13:50:48.293000,
56938,46,2,2,http://,,2,2022-01-14 13:50:48.303000,
56938,46,3,3,http://,,3,2022-01-14 13:50:48.310000,
56938,46,4,4,http://,,4,2022-01-14 13:50:48.320000,
56940,11,1,1,http://,,1,2025-02-06 19:27:32.900000,
56940,11,2,2,http://,,2,2025-02-06 19:27:32.903000,
56940,11,3,3,http://,,3,2025-02-06 19:27:32.907000,
56940,11,4,4,http://,,4,2025-02-06 19:27:32.910000,
56941,7,1,1,http://,,1,2021-10-07 11:42:28.980000,
56941,7,2,2,http://,,2,2021-10-07 11:42:28.980000,
56941,7,3,3,http://,,3,2021-10-07 11:42:28.980000,
56941,7,4,4,http://,,4,2021-10-07 11:42:28.983000,
56943,17,1,1,http://,,1,2025-08-22 15:02:46.707000,
56943,17,2,2,http://,,2,2025-08-22 15:02:46.713000,
56943,17,3,3,http://,,3,2025-08-22 15:02:46.727000,
56943,17,4,4,http://,,4,2025-08-22 15:02:46.743000,
56948,23,1,1,http://,,1,2025-08-18 19:13:33.303000,
56948,23,2,2,http://,,2,2025-08-18 19:13:33.307000,
56948,23,3,3,http://,,3,2025-08-18 19:13:33.307000,
56948,23,4,4,http://,,4,2025-08-18 19:13:33.310000,
56949,7,1,1,http://,,1,2021-04-15 12:17:13.297000,
56949,7,2,2,http://,,2,2021-04-15 12:17:13.300000,
56949,7,3,3,http://,,3,2021-04-15 12:17:13.300000,
56949,7,4,4,http://,,4,2021-04-15 12:17:13.300000,
56952,50,1,1,http://,,1,2026-01-23 14:15:11.663000,
56952,50,2,2,http://,,2,2026-01-23 14:15:11.663000,
56952,50,3,3,http://,,3,2026-01-23 14:15:11.667000,
56952,50,4,4,http://,,4,2026-01-23 14:15:11.670000,
56953,25,1,1,http://,,1,2022-01-14 13:57:32.410000,
56953,25,2,2,http://,,2,2022-01-14 13:57:32.410000,
56953,25,3,3,http://,,3,2022-01-14 13:57:32.410000,
56953,25,4,4,http://,,4,2022-01-14 13:57:32.413000,
56954,6,1,1,http://,,1,2022-10-18 16:39:08.020000,
56954,6,2,2,http://,,2,2022-10-18 16:39:08.020000,
56954,6,3,3,http://,,3,2022-10-18 16:39:08.023000,
56954,6,4,4,http://,,4,2022-10-18 16:39:08.023000,
56957,9,1,1,http://,,1,2021-12-22 16:14:23.937000,
56957,9,2,2,http://,,2,2021-12-22 16:14:23.937000,
56957,9,3,3,http://,,3,2021-12-22 16:14:23.937000,
56957,9,4,4,http://,,4,2021-12-22 16:14:23.940000,
56961,18,1,1,http://,,1,2025-10-17 11:34:05.907000,
56961,18,2,2,http://,,2,2025-10-17 11:34:05.910000,
56961,18,3,3,http://,,3,2025-10-17 11:34:05.910000,
56961,18,4,4,http://,,4,2025-10-17 11:34:05.920000,
56962,8,1,1,http://,,1,2021-09-09 12:21:17.100000,
56962,8,2,2,http://,,2,2021-09-09 12:21:17.100000,
56962,8,3,3,http://,,3,2021-09-09 12:21:17.100000,
56962,8,4,4,http://,,4,2021-09-09 12:21:17.103000,
56963,12,1,1,http://,,1,2021-09-29 12:07:10.620000,
56963,12,2,2,http://,,2,2021-09-29 12:07:10.620000,
56963,12,3,3,http://,,3,2021-09-29 12:07:10.620000,
56963,12,4,4,http://,,4,2021-09-29 12:07:10.623000,
56973,69,1,1,http://,,1,2026-07-24 12:18:57.480000,
56973,69,2,2,http://,,2,2026-07-24 12:18:57.480000,
56973,69,3,3,http://,,3,2026-07-24 12:18:57.483000,
56973,69,4,4,http://,,4,2026-07-24 12:18:57.487000,
56980,12,1,1,http://,,1,2025-06-11 12:08:10.727000,
56980,12,2,2,http://,,2,2025-06-11 12:08:10.733000,
56980,12,3,3,http://,,3,2025-06-11 12:08:10.737000,
56980,12,4,4,http://,,4,2025-06-11 12:08:10.740000,
56981,16,1,1,http://,,1,2023-11-08 18:29:32.527000,
56981,16,2,2,http://,,2,2023-11-08 18:29:32.530000,
56981,16,3,3,http://,,3,2023-11-08 18:29:32.540000,
56981,16,4,4,http://,,4,2023-11-08 18:29:32.543000,
56982,15,1,1,http://,,1,2025-06-11 12:09:59.037000,
56982,15,2,2,http://,,2,2025-06-11 12:09:59.040000,
56982,15,3,3,http://,,3,2025-06-11 12:09:59.043000,
56982,15,4,4,http://,,4,2025-06-11 12:09:59.050000,
56983,12,1,1,http://,,1,2024-08-14 19:41:57.147000,
56983,12,2,2,http://,,2,2024-08-14 19:41:57.150000,
56983,12,3,3,http://,,3,2024-08-14 19:41:57.150000,
56983,12,4,4,http://,,4,2024-08-14 19:41:57.153000,
56985,15,1,1,http://,,1,2023-11-08 18:39:49.500000,
56985,15,2,2,http://,,2,2023-11-08 18:39:49.500000,
56985,15,3,3,http://,,3,2023-11-08 18:39:49.503000,
56985,15,4,4,http://,,4,2023-11-08 18:39:49.507000,
56988,17,1,1,http://,,1,2025-11-26 22:42:01.777000,
56988,17,2,2,http://,,2,2025-11-26 22:42:01.780000,
56988,17,3,3,http://,,3,2025-11-26 22:42:01.783000,
56988,17,4,4,http://,,4,2025-11-26 22:42:01.783000,
56989,11,1,1,http://,,1,2023-11-08 16:59:19.890000,
56989,11,2,2,http://,,2,2023-11-08 16:59:19.890000,
56989,11,3,3,http://,,3,2023-11-08 16:59:19.893000,
56989,11,4,4,http://,,4,2023-11-08 16:59:19.897000,
56995,15,1,1,http://,,1,2024-02-28 14:33:00.550000,
56995,15,2,2,http://,,2,2024-02-28 14:33:00.557000,
56995,15,3,3,http://,,3,2024-02-28 14:33:00.560000,
56995,15,4,4,http://,,4,2024-02-28 14:33:00.560000,
56997,18,1,1,http://,,1,2025-04-30 19:24:05.920000,
56997,18,2,2,http://,,2,2025-04-30 19:24:05.927000,
56997,18,3,3,http://,,3,2025-04-30 19:24:05.930000,
56997,18,4,4,http://,,4,2025-04-30 19:24:05.930000,
56998,10,1,1,http://,,1,2023-11-15 12:09:43.420000,
56998,10,2,2,http://,,2,2023-11-15 12:09:43.423000,
56998,10,3,3,http://,,3,2023-11-15 12:09:43.430000,
56998,10,4,4,http://,,4,2023-11-15 12:09:43.433000,
57020,6,1,1,http://,,1,2023-11-20 14:53:05.480000,
57020,6,2,2,http://,,2,2023-11-20 14:53:05.483000,
57020,6,3,3,http://,,3,2023-11-20 14:53:05.487000,
57020,6,4,4,http://,,4,2023-11-20 14:53:05.487000,
57021,19,1,1,http://,,1,2024-01-29 16:47:57.793000,
57021,19,2,2,http://,,2,2024-01-29 16:47:57.800000,
57021,19,3,3,http://,,3,2024-01-29 16:47:57.800000,
57021,19,4,4,http://,,4,2024-01-29 16:47:57.807000,
57024,16,1,1,http://,,1,2024-03-01 16:07:09.087000,
57024,16,2,2,http://,,2,2024-03-01 16:07:09.087000,
57024,16,3,3,http://,,3,2024-03-01 16:07:09.090000,
57024,16,4,4,http://,,4,2024-03-01 16:07:09.093000,
57025,21,1,1,http://,,1,2025-01-24 13:58:49.860000,
57025,21,2,2,http://,,2,2025-01-24 13:58:49.863000,
57025,21,3,3,http://,,3,2025-01-24 13:58:49.867000,
57025,21,4,4,http://,,4,2025-01-24 13:58:49.867000,
57029,10,1,1,http://,,1,2022-10-28 13:23:02.833000,
57029,10,2,2,http://,,2,2022-10-28 13:23:02.837000,
57029,10,3,3,http://,,3,2022-10-28 13:23:02.840000,
57029,10,4,4,http://,,4,2022-10-28 13:23:02.840000,
57030,11,1,1,http://,,1,2020-09-24 18:45:51.220000,
57030,11,2,2,http://,,2,2020-09-24 18:45:51.220000,
57030,11,3,3,http://,,3,2020-09-24 18:45:51.220000,
57030,11,4,4,http://,,4,2020-09-24 18:45:51.220000,
57034,11,1,1,http://,,1,2024-11-08 16:17:10.490000,
57034,11,2,2,http://,,2,2024-11-08 16:17:10.493000,
57034,11,3,3,http://,,3,2024-11-08 16:17:10.497000,
57034,11,4,4,http://,,4,2024-11-08 16:17:10.497000,
57037,24,1,1,http://,,1,2025-08-22 13:16:38.630000,
57037,24,2,2,http://,,2,2025-08-22 13:16:38.630000,
57037,24,3,3,http://,,3,2025-08-22 13:16:38.633000,
57037,24,4,4,http://,,4,2025-08-22 13:16:38.640000,
57038,16,1,1,http://,,1,2025-08-29 17:00:59.797000,
57038,16,2,2,http://,,2,2025-08-29 17:00:59.800000,
57038,16,3,3,http://,,3,2025-08-29 17:00:59.813000,
57038,16,4,4,http://,,4,2025-08-29 17:00:59.833000,
57039,9,1,1,http://,,1,2025-08-29 16:39:28.133000,
57039,9,2,2,http://,,2,2025-08-29 16:39:28.140000,
57039,9,3,3,http://,,3,2025-08-29 16:39:28.140000,
57039,9,4,4,http://,,4,2025-08-29 16:39:28.143000,
57040,26,1,1,http://,,1,2026-07-27 17:49:57.443000,
57040,26,2,2,http://,,2,2026-07-27 17:49:57.447000,
57040,26,3,3,http://,,3,2026-07-27 17:49:57.450000,
57040,26,4,4,http://,,4,2026-07-27 17:49:57.450000,
57041,21,1,1,http://,,1,2026-04-02 15:41:15.290000,
57041,21,2,2,http://,,2,2026-04-02 15:41:15.310000,
57041,21,3,3,http://,,3,2026-04-02 15:41:15.330000,
57041,21,4,4,http://,,4,2026-04-02 15:41:15.340000,
57043,24,1,1,http://,,1,2026-07-27 16:54:53.430000,
57043,24,2,2,http://,,2,2026-07-27 16:54:53.430000,
57043,24,3,3,http://,,3,2026-07-27 16:54:53.433000,
57043,24,4,4,http://,,4,2026-07-27 16:54:53.437000,
57044,22,1,1,http://,,1,2026-07-27 17:16:18.593000,
57044,22,2,2,http://,,2,2026-07-27 17:16:18.597000,
57044,22,3,3,http://,,3,2026-07-27 17:16:18.600000,
57044,22,4,4,http://,,4,2026-07-27 17:16:18.600000,
57047,11,1,1,http://,,1,2023-12-29 17:47:55.473000,
57047,11,2,2,http://,,2,2023-12-29 17:47:55.477000,
57047,11,3,3,http://,,3,2023-12-29 17:47:55.480000,
57047,11,4,4,http://,,4,2023-12-29 17:47:55.483000,
57049,13,1,1,http://,,1,2026-02-27 17:26:38.157000,
57049,13,2,2,http://,,2,2026-02-27 17:26:38.157000,
57049,13,3,3,http://,,3,2026-02-27 17:26:38.160000,
57049,13,4,4,http://,,4,2026-02-27 17:26:38.163000,
57050,13,1,1,http://,,1,2026-03-16 18:26:42.663000,
57050,13,2,2,http://,,2,2026-03-16 18:26:42.677000,
57050,13,3,3,http://,,3,2026-03-16 18:26:42.680000,
57050,13,4,4,http://,,4,2026-03-16 18:26:42.683000,
57052,18,1,1,http://,,1,2026-04-03 12:59:08.717000,
57052,18,2,2,http://,,2,2026-04-03 12:59:08.720000,
57052,18,3,3,http://,,3,2026-04-03 12:59:08.720000,
57052,18,4,4,http://,,4,2026-04-03 12:59:08.723000,
57053,22,1,1,http://,,1,2026-04-02 15:31:25.187000,
57053,22,2,2,http://,,2,2026-04-02 15:31:25.280000,
57053,22,3,3,http://,,3,2026-04-02 15:31:25.293000,
57053,22,4,4,http://,,4,2026-04-02 15:31:25.297000,
57054,12,1,1,http://,,1,2026-04-02 15:33:45.310000,
57054,12,2,2,http://,,2,2026-04-02 15:33:45.313000,
57054,12,3,3,http://,,3,2026-04-02 15:33:45.317000,
57054,12,4,4,http://,,4,2026-04-02 15:33:45.320000,
57056,44,1,1,http://,,1,2025-10-03 12:29:24.980000,
57056,44,2,2,http://,,2,2025-10-03 12:29:24.983000,
57056,44,3,3,http://,,3,2025-10-03 12:29:24.987000,
57056,44,4,4,http://,,4,2025-10-03 12:29:24.990000,
57060,12,1,1,http://,,1,2025-09-15 17:51:31.933000,
57060,12,2,2,http://,,2,2025-09-15 17:51:31.937000,
57060,12,3,3,http://,,3,2025-09-15 17:51:31.940000,
57060,12,4,4,http://,,4,2025-09-15 17:51:31.943000,
57063,29,1,1,http://,,1,2025-09-26 17:19:13.173000,
57063,29,2,2,http://,,2,2025-09-26 17:19:13.177000,
57063,29,3,3,http://,,3,2025-09-26 17:19:13.180000,
57063,29,4,4,http://,,4,2025-09-26 17:19:13.183000,
57065,32,1,1,http://,,1,2026-05-29 20:46:57.193000,
57065,32,2,2,http://,,2,2026-05-29 20:46:57.197000,
57065,32,3,3,http://,,3,2026-05-29 20:46:57.197000,
57065,32,4,4,http://,,4,2026-05-29 20:46:57.200000,
57067,34,1,1,http://,,1,2026-05-29 21:16:59.003000,
57067,34,2,2,http://,,2,2026-05-29 21:16:59.003000,
57067,34,3,3,http://,,3,2026-05-29 21:16:59.007000,
57067,34,4,4,http://,,4,2026-05-29 21:16:59.010000,
57068,17,1,1,http://,,1,2026-04-29 16:31:55.317000,
57068,17,2,2,http://,,2,2026-04-29 16:31:55.320000,
57068,17,3,3,http://,,3,2026-04-29 16:31:55.323000,
57068,17,4,4,http://,,4,2026-04-29 16:31:55.330000,
57069,25,1,1,http://,,1,2026-05-22 16:03:05.767000,
57069,25,2,2,http://,,2,2026-05-22 16:03:05.770000,
57069,25,3,3,http://,,3,2026-05-22 16:03:05.773000,
57069,25,4,4,http://,,4,2026-05-22 16:03:05.777000,
57070,16,1,1,http://,,1,2026-05-29 21:20:01.023000,
57070,16,2,2,http://,,2,2026-05-29 21:20:01.030000,
57070,16,3,3,http://,,3,2026-05-29 21:20:01.030000,
57070,16,4,4,http://,,4,2026-05-29 21:20:01.033000,
57071,36,1,1,http://,,1,2026-05-29 21:30:05.270000,
57071,36,2,2,http://,,2,2026-05-29 21:30:05.273000,
57071,36,3,3,http://,,3,2026-05-29 21:30:05.273000,
57071,36,4,4,http://,,4,2026-05-29 21:30:05.277000,
57072,17,1,1,http://,,1,2023-06-29 17:20:47.973000,
57072,17,2,2,http://,,2,2023-06-29 17:20:47.977000,
57072,17,3,3,http://,,3,2023-06-29 17:20:47.977000,
57072,17,4,4,http://,,4,2023-06-29 17:20:47.980000,
57077,29,1,1,http://,,1,2024-10-18 13:54:50.800000,
57077,29,2,2,http://,,2,2024-10-18 13:54:50.803000,
57077,29,3,3,http://,,3,2024-10-18 13:54:50.807000,
57077,29,4,4,http://,,4,2024-10-18 13:54:50.810000,
57079,15,1,1,http://,,1,2026-03-24 16:38:15.667000,
57079,15,2,2,http://,,2,2026-03-24 16:38:15.670000,
57079,15,3,3,http://,,3,2026-03-24 16:38:15.673000,
57079,15,4,4,http://,,4,2026-03-24 16:38:15.677000,
57083,14,1,1,http://,,1,2025-11-14 12:34:06.960000,
57083,14,2,2,http://,,2,2025-11-14 12:34:06.963000,
57083,14,3,3,http://,,3,2025-11-14 12:34:06.967000,
57083,14,4,4,http://,,4,2025-11-14 12:34:06.970000,
57092,25,1,1,http://,,1,2025-10-09 13:05:38.727000,
57092,25,2,2,http://,,2,2025-10-09 13:05:38.730000,
57092,25,3,3,http://,,3,2025-10-09 13:05:38.733000,
57092,25,4,4,http://,,4,2025-10-09 13:05:38.737000,
57100,51,1,1,http://,,1,2026-07-24 12:21:39.573000,
57100,51,2,2,http://,,2,2026-07-24 12:21:39.577000,
57100,51,3,3,http://,,3,2026-07-24 12:21:39.580000,
57100,51,4,4,http://,,4,2026-07-24 12:21:39.580000,
57106,12,1,1,http://,,1,2024-01-23 20:39:59.480000,
57106,12,2,2,http://,,2,2024-01-23 20:39:59.480000,
57106,12,3,3,http://,,3,2024-01-23 20:39:59.483000,
57106,12,4,4,http://,,4,2024-01-23 20:39:59.487000,
57110,17,1,1,http://,,1,2024-09-17 14:04:25.750000,
57110,17,2,2,http://,,2,2024-09-17 14:04:25.750000,
57110,17,3,3,http://,,3,2024-09-17 14:04:25.753000,
57110,17,4,4,http://,,4,2024-09-17 14:04:25.757000,
57112,11,1,1,http://,,1,2024-06-18 13:50:35.787000,
57112,11,2,2,http://,,2,2024-06-18 13:50:35.797000,
57112,11,3,3,http://,,3,2024-06-18 13:50:35.803000,
57112,11,4,4,http://,,4,2024-06-18 13:50:35.817000,
57113,44,1,1,http://,,1,2026-01-23 13:45:58.333000,
57113,44,2,2,http://,,2,2026-01-23 13:45:58.333000,
57113,44,3,3,http://,,3,2026-01-23 13:45:58.337000,
57113,44,4,4,http://,,4,2026-01-23 13:45:58.340000,
57114,21,1,1,http://,,1,2026-07-17 17:54:54.210000,
57114,21,2,2,http://,,2,2026-07-17 17:54:54.210000,
57114,21,3,3,http://,,3,2026-07-17 17:54:54.213000,
57114,21,4,4,http://,,4,2026-07-17 17:54:54.213000,
57115,10,1,1,http://,,1,2026-01-23 14:15:56.770000,
57115,10,2,2,http://,,2,2026-01-23 14:15:56.773000,
57115,10,3,3,http://,,3,2026-01-23 14:15:56.777000,
57115,10,4,4,http://,,4,2026-01-23 14:15:56.780000,
57118,3,1,1,http://,,1,2019-10-02 17:03:59.187000,
57118,3,2,2,http://,,2,2019-10-02 17:03:59.187000,
57118,3,3,3,http://,,3,2019-10-02 17:03:59.190000,
57118,3,4,4,http://,,4,2019-10-02 17:03:59.190000,
57122,23,1,1,http://,,1,2025-12-12 14:46:48.257000,
57122,23,2,2,http://,,2,2025-12-12 14:46:48.260000,
57122,23,3,3,http://,,3,2025-12-12 14:46:48.267000,
57122,23,4,4,http://,,4,2025-12-12 14:46:48.273000,
57123,61,1,1,http://,,1,2025-09-26 17:05:46.450000,
57123,61,2,2,http://,,2,2025-09-26 17:05:46.453000,
57123,61,3,3,http://,,3,2025-09-26 17:05:46.460000,
57123,61,4,4,http://,,4,2025-09-26 17:05:46.463000,
57124,21,1,1,http://,,1,2024-09-04 13:31:04.233000,
57124,21,2,2,http://,,2,2024-09-04 13:31:04.237000,
57124,21,3,3,http://,,3,2024-09-04 13:31:04.240000,
57124,21,4,4,http://,,4,2024-09-04 13:31:04.240000,
57125,22,1,1,http://,,1,2024-10-18 13:43:39.707000,
57125,22,2,2,http://,,2,2024-10-18 13:43:39.707000,
57125,22,3,3,http://,,3,2024-10-18 13:43:39.710000,
57125,22,4,4,http://,,4,2024-10-18 13:43:39.713000,
57130,51,1,1,http://,,1,2025-09-26 13:58:31.270000,
57130,51,2,2,http://,,2,2025-09-26 13:58:31.273000,
57130,51,3,3,http://,,3,2025-09-26 13:58:31.277000,
57130,51,4,4,http://,,4,2025-09-26 13:58:31.280000,
57132,19,1,1,http://,,1,2023-12-29 17:43:00.937000,
57132,19,2,2,http://,,2,2023-12-29 17:43:00.940000,
57132,19,3,3,http://,,3,2023-12-29 17:43:00.943000,
57132,19,4,4,http://,,4,2023-12-29 17:43:00.943000,
57141,47,1,1,http://,,1,2026-07-24 13:55:30.817000,
57141,47,2,2,http://,,2,2026-07-24 13:55:30.820000,
57141,47,3,3,http://,,3,2026-07-24 13:55:30.820000,
57141,47,4,4,http://,,4,2026-07-24 13:55:30.823000,
57143,3,1,1,http://,,1,2019-09-16 16:48:36.667000,
57143,3,2,2,http://,,2,2019-09-16 16:48:36.670000,
57143,3,3,3,http://,,3,2019-09-16 16:48:36.670000,
57143,3,4,4,http://,,4,2019-09-16 16:48:36.673000,
57145,32,1,1,http://,,1,2026-01-23 14:16:53.773000,
57145,32,2,2,http://,,2,2026-01-23 14:16:53.777000,
57145,32,3,3,http://,,3,2026-01-23 14:16:53.777000,
57145,32,4,4,http://,,4,2026-01-23 14:16:53.780000,
57146,3,1,1,http://,,1,2019-09-16 16:49:40.013000,
57146,3,2,2,http://,,2,2019-09-16 16:49:40.017000,
57146,3,3,3,http://,,3,2019-09-16 16:49:40.020000,
57146,3,4,4,http://,,4,2019-09-16 16:49:40.020000,
57149,20,1,1,http://,,1,2026-02-27 19:14:14.573000,
57149,20,2,2,http://,,2,2026-02-27 19:14:14.573000,
57149,20,3,3,http://,,3,2026-02-27 19:14:14.577000,
57149,20,4,4,http://,,4,2026-02-27 19:14:14.580000,
57152,2,1,1,http://,,1,2019-09-16 16:36:46.353000,
57152,2,2,2,http://,,2,2019-09-16 16:36:46.357000,
57152,2,3,3,http://,,3,2019-09-16 16:36:46.357000,
57152,2,4,4,http://,,4,2019-09-16 16:36:46.360000,
57155,15,1,1,http://,,1,2024-09-30 18:28:44.360000,
57155,15,2,2,http://,,2,2024-09-30 18:28:44.363000,
57155,15,3,3,http://,,3,2024-09-30 18:28:44.367000,
57155,15,4,4,http://,,4,2024-09-30 18:28:44.367000,
57160,13,1,1,http://,,1,2026-04-10 11:40:19.107000,
57160,13,2,2,http://,,2,2026-04-10 11:40:19.110000,
57160,13,3,3,http://,,3,2026-04-10 11:40:19.113000,
57160,13,4,4,http://,,4,2026-04-10 11:40:19.117000,
57161,22,1,1,http://,,1,2025-12-22 15:21:38.460000,
57161,22,2,2,http://,,2,2025-12-22 15:21:38.463000,
57161,22,3,3,http://,,3,2025-12-22 15:21:38.467000,
57161,22,4,4,http://,,4,2025-12-22 15:21:38.470000,
57165,15,1,1,http://,,1,2025-10-27 17:47:50.513000,
57165,15,2,2,http://,,2,2025-10-27 17:47:50.517000,
57165,15,3,3,http://,,3,2025-10-27 17:47:50.520000,
57165,15,4,4,http://,,4,2025-10-27 17:47:50.523000,
57170,2,1,1,http://,,1,2019-09-16 18:17:46.010000,
57170,2,2,2,http://,,2,2019-09-16 18:17:46.010000,
57170,2,3,3,http://,,3,2019-09-16 18:17:46.013000,
57170,2,4,4,http://,,4,2019-09-16 18:17:46.017000,
57174,2,1,1,http://,,1,2019-09-16 19:16:54.673000,
57174,2,2,2,http://,,2,2019-09-16 19:16:54.677000,
57174,2,3,3,http://,,3,2019-09-16 19:16:54.677000,
57174,2,4,4,http://,,4,2019-09-16 19:16:54.680000,
57179,22,1,1,http://,,1,2026-02-20 14:56:45.553000,
57179,22,2,2,http://,,2,2026-02-20 14:56:45.557000,
57179,22,3,3,http://,,3,2026-02-20 14:56:45.560000,
57179,22,4,4,http://,,4,2026-02-20 14:56:45.563000,
57181,37,1,1,http://,,1,2025-09-23 19:03:03.747000,
57181,37,2,2,http://,,2,2025-09-23 19:03:03.750000,
57181,37,3,3,http://,,3,2025-09-23 19:03:03.753000,
57181,37,4,4,http://,,4,2025-09-23 19:03:03.757000,
57183,23,1,1,http://,,1,2025-12-22 15:16:13.627000,
57183,23,2,2,http://,,2,2025-12-22 15:16:13.630000,
57183,23,3,3,http://,,3,2025-12-22 15:16:13.630000,
57183,23,4,4,http://,,4,2025-12-22 15:16:13.637000,
57185,43,1,1,http://,,1,2026-04-03 13:33:14.880000,
57185,43,2,2,http://,,2,2026-04-03 13:33:14.887000,
57185,43,3,3,http://,,3,2026-04-03 13:33:14.890000,
57185,43,4,4,http://,,4,2026-04-03 13:33:14.893000,
57186,43,1,1,http://,,1,2026-04-03 13:34:41.037000,
57186,43,2,2,http://,,2,2026-04-03 13:34:41.040000,
57186,43,3,3,http://,,3,2026-04-03 13:34:41.043000,
57186,43,4,4,http://,,4,2026-04-03 13:34:41.047000,
57187,39,1,1,http://,,1,2026-06-24 12:20:48.370000,
57187,39,2,2,http://,,2,2026-06-24 12:20:48.370000,
57187,39,3,3,http://,,3,2026-06-24 12:20:48.373000,
57187,39,4,4,http://,,4,2026-06-24 12:20:48.377000,
57188,27,1,1,http://,,1,2025-09-26 17:23:34.863000,
57188,27,2,2,http://,,2,2025-09-26 17:23:34.867000,
57188,27,3,3,http://,,3,2025-09-26 17:23:34.870000,
57188,27,4,4,http://,,4,2025-09-26 17:23:34.870000,
57189,28,1,1,http://,,1,2024-09-25 21:22:08.247000,
57189,28,2,2,http://,,2,2024-09-25 21:22:08.247000,
57189,28,3,3,http://,,3,2024-09-25 21:22:08.250000,
57189,28,4,4,http://,,4,2024-09-25 21:22:08.253000,
57190,11,1,1,http://,,1,2025-06-25 20:34:58.063000,
57190,11,2,2,http://,,2,2025-06-25 20:34:58.067000,
57190,11,3,3,http://,,3,2025-06-25 20:34:58.070000,
57190,11,4,4,http://,,4,2025-06-25 20:34:58.073000,
57193,31,1,1,http://,,1,2026-07-27 17:30:26.927000,
57193,31,2,2,http://,,2,2026-07-27 17:30:26.930000,
57193,31,3,3,http://,,3,2026-07-27 17:30:26.930000,
57193,31,4,4,http://,,4,2026-07-27 17:30:26.933000,
57195,29,1,1,http://,,1,2025-10-15 21:14:43.010000,
57195,29,2,2,http://,,2,2025-10-15 21:14:43.013000,
57195,29,3,3,http://,,3,2025-10-15 21:14:43.020000,
57195,29,4,4,http://,,4,2025-10-15 21:14:43.023000,
57204,45,1,1,http://,,1,2026-05-05 18:31:23.943000,
57204,45,2,2,http://,,2,2026-05-05 18:31:23.947000,
57204,45,3,3,http://,,3,2026-05-05 18:31:23.947000,
57204,45,4,4,http://,,4,2026-05-05 18:31:23.950000,
57205,39,1,1,http://,,1,2026-01-23 14:08:24.257000,
57205,39,2,2,http://,,2,2026-01-23 14:08:24.260000,
57205,39,3,3,http://,,3,2026-01-23 14:08:24.263000,
57205,39,4,4,http://,,4,2026-01-23 14:08:24.263000,
57206,30,1,1,http://,,1,2025-09-23 19:45:55.717000,
57206,30,2,2,http://,,2,2025-09-23 19:45:55.720000,
57206,30,3,3,http://,,3,2025-09-23 19:45:55.723000,
57206,30,4,4,http://,,4,2025-09-23 19:45:55.727000,
57221,25,1,1,http://,,1,2024-12-23 11:59:46.520000,
57221,25,2,2,http://,,2,2024-12-23 11:59:46.527000,
57221,25,3,3,http://,,3,2024-12-23 11:59:46.530000,
57221,25,4,4,http://,,4,2024-12-23 11:59:46.537000,
57224,68,1,1,http://,,1,2026-06-03 14:40:14.457000,
57224,68,2,2,http://,,2,2026-06-03 14:40:14.460000,
57224,68,3,3,http://,,3,2026-06-03 14:40:14.463000,
57224,68,4,4,http://,,4,2026-06-03 14:40:14.467000,
57237,11,1,1,http://,,1,2023-11-16 19:14:49.573000,
57237,11,2,2,http://,,2,2023-11-16 19:14:49.573000,
57237,11,3,3,http://,,3,2023-11-16 19:14:49.580000,
57237,11,4,4,http://,,4,2023-11-16 19:14:49.580000,
57268,21,1,1,http://,,1,2025-10-17 13:13:36.113000,
57268,21,2,2,http://,,2,2025-10-17 13:13:36.120000,
57268,21,3,3,http://,,3,2025-10-17 13:13:36.130000,
57268,21,4,4,http://,,4,2025-10-17 13:13:36.140000,
57282,18,1,1,http://,,1,2025-09-30 23:56:42.730000,
57282,18,2,2,http://,,2,2025-09-30 23:56:42.733000,
57282,18,3,3,http://,,3,2025-09-30 23:56:42.737000,
57282,18,4,4,http://,,4,2025-09-30 23:56:42.740000,
57284,14,1,1,http://,,1,2026-05-22 16:11:18.957000,
57284,14,2,2,http://,,2,2026-05-22 16:11:18.960000,
57284,14,3,3,http://,,3,2026-05-22 16:11:18.963000,
57284,14,4,4,http://,,4,2026-05-22 16:11:18.970000,
57305,14,1,1,http://,,1,2025-10-03 22:20:28.477000,
57305,14,2,2,http://,,2,2025-10-03 22:20:28.477000,
57305,14,3,3,http://,,3,2025-10-03 22:20:28.480000,
57305,14,4,4,http://,,4,2025-10-03 22:20:28.483000,
57306,44,1,1,http://,,1,2026-04-10 11:41:18.527000,
57306,44,2,2,http://,,2,2026-04-10 11:41:18.530000,
57306,44,3,3,http://,,3,2026-04-10 11:41:18.533000,
57306,44,4,4,http://,,4,2026-04-10 11:41:18.537000,
57307,38,1,1,http://,,1,2026-04-29 16:23:07.860000,
57307,38,2,2,http://,,2,2026-04-29 16:23:07.867000,
57307,38,3,3,http://,,3,2026-04-29 16:23:07.870000,
57307,38,4,4,http://,,4,2026-04-29 16:23:07.877000,
57311,35,1,1,http://,,1,2026-07-27 16:46:37.240000,
57311,35,2,2,http://,,2,2026-07-27 16:46:37.240000,
57311,35,3,3,http://,,3,2026-07-27 16:46:37.243000,
57311,35,4,4,http://,,4,2026-07-27 16:46:37.247000,
57326,42,1,1,http://,,1,2026-07-31 15:09:25.947000,
57326,42,2,2,http://,,2,2026-07-31 15:09:25.950000,
57326,42,3,3,http://,,3,2026-07-31 15:09:25.950000,
57326,42,4,4,http://,,4,2026-07-31 15:09:25.957000,
57329,18,1,1,http://,,1,2025-09-22 13:15:45.480000,
57329,18,2,2,http://,,2,2025-09-22 13:15:45.480000,
57329,18,3,3,http://,,3,2025-09-22 13:15:45.483000,
57329,18,4,4,http://,,4,2025-09-22 13:15:45.490000,
57331,61,1,1,http://,,1,2026-07-24 12:49:10.630000,
57331,61,2,2,http://,,2,2026-07-24 12:49:10.633000,
57331,61,3,3,http://,,3,2026-07-24 12:49:10.637000,
57331,61,4,4,http://,,4,2026-07-24 12:49:10.637000,
57342,31,1,1,http://,,1,2025-10-13 15:21:40.300000,
57342,31,2,2,http://,,2,2025-10-13 15:21:40.307000,
57342,31,3,3,http://,,3,2025-10-13 15:21:40.310000,
57342,31,4,4,http://,,4,2025-10-13 15:21:40.313000,
57356,14,1,1,http://,,1,2023-11-22 19:36:08.570000,
57356,14,2,2,http://,,2,2023-11-22 19:36:08.570000,
57356,14,3,3,http://,,3,2023-11-22 19:36:08.577000,
57356,14,4,4,http://,,4,2023-11-22 19:36:08.580000,
57361,46,1,1,http://,,1,2026-01-23 14:09:19.890000,
57361,46,2,2,http://,,2,2026-01-23 14:09:19.890000,
57361,46,3,3,http://,,3,2026-01-23 14:09:19.893000,
57361,46,4,4,http://,,4,2026-01-23 14:09:19.897000,
57363,14,1,1,http://,,1,2023-11-22 15:21:55.563000,
57363,14,2,2,http://,,2,2023-11-22 15:21:55.570000,
57363,14,3,3,http://,,3,2023-11-22 15:21:55.583000,
57363,14,4,4,http://,,4,2023-11-22 15:21:55.590000,
57372,18,1,1,http://,,1,2023-11-22 18:30:46.740000,
57372,18,2,2,http://,,2,2023-11-22 18:30:46.747000,
57372,18,3,3,http://,,3,2023-11-22 18:30:46.757000,
57372,18,4,4,http://,,4,2023-11-22 18:30:46.763000,
57384,53,1,1,http://,,1,2026-07-24 12:45:21.080000,
57384,53,2,2,http://,,2,2026-07-24 12:45:21.080000,
57384,53,3,3,http://,,3,2026-07-24 12:45:21.083000,
57384,53,4,4,http://,,4,2026-07-24 12:45:21.087000,
57386,21,1,1,http://,,1,2025-09-19 17:04:13.937000,
57386,21,2,2,http://,,2,2025-09-19 17:04:13.937000,
57386,21,3,3,http://,,3,2025-09-19 17:04:13.940000,
57386,21,4,4,http://,,4,2025-09-19 17:04:13.943000,
57414,30,1,1,http://,,1,2025-09-26 13:59:16.017000,
57414,30,2,2,http://,,2,2025-09-26 13:59:16.020000,
57414,30,3,3,http://,,3,2025-09-26 13:59:16.020000,
57414,30,4,4,http://,,4,2025-09-26 13:59:16.023000,
57419,16,1,1,http://,,1,2023-11-22 15:29:01.673000,
57419,16,2,2,http://,,2,2023-11-22 15:29:01.677000,
57419,16,3,3,http://,,3,2023-11-22 15:29:01.677000,
57419,16,4,4,http://,,4,2023-11-22 15:29:01.680000,
57423,16,1,1,http://,,1,2025-09-23 13:11:13.203000,
57423,16,2,2,http://,,2,2025-09-23 13:11:13.227000,
57423,16,3,3,http://,,3,2025-09-23 13:11:13.233000,
57423,16,4,4,http://,,4,2025-09-23 13:11:13.243000,
57427,11,1,1,http://,,1,2024-09-18 18:25:56.353000,
57427,11,2,2,http://,,2,2024-09-18 18:25:56.357000,
57427,11,3,3,http://,,3,2024-09-18 18:25:56.357000,
57427,11,4,4,http://,,4,2024-09-18 18:25:56.360000,
57428,10,1,1,http://,,1,2025-12-22 18:30:26.800000,
57428,10,2,2,http://,,2,2025-12-22 18:30:26.800000,
57428,10,3,3,http://,,3,2025-12-22 18:30:26.803000,
57428,10,4,4,http://,,4,2025-12-22 18:30:26.807000,
57431,14,1,1,http://,,1,2025-12-22 18:22:00.600000,
57431,14,2,2,http://,,2,2025-12-22 18:22:00.603000,
57431,14,3,3,http://,,3,2025-12-22 18:22:00.607000,
57431,14,4,4,http://,,4,2025-12-22 18:22:00.610000,
57432,12,1,1,http://,,1,2025-09-22 19:07:11.693000,
57432,12,2,2,http://,,2,2025-09-22 19:07:11.700000,
57432,12,3,3,http://,,3,2025-09-22 19:07:11.700000,
57432,12,4,4,http://,,4,2025-09-22 19:07:11.707000,
57434,35,1,1,http://,,1,2025-09-26 17:30:23.793000,
57434,35,2,2,http://,,2,2025-09-26 17:30:23.797000,
57434,35,3,3,http://,,3,2025-09-26 17:30:23.800000,
57434,35,4,4,http://,,4,2025-09-26 17:30:23.803000,
57441,8,1,1,http://,,1,2023-11-22 19:08:33.033000,
57441,8,2,2,http://,,2,2023-11-22 19:08:33.033000,
57441,8,3,3,http://,,3,2023-11-22 19:08:33.037000,
57441,8,4,4,http://,,4,2023-11-22 19:08:33.037000,
57449,24,1,1,http://,,1,2025-09-26 17:31:40.217000,
57449,24,2,2,http://,,2,2025-09-26 17:31:40.223000,
57449,24,3,3,http://,,3,2025-09-26 17:31:40.223000,
57449,24,4,4,http://,,4,2025-09-26 17:31:40.230000,
57450,14,1,1,http://,,1,2025-09-26 17:32:23.510000,
57450,14,2,2,http://,,2,2025-09-26 17:32:23.513000,
57450,14,3,3,http://,,3,2025-09-26 17:32:23.517000,
57450,14,4,4,http://,,4,2025-09-26 17:32:23.520000,
57451,38,1,1,http://,,1,2024-01-19 13:06:50.470000,
57451,38,2,2,http://,,2,2024-01-19 13:06:50.473000,
57451,38,3,3,http://,,3,2024-01-19 13:06:50.477000,
57451,38,4,4,http://,,4,2024-01-19 13:06:50.477000,
57452,46,1,1,http://,,1,2025-09-17 16:38:54.037000,
57452,46,2,2,http://,,2,2025-09-17 16:38:54.040000,
57452,46,3,3,http://,,3,2025-09-17 16:38:54.043000,
57452,46,4,4,http://,,4,2025-09-17 16:38:54.047000,
57453,5,1,1,http://,,1,2019-10-18 14:26:48.753000,
57453,5,2,2,http://,,2,2019-10-18 14:26:48.757000,
57453,5,3,3,http://,,3,2019-10-18 14:26:48.757000,
57453,5,4,4,http://,,4,2019-10-18 14:26:48.760000,
57455,24,1,1,http://,,1,2025-09-17 20:31:55.563000,
57455,24,2,2,http://,,2,2025-09-17 20:31:55.570000,
57455,24,3,3,http://,,3,2025-09-17 20:31:55.570000,
57455,24,4,4,http://,,4,2025-09-17 20:31:55.573000,
57473,33,1,1,http://,,1,2025-09-18 19:06:24.040000,
57473,33,2,2,http://,,2,2025-09-18 19:06:24.040000,
57473,33,3,3,http://,,3,2025-09-18 19:06:24.043000,
57473,33,4,4,http://,,4,2025-09-18 19:06:24.047000,
57476,22,1,1,http://,,1,2025-08-22 17:27:57.313000,
57476,22,2,2,http://,,2,2025-08-22 17:27:57.313000,
57476,22,3,3,http://,,3,2025-08-22 17:27:57.317000,
57476,22,4,4,http://,,4,2025-08-22 17:27:57.320000,
57477,15,1,1,http://,,1,2026-07-24 12:24:42.540000,
57477,15,2,2,http://,,2,2026-07-24 12:24:42.540000,
57477,15,3,3,http://,,3,2026-07-24 12:24:42.543000,
57477,15,4,4,http://,,4,2026-07-24 12:24:42.547000,
57478,40,1,1,http://,,1,2025-09-16 18:52:19.350000,
57478,40,2,2,http://,,2,2025-09-16 18:52:19.353000,
57478,40,3,3,http://,,3,2025-09-16 18:52:19.357000,
57478,40,4,4,http://,,4,2025-09-16 18:52:19.360000,
57479,18,1,1,http://,,1,2026-01-22 18:00:57,
57479,18,2,2,http://,,2,2026-01-22 18:00:57.003000,
57479,18,3,3,http://,,3,2026-01-22 18:00:57.007000,
57479,18,4,4,http://,,4,2026-01-22 18:00:57.010000,
57480,31,1,1,http://,,1,2026-01-22 20:20:23.203000,
57480,31,2,2,http://,,2,2026-01-22 20:20:23.207000,
57480,31,3,3,http://,,3,2026-01-22 20:20:23.207000,
57480,31,4,4,http://,,4,2026-01-22 20:20:23.210000,
57481,12,1,1,http://,,1,2024-10-22 12:54:40.907000,
57481,12,2,2,http://,,2,2024-10-22 12:54:40.913000,
57481,12,3,3,http://,,3,2024-10-22 12:54:40.923000,
57481,12,4,4,http://,,4,2024-10-22 12:54:40.937000,
57482,25,1,1,http://,,1,2026-07-24 12:37:27.200000,
57482,25,2,2,http://,,2,2026-07-24 12:37:27.200000,
57482,25,3,3,http://,,3,2026-07-24 12:37:27.203000,
57482,25,4,4,http://,,4,2026-07-24 12:37:27.207000,
57483,28,1,1,http://,,1,2025-09-18 17:17:14.357000,
57483,28,2,2,http://,,2,2025-09-18 17:17:14.360000,
57483,28,3,3,http://,,3,2025-09-18 17:17:14.360000,
57483,28,4,4,http://,,4,2025-09-18 17:17:14.363000,
57484,22,1,1,http://,,1,2026-02-11 19:03:27.137000,
57484,22,2,2,http://,,2,2026-02-11 19:03:27.140000,
57484,22,3,3,https://www.cms.gov/Regulations-and-Guidance/Guidance/Manuals/Downloads/bp102c15.pdf,https://www.cms.gov/Regulations-and-Guidance/Guidance/Manuals/Downloads/bp102c15.pdf,3,2026-02-11 19:03:27.150000,"CMS Pub 100-02, Medicare Benefit Policy Manual, Chapter 15 – Covered Medical and Other Health Care Services, §80.1 – Clinical Laboratory Services"
57484,22,3,4,https://www.cms.gov/Regulations-and-Guidance/Guidance/Manuals/Downloads/clm104c01.pdf,https://www.cms.gov/Regulations-and-Guidance/Guidance/Manuals/Downloads/clm104c01.pdf,4,2026-02-11 19:03:27.157000,"CMS Pub. 100-04, Medicare Claims Processing Manual, Chapter 1- General Billing Requirements, Sections 60 – Provider Billing of Non-covered Charges on Institutional Claims"
57484,22,3,5,https://www.cms.gov/Regulations-and-Guidance/Guidance/Manuals/Downloads/clm104c25.pdf,https://www.cms.gov/Regulations-and-Guidance/Guidance/Manuals/Downloads/clm104c25.pdf,5,2026-02-11 19:03:27.160000,"CMS Pub 100-04, Medicare Claims Processing Manual, Chapter 25 – Completing and Processing the Form CMS-1450 Data Set"
57484,22,4,6,http://,,6,2026-02-11 19:03:27.163000,
57486,10,1,1,http://,,1,2023-11-22 17:29:47.967000,
57486,10,2,2,http://,,2,2023-11-22 17:29:47.970000,
57486,10,3,3,http://,,3,2023-11-22 17:29:47.970000,
57486,10,4,4,http://,,4,2023-11-22 17:29:47.973000,
57496,14,1,1,http://,,1,2024-05-10 11:50:10.680000,
57496,14,2,2,http://,,2,2024-05-10 11:50:10.687000,
57496,14,3,3,http://,,3,2024-05-10 11:50:10.697000,
57496,14,4,4,http://,,4,2024-05-10 11:50:10.703000,
57497,15,1,1,http://,,1,2023-11-16 19:11:25.283000,
57497,15,2,2,http://,,2,2023-11-16 19:11:25.287000,
57497,15,3,3,http://,,3,2023-11-16 19:11:25.290000,
57497,15,4,4,http://,,4,2023-11-16 19:11:25.290000,
57503,17,1,1,http://,,1,2022-03-24 15:26:39.847000,
57503,17,2,2,http://,,2,2022-03-24 15:26:39.850000,
57503,17,3,3,http://,,3,2022-03-24 15:26:39.850000,
57503,17,4,4,http://,,4,2022-03-24 15:26:39.850000,
57512,19,1,1,http://,,1,2025-09-04 19:01:26.523000,
57512,19,2,2,http://,,2,2025-09-04 19:01:26.527000,
57512,19,3,3,http://,,3,2025-09-04 19:01:26.530000,
57512,19,4,4,http://,,4,2025-09-04 19:01:26.533000,
57515,12,1,1,http://,,1,2023-11-22 19:43:56.523000,
57515,12,2,2,http://,,2,2023-11-22 19:43:56.523000,
57515,12,3,3,http://,,3,2023-11-22 19:43:56.527000,
57515,12,4,4,http://,,4,2023-11-22 19:43:56.530000,
57516,12,1,1,http://,,1,2025-09-19 18:49:51.177000,
57516,12,2,2,http://,,2,2025-09-19 18:49:51.180000,
57516,12,3,3,http://,,3,2025-09-19 18:49:51.180000,
57516,12,4,4,http://,,4,2025-09-19 18:49:51.183000,
57520,43,1,1,http://,,1,2025-01-24 13:57:29.017000,
57520,43,2,2,http://,,2,2025-01-24 13:57:29.020000,
57520,43,3,3,http://,,3,2025-01-24 13:57:29.023000,
57520,43,4,4,http://,,4,2025-01-24 13:57:29.027000,
57526,93,1,1,http://,,1,2026-07-21 12:09:26.387000,
57526,93,2,2,http://,,2,2026-07-21 12:09:26.390000,
57526,93,3,3,http://,,3,2026-07-21 12:09:26.393000,
57526,93,4,4,http://,,4,2026-07-21 12:09:26.397000,
57528,5,1,1,http://,,1,2019-10-18 14:20:26.700000,
57528,5,2,2,http://,,2,2019-10-18 14:20:26.700000,
57528,5,3,3,http://,,3,2019-10-18 14:20:26.703000,
57528,5,4,4,http://,,4,2019-10-18 14:20:26.703000,
57531,60,1,1,http://,,1,2025-11-26 13:36:20.047000,
57531,60,2,2,http://,,2,2025-11-26 13:36:20.050000,
57531,60,3,3,http://,,3,2025-11-26 13:36:20.070000,
57531,60,4,4,http://,,4,2025-11-26 13:36:20.083000,
57540,15,1,1,http://,,1,2025-09-26 17:40:21.227000,
57540,15,2,2,http://,,2,2025-09-26 17:40:21.233000,
57540,15,3,3,http://,,3,2025-09-26 17:40:21.237000,
57540,15,4,4,http://,,4,2025-09-26 17:40:21.240000,
57551,14,1,1,http://,,1,2025-12-23 13:54:28.680000,
57551,14,2,2,http://,,2,2025-12-23 13:54:28.680000,
57551,14,3,3,http://,,3,2025-12-23 13:54:28.683000,
57551,14,4,4,http://,,4,2025-12-23 13:54:28.687000,
57552,19,1,1,http://,,1,2025-10-22 15:27:03.530000,
57552,19,2,2,http://,,2,2025-10-22 15:27:03.533000,
57552,19,3,3,http://,,3,2025-10-22 15:27:03.537000,
57552,19,4,4,http://,,4,2025-10-22 15:27:03.540000,
57554,52,1,1,http://,,1,2026-07-24 12:57:35.247000,
57554,52,2,2,http://,,2,2026-07-24 12:57:35.250000,
57554,52,3,3,http://,,3,2026-07-24 12:57:35.250000,
57554,52,4,4,http://,,4,2026-07-24 12:57:35.253000,
57558,11,1,1,http://,,1,2023-03-22 14:33:54.560000,
57558,11,2,2,http://,,2,2023-03-22 14:33:54.563000,
57558,11,3,3,http://,,3,2023-03-22 14:33:54.563000,
57558,11,4,4,http://,,4,2023-03-22 14:33:54.567000,
57559,20,1,1,http://,,1,2025-09-17 15:54:45.513000,
57559,20,2,2,http://,,2,2025-09-17 15:54:45.520000,
57559,20,3,3,http://,,3,2025-09-17 15:54:45.523000,
57559,20,4,4,http://,,4,2025-09-17 15:54:45.527000,
57560,10,1,1,http://,,1,2025-04-25 19:15:08.550000,
57560,10,2,2,http://,,2,2025-04-25 19:15:08.553000,
57560,10,3,3,http://,,3,2025-04-25 19:15:08.557000,
57560,10,4,4,http://,,4,2025-04-25 19:15:08.560000,
57566,13,1,1,http://,,1,2026-05-21 13:55:57.190000,
57566,13,2,2,http://,,2,2026-05-21 13:55:57.193000,
57566,13,3,3,http://,,3,2026-05-21 13:55:57.197000,
57566,13,4,4,http://,,4,2026-05-21 13:55:57.200000,
57567,14,1,1,http://,,1,2025-04-25 19:30:21.680000,
57567,14,2,2,http://,,2,2025-04-25 19:30:21.687000,
57567,14,3,3,http://,,3,2025-04-25 19:30:21.690000,
57567,14,4,4,http://,,4,2025-04-25 19:30:21.690000,
57568,11,1,1,http://,,1,2023-04-21 17:50:40.327000,
57568,11,2,2,http://,,2,2023-04-21 17:50:40.327000,
57568,11,3,3,http://,,3,2023-04-21 17:50:40.330000,
57568,11,4,4,http://,,4,2023-04-21 17:50:40.330000,
57571,9,1,1,http://,,1,2024-11-20 14:19:23.280000,
57571,9,2,2,http://,,2,2024-11-20 14:19:23.283000,
57571,9,3,3,http://,,3,2024-11-20 14:19:23.283000,
57571,9,4,4,http://,,4,2024-11-20 14:19:23.287000,
57575,9,1,1,http://,,1,2025-06-18 17:36:04.567000,
57575,9,2,2,http://,,2,2025-06-18 17:36:04.570000,
57575,9,3,3,http://,,3,2025-06-18 17:36:04.570000,
57575,9,4,4,http://,,4,2025-06-18 17:36:04.590000,
57576,11,1,1,http://,,1,2023-05-23 15:15:22.157000,
57576,11,2,2,http://,,2,2023-05-23 15:15:22.160000,
57576,11,3,3,http://,,3,2023-05-23 15:15:22.160000,
57576,11,4,4,http://,,4,2023-05-23 15:15:22.163000,
57577,7,1,1,http://,,1,2023-08-23 16:56:04.927000,
57577,7,2,2,http://,,2,2023-08-23 16:56:04.930000,
57577,7,3,3,http://,,3,2023-08-23 16:56:04.933000,
57577,7,4,4,http://,,4,2023-08-23 16:56:04.933000,
57581,7,1,1,http://,,1,2023-07-19 16:36:05.730000,
57581,7,2,2,http://,,2,2023-07-19 16:36:05.733000,
57581,7,3,3,http://,,3,2023-07-19 16:36:05.737000,
57581,7,4,4,http://,,4,2023-07-19 16:36:05.740000,
57583,9,1,1,http://,,1,2025-10-22 17:06:40.400000,
57583,9,2,2,http://,,2,2025-10-22 17:06:40.403000,
57583,9,3,3,http://,,3,2025-10-22 17:06:40.407000,
57583,9,4,4,http://,,4,2025-10-22 17:06:40.440000,
57587,9,1,1,http://,,1,2023-12-20 14:49:27.583000,
57587,9,2,2,http://,,2,2023-12-20 14:49:27.587000,
57587,9,3,3,http://,,3,2023-12-20 14:49:27.590000,
57587,9,4,4,http://,,4,2023-12-20 14:49:27.590000,
57588,11,1,1,http://,,1,2025-10-22 17:47:44.670000,
57588,11,2,2,http://,,2,2025-10-22 17:47:44.677000,
57588,11,3,3,http://,,3,2025-10-22 17:47:44.680000,
57588,11,4,4,http://,,4,2025-10-22 17:47:44.683000,
57589,16,1,1,http://,,1,2023-11-20 15:53:30.173000,
57589,16,2,2,http://,,2,2023-11-20 15:53:30.183000,
57589,16,3,3,http://,,3,2023-11-20 15:53:30.190000,
57589,16,4,4,http://,,4,2023-11-20 15:53:30.200000,
57590,15,1,1,http://,,1,2026-01-22 18:52:01.223000,
57590,15,2,2,http://,,2,2026-01-22 18:52:01.227000,
57590,15,3,3,http://,,3,2026-01-22 18:52:01.230000,
57590,15,4,4,http://,,4,2026-01-22 18:52:01.233000,
57591,25,1,1,http://,,1,2026-03-20 12:08:48.980000,
57591,25,2,2,http://,,2,2026-03-20 12:08:48.980000,
57591,25,3,3,http://,,3,2026-03-20 12:08:48.983000,
57591,25,4,4,http://,,4,2026-03-20 12:08:48.987000,
57592,19,1,1,http://,,1,2026-02-20 13:41:31.270000,
57592,19,2,2,http://,,2,2026-02-20 13:41:31.277000,
57592,19,3,3,http://,,3,2026-02-20 13:41:31.290000,
57592,19,4,4,http://,,4,2026-02-20 13:41:31.320000,
57593,17,1,1,http://,,1,2025-09-18 19:40:01.150000,
57593,17,2,2,http://,,2,2025-09-18 19:40:01.153000,
57593,17,3,3,http://,,3,2025-09-18 19:40:01.157000,
57593,17,4,4,http://,,4,2025-09-18 19:40:01.160000,
57594,22,1,1,http://,,1,2025-12-23 20:45:46.863000,
57594,22,2,2,http://,,2,2025-12-23 20:45:46.863000,
57594,22,3,3,http://,,3,2025-12-23 20:45:46.867000,
57594,22,4,4,http://,,4,2025-12-23 20:45:46.870000,
57595,20,1,1,http://,,1,2026-02-25 12:35:32.977000,
57595,20,2,2,http://,,2,2026-02-25 12:35:32.980000,
57595,20,3,3,http://,,3,2026-02-25 12:35:32.980000,
57595,20,4,4,http://,,4,2026-02-25 12:35:32.983000,
57596,19,1,1,http://,,1,2026-01-22 19:54:44.357000,
57596,19,2,2,http://,,2,2026-01-22 19:54:44.360000,
57596,19,3,3,http://,,3,2026-01-22 19:54:44.363000,
57596,19,4,4,http://,,4,2026-01-22 19:54:44.367000,
57597,22,1,1,http://,,1,2025-09-16 19:10:42.593000,
57597,22,2,2,http://,,2,2025-09-16 19:10:42.597000,
57597,22,3,3,https://www.cms.gov/Regulations-and-Guidance/Guidance/Manuals/Downloads/bp102c15.pdf,https://www.cms.gov/Regulations-and-Guidance/Guidance/Manuals/Downloads/bp102c15.pdf,3,2025-09-16 19:10:42.603000,"CMS Publication 100-02, Medicare Benefit Policy Manual, Chapter 15 - Covered Medical and Other Health Services, Section 80 Requirements for Diagnostic X-Ray, Diagnostic Laboratory, and Other Diagnostic Tests"
57597,22,3,4,https://www.cms.gov/Regulations-and-Guidance/Guidance/Manuals/Downloads/clm104c23.pdf,https://www.cms.gov/Regulations-and-Guidance/Guidance/Manuals/Downloads/clm104c23.pdf,4,2025-09-16 19:10:42.607000,"CMS Publication 100-04, Medicare Claims Processing Manual, Chapter 23 - Fee Schedule Administration and Coding Requirements:  Section 10 - Reporting ICD Diagnosis and Procedure Codes"
57597,22,4,5,http://,,5,2025-09-16 19:10:42.610000,
57598,11,1,1,http://,,1,2026-03-20 12:40:01.470000,
57598,11,2,2,http://,,2,2026-03-20 12:40:01.473000,
57598,11,3,3,http://,,3,2026-03-20 12:40:01.477000,
57598,11,4,4,http://,,4,2026-03-20 12:40:01.480000,
57599,14,1,1,http://,,1,2025-09-18 18:43:33.190000,
57599,14,2,2,http://,,2,2025-09-18 18:43:33.190000,
57599,14,3,3,http://,,3,2025-09-18 18:43:33.193000,
57599,14,4,4,http://,,4,2025-09-18 18:43:33.197000,
57600,34,1,1,http://,,1,2025-09-26 14:00:03.557000,
57600,34,2,2,http://,,2,2025-09-26 14:00:03.560000,
57600,34,3,3,http://,,3,2025-09-26 14:00:03.563000,
57600,34,4,4,http://,,4,2025-09-26 14:00:03.563000,
57604,16,1,1,http://,,1,2024-01-23 16:48:26.263000,
57604,16,2,2,http://,,2,2024-01-23 16:48:26.267000,
57604,16,3,3,http://,,3,2024-01-23 16:48:26.267000,
57604,16,4,4,http://,,4,2024-01-23 16:48:26.270000,
57607,15,1,1,http://,,1,2023-11-22 15:27:23.683000,
57607,15,2,2,http://,,2,2023-11-22 15:27:23.687000,
57607,15,3,3,http://,,3,2023-11-22 15:27:23.690000,
57607,15,4,4,http://,,4,2023-11-22 15:27:23.693000,
57611,16,1,1,http://,,1,2025-09-09 16:37:28.957000,
57611,16,2,2,http://,,2,2025-09-09 16:37:28.963000,
57611,16,3,3,http://,,3,2025-09-09 16:37:28.973000,
57611,16,4,4,http://,,4,2025-09-09 16:37:28.990000,
57612,8,1,1,http://,,1,2023-11-16 19:17:00.217000,
57612,8,2,2,http://,,2,2023-11-16 19:17:00.220000,
57612,8,3,3,http://,,3,2023-11-16 19:17:00.220000,
57612,8,4,4,http://,,4,2023-11-16 19:17:00.223000,
57614,15,1,1,http://,,1,2025-09-09 16:38:35.747000,
57614,15,2,2,http://,,2,2025-09-09 16:38:35.750000,
57614,15,3,3,http://,,3,2025-09-09 16:38:35.753000,
57614,15,4,4,http://,,4,2025-09-09 16:38:35.757000,
57615,6,1,1,http://,,1,2023-11-16 19:19:46.753000,
57615,6,2,2,http://,,2,2023-11-16 19:19:46.757000,
57615,6,3,3,http://,,3,2023-11-16 19:19:46.760000,
57615,6,4,4,http://,,4,2023-11-16 19:19:46.760000,
57618,24,1,1,http://,,1,2025-01-24 13:58:15.313000,
57618,24,2,2,http://,,2,2025-01-24 13:58:15.317000,
57618,24,3,3,http://,,3,2025-01-24 13:58:15.320000,
57618,24,4,4,http://,,4,2025-01-24 13:58:15.323000,
57619,8,1,1,http://,,1,2023-11-22 17:32:05.123000,
57619,8,2,2,http://,,2,2023-11-22 17:32:05.127000,
57619,8,3,3,http://,,3,2023-11-22 17:32:05.130000,
57619,8,4,4,http://,,4,2023-11-22 17:32:05.130000,
57621,17,1,1,http://,,1,2023-11-22 15:26:10.133000,
57621,17,2,2,http://,,2,2023-11-22 15:26:10.137000,
57621,17,3,3,http://,,3,2023-11-22 15:26:10.140000,
57621,17,4,4,http://,,4,2023-11-22 15:26:10.143000,
57630,11,1,1,http://,,1,2024-07-24 17:29:22.553000,
57630,11,2,2,http://,,2,2024-07-24 17:29:22.557000,
57630,11,3,3,http://,,3,2024-07-24 17:29:22.557000,
57630,11,4,4,https://med.wpsgha.com/guides-resources/view/31,https://med.wpsgha.com/guides-resources/view/31,4,2024-07-24 17:29:22.563000,Modifier 59 Fact Sheet
57630,11,4,5,https://med.wpsgha.com/guides-resources/view/49,https://med.wpsgha.com/guides-resources/view/49,5,2024-07-24 17:29:22.567000,Modifier XS Fact Sheet
57633,8,1,1,http://,,1,2025-01-24 17:53:14.570000,
57633,8,2,2,http://,,2,2025-01-24 17:53:14.573000,
57633,8,3,3,http://,,3,2025-01-24 17:53:14.577000,
57633,8,4,4,http://,,4,2025-01-24 17:53:14.580000,
57636,24,1,1,http://,,1,2025-09-26 14:08:30.683000,
57636,24,2,2,http://,,2,2025-09-26 14:08:30.687000,
57636,24,3,3,http://,,3,2025-09-26 14:08:30.690000,
57636,24,4,4,http://,,4,2025-09-26 14:08:30.697000,
57637,20,1,1,http://,,1,2025-09-26 17:41:18.207000,
57637,20,2,2,http://,,2,2025-09-26 17:41:18.213000,
57637,20,3,3,http://,,3,2025-09-26 17:41:18.217000,
57637,20,4,4,http://,,4,2025-09-26 17:41:18.223000,
57638,7,1,1,http://,,1,2024-01-19 13:57:50.367000,
57638,7,2,2,http://,,2,2024-01-19 13:57:50.370000,
57638,7,3,3,http://,,3,2024-01-19 13:57:50.373000,
57638,7,4,4,http://,,4,2024-01-19 13:57:50.373000,
57643,20,1,1,http://,,1,2025-09-04 19:00:34.260000,
57643,20,2,2,http://,,2,2025-09-04 19:00:34.270000,
57643,20,3,3,http://,,3,2025-09-04 19:00:34.283000,
57643,20,4,4,http://,,4,2025-09-04 19:00:34.293000,
57647,17,1,1,http://,,1,2023-07-07 12:25:58.233000,
57647,17,2,2,http://,,2,2023-07-07 12:25:58.237000,
57647,17,3,3,http://,,3,2023-07-07 12:25:58.240000,
57647,17,4,4,http://,,4,2023-07-07 12:25:58.240000,
57649,9,1,1,http://,,1,2023-10-20 12:29:57.047000,
57649,9,2,2,http://,,2,2023-10-20 12:29:57.050000,
57649,9,3,3,http://,,3,2023-10-20 12:29:57.050000,
57649,9,4,4,http://,,4,2023-10-20 12:29:57.050000,
57651,5,1,1,http://,,1,2019-11-21 21:53:25.553000,
57651,5,2,2,http://,,2,2019-11-21 21:53:25.557000,
57651,5,3,3,http://,,3,2019-11-21 21:53:25.560000,
57651,5,4,4,http://,,4,2019-11-21 21:53:25.560000,
57657,25,1,1,http://,,1,2024-10-18 14:01:03.020000,
57657,25,2,2,http://,,2,2024-10-18 14:01:03.020000,
57657,25,3,3,http://,,3,2024-10-18 14:01:03.023000,
57657,25,4,4,http://,,4,2024-10-18 14:01:03.027000,
57660,6,1,1,http://,,1,2019-11-22 23:00:15.197000,
57660,6,2,2,http://,,2,2019-11-22 23:00:15.203000,
57660,6,3,3,http://,,3,2019-11-22 23:00:15.203000,
57660,6,4,4,http://,,4,2019-11-22 23:00:15.203000,
57661,17,1,1,http://,,1,2023-11-22 19:29:14.880000,
57661,17,2,2,http://,,2,2023-11-22 19:29:14.883000,
57661,17,3,3,http://,,3,2023-11-22 19:29:14.883000,
57661,17,4,4,http://,,4,2023-11-22 19:29:14.887000,
57663,14,1,1,http://,,1,2026-04-29 16:16:11.767000,
57663,14,2,2,http://,,2,2026-04-29 16:16:11.770000,
57663,14,3,3,http://,,3,2026-04-29 16:16:11.773000,
57663,14,4,4,http://,,4,2026-04-29 16:16:11.777000,
57664,11,1,1,http://,,1,2023-11-22 16:49:54.363000,
57664,11,2,2,http://,,2,2023-11-22 16:49:54.367000,
57664,11,3,3,http://,,3,2023-11-22 16:49:54.370000,
57664,11,4,4,http://,,4,2023-11-22 16:49:54.370000,
57666,36,1,1,http://,,1,2026-01-23 14:12:40.200000,
57666,36,2,2,http://,,2,2026-01-23 14:12:40.200000,
57666,36,3,3,http://,,3,2026-01-23 14:12:40.203000,
57666,36,4,4,http://,,4,2026-01-23 14:12:40.207000,
57667,10,1,1,http://,,1,2020-09-25 15:39:19.103000,
57667,10,2,2,http://,,2,2020-09-25 15:39:19.103000,
57667,10,3,3,http://,,3,2020-09-25 15:39:19.103000,
57667,10,4,4,http://,,4,2020-09-25 15:39:19.107000,
57668,45,1,1,http://,,1,2025-09-17 16:28:34.350000,
57668,45,2,2,http://,,2,2025-09-17 16:28:34.353000,
57668,45,3,3,http://,,3,2025-09-17 16:28:34.357000,
57668,45,4,4,http://,,4,2025-09-17 16:28:34.360000,
57669,10,1,1,http://,,1,2025-09-26 14:09:19.707000,
57669,10,2,2,http://,,2,2025-09-26 14:09:19.710000,
57669,10,3,3,http://,,3,2025-09-26 14:09:19.713000,
57669,10,4,4,http://,,4,2025-09-26 14:09:19.717000,
57670,8,1,1,http://,,1,2026-02-06 14:44:56.643000,
57670,8,2,2,http://,,2,2026-02-06 14:44:56.647000,
57670,8,3,3,http://,,3,2026-02-06 14:44:56.650000,
57670,8,4,4,http://,,4,2026-02-06 14:44:56.653000,
57672,6,1,1,http://,,1,2019-11-22 23:07:18.287000,
57672,6,2,2,http://,,2,2019-11-22 23:07:18.290000,
57672,6,3,3,http://,,3,2019-11-22 23:07:18.290000,
57672,6,4,4,http://,,4,2019-11-22 23:07:18.293000,
57677,14,1,1,http://,,1,2024-10-18 12:55:43.020000,
57677,14,2,2,http://,,2,2024-10-18 12:55:43.020000,
57677,14,3,3,http://,,3,2024-10-18 12:55:43.023000,
57677,14,4,4,http://,,4,2024-10-18 12:55:43.027000,
57678,11,1,1,http://,,1,2025-09-26 14:05:19.210000,
57678,11,2,2,http://,,2,2025-09-26 14:05:19.213000,
57678,11,3,3,http://,,3,2025-09-26 14:05:19.217000,
57678,11,4,4,http://,,4,2025-09-26 14:05:19.220000,
57680,9,1,1,http://,,1,2026-01-23 13:41:12.410000,
57680,9,2,2,http://,,2,2026-01-23 13:41:12.413000,
57680,9,3,3,http://,,3,2026-01-23 13:41:12.413000,
57680,9,4,4,http://,,4,2026-01-23 13:41:12.417000,
57682,6,1,1,http://,,1,2020-09-25 15:55:53.700000,
57682,6,2,2,http://,,2,2020-09-25 15:55:53.700000,
57682,6,3,3,http://,,3,2020-09-25 15:55:53.700000,
57682,6,4,4,http://,,4,2020-09-25 15:55:53.703000,
57683,11,1,1,http://,,1,2025-09-17 17:27:30.187000,
57683,11,2,2,http://,,2,2025-09-17 17:27:30.190000,
57683,11,3,3,http://,,3,2025-09-17 17:27:30.193000,
57683,11,4,4,http://,,4,2025-09-17 17:27:30.197000,
57685,15,1,1,http://,,1,2025-12-23 00:27:30.557000,
57685,15,2,2,http://,,2,2025-12-23 00:27:30.557000,
57685,15,3,3,http://,,3,2025-12-23 00:27:30.560000,
57685,15,4,4,http://,,4,2025-12-23 00:27:30.560000,
57689,44,1,1,http://,,1,2025-10-10 16:31:56.147000,
57689,44,2,2,http://,,2,2025-10-10 16:31:56.150000,
57689,44,3,3,http://,,3,2025-10-10 16:31:56.153000,
57689,44,4,4,http://,,4,2025-10-10 16:31:56.157000,
57692,11,1,1,http://,,1,2023-11-08 18:30:41.837000,
57692,11,2,2,http://,,2,2023-11-08 18:30:41.840000,
57692,11,3,3,http://,,3,2023-11-08 18:30:41.840000,
57692,11,4,4,http://,,4,2023-11-08 18:30:41.843000,
57697,16,1,1,http://,,1,2025-09-04 19:02:55.800000,
57697,16,2,2,http://,,2,2025-09-04 19:02:55.803000,
57697,16,3,3,http://,,3,2025-09-04 19:02:55.807000,
57697,16,4,4,http://,,4,2025-09-04 19:02:55.807000,
57701,30,1,1,http://,,1,2025-12-22 16:36:18.733000,
57701,30,2,2,http://,,2,2025-12-22 16:36:18.737000,
57701,30,3,3,http://,,3,2025-12-22 16:36:18.740000,
57701,30,4,4,http://,,4,2025-12-22 16:36:18.740000,
57706,14,1,1,http://,,1,2025-06-20 18:56:08.317000,
57706,14,2,2,http://,,2,2025-06-20 18:56:08.323000,
57706,14,3,3,http://,,3,2025-06-20 18:56:08.327000,
57706,14,4,4,http://,,4,2025-06-20 18:56:08.330000,
57715,55,1,1,http://,,1,2025-12-05 14:36:30.753000,
57715,55,2,2,http://,,2,2025-12-05 14:36:30.757000,
57715,55,3,3,http://,,3,2025-12-05 14:36:30.760000,
57715,55,4,4,http://,,4,2025-12-05 14:36:30.763000,
57718,20,1,1,http://,,1,2024-09-27 12:28:45.763000,
57718,20,2,2,http://,,2,2024-09-27 12:28:45.767000,
57718,20,3,3,http://,,3,2024-09-27 12:28:45.767000,
57718,20,4,4,http://,,4,2024-09-27 12:28:45.770000,
57726,7,1,1,http://,,1,2023-10-13 11:44:21.270000,
57726,7,2,2,http://,,2,2023-10-13 11:44:21.273000,
57726,7,3,3,http://,,3,2023-10-13 11:44:21.277000,
57726,7,4,4,http://,,4,2023-10-13 11:44:21.277000,
57733,12,1,1,http://,,1,2026-04-21 17:05:34.727000,
57733,12,2,2,http://,,2,2026-04-21 17:05:34.730000,
57733,12,3,3,http://,,3,2026-04-21 17:05:34.730000,
57733,12,4,4,http://,,4,2026-04-21 17:05:34.733000,
57736,18,1,1,http://,,1,2024-09-20 19:59:51.403000,
57736,18,2,2,http://,,2,2024-09-20 19:59:51.407000,
57736,18,3,3,http://,,3,2024-09-20 19:59:51.410000,
57736,18,4,4,http://,,4,2024-09-20 19:59:51.410000,
57751,28,1,1,http://,,1,2026-07-17 17:54:02.463000,
57751,28,2,2,http://,,2,2026-07-17 17:54:02.463000,
57751,28,3,3,http://,,3,2026-07-17 17:54:02.467000,
57751,28,4,4,http://,,4,2026-07-17 17:54:02.470000,
57752,18,1,1,http://,,1,2022-02-11 14:12:32.800000,
57752,18,2,2,http://,,2,2022-02-11 14:12:32.800000,
57752,18,3,3,http://,,3,2022-02-11 14:12:32.800000,
57752,18,4,4,http://,,4,2022-02-11 14:12:32.803000,
57753,12,1,1,http://,,1,2022-01-14 13:53:24.773000,
57753,12,2,2,http://,,2,2022-01-14 13:53:24.773000,
57753,12,3,3,http://,,3,2022-01-14 13:53:24.777000,
57753,12,4,4,http://,,4,2022-01-14 13:53:24.777000,
57755,18,1,1,http://,,1,2024-03-27 14:37:53.200000,
57755,18,2,2,http://,,2,2024-03-27 14:37:53.203000,
57755,18,3,3,http://,,3,2024-03-27 14:37:53.203000,
57755,18,4,4,http://,,4,2024-03-27 14:37:53.207000,
57759,36,1,1,http://,,1,2025-09-17 20:26:54.890000,
57759,36,2,2,http://,,2,2025-09-17 20:26:54.893000,
57759,36,3,3,http://,,3,2025-09-17 20:26:54.897000,
57759,36,4,4,http://,,4,2025-09-17 20:26:54.900000,
57765,26,1,1,http://,,1,2026-06-18 14:22:20.587000,
57765,26,2,2,http://,,2,2026-06-18 14:22:20.590000,
57765,26,3,3,http://,,3,2026-06-18 14:22:20.593000,
57765,26,4,4,http://,,4,2026-06-18 14:22:20.597000,
57767,12,1,1,http://,,1,2024-03-01 14:34:12.150000,
57767,12,2,2,http://,,2,2024-03-01 14:34:12.150000,
57767,12,3,3,http://,,3,2024-03-01 14:34:12.150000,
57767,12,4,4,http://,,4,2024-03-01 14:34:12.153000,
57772,81,1,1,http://,,1,2026-07-24 12:17:55.920000,
57772,81,2,2,http://,,2,2026-07-24 12:17:55.923000,
57772,81,3,3,http://,,3,2026-07-24 12:17:55.923000,
57772,81,4,4,http://,,4,2026-07-24 12:17:55.927000,
57773,17,1,1,http://,,1,2023-11-22 15:22:48.677000,
57773,17,2,2,http://,,2,2023-11-22 15:22:48.687000,
57773,17,3,3,http://,,3,2023-11-22 15:22:48.700000,
57773,17,4,4,http://,,4,2023-11-22 15:22:48.717000,
57778,59,1,1,http://,,1,2026-07-10 13:48:23.393000,
57778,59,2,2,http://,,2,2026-07-10 13:48:23.397000,
57778,59,3,3,http://,,3,2026-07-10 13:48:23.400000,
57778,59,4,4,http://,,4,2026-07-10 13:48:23.403000,
57779,8,1,1,http://,,1,2025-01-24 17:40:08.233000,
57779,8,2,2,http://,,2,2025-01-24 17:40:08.237000,
57779,8,3,3,http://,,3,2025-01-24 17:40:08.240000,
57779,8,4,4,http://,,4,2025-01-24 17:40:08.243000,
57780,27,1,1,http://,,1,2025-09-26 14:10:01.953000,
57780,27,2,2,http://,,2,2025-09-26 14:10:01.957000,
57780,27,3,3,http://,,3,2025-09-26 14:10:01.960000,
57780,27,4,4,http://,,4,2025-09-26 14:10:01.963000,
57787,47,1,1,http://,,1,2026-04-02 15:34:00.457000,
57787,47,2,2,http://,,2,2026-04-02 15:34:00.527000,
57787,47,3,3,http://,,3,2026-04-02 15:34:00.530000,
57787,47,4,4,http://,,4,2026-04-02 15:34:00.537000,
57788,41,1,1,http://,,1,2025-12-12 20:04:16.797000,
57788,41,2,2,http://,,2,2025-12-12 20:04:16.800000,
57788,41,3,3,http://,,3,2025-12-12 20:04:16.800000,
57788,41,4,4,http://,,4,2025-12-12 20:04:16.803000,
57791,12,1,1,http://,,1,2023-12-20 01:09:56.873000,
57791,12,2,2,http://,,2,2023-12-20 01:09:56.873000,
57791,12,3,3,http://,,3,2023-12-20 01:09:56.877000,
57791,12,4,4,http://,,4,2023-12-20 01:09:56.880000,
57804,41,1,1,http://,,1,2025-09-26 14:07:53.383000,
57804,41,2,2,http://,,2,2025-09-26 14:07:53.387000,
57804,41,3,3,http://,,3,2025-09-26 14:07:53.390000,
57804,41,4,4,http://,,4,2025-09-26 14:07:53.393000,
57813,8,1,1,http://,,1,2022-01-18 13:52:52.250000,
57813,8,2,2,http://,,2,2022-01-18 13:52:52.250000,
57813,8,3,3,http://,,3,2022-01-18 13:52:52.250000,
57813,8,4,4,http://,,4,2022-01-18 13:52:52.260000,
57826,37,1,1,http://,,1,2026-05-14 17:08:14.403000,
57826,37,2,2,http://,,2,2026-05-14 17:08:14.407000,
57826,37,3,3,http://,,3,2026-05-14 17:08:14.407000,
57826,37,4,4,http://,,4,2026-05-14 17:08:14.410000,
57831,30,1,1,http://,,1,2026-05-26 14:32:35.613000,
57831,30,2,2,http://,,2,2026-05-26 14:32:35.620000,
57831,30,3,3,http://,,3,2026-05-26 14:32:35.623000,
57831,30,4,4,http://,,4,2026-05-26 14:32:35.627000,
57837,30,1,1,http://,,1,2026-05-05 14:16:18.377000,
57837,30,2,2,http://,,2,2026-05-05 14:16:18.380000,
57837,30,3,3,http://,,3,2026-05-05 14:16:18.383000,
57837,30,4,4,http://,,4,2026-05-05 14:16:18.383000,
57839,14,1,1,http://,,1,2025-04-04 13:39:26.627000,
57839,14,2,2,http://,,2,2025-04-04 13:39:26.630000,
57839,14,3,3,http://,,3,2025-04-04 13:39:26.633000,
57839,14,4,4,http://,,4,2025-04-04 13:39:26.637000,
57842,11,1,1,http://,,1,2024-03-28 12:06:22.340000,
57842,11,2,2,http://,,2,2024-03-28 12:06:22.343000,
57842,11,3,3,http://,,3,2024-03-28 12:06:22.347000,
57842,11,4,4,http://,,4,2024-03-28 12:06:22.347000,
57848,19,1,1,http://,,1,2025-03-19 12:10:41.373000,
57848,19,2,2,https://www.cms.gov/Medicare/Coding/NationalCorrectCodInitEd/index,NCCI Policy Manual,2,2025-03-19 12:10:41.380000,"Chapter 3, section J; Chapter 9, section C"
57848,19,2,3,https://www.cms.gov/Medicare/Medicare-Fee-for-Service-Payment/PhysicianFeeSched/index,Medicare Physician Fee Schedule,3,2025-03-19 12:10:41.383000,
57848,19,3,4,http://,,4,2025-03-19 12:10:41.387000,
57848,19,4,5,http://,,5,2025-03-19 12:10:41.390000,
57851,8,1,1,http://,,1,2023-09-19 14:19:23.913000,
57851,8,2,2,http://,,2,2023-09-19 14:19:23.913000,
57851,8,3,3,http://,,3,2023-09-19 14:19:23.917000,
57851,8,4,4,http://,,4,2023-09-19 14:19:23.917000,
57858,30,1,1,http://,,1,2026-05-29 16:08:30.297000,
57858,30,2,2,http://,,2,2026-05-29 16:08:30.300000,
57858,30,3,3,http://,,3,2026-05-29 16:08:30.303000,
57858,30,4,4,http://,,4,2026-05-29 16:08:30.307000,
57863,41,1,1,http://,,1,2026-06-04 16:49:39.647000,
57863,41,2,2,http://,,2,2026-06-04 16:49:39.650000,
57863,41,3,3,http://,,3,2026-06-04 16:49:39.653000,
57863,41,4,4,http://,,4,2026-06-04 16:49:39.657000,
57867,33,1,1,http://,,1,2025-06-30 13:11:57.793000,
57867,33,2,2,http://,,2,2025-06-30 13:11:57.797000,
57867,33,3,3,http://,,3,2025-06-30 13:11:57.797000,
57867,33,4,4,http://,,4,2025-06-30 13:11:57.800000,
57868,4,1,1,http://,,1,2021-12-13 14:12:17.473000,
57868,4,2,2,http://,,2,2021-12-13 14:12:17.487000,
57868,4,3,3,http://,,3,2021-12-13 14:12:17.490000,
57868,4,4,4,http://,,4,2021-12-13 14:12:17.490000,
57870,26,1,1,http://,,1,2025-04-09 11:07:14.747000,
57870,26,2,2,http://,,2,2025-04-09 11:07:14.750000,
57870,26,3,3,http://,,3,2025-04-09 11:07:14.753000,
57870,26,4,4,http://,,4,2025-04-09 11:07:14.757000,
57872,10,1,1,http://,,1,2022-02-11 14:13:27.810000,
57872,10,2,2,http://,,2,2022-02-11 14:13:27.810000,
57872,10,3,3,http://,,3,2022-02-11 14:13:27.810000,
57872,10,4,4,http://,,4,2022-02-11 14:13:27.813000,
57873,31,1,1,http://,,1,2026-06-11 15:26:08.360000,
57873,31,2,2,http://,,2,2026-06-11 15:26:08.363000,
57873,31,3,3,http://,,3,2026-06-11 15:26:08.367000,
57873,31,4,4,http://,,4,2026-06-11 15:26:08.370000,
57878,26,1,1,http://,,1,2026-05-21 13:36:19.703000,
57878,26,2,2,http://,,2,2026-05-21 13:36:19.707000,
57878,26,3,3,http://,,3,2026-05-21 13:36:19.710000,
57878,26,4,4,http://,,4,2026-05-21 13:36:19.710000,
57880,13,1,1,http://,,1,2025-12-11 13:59:03.547000,
57880,13,2,2,http://,,2,2025-12-11 13:59:03.550000,
57880,13,3,3,http://,,3,2025-12-11 13:59:03.550000,
57880,13,4,4,http://,,4,2025-12-11 13:59:03.553000,
57884,10,1,1,http://,,1,2025-04-04 13:40:37.420000,
57884,10,2,2,http://,,2,2025-04-04 13:40:37.423000,
57884,10,3,3,http://,,3,2025-04-04 13:40:37.427000,
57884,10,4,4,http://,,4,2025-04-04 13:40:37.430000,
57889,4,1,1,http://,,1,2019-12-20 15:21:18.780000,
57889,4,2,2,http://,,2,2019-12-20 15:21:18.783000,
57889,4,3,3,http://,,3,2019-12-20 15:21:18.787000,
57889,4,4,4,http://,,4,2019-12-20 15:21:18.787000,
57891,39,1,1,http://,,1,2026-05-05 19:48:55.503000,
57891,39,2,2,http://,,2,2026-05-05 19:48:55.507000,
57891,39,3,3,http://,,3,2026-05-05 19:48:55.510000,
57891,39,4,4,http://,,4,2026-05-05 19:48:55.510000,
57901,27,1,1,http://,,1,2026-05-26 14:22:47.847000,
57901,27,2,2,http://,,2,2026-05-26 14:22:47.850000,
57901,27,3,3,http://,,3,2026-05-26 14:22:47.857000,
57901,27,4,4,http://,,4,2026-05-26 14:22:47.860000,
57910,14,1,1,http://,,1,2023-11-15 12:29:13.907000,
57910,14,2,2,http://,,2,2023-11-15 12:29:13.910000,
57910,14,3,3,http://,,3,2023-11-15 12:29:13.913000,
57910,14,4,4,http://,,4,2023-11-15 12:29:13.917000,
57913,11,1,1,http://,,1,2025-09-16 17:35:55.247000,
57913,11,2,2,http://,,2,2025-09-16 17:35:55.253000,
57913,11,3,3,https://www.cms.gov/Regulations-and-Guidance/Guidance/Manuals/downloads/bp102c15.pdf,240.1 - Coverage of Chiropractic Services,3,2025-09-16 17:35:55.260000,
57913,11,4,4,https://www.cms.gov/Regulations-and-Guidance/Guidance/Manuals/Downloads/clm104c12.pdf,220 Chiropractic Services,4,2025-09-16 17:35:55.267000,
57915,10,1,1,http://,,1,2025-05-13 19:15:55.603000,
57915,10,2,2,http://,,2,2025-05-13 19:15:55.610000,
57915,10,3,3,http://,,3,2025-05-13 19:15:55.610000,
57915,10,4,4,http://,,4,2025-05-13 19:15:55.613000,
57917,32,1,1,http://,,1,2026-08-03 13:41:05.040000,
57917,32,2,2,http://,,2,2026-08-03 13:41:05.043000,
57917,32,3,3,http://,,3,2026-08-03 13:41:05.047000,
57917,32,4,4,http://,,4,2026-08-03 13:41:05.047000,
57926,25,1,1,http://,,1,2026-03-25 17:53:00.617000,
57926,25,2,2,http://,,2,2026-03-25 17:53:00.627000,
57926,25,3,3,http://,,3,2026-03-25 17:53:00.630000,
57926,25,4,4,http://,,4,2026-03-25 17:53:00.633000,
57936,33,1,1,http://,,1,2025-07-23 19:23:15.077000,
57936,33,2,2,http://,,2,2025-07-23 19:23:15.080000,
57936,33,3,3,http://,,3,2025-07-23 19:23:15.083000,
57936,33,4,4,http://,,4,2025-07-23 19:23:15.087000,
57944,25,1,1,http://,,1,2026-05-01 12:37:40.587000,
57944,25,2,2,http://,,2,2026-05-01 12:37:40.600000,
57944,25,3,3,http://,,3,2026-05-01 12:37:40.603000,
57944,25,4,4,http://,,4,2026-05-01 12:37:40.607000,
57948,38,1,1,http://,,1,2026-06-09 19:34:53.567000,
57948,38,2,2,http://,,2,2026-06-09 19:34:53.570000,
57948,38,3,3,http://,,3,2026-06-09 19:34:53.577000,
57948,38,4,4,http://,,4,2026-06-09 19:34:53.580000,
57954,73,1,1,http://,,1,2025-11-10 19:27:29.687000,
57954,73,2,2,http://,,2,2025-11-10 19:27:29.690000,
57954,73,3,3,https://www.cms.gov/Regulations-and-Guidance/Guidance/Manuals/Downloads/bp102c15.pdf,Benefit Policy Manual Chapter 15 Section 290,3,2025-11-10 19:27:29.693000,Foot Care
57954,73,4,4,http://,,4,2025-11-10 19:27:29.697000,
57970,13,1,1,http://,,1,2023-11-22 16:38:16.200000,
57970,13,2,2,http://,,2,2023-11-22 16:38:16.203000,
57970,13,3,3,http://,,3,2023-11-22 16:38:16.203000,
57970,13,4,4,http://,,4,2023-11-22 16:38:16.207000,
57983,6,1,1,http://,,1,2023-12-20 16:25:11.850000,
57983,6,2,2,http://,,2,2023-12-20 16:25:11.850000,
57983,6,3,3,http://,,3,2023-12-20 16:25:11.853000,
57983,6,4,4,http://,,4,2023-12-20 16:25:11.853000,
58000,4,1,1,http://,,1,2020-08-18 15:46:41.017000,
58000,4,2,2,http://,,2,2020-08-18 15:46:41.020000,
58000,4,3,3,http://,,3,2020-08-18 15:46:41.020000,
58000,4,4,4,http://,,4,2020-08-18 15:46:41.020000,
58008,22,1,1,http://,,1,2026-01-27 16:18:03.540000,
58008,22,2,2,http://,,2,2026-01-27 16:18:03.540000,
58008,22,3,3,http://,,3,2026-01-27 16:18:03.543000,
58008,22,4,4,http://,,4,2026-01-27 16:18:03.547000,
58017,55,1,1,http://,,1,2026-07-24 12:44:30.333000,
58017,55,2,2,http://,,2,2026-07-24 12:44:30.337000,
58017,55,3,3,http://,,3,2026-07-24 12:44:30.337000,
58017,55,4,4,http://,,4,2026-07-24 12:44:30.340000,
58019,45,1,1,http://,,1,2026-01-12 15:40:43.967000,
58019,45,2,2,http://,,2,2026-01-12 15:40:43.973000,
58019,45,3,3,http://,,3,2026-01-12 15:40:43.980000,
58019,45,4,4,http://,,4,2026-01-12 15:40:43.983000,
58021,11,1,1,http://,,1,2022-05-26 13:29:57.477000,
58021,11,2,2,http://,,2,2022-05-26 13:29:57.480000,
58021,11,3,3,http://,,3,2022-05-26 13:29:57.480000,
58021,11,4,4,http://,,4,2022-05-26 13:29:57.483000,
58028,23,1,1,http://,,1,2024-01-08 14:34:44.617000,
58028,23,2,2,http://,,2,2024-01-08 14:34:44.633000,
58028,23,3,3,http://,,3,2024-01-08 14:34:44.653000,
58028,23,4,4,http://,,4,2024-01-08 14:34:44.667000,
58031,11,1,1,http://,,1,2022-02-18 13:49:44.787000,
58031,11,2,2,http://,,2,2022-02-18 13:49:44.790000,
58031,11,3,3,http://,,3,2022-02-18 13:49:44.790000,
58031,11,4,4,http://,,4,2022-02-18 13:49:44.790000,
58038,10,1,1,http://,,1,2023-11-10 16:33:22.033000,
58038,10,2,2,http://,,2,2023-11-10 16:33:22.033000,
58038,10,3,3,http://,,3,2023-11-10 16:33:22.037000,
58038,10,4,4,http://,,4,2023-11-10 16:33:22.040000,
58052,9,1,1,http://,,1,2025-09-19 18:56:20.793000,
58052,9,2,2,http://,,2,2025-09-19 18:56:20.797000,
58052,9,3,3,http://,,3,2025-09-19 18:56:20.797000,
58052,9,4,4,http://,,4,2025-09-19 18:56:20.800000,
58061,28,1,1,http://,,1,2025-06-26 13:39:43.080000,
58061,28,2,2,http://,,2,2025-06-26 13:39:43.083000,
58061,28,3,3,http://,,3,2025-06-26 13:39:43.087000,
58061,28,4,4,http://,,4,2025-06-26 13:39:43.087000,
58063,11,1,1,http://,,1,2023-11-10 16:27:41.190000,
58063,11,2,2,http://,,2,2023-11-10 16:27:41.193000,
58063,11,3,3,http://,,3,2023-11-10 16:27:41.197000,
58063,11,4,4,http://,,4,2023-11-10 16:27:41.200000,
58065,19,1,1,http://,,1,2024-01-08 17:49:55.733000,
58065,19,2,2,http://,,2,2024-01-08 17:49:55.737000,
58065,19,3,3,http://,,3,2024-01-08 17:49:55.740000,
58065,19,4,4,http://,,4,2024-01-08 17:49:55.743000,
58075,24,1,1,http://,,1,2026-05-15 12:59:23.530000,
58075,24,2,2,http://,,2,2026-05-15 12:59:23.533000,
58075,24,3,3,http://,,3,2026-05-15 12:59:23.540000,
58075,24,4,4,http://,,4,2026-05-15 12:59:23.547000,
58095,16,1,1,http://,,1,2025-10-29 12:06:21.300000,
58095,16,2,2,http://,,2,2025-10-29 12:06:21.307000,
58095,16,3,3,http://,,3,2025-10-29 12:06:21.317000,
58095,16,4,4,http://,,4,2025-10-29 12:06:21.337000,
58110,22,1,1,http://,,1,2025-04-11 13:05:44.327000,
58110,22,2,2,http://,,2,2025-04-11 13:05:44.330000,
58110,22,3,3,http://,,3,2025-04-11 13:05:44.333000,
58110,22,4,4,http://,,4,2025-04-11 13:05:44.337000,
58113,6,1,1,http://,,1,2023-11-07 12:35:43.027000,
58113,6,2,2,http://www.ssa.gov/OP_Home/ssact/title18/1833.htm,"Approved Use of Drug Off -Label Use of Anti-Cancer Drugs and Biologicals Title XVIII of the Social Security Act, 1833(e)",2,2023-11-07 12:35:43.030000,
58113,6,3,3,http://www.cms.gov/Regulations-and-Guidance/Guidance/Manuals/Downloads/bp102c15.pdf,"CMS Internet-Only Manual, Pub 100-02, Chapter 15, 50.4.1 Approved Use of Drug and 50.4.5 Off -Label Use of Anti-Cancer Drugs and Biologicals ",3,2023-11-07 12:35:43.037000,
58113,6,4,4,http://,,4,2023-11-07 12:35:43.037000,
58116,29,1,1,http://,,1,2025-03-18 17:24:40.310000,
58116,29,2,2,http://,,2,2025-03-18 17:24:40.313000,
58116,29,3,3,http://,,3,2025-03-18 17:24:40.320000,
58116,29,4,4,http://,,4,2025-03-18 17:24:40.323000,
58120,17,1,1,http://,,1,2023-11-22 18:58:03.230000,
58120,17,2,2,http://,,2,2023-11-22 18:58:03.233000,
58120,17,3,3,http://,,3,2023-11-22 18:58:03.237000,
58120,17,4,4,http://,,4,2023-11-22 18:58:03.240000,
58127,19,1,1,http://,,1,2025-09-30 23:50:45.090000,
58127,19,2,2,http://,,2,2025-09-30 23:50:45.093000,
58127,19,3,3,http://,,3,2025-09-30 23:50:45.097000,
58127,19,4,4,http://,,4,2025-09-30 23:50:45.100000,
58133,23,1,1,http://,,1,2025-03-18 11:47:30.497000,
58133,23,2,2,http://,,2,2025-03-18 11:47:30.500000,
58133,23,3,3,http://,,3,2025-03-18 11:47:30.503000,
58133,23,4,4,http://,,4,2025-03-18 11:47:30.507000,
58136,22,1,1,http://,,1,2025-04-11 13:06:39.890000,
58136,22,2,2,http://,,2,2025-04-11 13:06:39.897000,
58136,22,3,3,http://,,3,2025-04-11 13:06:39.900000,
58136,22,4,4,http://,,4,2025-04-11 13:06:39.903000,
58152,13,1,1,http://,,1,2026-02-20 20:15:40.653000,
58152,13,2,2,http://,,2,2026-02-20 20:15:40.657000,
58152,13,3,3,http://,,3,2026-02-20 20:15:40.660000,
58152,13,4,4,http://,,4,2026-02-20 20:15:40.660000,
58168,33,1,1,http://,,1,2026-01-13 15:44:01.740000,
58168,33,2,2,http://,,2,2026-01-13 15:44:01.743000,
58168,33,3,3,http://,,3,2026-01-13 15:44:01.743000,
58168,33,4,4,http://,,4,2026-01-13 15:44:01.747000,
58170,33,1,1,http://,,1,2026-01-13 15:44:31.730000,
58170,33,2,2,http://,,2,2026-01-13 15:44:31.733000,
58170,33,3,3,http://,,3,2026-01-13 15:44:31.737000,
58170,33,4,4,http://,,4,2026-01-13 15:44:31.737000,
58181,24,1,1,http://,,1,2024-01-08 13:56:07.240000,
58181,24,2,2,http://,,2,2024-01-08 13:56:07.240000,
58181,24,3,3,http://,,3,2024-01-08 13:56:07.247000,
58181,24,4,4,http://,,4,2024-01-08 13:56:07.250000,
58183,19,1,1,http://,,1,2025-09-22 13:19:13.800000,
58183,19,2,2,http://,,2,2025-09-22 13:19:13.803000,
58183,19,3,3,http://,,3,2025-09-22 13:19:13.810000,
58183,19,4,4,http://,,4,2025-09-22 13:19:13.810000,
58205,13,1,1,http://,,1,2026-05-21 14:06:11.573000,
58205,13,2,2,http://,,2,2026-05-21 14:06:11.577000,
58205,13,3,3,http://,,3,2026-05-21 14:06:11.580000,
58205,13,4,4,http://,,4,2026-05-21 14:06:11.583000,
58207,34,1,1,http://,,1,2026-01-22 15:22:01.897000,
58207,34,2,2,http://,,2,2026-01-22 15:22:01.900000,
58207,34,3,3,http://,,3,2026-01-22 15:22:01.903000,
58207,34,4,4,http://,,4,2026-01-22 15:22:01.907000,
58209,9,1,1,http://,,1,2026-01-22 20:04:11.010000,
58209,9,2,2,http://,,2,2026-01-22 20:04:11.013000,
58209,9,3,3,http://,,3,2026-01-22 20:04:11.017000,
58209,9,4,4,http://,,4,2026-01-22 20:04:11.020000,
58211,24,1,1,http://,,1,2025-12-11 14:58:17.507000,
58211,24,2,2,http://,,2,2025-12-11 14:58:17.520000,
58211,24,3,3,http://,,3,2025-12-11 14:58:17.523000,
58211,24,4,4,http://,,4,2025-12-11 14:58:17.527000,
58213,16,1,1,http://,,1,2025-04-22 17:24:51.737000,
58213,16,2,2,http://,,2,2025-04-22 17:24:51.740000,
58213,16,3,3,http://,,3,2025-04-22 17:24:51.743000,
58213,16,4,4,http://,,4,2025-04-22 17:24:51.747000,
58218,17,1,1,http://,,1,2025-12-26 23:52:21.990000,
58218,17,2,2,http://,,2,2025-12-26 23:52:21.990000,
58218,17,3,3,http://,,3,2025-12-26 23:52:21.993000,
58218,17,4,4,http://,,4,2025-12-26 23:52:21.997000,
58223,22,1,1,http://,,1,2026-03-18 13:41:37.687000,
58223,22,2,2,http://,,2,2026-03-18 13:41:37.690000,
58223,22,3,3,http://,,3,2026-03-18 13:41:37.693000,
58223,22,4,4,http://,,4,2026-03-18 13:41:37.697000,
58227,20,1,1,http://,,1,2026-01-20 13:42:06.683000,
58227,20,2,2,http://,,2,2026-01-20 13:42:06.687000,
58227,20,3,3,http://,,3,2026-01-20 13:42:06.690000,
58227,20,4,4,http://,,4,2026-01-20 13:42:06.693000,
58243,7,1,1,http://,,1,2026-01-23 13:54:24.807000,
58243,7,2,2,http://,,2,2026-01-23 13:54:24.810000,
58243,7,3,3,http://,,3,2026-01-23 13:54:24.810000,
58243,7,4,4,http://,,4,2026-01-23 13:54:24.813000,
58250,19,1,1,http://,,1,2026-01-23 14:14:12.853000,
58250,19,2,2,http://,,2,2026-01-23 14:14:12.857000,
58250,19,3,3,http://,,3,2026-01-23 14:14:12.860000,
58250,19,4,4,http://,,4,2026-01-23 14:14:12.860000,
58264,8,1,1,http://,,1,2026-01-23 13:55:23.377000,
58264,8,2,2,http://,,2,2026-01-23 13:55:23.380000,
58264,8,3,3,http://,,3,2026-01-23 13:55:23.380000,
58264,8,4,4,http://,,4,2026-01-23 13:55:23.383000,
58275,9,1,1,http://,,1,2022-07-01 17:29:40.477000,
58275,9,2,2,http://,,2,2022-07-01 17:29:40.480000,
58275,9,3,3,http://,,3,2022-07-01 17:29:40.480000,
58275,9,4,4,http://,,4,2022-07-01 17:29:40.483000,
58277,13,1,1,http://,,1,2025-04-09 14:29:58.380000,
58277,13,2,2,http://,,2,2025-04-09 14:29:58.383000,
58277,13,3,3,http://,,3,2025-04-09 14:29:58.387000,
58277,13,4,4,http://,,4,2025-04-09 14:29:58.390000,
58282,14,1,1,http://,,1,2026-07-13 15:33:56.937000,
58282,14,2,2,http://,,2,2026-07-13 15:33:56.940000,
58282,14,3,3,http://,,3,2026-07-13 15:33:56.943000,
58282,14,4,4,http://,,4,2026-07-13 15:33:56.943000,
58287,5,1,1,http://,,1,2021-12-29 15:47:22.217000,
58287,5,2,2,http://,,2,2021-12-29 15:47:22.217000,
58287,5,3,3,http://,,3,2021-12-29 15:47:22.220000,
58287,5,4,4,http://,,4,2021-12-29 15:47:22.220000,
58294,8,1,1,http://,,1,2021-12-15 19:29:27.597000,
58294,8,2,2,http://,,2,2021-12-15 19:29:27.600000,
58294,8,3,3,http://,,3,2021-12-15 19:29:27.600000,
58294,8,4,4,http://,,4,2021-12-15 19:29:27.600000,
58308,18,1,1,http://,,1,2024-09-04 13:37:23.620000,
58308,18,2,2,http://,,2,2024-09-04 13:37:23.623000,
58308,18,3,3,http://,,3,2024-09-04 13:37:23.627000,
58308,18,4,4,http://,,4,2024-09-04 13:37:23.627000,
58318,65,1,1,http://,,1,2026-07-24 12:45:43.420000,
58318,65,2,2,http://,,2,2026-07-24 12:45:43.420000,
58318,65,3,3,http://,,3,2026-07-24 12:45:43.423000,
58318,65,4,4,http://,,4,2026-07-24 12:45:43.427000,
58321,7,1,1,http://,,1,2021-12-21 15:13:33.293000,
58321,7,2,2,http://,,2,2021-12-21 15:13:33.293000,
58321,7,3,3,http://,,3,2021-12-21 15:13:33.297000,
58321,7,4,4,http://,,4,2021-12-21 15:13:33.297000,
58324,35,1,1,http://,,1,2025-11-03 14:14:04.913000,
58324,35,2,2,http://,,2,2025-11-03 14:14:04.917000,
58324,35,3,3,http://,,3,2025-11-03 14:14:04.920000,
58324,35,4,4,http://,,4,2025-11-03 14:14:04.923000,
58343,11,1,1,http://,,1,2022-01-28 16:21:56.997000,
58343,11,2,2,http://,,2,2022-01-28 16:21:57,
58343,11,3,3,http://,,3,2022-01-28 16:21:57,
58343,11,4,4,http://,,4,2022-01-28 16:21:57,
58350,24,1,1,http://,,1,2026-05-15 13:00:18.410000,
58350,24,2,2,http://,,2,2026-05-15 13:00:18.430000,
58350,24,3,3,http://,,3,2026-05-15 13:00:18.443000,
58350,24,4,4,http://,,4,2026-05-15 13:00:18.447000,
58354,15,1,1,http://,,1,2026-01-27 16:42:09.870000,
58354,15,2,2,http://,,2,2026-01-27 16:42:09.873000,
58354,15,3,3,http://,,3,2026-01-27 16:42:09.877000,
58354,15,4,4,http://,,4,2026-01-27 16:42:09.877000,
58359,13,1,1,http://,,1,2025-08-29 16:26:45.340000,
58359,13,2,2,http://,,2,2025-08-29 16:26:45.343000,
58359,13,3,3,http://,,3,2025-08-29 16:26:45.347000,
58359,13,4,4,http://,,4,2025-08-29 16:26:45.350000,
58362,10,1,1,http://,,1,2023-11-08 14:12:36.607000,
58362,10,2,2,http://,,2,2023-11-08 14:12:36.610000,
58362,10,3,3,http://,,3,2023-11-08 14:12:36.613000,
58362,10,4,4,http://,,4,2023-11-08 14:12:36.617000,
58364,39,1,1,http://,,1,2026-07-17 13:58:21.123000,
58364,39,2,2,http://,,2,2026-07-17 13:58:21.127000,
58364,39,3,3,http://,,3,2026-07-17 13:58:21.130000,
58364,39,4,4,http://,,4,2026-07-17 13:58:21.130000,
58367,6,1,1,http://,,1,2021-12-28 21:23:47.790000,
58367,6,2,2,http://,,2,2021-12-28 21:23:47.793000,
58367,6,3,3,http://,,3,2021-12-28 21:23:47.793000,
58367,6,4,4,http://,,4,2021-12-28 21:23:47.793000,
58371,12,1,1,http://,,1,2023-12-13 11:56:18.900000,
58371,12,2,2,http://,,2,2023-12-13 11:56:18.903000,
58371,12,3,3,http://,,3,2023-12-13 11:56:18.907000,
58371,12,4,4,http://,,4,2023-12-13 11:56:18.907000,
58376,67,1,1,http://,,1,2026-07-28 16:15:33.047000,
58376,67,2,2,http://,,2,2026-07-28 16:15:33.047000,
58376,67,3,3,http://,,3,2026-07-28 16:15:33.050000,
58376,67,4,4,http://,,4,2026-07-28 16:15:33.050000,
58392,13,1,1,http://,,1,2024-12-17 19:38:02.907000,
58392,13,2,2,http://,,2,2024-12-17 19:38:02.917000,
58392,13,3,3,http://,,3,2024-12-17 19:38:02.930000,
58392,13,4,4,http://,,4,2024-12-17 19:38:02.943000,
58395,44,1,1,http://,,1,2026-07-24 12:00:16.003000,
58395,44,2,2,http://,,2,2026-07-24 12:00:16.007000,
58395,44,3,3,http://,,3,2026-07-24 12:00:16.010000,
58395,44,4,4,http://,,4,2026-07-24 12:00:16.010000,
58403,27,1,1,http://,,1,2026-05-12 13:14:37.980000,
58403,27,2,2,http://,,2,2026-05-12 13:14:37.997000,
58403,27,3,3,http://,,3,2026-05-12 13:14:38.007000,
58403,27,4,4,http://,,4,2026-05-12 13:14:38.017000,
58406,26,1,1,http://,,1,2026-01-20 13:09:53.753000,
58406,26,2,2,http://,,2,2026-01-20 13:09:53.757000,
58406,26,3,3,http://,,3,2026-01-20 13:09:53.760000,
58406,26,4,4,http://,,4,2026-01-20 13:09:53.763000,
58410,9,1,1,http://,,1,2022-01-14 13:55:22.257000,
58410,9,2,2,http://,,2,2022-01-14 13:55:22.257000,
58410,9,3,3,http://,,3,2022-01-14 13:55:22.260000,
58410,9,4,4,http://,,4,2022-01-14 13:55:22.260000,
58414,11,1,1,http://,,1,2022-01-14 13:47:59.630000,
58414,11,2,2,http://,,2,2022-01-14 13:47:59.630000,
58414,11,3,3,http://,,3,2022-01-14 13:47:59.633000,
58414,11,4,4,http://,,4,2022-01-14 13:47:59.633000,
58423,48,1,1,http://,,1,2025-12-05 14:35:38.723000,
58423,48,2,2,http://,,2,2025-12-05 14:35:38.727000,
58423,48,3,3,http://,,3,2025-12-05 14:35:38.730000,
58423,48,4,4,http://,,4,2025-12-05 14:35:38.733000,
58428,29,1,1,http://,,1,2026-04-02 15:09:09.153000,
58428,29,2,2,http://,,2,2026-04-02 15:09:09.157000,
58428,29,3,3,https://www.cms.gov/Regulations-and-Guidance/Guidance/Manuals/Downloads/clm104c04.pdf,"Medicare Claims Processing Manual Chapter 4, Part B Hospital",3,2026-04-02 15:09:09.167000,
58428,29,4,4,http://,,4,2026-04-02 15:09:09.180000,
58434,34,1,1,http://,,1,2026-03-06 14:02:55.610000,
58434,34,2,2,http://,,2,2026-03-06 14:02:55.610000,
58434,34,3,3,http://,,3,2026-03-06 14:02:55.613000,
58434,34,4,4,http://,,4,2026-03-06 14:02:55.617000,
58436,13,1,1,http://,,1,2025-09-04 18:54:29.920000,
58436,13,2,2,http://,,2,2025-09-04 18:54:29.923000,
58436,13,3,3,http://,,3,2025-09-04 18:54:29.927000,
58436,13,4,4,http://,,4,2025-09-04 18:54:29.930000,
58454,50,1,1,http://,,1,2026-07-28 13:12:34.873000,
58454,50,2,2,http://,,2,2026-07-28 13:12:34.877000,
58454,50,3,3,http://,,3,2026-07-28 13:12:34.877000,
58454,50,4,4,http://,,4,2026-07-28 13:12:34.880000,
58468,41,1,1,http://,,1,2026-07-31 11:43:56.070000,
58468,41,2,2,http://,,2,2026-07-31 11:43:56.073000,
58468,41,3,3,http://,,3,2026-07-31 11:43:56.077000,
58468,41,4,4,http://,,4,2026-07-31 11:43:56.080000,
58471,10,1,1,http://,,1,2023-02-15 13:42:16.517000,
58471,10,2,2,http://,,2,2023-02-15 13:42:16.530000,
58471,10,3,3,http://,,3,2023-02-15 13:42:16.533000,
58471,10,4,4,http://,,4,2023-02-15 13:42:16.537000,
58473,11,1,1,http://,,1,2026-04-30 14:11:01.503000,
58473,11,2,2,http://,,2,2026-04-30 14:11:01.510000,
58473,11,3,3,https://www.cms.gov/Regulations-and-Guidance/Guidance/Manuals/Downloads/clm104c30.pdf,https://www.cms.gov/Regulations-and-Guidance/Guidance/Manuals/Downloads/clm104c30.pdf,3,2026-04-30 14:11:01.513000,"CMS Publication 100-04, Medicare Claims Processing Manual, Chapter 30"
58473,11,4,4,http://,,4,2026-04-30 14:11:01.517000,
58477,22,1,1,http://,,1,2026-05-21 14:03:05.463000,
58477,22,2,2,http://,,2,2026-05-21 14:03:05.467000,
58477,22,3,3,http://,,3,2026-05-21 14:03:05.467000,
58477,22,4,4,http://,,4,2026-05-21 14:03:05.470000,
58503,12,1,1,http://,,1,2023-08-22 15:20:43.030000,
58503,12,2,2,http://,,2,2023-08-22 15:20:43.030000,
58503,12,3,3,http://,,3,2023-08-22 15:20:43.033000,
58503,12,4,4,http://,,4,2023-08-22 15:20:43.033000,
58559,42,1,1,http://,,1,2026-07-31 14:24:59.647000,
58559,42,2,2,http://,,2,2026-07-31 14:24:59.650000,
58559,42,3,3,http://,,3,2026-07-31 14:24:59.653000,
58559,42,4,4,http://,,4,2026-07-31 14:24:59.657000,
58565,52,1,1,https://www.cms.gov/Regulations-and-Guidance/Guidance/Manuals/Downloads/ncd103c1_Part1.pdf,NCD 70.2 - Consultation Services Rendered by a Podiatrist in a Skilled Nursing Facility,1,2026-08-04 19:42:59.083000,"Coverage Determinations, Part 1 Section 70.2(PDF)"
58565,52,2,2,http://,,2,2026-08-04 19:42:59.083000,
58565,52,3,3,http://,,3,2026-08-04 19:42:59.087000,
58565,52,4,4,https://www.cms.gov/Regulations-and-Guidance/Guidance/Transmittals/Downloads/R1422OTN.pdf,CR 8863,4,2026-08-04 19:42:59.090000,CR 8863 – Specific Modifiers for Distinct Procedural Services
58565,52,4,5,https://www.cms.gov/sites/default/files/repo-new/50/mm101762.pdf,MM10176,5,2026-08-04 19:42:59.093000,Medicare Learning Network MM10176 – Updated Editing of Always Therapy Services - MCS
58573,13,1,1,http://,,1,2026-02-06 13:52:50.410000,
58573,13,2,2,http://,,2,2026-02-06 13:52:50.423000,
58573,13,3,3,http://,,3,2026-02-06 13:52:50.433000,
58573,13,4,4,http://,,4,2026-02-06 13:52:50.440000,
58575,38,1,1,http://,,1,2026-01-23 14:10:49.427000,
58575,38,2,2,http://,,2,2026-01-23 14:10:49.427000,
58575,38,3,3,http://,,3,2026-01-23 14:10:49.430000,
58575,38,4,4,http://,,4,2026-01-23 14:10:49.433000,
58577,33,1,1,http://,,1,2026-01-23 14:18:05.863000,
58577,33,2,2,http://,,2,2026-01-23 14:18:05.867000,
58577,33,3,3,http://,,3,2026-01-23 14:18:05.870000,
58577,33,4,4,http://,,4,2026-01-23 14:18:05.870000,
58582,20,1,1,http://,,1,2026-07-27 16:51:59.950000,
58582,20,2,2,http://,,2,2026-07-27 16:51:59.953000,
58582,20,3,3,http://,,3,2026-07-27 16:51:59.957000,
58582,20,4,4,http://,,4,2026-07-27 16:51:59.957000,
58592,19,1,1,http://,,1,2025-09-26 14:06:34.937000,
58592,19,2,2,http://,,2,2025-09-26 14:06:34.940000,
58592,19,3,3,http://www.cms.gov/Regulations-and-Guidance/Guidance/Manuals/Downloads/clm104c32.pdf,"Medicare Claims Processing Manual, Chapter 32, Billing Requirements for Special Services",3,2025-09-26 14:06:34.943000,
58592,19,4,4,http://,,4,2025-09-26 14:06:34.950000,
58609,7,1,1,http://,,1,2021-11-19 18:19:05.373000,
58609,7,2,2,http://,,2,2021-11-19 18:19:05.373000,
58609,7,3,3,http://,,3,2021-11-19 18:19:05.377000,
58609,7,4,4,http://,,4,2021-11-19 18:19:05.377000,
58641,4,1,1,http://,,1,2021-02-10 21:01:14.097000,
58641,4,2,2,http://,,2,2021-02-10 21:01:14.097000,
58641,4,3,3,http://www.cms.gov/Regulations-and-Guidance/Guidance/Manuals/Downloads/clm104c13.pdf,"Pub 100-04, Chapter 35, Medicare Claims Processing Manual",3,2021-02-10 21:01:14.097000,
58641,4,3,4,http://www.cms.gov/Regulations-and-Guidance/Guidance/Manuals/Downloads/clm104c13.pdf,"Pub 100-04, Chapter 13, Section 20.3, Medicare Claims Processing Manual",4,2021-02-10 21:01:14.100000,
58641,4,4,5,http://,,5,2021-02-10 21:01:14.100000,
58649,13,1,1,http://,,1,2026-06-16 10:02:09.703000,
58649,13,2,2,http://,,2,2026-06-16 10:02:09.707000,
58649,13,3,3,http://,,3,2026-06-16 10:02:09.710000,
58649,13,4,4,http://,,4,2026-06-16 10:02:09.713000,
58650,4,1,1,http://,,1,2021-04-13 12:53:26.593000,
58650,4,2,2,http://,,2,2021-04-13 12:53:26.593000,
58650,4,3,3,http://,,3,2021-04-13 12:53:26.597000,
58650,4,4,4,http://,,4,2021-04-13 12:53:26.597000,
58652,29,1,1,http://,,1,2026-07-28 16:14:08.713000,
58652,29,2,2,http://,,2,2026-07-28 16:14:08.717000,
58652,29,3,3,http://,,3,2026-07-28 16:14:08.720000,
58652,29,4,4,http://,,4,2026-07-28 16:14:08.720000,
58656,9,1,1,http://,,1,2024-06-14 17:28:43.450000,
58656,9,2,2,http://,,2,2024-06-14 17:28:43.453000,
58656,9,3,3,http://,,3,2024-06-14 17:28:43.457000,
58656,9,4,4,http://,,4,2024-06-14 17:28:43.457000,
58664,9,1,1,http://,,1,2024-04-04 12:36:19.890000,
58664,9,2,2,http://,,2,2024-04-04 12:36:19.893000,
58664,9,3,3,http://,,3,2024-04-04 12:36:19.900000,
58664,9,4,4,http://,,4,2024-04-04 12:36:19.903000,
58673,8,1,1,http://,,1,2023-11-22 19:02:55.007000,
58673,8,2,2,http://,,2,2023-11-22 19:02:55.007000,
58673,8,3,3,http://,,3,2023-11-22 19:02:55.010000,
58673,8,4,4,http://,,4,2023-11-22 19:02:55.013000,
58677,5,1,1,http://,,1,2023-11-07 12:39:48.693000,
58677,5,2,2,http://,,2,2023-11-07 12:39:48.697000,
58677,5,3,3,http://,,3,2023-11-07 12:39:48.700000,
58677,5,4,4,http://,,4,2023-11-07 12:39:48.700000,
58679,38,1,1,http://,,1,2026-08-07 16:28:49.750000,
58679,38,2,2,http://,,2,2026-08-07 16:28:49.763000,
58679,38,3,3,http://,,3,2026-08-07 16:28:49.770000,
58679,38,4,4,http://,,4,2026-08-07 16:28:49.777000,
58689,6,1,1,http://,,1,2023-09-19 13:22:32.490000,
58689,6,2,2,http://,,2,2023-09-19 13:22:32.493000,
58689,6,3,3,http://,,3,2023-09-19 13:22:32.493000,
58689,6,4,4,http://,,4,2023-09-19 13:22:32.497000,
58695,11,1,1,http://,,1,2025-01-13 16:08:10.940000,
58695,11,2,2,http://,,2,2025-01-13 16:08:10.943000,
58695,11,3,3,http://,,3,2025-01-13 16:08:10.947000,
58695,11,4,4,http://,,4,2025-01-13 16:08:10.950000,
58700,17,1,1,http://,,1,2026-06-16 16:16:30.263000,
58700,17,2,2,http://,,2,2026-06-16 16:16:30.270000,
58700,17,3,3,http://,,3,2026-06-16 16:16:30.270000,
58700,17,4,4,http://,,4,2026-06-16 16:16:30.277000,
58706,12,1,1,http://,,1,2023-11-08 14:53:40.753000,
58706,12,2,2,http://,,2,2023-11-08 14:53:40.757000,
58706,12,3,3,http://,,3,2023-11-08 14:53:40.760000,
58706,12,4,4,http://,,4,2023-11-08 14:53:40.760000,
58710,92,1,1,http://,,1,2026-07-28 16:14:52.343000,
58710,92,2,2,http://,,2,2026-07-28 16:14:52.343000,
58710,92,3,3,http://,,3,2026-07-28 16:14:52.347000,
58710,92,4,4,http://,,4,2026-07-28 16:14:52.350000,
58713,13,1,1,http://,,1,2026-06-19 22:31:41.040000,
58713,13,2,2,http://,,2,2026-06-19 22:31:41.043000,
58713,13,3,3,http://,,3,2026-06-19 22:31:41.047000,
58713,13,4,4,http://,,4,2026-06-19 22:31:41.050000,
58718,16,1,1,http://,,1,2026-06-16 15:27:01.060000,
58718,16,2,2,http://,,2,2026-06-16 15:27:01.067000,
58718,16,3,3,http://,,3,2026-06-16 15:27:01.070000,
58718,16,4,4,http://,,4,2026-06-16 15:27:01.073000,
58720,90,1,1,http://,,1,2026-07-28 13:17:17.440000,
58720,90,2,2,http://,,2,2026-07-28 13:17:17.443000,
58720,90,3,3,http://,,3,2026-07-28 13:17:17.443000,
58720,90,4,4,http://,,4,2026-07-28 13:17:17.447000,
58731,16,1,1,http://,,1,2025-03-06 18:09:52.677000,
58731,16,2,2,http://,,2,2025-03-06 18:09:52.680000,
58731,16,3,3,http://,,3,2025-03-06 18:09:52.680000,
58731,16,4,4,http://,,4,2025-03-06 18:09:52.683000,
58734,20,1,1,http://,,1,2026-07-30 19:18:02.803000,
58734,20,2,2,http://,,2,2026-07-30 19:18:02.807000,
58734,20,3,3,http://,,3,2026-07-30 19:18:02.810000,
58734,20,4,4,http://,,4,2026-07-30 19:18:02.813000,
58737,10,1,1,http://,,1,2023-11-15 12:45:39.013000,
58737,10,2,2,http://,,2,2023-11-15 12:45:39.020000,
58737,10,3,3,http://,,3,2023-11-15 12:45:39.020000,
58737,10,4,4,http://,,4,2023-11-15 12:45:39.023000,
58741,18,1,1,http://,,1,2025-07-24 14:54:39.303000,
58741,18,2,2,http://,,2,2025-07-24 14:54:39.320000,
58741,18,3,3,http://,,3,2025-07-24 14:54:39.320000,
58741,18,4,4,http://,,4,2025-07-24 14:54:39.333000,
58745,21,1,1,http://,,1,2025-03-14 19:03:50.030000,
58745,21,2,2,http://,,2,2025-03-14 19:03:50.030000,
58745,21,3,3,http://,,3,2025-03-14 19:03:50.033000,
58745,21,4,4,http://,,4,2025-03-14 19:03:50.040000,
58747,65,1,1,http://,,1,2026-07-02 16:11:47.600000,
58747,65,2,2,http://,,2,2026-07-02 16:11:47.603000,
58747,65,3,3,http://,,3,2026-07-02 16:11:47.607000,
58747,65,4,4,http://,,4,2026-07-02 16:11:47.607000,
58756,26,1,1,http://,,1,2026-07-31 11:47:36.827000,
58756,26,2,2,http://,,2,2026-07-31 11:47:36.830000,
58756,26,3,3,http://,,3,2026-07-31 11:47:36.833000,
58756,26,4,4,http://,,4,2026-07-31 11:47:36.837000,
58759,13,1,1,http://,,1,2026-06-17 16:58:55.447000,
58759,13,2,2,http://,,2,2026-06-17 16:58:55.450000,
58759,13,3,3,http://,,3,2026-06-17 16:58:55.453000,
58759,13,4,4,http://,,4,2026-06-17 16:58:55.457000,
58761,70,1,1,http://,,1,2026-07-31 11:33:30.800000,
58761,70,2,2,http://,,2,2026-07-31 11:33:30.803000,
58761,70,3,3,http://,,3,2026-07-31 11:33:30.807000,
58761,70,4,4,http://,,4,2026-07-31 11:33:30.810000,
58774,24,1,1,http://,,1,2026-06-18 15:38:08.140000,
58774,24,2,2,http://,,2,2026-06-18 15:38:08.143000,
58774,24,3,3,http://,,3,2026-06-18 15:38:08.150000,
58774,24,4,4,http://,,4,2026-06-18 15:38:08.150000,
58777,11,1,1,http://,,1,2023-11-20 16:38:03.133000,
58777,11,2,2,http://,,2,2023-11-20 16:38:03.133000,
58777,11,3,3,http://,,3,2023-11-20 16:38:03.137000,
58777,11,4,4,http://,,4,2023-11-20 16:38:03.140000,
58788,18,1,1,http://,,1,2026-07-23 11:37:16.497000,
58788,18,2,2,http://,,2,2026-07-23 11:37:16.503000,
58788,18,3,3,http://,,3,2026-07-23 11:37:16.513000,
58788,18,4,4,http://,,4,2026-07-23 11:37:16.517000,
58795,15,1,1,http://,,1,2025-01-24 17:57:05.417000,
58795,15,2,2,http://,,2,2025-01-24 17:57:05.420000,
58795,15,3,3,http://,,3,2025-01-24 17:57:05.423000,
58795,15,4,4,http://,,4,2025-01-24 17:57:05.430000,
58797,15,1,1,http://,,1,2025-01-24 17:58:11.583000,
58797,15,2,2,http://,,2,2025-01-24 17:58:11.587000,
58797,15,3,3,http://,,3,2025-01-24 17:58:11.590000,
58797,15,4,4,http://,,4,2025-01-24 17:58:11.593000,
58801,85,1,1,http://,,1,2026-07-10 13:49:07.280000,
58801,85,2,2,http://,,2,2026-07-10 13:49:07.283000,
58801,85,3,3,http://,,3,2026-07-10 13:49:07.287000,
58801,85,4,4,http://,,4,2026-07-10 13:49:07.290000,
58808,12,1,1,http://,,1,2023-07-14 11:34:24.410000,
58808,12,2,2,http://,,2,2023-07-14 11:34:24.413000,
58808,12,3,3,http://,,3,2023-07-14 11:34:24.417000,
58808,12,4,4,http://,,4,2023-07-14 11:34:24.417000,
58810,11,1,1,http://,,1,2023-07-14 11:34:57.597000,
58810,11,2,2,http://,,2,2023-07-14 11:34:57.600000,
58810,11,3,3,http://,,3,2023-07-14 11:34:57.600000,
58810,11,4,4,http://,,4,2023-07-14 11:34:57.603000,
58812,81,1,1,http://,,1,2026-07-10 13:49:43.557000,
58812,81,2,2,http://,,2,2026-07-10 13:49:43.560000,
58812,81,3,3,http://,,3,2026-07-10 13:49:43.563000,
58812,81,4,4,http://,,4,2026-07-10 13:49:43.567000,
58814,12,1,1,http://,,1,2023-12-20 16:00:55.073000,
58814,12,2,2,http://,,2,2023-12-20 16:00:55.073000,
58814,12,3,3,http://,,3,2023-12-20 16:00:55.077000,
58814,12,4,4,http://,,4,2023-12-20 16:00:55.077000,
58817,6,1,1,http://,,1,2023-11-07 16:43:54.433000,
58817,6,2,2,http://,,2,2023-11-07 16:43:54.453000,
58817,6,3,3,http://,,3,2023-11-07 16:43:54.460000,
58817,6,4,4,http://,,4,2023-11-07 16:43:54.470000,
58821,7,1,1,http://,,1,2022-03-09 15:36:34.380000,
58821,7,2,2,http://,,2,2022-03-09 15:36:34.380000,
58821,7,3,3,http://,,3,2022-03-09 15:36:34.383000,
58821,7,4,4,http://,,4,2022-03-09 15:36:34.383000,
58828,15,1,1,http://,,1,2026-03-13 13:22:32.103000,
58828,15,2,2,http://,,2,2026-03-13 13:22:32.107000,
58828,15,3,3,http://,,3,2026-03-13 13:22:32.110000,
58828,15,4,4,http://,,4,2026-03-13 13:22:32.110000,
58833,17,1,1,http://,,1,2023-11-01 18:00:24.943000,
58833,17,2,2,http://,,2,2023-11-01 18:00:24.947000,
58833,17,3,3,http://,,3,2023-11-01 18:00:24.947000,
58833,17,4,4,http://,,4,2023-11-01 18:00:24.950000,
58836,20,1,1,http://,,1,2023-05-11 16:14:08.627000,
58836,20,2,2,http://,,2,2023-05-11 16:14:08.630000,
58836,20,3,3,http://,,3,2023-05-11 16:14:08.630000,
58836,20,4,4,http://,,4,2023-05-11 16:14:08.633000,
58865,24,1,1,http://,,1,2025-09-22 11:36:47.657000,
58865,24,2,2,http://,,2,2025-09-22 11:36:47.660000,
58865,24,3,3,http://,,3,2025-09-22 11:36:47.663000,
58865,24,4,4,http://,,4,2025-09-22 11:36:47.667000,
58872,6,1,1,http://,,1,2025-09-26 14:02:54.350000,
58872,6,2,2,http://,,2,2025-09-26 14:02:54.353000,
58872,6,3,3,http://,,3,2025-09-26 14:02:54.357000,
58872,6,4,4,http://,,4,2025-09-26 14:02:54.363000,
58873,7,1,1,http://,,1,2025-09-26 14:13:35.950000,
58873,7,2,2,http://,,2,2025-09-26 14:13:35.953000,
58873,7,3,3,http://,,3,2025-09-26 14:13:35.957000,
58873,7,4,4,http://,,4,2025-09-26 14:13:35.960000,
58876,12,1,1,http://,,1,2026-01-27 16:23:15.950000,
58876,12,2,2,http://,,2,2026-01-27 16:23:15.950000,
58876,12,3,3,http://,,3,2026-01-27 16:23:15.953000,
58876,12,4,4,http://,,4,2026-01-27 16:23:15.957000,
58883,6,1,1,http://,,1,2023-03-08 14:23:30.560000,
58883,6,2,2,http://,,2,2023-03-08 14:23:30.563000,
58883,6,3,3,http://,,3,2023-03-08 14:23:30.563000,
58883,6,4,4,http://,,4,2023-03-08 14:23:30.567000,
58893,19,1,1,http://,,1,2025-09-17 20:36:54.147000,
58893,19,2,2,http://,,2,2025-09-17 20:36:54.150000,
58893,19,3,3,http://,,3,2025-09-17 20:36:54.157000,
58893,19,4,4,http://,,4,2025-09-17 20:36:54.160000,
58917,101,1,1,http://,,1,2026-07-10 13:50:33.887000,
58917,101,2,2,http://,,2,2026-07-10 13:50:33.890000,
58917,101,3,3,http://,,3,2026-07-10 13:50:33.893000,
58917,101,4,4,http://,,4,2026-07-10 13:50:33.897000,
58918,90,1,1,http://,,1,2026-07-10 13:51:17.730000,
58918,90,2,2,http://,,2,2026-07-10 13:51:17.733000,
58918,90,3,3,http://,,3,2026-07-10 13:51:17.737000,
58918,90,4,4,http://,,4,2026-07-10 13:51:17.740000,
58921,11,1,1,http://,,1,2024-10-21 10:27:51.410000,
58921,11,2,2,http://,,2,2024-10-21 10:27:51.413000,
58921,11,3,3,http://,,3,2024-10-21 10:27:51.417000,
58921,11,4,4,http://,,4,2024-10-21 10:27:51.420000,
58963,11,1,1,http://,,1,2025-07-16 15:41:29.257000,
58963,11,2,2,http://,,2,2025-07-16 15:41:29.260000,
58963,11,3,3,http://,,3,2025-07-16 15:41:29.263000,
58963,11,4,4,http://,,4,2025-07-16 15:41:29.267000,
58973,27,1,1,http://,,1,2025-09-19 19:14:52.947000,
58973,27,2,2,http://,,2,2025-09-19 19:14:52.950000,
58973,27,3,3,http://,,3,2025-09-19 19:14:52.950000,
58973,27,4,4,http://,,4,2025-09-19 19:14:52.953000,
58982,19,1,1,http://,,1,2025-04-10 12:56:55.473000,
58982,19,2,2,http://,,2,2025-04-10 12:56:55.477000,
58982,19,3,3,http://,,3,2025-04-10 12:56:55.480000,
58982,19,4,4,http://,,4,2025-04-10 12:56:55.483000,
58988,24,1,1,http://,,1,2025-04-15 11:39:47.377000,
58988,24,2,2,http://,,2,2025-04-15 11:39:47.380000,
58988,24,3,3,http://,,3,2025-04-15 11:39:47.383000,
58988,24,4,4,http://,,4,2025-04-15 11:39:47.387000,
58993,16,1,1,http://,,1,2025-09-04 18:56:44.450000,
58993,16,2,2,http://,,2,2025-09-04 18:56:44.453000,
58993,16,3,3,http://,,3,2025-09-04 18:56:44.460000,
58993,16,4,4,http://,,4,2025-09-04 18:56:44.463000,
58996,31,1,1,http://,,1,2025-04-15 12:37:32.157000,
58996,31,2,2,http://,,2,2025-04-15 12:37:32.160000,
58996,31,3,3,http://,,3,2025-04-15 12:37:32.163000,
58996,31,4,4,http://,,4,2025-04-15 12:37:32.167000,
58998,19,1,1,http://,,1,2025-04-14 12:10:38.477000,
58998,19,2,2,http://,,2,2025-04-14 12:10:38.477000,
58998,19,3,3,http://,,3,2025-04-14 12:10:38.480000,
58998,19,4,4,http://,,4,2025-04-14 12:10:38.483000,
59004,20,1,1,http://,,1,2025-04-25 17:04:32.073000,
59004,20,2,2,http://,,2,2025-04-25 17:04:32.080000,
59004,20,3,3,http://,,3,2025-04-25 17:04:32.080000,
59004,20,4,4,http://,,4,2025-04-25 17:04:32.083000,
59006,4,1,1,http://,,1,2023-11-07 12:36:50.993000,
59006,4,2,2,http://,,2,2023-11-07 12:36:50.997000,
59006,4,3,3,http://,,3,2023-11-07 12:36:51.003000,
59006,4,4,4,http://,,4,2023-11-07 12:36:51.003000,
59015,3,1,1,http://,,1,2023-03-24 13:40:24.920000,
59015,3,2,2,http://,,2,2023-03-24 13:40:24.923000,
59015,3,3,3,http://,,3,2023-03-24 13:40:24.927000,
59015,3,4,4,http://,,4,2023-03-24 13:40:24.927000,
59028,12,1,1,http://,,1,2026-01-27 16:14:32.660000,
59028,12,2,2,http://,,2,2026-01-27 16:14:32.660000,
59028,12,3,3,http://,,3,2026-01-27 16:14:32.663000,
59028,12,4,4,http://,,4,2026-01-27 16:14:32.667000,
59030,13,1,1,http://,,1,2026-01-27 16:46:36.537000,
59030,13,2,2,http://,,2,2026-01-27 16:46:36.540000,
59030,13,3,3,http://,,3,2026-01-27 16:46:36.540000,
59030,13,4,4,http://,,4,2026-01-27 16:46:36.543000,
59032,7,1,1,http://,,1,2023-11-22 17:23:11.400000,
59032,7,2,2,http://,,2,2023-11-22 17:23:11.410000,
59032,7,3,3,http://,,3,2023-11-22 17:23:11.417000,
59032,7,4,4,http://,,4,2023-11-22 17:23:11.423000,
59036,23,1,1,http://,,1,2026-02-04 14:04:18.813000,
59036,23,2,2,http://,,2,2026-02-04 14:04:18.820000,
59036,23,3,3,http://,,3,2026-02-04 14:04:18.823000,
59036,23,4,4,http://,,4,2026-02-04 14:04:18.827000,
59040,12,1,1,http://,,1,2024-12-23 16:53:17.703000,
59040,12,2,2,http://,,2,2024-12-23 16:53:17.707000,
59040,12,3,3,http://,,3,2024-12-23 16:53:17.807000,
59040,12,4,4,http://,,4,2024-12-23 16:53:17.823000,
59042,13,1,1,http://,,1,2024-08-08 18:09:09.010000,
59042,13,2,2,http://,,2,2024-08-08 18:09:09.013000,
59042,13,3,3,http://,,3,2024-08-08 18:09:09.013000,
59042,13,4,4,http://,,4,2024-08-08 18:09:09.017000,
59049,16,1,1,http://,,1,2023-11-22 12:43:44.373000,
59049,16,2,2,http://,,2,2023-11-22 12:43:44.377000,
59049,16,3,3,http://,,3,2023-11-22 12:43:44.380000,
59049,16,4,4,http://,,4,2023-11-22 12:43:44.380000,
59051,6,1,1,http://,,1,2025-02-06 19:17:00.460000,
59051,6,2,2,http://,,2,2025-02-06 19:17:00.463000,
59051,6,3,3,http://,,3,2025-02-06 19:17:00.463000,
59051,6,4,4,http://,,4,2025-02-06 19:17:00.470000,
59060,4,1,1,http://,,1,2022-04-07 16:12:12.710000,
59060,4,2,2,http://,,2,2022-04-07 16:12:12.733000,
59060,4,3,3,http://,,3,2022-04-07 16:12:12.753000,
59060,4,4,4,http://,,4,2022-04-07 16:12:12.780000,
59066,10,1,1,http://,,1,2025-10-31 21:06:19.230000,
59066,10,2,2,http://,,2,2025-10-31 21:06:19.233000,
59066,10,3,3,http://,,3,2025-10-31 21:06:19.237000,
59066,10,4,4,http://,,4,2025-10-31 21:06:19.240000,
59101,28,1,1,http://,,1,2025-09-17 14:19:30.657000,
59101,28,2,2,http://,,2,2025-09-17 14:19:30.660000,
59101,28,3,3,http://,,3,2025-09-17 14:19:30.660000,
59101,28,4,4,http://,,4,2025-09-17 14:19:30.663000,
59105,36,1,1,http://,,1,2026-07-24 15:31:37.220000,
59105,36,2,2,http://,,2,2026-07-24 15:31:37.220000,
59105,36,3,3,http://,,3,2026-07-24 15:31:37.223000,
59105,36,4,4,http://,,4,2026-07-24 15:31:37.223000,
59109,7,1,1,http://,,1,2023-10-03 12:37:44.877000,
59109,7,2,2,http://,,2,2023-10-03 12:37:44.880000,
59109,7,3,3,http://,,3,2023-10-03 12:37:44.883000,
59109,7,4,4,http://,,4,2023-10-03 12:37:44.887000,
59121,3,1,1,http://,,1,2023-03-22 12:01:22.990000,
59121,3,2,2,http://,,2,2023-03-22 12:01:22.993000,
59121,3,3,3,http://,,3,2023-03-22 12:01:22.997000,
59121,3,4,4,http://,,4,2023-03-22 12:01:23,
59123,28,1,1,http://,,1,2025-01-03 19:42:36.500000,
59123,28,2,2,http://,,2,2025-01-03 19:42:36.507000,
59123,28,3,3,http://,,3,2025-01-03 19:42:36.510000,
59123,28,4,4,http://,,4,2025-01-03 19:42:36.513000,
59125,38,1,1,http://,,1,2025-01-03 19:41:29.317000,
59125,38,2,2,http://,,2,2025-01-03 19:41:29.320000,
59125,38,3,3,http://,,3,2025-01-03 19:41:29.323000,
59125,38,4,4,http://,,4,2025-01-03 19:41:29.327000,
59126,5,1,1,http://,,1,2024-03-05 16:37:45.750000,
59126,5,2,2,http://,,2,2024-03-05 16:37:45.757000,
59126,5,3,3,http://,,3,2024-03-05 16:37:45.757000,
59126,5,4,4,http://,,4,2024-03-05 16:37:45.760000,
59154,13,1,1,http://,,1,2026-03-16 18:20:08.013000,
59154,13,2,2,http://,,2,2026-03-16 18:20:08.017000,
59154,13,3,3,http://,,3,2026-03-16 18:20:08.020000,
59154,13,4,4,http://,,4,2026-03-16 18:20:08.023000,
59158,9,1,1,http://,,1,2024-01-02 22:06:16.590000,
59158,9,2,2,http://,,2,2024-01-02 22:06:16.593000,
59158,9,3,3,http://,,3,2024-01-02 22:06:16.593000,
59158,9,4,4,http://,,4,2024-01-02 22:06:16.597000,
59160,13,1,1,http://,,1,2025-08-14 18:05:50.027000,
59160,13,2,2,http://,,2,2025-08-14 18:05:50.030000,
59160,13,3,3,http://,,3,2025-08-14 18:05:50.033000,
59160,13,4,4,http://,,4,2025-08-14 18:05:50.037000,
59163,7,1,1,http://,,1,2026-02-19 15:23:04.500000,
59163,7,2,2,http://,,2,2026-02-19 15:23:04.500000,
59163,7,3,3,http://,,3,2026-02-19 15:23:04.503000,
59163,7,4,4,http://,,4,2026-02-19 15:23:04.507000,
59170,5,1,1,http://,,1,2023-08-22 19:03:46.357000,
59170,5,2,2,http://,,2,2023-08-22 19:03:46.357000,
59170,5,3,3,http://,,3,2023-08-22 19:03:46.360000,
59170,5,4,4,http://,,4,2023-08-22 19:03:46.363000,
59175,11,1,1,http://,,1,2024-09-25 13:10:32.123000,
59175,11,2,2,http://,,2,2024-09-25 13:10:32.123000,
59175,11,3,3,http://,,3,2024-09-25 13:10:32.127000,
59175,11,4,4,http://,,4,2024-09-25 13:10:32.130000,
59179,10,1,1,http://,,1,2023-11-22 17:10:57.013000,
59179,10,2,2,http://,,2,2023-11-22 17:10:57.013000,
59179,10,3,3,http://,,3,2023-11-22 17:10:57.017000,
59179,10,4,4,http://,,4,2023-11-22 17:10:57.020000,
59186,22,1,1,http://,,1,2025-08-25 19:39:12.570000,
59186,22,2,2,http://,,2,2025-08-25 19:39:12.593000,
59186,22,3,3,http://,,3,2025-08-25 19:39:12.607000,
59186,22,4,4,http://,,4,2025-08-25 19:39:12.617000,
59192,15,1,1,http://,,1,2024-11-08 16:43:50.080000,
59192,15,2,2,http://,,2,2024-11-08 16:43:50.083000,
59192,15,3,3,http://,,3,2024-11-08 16:43:50.087000,
59192,15,4,4,http://,,4,2024-11-08 16:43:50.090000,
59205,3,1,1,http://,,1,2023-01-13 14:25:21.667000,
59205,3,2,2,http://,,2,2023-01-13 14:25:21.670000,
59205,3,3,3,http://,,3,2023-01-13 14:25:21.670000,
59205,3,4,4,http://,,4,2023-01-13 14:25:21.673000,
59215,9,1,1,http://,,1,2026-02-27 16:20:49.407000,
59215,9,2,2,http://,,2,2026-02-27 16:20:49.410000,
59215,9,3,3,http://,,3,2026-02-27 16:20:49.413000,
59215,9,4,4,http://,,4,2026-02-27 16:20:49.413000,
59217,5,1,1,http://,,1,2022-09-09 11:19:41.827000,
59217,5,2,2,http://,,2,2022-09-09 11:19:41.830000,
59217,5,3,3,http://,,3,2022-09-09 11:19:41.830000,
59217,5,4,4,http://,,4,2022-09-09 11:19:41.833000,
59218,5,1,1,http://,,1,2022-09-09 11:20:33.503000,
59218,5,2,2,http://www.ssa.gov/OP_Home/ssact/title18/1833.htm,"Approved Use of Drug Off -Label Use of Anti-Cancer Drugs and Biologicals Title XVIII of the Social Security Act, 1833(e)",2,2022-09-09 11:20:33.507000,
59218,5,3,3,http://www.cms.gov/Regulations-and-Guidance/Guidance/Manuals/Downloads/bp102c15.pdf,"CMS Internet-Only Manual, Pub 100-02, Chapter 15, 50.4.1 Approved Use of Drug and 50.4.5 Off -Label Use of Anti-Cancer Drugs and Biologicals ",3,2022-09-09 11:20:33.513000,
59218,5,4,4,http://,,4,2022-09-09 11:20:33.517000,
59233,19,1,1,http://,,1,2024-05-20 11:58:35.750000,
59233,19,2,2,http://,,2,2024-05-20 11:58:35.750000,
59233,19,3,3,http://,,3,2024-05-20 11:58:35.753000,
59233,19,4,4,http://,,4,2024-05-20 11:58:35.757000,
59244,18,1,1,http://,,1,2024-05-31 17:09:36.857000,
59244,18,2,2,http://,,2,2024-05-31 17:09:36.860000,
59244,18,3,3,http://,,3,2024-05-31 17:09:36.863000,
59244,18,4,4,http://,,4,2024-05-31 17:09:36.863000,
59254,3,1,1,http://,,1,2022-09-20 12:24:34.230000,
59254,3,2,2,http://,,2,2022-09-20 12:24:34.233000,
59254,3,3,3,http://,,3,2022-09-20 12:24:34.233000,
59254,3,4,4,http://,,4,2022-09-20 12:24:34.237000,
59257,11,1,1,http://,,1,2024-12-18 15:04:20.493000,
59257,11,2,2,http://,,2,2024-12-18 15:04:20.510000,
59257,11,3,3,http://,,3,2024-12-18 15:04:20.517000,
59257,11,4,4,http://,,4,2024-12-18 15:04:20.527000,
59259,8,1,1,http://,,1,2024-11-20 13:59:47.890000,
59259,8,2,2,http://,,2,2024-11-20 13:59:47.893000,
59259,8,3,3,http://,,3,2024-11-20 13:59:47.893000,
59259,8,4,4,http://,,4,2024-11-20 13:59:47.897000,
59261,7,1,1,http://,,1,2025-09-17 17:20:53.280000,
59261,7,2,2,http://,,2,2025-09-17 17:20:53.290000,
59261,7,3,3,http://,,3,2025-09-17 17:20:53.307000,
59261,7,4,4,http://,,4,2025-09-17 17:20:53.330000,
59268,27,1,1,http://,,1,2025-01-24 14:03:23.547000,
59268,27,2,2,http://,,2,2025-01-24 14:03:23.560000,
59268,27,3,3,http://,,3,2025-01-24 14:03:23.580000,
59268,27,4,4,http://,,4,2025-01-24 14:03:23.593000,
59270,26,1,1,http://,,1,2025-01-24 14:03:59.780000,
59270,26,2,2,http://,,2,2025-01-24 14:03:59.783000,
59270,26,3,3,http://,,3,2025-01-24 14:03:59.783000,
59270,26,4,4,http://,,4,2025-01-24 14:03:59.787000,
59295,6,1,1,http://,,1,2025-04-16 19:11:30.980000,
59295,6,2,2,http://,,2,2025-04-16 19:11:30.983000,
59295,6,3,3,http://,,3,2025-04-16 19:11:30.990000,
59295,6,4,4,http://,,4,2025-04-16 19:11:30.993000,
59299,12,1,1,http://,,1,2025-12-01 15:23:24.323000,
59299,12,2,2,http://,,2,2025-12-01 15:23:24.330000,
59299,12,3,3,http://,,3,2025-12-01 15:23:24.333000,
59299,12,4,4,http://,,4,2025-12-01 15:23:24.340000,
59311,10,1,1,http://,,1,2024-09-18 12:58:18.420000,
59311,10,2,2,http://,,2,2024-09-18 12:58:18.423000,
59311,10,3,3,http://,,3,2024-09-18 12:58:18.427000,
59311,10,4,4,http://,,4,2024-09-18 12:58:18.430000,
59318,13,1,1,http://,,1,2026-02-19 15:11:02.520000,
59318,13,2,2,http://,,2,2026-02-19 15:11:02.530000,
59318,13,3,3,http://,,3,2026-02-19 15:11:02.540000,
59318,13,4,4,http://,,4,2026-02-19 15:11:02.557000,
59323,4,1,1,http://,,1,2024-12-03 17:14:53.797000,
59323,4,2,2,http://,,2,2024-12-03 17:14:53.800000,
59323,4,3,3,http://,,3,2024-12-03 17:14:53.803000,
59323,4,4,4,http://,,4,2024-12-03 17:14:53.807000,
59332,15,1,1,http://,,1,2026-04-17 13:36:17.937000,
59332,15,2,2,http://,,2,2026-04-17 13:36:17.940000,
59332,15,3,3,http://,,3,2026-04-17 13:36:17.943000,
59332,15,4,4,http://,,4,2026-04-17 13:36:17.947000,
59350,27,1,1,http://,,1,2026-04-28 18:58:16.717000,
59350,27,2,2,http://,,2,2026-04-28 18:58:16.720000,
59350,27,3,3,http://,,3,2026-04-28 18:58:16.727000,
59350,27,4,4,http://,,4,2026-04-28 18:58:16.730000,
59371,7,1,1,http://,,1,2026-02-04 14:06:00,
59371,7,2,2,http://,,2,2026-02-04 14:06:00.003000,
59371,7,3,3,http://,,3,2026-02-04 14:06:00.007000,
59371,7,4,4,http://,,4,2026-02-04 14:06:00.010000,
59374,14,1,1,http://,,1,2025-09-18 20:03:02.423000,
59374,14,2,2,http://,,2,2025-09-18 20:03:02.427000,
59374,14,3,3,http://,,3,2025-09-18 20:03:02.430000,
59374,14,4,4,http://,,4,2025-09-18 20:03:02.433000,
59380,3,1,1,http://,,1,2024-06-28 13:40:37.353000,
59380,3,2,2,http://,,2,2024-06-28 13:40:37.357000,
59380,3,3,3,http://,,3,2024-06-28 13:40:37.360000,
59380,3,4,4,http://,,4,2024-06-28 13:40:37.360000,
59382,4,1,1,http://,,1,2024-06-28 11:41:21.530000,
59382,4,2,2,http://,,2,2024-06-28 11:41:21.533000,
59382,4,3,3,http://,,3,2024-06-28 11:41:21.537000,
59382,4,4,4,http://,,4,2024-06-28 11:41:21.537000,
59386,4,1,1,http://,,1,2024-06-28 14:07:23.580000,
59386,4,2,2,http://,,2,2024-06-28 14:07:23.580000,
59386,4,3,3,http://,,3,2024-06-28 14:07:23.583000,
59386,4,4,4,http://,,4,2024-06-28 14:07:23.587000,
59416,14,1,1,http://,,1,2026-07-30 19:17:12.170000,
59416,14,2,2,http://,,2,2026-07-30 19:17:12.173000,
59416,14,3,3,http://,,3,2026-07-30 19:17:12.177000,
59416,14,4,4,http://,,4,2026-07-30 19:17:12.180000,
59423,4,1,1,http://,,1,2026-02-19 16:30:13.777000,
59423,4,2,2,http://,,2,2026-02-19 16:30:13.830000,
59423,4,3,3,http://,,3,2026-02-19 16:30:13.893000,
59423,4,4,4,http://,,4,2026-02-19 16:30:13.943000,
59429,4,1,1,http://,,1,2026-04-20 12:35:40.560000,
59429,4,2,2,http://,,2,2026-04-20 12:35:40.560000,
59429,4,3,3,http://,,3,2026-04-20 12:35:40.570000,
59429,4,4,4,http://,,4,2026-04-20 12:35:40.573000,
59434,19,1,1,http://,,1,2025-09-16 17:56:25.837000,
59434,19,2,2,http://,,2,2025-09-16 17:56:25.840000,
59434,19,3,3,http://,,3,2025-09-16 17:56:25.843000,
59434,19,4,4,http://,,4,2025-09-16 17:56:25.847000,
59449,2,1,1,http://,,1,2023-06-01 15:03:46.657000,
59449,2,2,2,http://,,2,2023-06-01 15:03:46.660000,
59449,2,3,3,http://,,3,2023-06-01 15:03:46.660000,
59449,2,4,4,http://,,4,2023-06-01 15:03:46.663000,
59462,4,1,1,http://,,1,2024-08-01 12:59:19.307000,
59462,4,2,2,http://,,2,2024-08-01 12:59:19.310000,
59462,4,3,3,http://,,3,2024-08-01 12:59:19.310000,
59462,4,4,4,http://,,4,2024-08-01 12:59:19.313000,
59466,7,1,1,http://,,1,2023-12-11 04:44:05.167000,
59466,7,2,2,http://,,2,2023-12-11 04:44:05.170000,
59466,7,3,3,http://,,3,2023-12-11 04:44:05.170000,
59466,7,4,4,http://,,4,2023-12-11 04:44:05.173000,
59470,4,1,1,http://,,1,2024-06-07 12:15:47.620000,
59470,4,2,2,http://,,2,2024-06-07 12:15:47.623000,
59470,4,3,3,http://,,3,2024-06-07 12:15:47.630000,
59470,4,4,4,http://,,4,2024-06-07 12:15:47.630000,
59472,4,1,1,http://,,1,2024-08-01 13:59:00.283000,
59472,4,2,2,http://,,2,2024-08-01 13:59:00.283000,
59472,4,3,3,http://,,3,2024-08-01 13:59:00.287000,
59472,4,4,4,http://,,4,2024-08-01 13:59:00.290000,
59474,4,1,1,http://,,1,2025-05-13 19:14:46.343000,
59474,4,2,2,http://,,2,2025-05-13 19:14:46.347000,
59474,4,3,3,http://,,3,2025-05-13 19:14:46.347000,
59474,4,4,4,http://,,4,2025-05-13 19:14:46.350000,
59476,4,1,1,http://,,1,2024-08-02 14:22:52.323000,
59476,4,2,2,http://,,2,2024-08-02 14:22:52.327000,
59476,4,3,3,http://,,3,2024-08-02 14:22:52.327000,
59476,4,4,4,http://,,4,2024-08-02 14:22:52.330000,
59480,10,1,1,http://,,1,2025-09-18 19:56:26.557000,
59480,10,2,2,http://,,2,2025-09-18 19:56:26.560000,
59480,10,3,3,http://,,3,2025-09-18 19:56:26.560000,
59480,10,4,4,http://,,4,2025-09-18 19:56:26.563000,
59482,4,1,1,http://,,1,2025-06-11 12:11:53.220000,
59482,4,2,2,http://,,2,2025-06-11 12:11:53.240000,
59482,4,3,3,http://,,3,2025-06-11 12:11:53.253000,
59482,4,4,4,http://,,4,2025-06-11 12:11:53.273000,
59484,8,1,1,http://,,1,2025-01-02 16:02:07.390000,
59484,8,2,2,http://,,2,2025-01-02 16:02:07.397000,
59484,8,3,3,http://,,3,2025-01-02 16:02:07.403000,
59484,8,4,4,http://,,4,2025-01-02 16:02:07.407000,
59487,15,1,1,http://,,1,2025-12-22 18:24:59.810000,
59487,15,2,2,http://,,2,2025-12-22 18:24:59.813000,
59487,15,3,3,http://,,3,2025-12-22 18:24:59.813000,
59487,15,4,4,http://,,4,2025-12-22 18:24:59.817000,
59491,7,1,1,http://,,1,2023-07-21 14:46:44.040000,
59491,7,2,2,http://,,2,2023-07-21 14:46:44.043000,
59491,7,3,3,http://,,3,2023-07-21 14:46:44.043000,
59491,7,4,4,http://,,4,2023-07-21 14:46:44.047000,
59498,10,1,1,http://,,1,2026-01-27 16:44:14.897000,
59498,10,2,2,http://,,2,2026-01-27 16:44:14.900000,
59498,10,3,3,http://,,3,2026-01-27 16:44:14.900000,
59498,10,4,4,http://,,4,2026-01-27 16:44:14.903000,
59505,5,1,1,http://,,1,2024-08-02 11:56:44.580000,
59505,5,2,2,http://,,2,2024-08-02 11:56:44.580000,
59505,5,3,3,http://,,3,2024-08-02 11:56:44.583000,
59505,5,4,4,http://,,4,2024-08-02 11:56:44.583000,
59509,5,1,1,http://,,1,2024-06-07 12:35:20.727000,
59509,5,2,2,http://,,2,2024-06-07 12:35:20.730000,
59509,5,3,3,http://,,3,2024-06-07 12:35:20.730000,
59509,5,4,4,http://,,4,2024-06-07 12:35:20.733000,
59513,4,1,1,http://,,1,2024-08-01 12:27:55.443000,
59513,4,2,2,http://,,2,2024-08-01 12:27:55.453000,
59513,4,3,3,http://,,3,2024-08-01 12:27:55.460000,
59513,4,4,4,http://,,4,2024-08-01 12:27:55.470000,
59521,11,1,1,http://,,1,2025-01-02 13:12:49.410000,
59521,11,2,2,http://,,2,2025-01-02 13:12:49.413000,
59521,11,3,3,http://,,3,2025-01-02 13:12:49.417000,
59521,11,4,4,http://,,4,2025-01-02 13:12:49.420000,
59529,10,1,1,http://,,1,2025-08-01 00:24:31.927000,
59529,10,2,2,http://,,2,2025-08-01 00:24:31.947000,
59529,10,3,3,http://,,3,2025-08-01 00:24:31.957000,
59529,10,4,4,http://,,4,2025-08-01 00:24:31.967000,
59536,7,1,1,http://,,1,2025-01-23 20:22:49.220000,
59536,7,2,2,http://,,2,2025-01-23 20:22:49.227000,
59536,7,3,3,http://,,3,2025-01-23 20:22:49.230000,
59536,7,4,4,http://,,4,2025-01-23 20:22:49.230000,
59549,5,1,1,http://,,1,2026-06-18 12:54:10.487000,
59549,5,2,2,http://,,2,2026-06-18 12:54:10.507000,
59549,5,3,3,http://,,3,2026-06-18 12:54:10.520000,
59549,5,4,4,http://,,4,2026-06-18 12:54:10.530000,
59551,5,1,1,http://,,1,2026-06-18 12:47:39.130000,
59551,5,2,2,http://,,2,2026-06-18 12:47:39.130000,
59551,5,3,3,http://,,3,2026-06-18 12:47:39.133000,
59551,5,4,4,http://,,4,2026-06-18 12:47:39.137000,
59553,11,1,1,http://,,1,2026-01-22 20:10:16.027000,
59553,11,2,2,http://,,2,2026-01-22 20:10:16.030000,
59553,11,3,3,http://,,3,2026-01-22 20:10:16.030000,
59553,11,4,4,http://,,4,2026-01-22 20:10:16.037000,
59560,4,1,1,http://,,1,2026-04-16 17:53:00.100000,
59560,4,2,2,http://,,2,2026-04-16 17:53:00.107000,
59560,4,3,3,http://,,3,2026-04-16 17:53:00.110000,
59560,4,4,4,http://,,4,2026-04-16 17:53:00.113000,
59561,3,1,1,http://,,1,2023-09-19 20:27:07.253000,
59561,3,2,2,http://,,2,2023-09-19 20:27:07.257000,
59561,3,3,3,http://,,3,2023-09-19 20:27:07.257000,
59561,3,4,4,http://,,4,2023-09-19 20:27:07.260000,
59595,4,1,1,http://,,1,2024-06-03 11:31:32.590000,
59595,4,2,2,http://,,2,2024-06-03 11:31:32.590000,
59595,4,3,3,http://,,3,2024-06-03 11:31:32.597000,
59595,4,4,4,http://,,4,2024-06-03 11:31:32.600000,
59608,32,1,1,http://,,1,2026-04-04 15:22:22.360000,
59608,32,2,2,http://,,2,2026-04-04 15:22:22.367000,
59608,32,3,3,http://,,3,2026-04-04 15:22:22.370000,
59608,32,4,4,http://,,4,2026-04-04 15:22:22.370000,
59624,19,1,1,http://,,1,2026-03-30 15:54:29.677000,
59624,19,2,2,http://,,2,2026-03-30 15:54:29.683000,
59624,19,3,3,http://,,3,2026-03-30 15:54:29.687000,
59624,19,4,4,http://,,4,2026-03-30 15:54:29.690000,
59632,23,1,1,http://,,1,2026-04-01 16:37:34.503000,
59632,23,2,2,http://,,2,2026-04-01 16:37:34.510000,
59632,23,3,3,http://,,3,2026-04-01 16:37:34.510000,
59632,23,4,4,http://,,4,2026-04-01 16:37:34.513000,
59634,10,1,1,http://,,1,2026-04-02 13:25:17.943000,
59634,10,2,2,http://,,2,2026-04-02 13:25:17.947000,
59634,10,3,3,http://,,3,2026-04-02 13:25:17.950000,
59634,10,4,4,http://,,4,2026-04-02 13:25:17.953000,
59636,34,1,1,http://,,1,2026-07-21 12:44:17.350000,
59636,34,2,2,http://,,2,2026-07-21 12:44:17.350000,
59636,34,3,3,http://,,3,2026-07-21 12:44:17.353000,
59636,34,4,4,http://,,4,2026-07-21 12:44:17.357000,
59641,35,1,1,http://,,1,2026-07-21 12:13:50.890000,
59641,35,2,2,http://,,2,2026-07-21 12:13:50.893000,
59641,35,3,3,http://,,3,2026-07-21 12:13:50.897000,
59641,35,4,4,http://,,4,2026-07-21 12:13:50.900000,
59646,19,1,1,http://,,1,2026-07-24 12:24:46.300000,
59646,19,2,2,http://,,2,2026-07-24 12:24:46.303000,
59646,19,3,3,http://,,3,2026-07-24 12:24:46.303000,
59646,19,4,4,http://,,4,2026-07-24 12:24:46.307000,
59649,30,1,1,http://,,1,2026-07-24 11:56:06.653000,
59649,30,2,2,http://,,2,2026-07-24 11:56:06.657000,
59649,30,3,3,http://,,3,2026-07-24 11:56:06.657000,
59649,30,4,4,http://,,4,2026-07-24 11:56:06.660000,
59654,4,1,1,http://,,1,2024-05-21 14:17:38.920000,
59654,4,2,2,http://,,2,2024-05-21 14:17:38.923000,
59654,4,3,3,http://,,3,2024-05-21 14:17:38.923000,
59654,4,4,4,http://,,4,2024-05-21 14:17:38.927000,
59657,9,1,1,http://,,1,2025-07-17 23:00:57.253000,
59657,9,2,2,http://,,2,2025-07-17 23:00:57.257000,
59657,9,3,3,http://,,3,2025-07-17 23:00:57.260000,
59657,9,4,4,http://,,4,2025-07-17 23:00:57.260000,
59661,3,1,1,http://,,1,2024-01-16 18:29:07.257000,
59661,3,2,2,http://,,2,2024-01-16 18:29:07.260000,
59661,3,3,3,http://,,3,2024-01-16 18:29:07.260000,
59661,3,4,4,http://,,4,2024-01-16 18:29:07.263000,
59664,17,1,1,http://,,1,2026-05-21 14:00:00.100000,
59664,17,2,2,http://,,2,2026-05-21 14:00:00.100000,
59664,17,3,3,http://,,3,2026-05-21 14:00:00.103000,
59664,17,4,4,http://,,4,2026-05-21 14:00:00.107000,
59668,29,1,1,http://,,1,2026-04-24 14:05:58.247000,
59668,29,2,2,http://,,2,2026-04-24 14:05:58.250000,
59668,29,3,3,http://,,3,2026-04-24 14:05:58.270000,
59668,29,4,4,http://,,4,2026-04-24 14:05:58.273000,
59672,8,1,1,http://,,1,2026-01-27 16:33:59.850000,
59672,8,2,2,http://,,2,2026-01-27 16:33:59.853000,
59672,8,3,3,http://,,3,2026-01-27 16:33:59.857000,
59672,8,4,4,http://,,4,2026-01-27 16:33:59.860000,
59674,18,1,1,http://,,1,2026-04-24 14:06:46.183000,
59674,18,2,2,http://,,2,2026-04-24 14:06:46.187000,
59674,18,3,3,http://,,3,2026-04-24 14:06:46.190000,
59674,18,4,4,http://,,4,2026-04-24 14:06:46.197000,
59678,4,1,1,http://,,1,2024-02-22 19:17:29.523000,
59678,4,2,2,http://,,2,2024-02-22 19:17:29.537000,
59678,4,3,3,http://,,3,2024-02-22 19:17:29.543000,
59678,4,4,4,http://,,4,2024-02-22 19:17:29.553000,
59680,3,1,1,http://,,1,2024-02-16 18:32:52.860000,
59680,3,2,2,http://,,2,2024-02-16 18:32:52.870000,
59680,3,3,3,http://,,3,2024-02-16 18:32:52.877000,
59680,3,4,4,http://,,4,2024-02-16 18:32:52.887000,
59682,4,1,1,http://,,1,2024-12-27 21:50:19.557000,
59682,4,2,2,http://,,2,2024-12-27 21:50:19.567000,
59682,4,3,3,http://,,3,2024-12-27 21:50:19.573000,
59682,4,4,4,http://,,4,2024-12-27 21:50:19.580000,
59685,5,1,1,http://,,1,2024-02-23 14:22:38.850000,
59685,5,2,2,http://,,2,2024-02-23 14:22:38.857000,
59685,5,3,3,http://,,3,2024-02-23 14:22:38.867000,
59685,5,4,4,http://,,4,2024-02-23 14:22:38.867000,
59695,12,1,1,http://,,1,2025-12-23 11:46:35.477000,
59695,12,2,2,http://,,2,2025-12-23 11:46:35.480000,
59695,12,3,3,http://,,3,2025-12-23 11:46:35.483000,
59695,12,4,4,http://,,4,2025-12-23 11:46:35.487000,
59698,3,1,1,http://,,1,2024-02-22 21:28:43.423000,
59698,3,2,2,http://,,2,2024-02-22 21:28:43.427000,
59698,3,3,3,http://,,3,2024-02-22 21:28:43.430000,
59698,3,4,4,http://,,4,2024-02-22 21:28:43.430000,
59700,5,1,1,http://,,1,2026-02-20 13:36:59.830000,
59700,5,2,2,http://,,2,2026-02-20 13:36:59.830000,
59700,5,3,3,http://,,3,2026-02-20 13:36:59.833000,
59700,5,4,4,http://,,4,2026-02-20 13:36:59.837000,
59707,25,1,1,http://,,1,2026-04-03 17:45:10.620000,
59707,25,2,2,http://,,2,2026-04-03 17:45:10.623000,
59707,25,3,3,http://,,3,2026-04-03 17:45:10.627000,
59707,25,4,4,http://,,4,2026-04-03 17:45:10.630000,
59713,5,1,1,http://,,1,2024-05-20 14:00:21.197000,
59713,5,2,2,http://,,2,2024-05-20 14:00:21.200000,
59713,5,3,3,http://,,3,2024-05-20 14:00:21.200000,
59713,5,4,4,http://,,4,2024-05-20 14:00:21.203000,
59714,16,1,1,http://,,1,2026-04-02 13:24:45.073000,
59714,16,2,2,http://,,2,2026-04-02 13:24:45.080000,
59714,16,3,3,http://,,3,2026-04-02 13:24:45.083000,
59714,16,4,4,http://,,4,2026-04-02 13:24:45.087000,
59716,8,1,1,http://,,1,2026-01-05 14:14:54.947000,
59716,8,2,2,http://,,2,2026-01-05 14:14:54.950000,
59716,8,3,3,http://,,3,2026-01-05 14:14:54.950000,
59716,8,4,4,http://,,4,2026-01-05 14:14:54.953000,
59718,10,1,1,http://,,1,2026-01-20 13:10:49.200000,
59718,10,2,2,http://,,2,2026-01-20 13:10:49.203000,
59718,10,3,3,http://,,3,2026-01-20 13:10:49.207000,
59718,10,4,4,http://,,4,2026-01-20 13:10:49.210000,
59721,6,1,1,http://,,1,2026-01-16 14:27:39.567000,
59721,6,2,2,http://,,2,2026-01-16 14:27:39.570000,
59721,6,3,3,http://,,3,2026-01-16 14:27:39.570000,
59721,6,4,4,http://,,4,2026-01-16 14:27:39.573000,
59723,10,1,1,http://,,1,2026-01-27 16:24:58.310000,
59723,10,2,2,http://,,2,2026-01-27 16:24:58.313000,
59723,10,3,3,http://,,3,2026-01-27 16:24:58.317000,
59723,10,4,4,http://,,4,2026-01-27 16:24:58.317000,
59725,3,1,1,http://,,1,2024-05-23 12:18:32.370000,
59725,3,2,2,http://,,2,2024-05-23 12:18:32.377000,
59725,3,3,3,http://,,3,2024-05-23 12:18:32.380000,
59725,3,4,4,http://,,4,2024-05-23 12:18:32.383000,
59726,19,1,1,http://,,1,2026-04-04 15:22:58.927000,
59726,19,2,2,http://,,2,2026-04-04 15:22:58.933000,
59726,19,3,3,http://,,3,2026-04-04 15:22:58.933000,
59726,19,4,4,http://,,4,2026-04-04 15:22:58.940000,
59727,4,1,1,http://,,1,2024-05-23 22:26:32.740000,
59727,4,2,2,http://,,2,2024-05-23 22:26:32.740000,
59727,4,3,3,http://,,3,2024-05-23 22:26:32.743000,
59727,4,4,4,http://,,4,2024-05-23 22:26:32.747000,
59728,4,1,1,http://,,1,2024-05-23 22:28:12.973000,
59728,4,2,2,http://,,2,2024-05-23 22:28:12.977000,
59728,4,3,3,http://,,3,2024-05-23 22:28:12.980000,
59728,4,4,4,http://,,4,2024-05-23 22:28:12.983000,
59733,10,1,1,http://,,1,2025-12-22 18:33:07.460000,
59733,10,2,2,http://,,2,2025-12-22 18:33:07.463000,
59733,10,3,3,http://,,3,2025-12-22 18:33:07.467000,
59733,10,4,4,http://,,4,2025-12-22 18:33:07.470000,
59741,4,1,1,http://,,1,2024-05-17 17:00:44.823000,
59741,4,2,2,http://,,2,2024-05-17 17:00:44.823000,
59741,4,3,3,http://,,3,2024-05-17 17:00:44.827000,
59741,4,4,4,http://,,4,2024-05-17 17:00:44.830000,
59743,5,1,1,http://,,1,2024-05-17 11:51:08.720000,
59743,5,2,2,http://,,2,2024-05-17 11:51:08.723000,
59743,5,3,3,http://,,3,2024-05-17 11:51:08.727000,
59743,5,4,4,http://,,4,2024-05-17 11:51:08.730000,
59752,4,1,1,http://,,1,2024-04-17 15:53:22.610000,
59752,4,2,2,http://,,2,2024-04-17 15:53:22.610000,
59752,4,3,3,http://,,3,2024-04-17 15:53:22.613000,
59752,4,4,4,http://,,4,2024-04-17 15:53:22.617000,
59764,16,1,1,http://,,1,2026-01-23 14:19:04.030000,
59764,16,2,2,http://,,2,2026-01-23 14:19:04.030000,
59764,16,3,3,http://,,3,2026-01-23 14:19:04.033000,
59764,16,4,4,http://,,4,2026-01-23 14:19:04.037000,
59766,29,1,1,http://,,1,2026-01-23 14:11:54.380000,
59766,29,2,2,http://,,2,2026-01-23 14:11:54.380000,
59766,29,3,3,http://,,3,2026-01-23 14:11:54.383000,
59766,29,4,4,http://,,4,2026-01-23 14:11:54.387000,
59769,9,1,1,http://,,1,2025-12-23 12:01:46.903000,
59769,9,2,2,http://,,2,2025-12-23 12:01:46.907000,
59769,9,3,3,http://,,3,2025-12-23 12:01:46.910000,
59769,9,4,4,http://,,4,2025-12-23 12:01:46.910000,
59792,3,1,1,http://,,1,2024-05-17 17:53:38.777000,
59792,3,2,2,http://,,2,2024-05-17 17:53:38.780000,
59792,3,3,3,http://,,3,2024-05-17 17:53:38.780000,
59792,3,4,4,http://,,4,2024-05-17 17:53:38.783000,
59798,2,1,1,http://,,1,2024-05-21 12:23:03.127000,
59798,2,2,2,http://,,2,2024-05-21 12:23:03.130000,
59798,2,3,3,http://,,3,2024-05-21 12:23:03.133000,
59798,2,4,4,http://,,4,2024-05-21 12:23:03.133000,
59805,20,1,1,http://,,1,2026-07-24 11:49:36.290000,
59805,20,2,2,http://,,2,2026-07-24 11:49:36.293000,
59805,20,3,3,http://,,3,2026-07-24 11:49:36.293000,
59805,20,4,4,http://,,4,2026-07-24 11:49:36.297000,
59807,8,1,1,http://,,1,2026-07-27 12:14:39.210000,
59807,8,2,2,http://,,2,2026-07-27 12:14:39.213000,
59807,8,3,3,http://,,3,2026-07-27 12:14:39.213000,
59807,8,4,4,http://,,4,2026-07-27 12:14:39.217000,
59808,2,1,1,http://,,1,2024-05-21 16:54:13.643000,
59808,2,2,2,http://,,2,2024-05-21 16:54:13.653000,
59808,2,3,3,http://,,3,2024-05-21 16:54:13.657000,
59808,2,4,4,http://,,4,2024-05-21 16:54:13.660000,
59809,10,1,1,http://,,1,2026-04-29 15:08:35.307000,
59809,10,2,2,http://,,2,2026-04-29 15:08:35.323000,
59809,10,3,3,http://,,3,2026-04-29 15:08:35.347000,
59809,10,4,4,http://,,4,2026-04-29 15:08:35.357000,
59811,5,1,1,http://,,1,2026-01-20 20:47:50.097000,
59811,5,2,2,http://,,2,2026-01-20 20:47:50.100000,
59811,5,3,3,http://,,3,2026-01-20 20:47:50.103000,
59811,5,4,4,http://,,4,2026-01-20 20:47:50.107000,
59813,6,1,1,http://,,1,2026-01-22 18:57:23.550000,
59813,6,2,2,http://,,2,2026-01-22 18:57:23.553000,
59813,6,3,3,http://,,3,2026-01-22 18:57:23.560000,
59813,6,4,4,http://,,4,2026-01-22 18:57:23.560000,
59819,18,1,1,http://,,1,2025-03-20 20:42:05.820000,
59819,18,2,2,http://,,2,2025-03-20 20:42:05.840000,
59819,18,3,3,http://,,3,2025-03-20 20:42:05.847000,
59819,18,4,4,http://,,4,2025-03-20 20:42:05.860000,
59827,7,1,1,http://,,1,2025-11-10 14:25:37.983000,
59827,7,2,2,http://,,2,2025-11-10 14:25:37.987000,
59827,7,3,3,http://,,3,2025-11-10 14:25:37.987000,
59827,7,4,4,http://,,4,2025-11-10 14:25:37.990000,
59835,8,1,1,http://,,1,2025-11-14 13:04:53.690000,
59835,8,2,2,http://,,2,2025-11-14 13:04:53.693000,
59835,8,3,3,http://,,3,2025-11-14 13:04:53.697000,
59835,8,4,4,http://,,4,2025-11-14 13:04:53.700000,
59847,8,1,1,http://,,1,2025-09-16 12:46:06.513000,
59847,8,2,2,http://,,2,2025-09-16 12:46:06.530000,
59847,8,3,3,http://,,3,2025-09-16 12:46:06.540000,
59847,8,4,4,http://,,4,2025-09-16 12:46:06.563000,
59849,8,1,1,http://,,1,2025-09-18 14:46:44.077000,
59849,8,2,2,http://,,2,2025-09-18 14:46:44.080000,
59849,8,3,3,http://,,3,2025-09-18 14:46:44.080000,
59849,8,4,4,http://,,4,2025-09-18 14:46:44.083000,
59860,5,1,1,http://,,1,2025-08-22 15:36:03.913000,
59860,5,2,2,http://,,2,2025-08-22 15:36:03.920000,
59860,5,3,3,http://,,3,2025-08-22 15:36:03.920000,
59860,5,4,4,http://,,4,2025-08-22 15:36:03.927000,
59862,7,1,1,http://,,1,2025-09-19 17:11:59.653000,
59862,7,2,2,http://,,2,2025-09-19 17:11:59.657000,
59862,7,3,3,http://,,3,2025-09-19 17:11:59.660000,
59862,7,4,4,http://,,4,2025-09-19 17:11:59.660000,
59866,6,1,1,http://,,1,2026-05-28 13:18:08.580000,
59866,6,2,2,http://,,2,2026-05-28 13:18:08.590000,
59866,6,3,3,http://,,3,2026-05-28 13:18:08.597000,
59866,6,4,4,http://,,4,2026-05-28 13:18:08.607000,
59868,8,1,1,http://,,1,2025-09-19 13:35:19.560000,
59868,8,2,2,http://,,2,2025-09-19 13:35:19.560000,
59868,8,3,3,http://,,3,2025-09-19 13:35:19.563000,
59868,8,4,4,http://,,4,2025-09-19 13:35:19.567000,
59872,9,1,1,http://,,1,2025-09-19 13:39:05.677000,
59872,9,2,2,http://,,2,2025-09-19 13:39:05.680000,
59872,9,3,3,http://,,3,2025-09-19 13:39:05.680000,
59872,9,4,4,http://,,4,2025-09-19 13:39:05.683000,
59878,4,1,1,http://,,1,2025-01-24 20:11:22.013000,
59878,4,2,2,http://,,2,2025-01-24 20:11:22.017000,
59878,4,3,3,http://,,3,2025-01-24 20:11:22.020000,
59878,4,4,4,http://,,4,2025-01-24 20:11:22.020000,
59880,3,1,1,http://,,1,2025-02-18 17:08:42.087000,
59880,3,2,2,http://,,2,2025-02-18 17:08:42.090000,
59880,3,3,3,http://,,3,2025-02-18 17:08:42.093000,
59880,3,4,4,http://,,4,2025-02-18 17:08:42.097000,
59882,9,1,1,http://,,1,2026-05-26 12:23:25.987000,
59882,9,2,2,http://,,2,2026-05-26 12:23:25.993000,
59882,9,3,3,http://,,3,2026-05-26 12:23:25.997000,
59882,9,4,4,http://,,4,2026-05-26 12:23:26,
59892,2,1,1,http://,,1,2024-08-16 18:25:16.367000,
59892,2,2,2,http://,,2,2024-08-16 18:25:16.370000,
59892,2,3,3,http://,,3,2024-08-16 18:25:16.373000,
59892,2,4,4,http://,,4,2024-08-16 18:25:16.373000,
59898,2,1,1,http://,,1,2024-09-23 12:27:59.563000,
59898,2,2,2,http://,,2,2024-09-23 12:27:59.567000,
59898,2,3,3,http://,,3,2024-09-23 12:27:59.570000,
59898,2,4,4,http://,,4,2024-09-23 12:27:59.570000,
59906,6,1,1,http://,,1,2025-10-22 15:46:02.393000,
59906,6,2,2,http://,,2,2025-10-22 15:46:02.400000,
59906,6,3,3,http://,,3,2025-10-22 15:46:02.403000,
59906,6,4,4,http://,,4,2025-10-22 15:46:02.410000,
59908,6,1,1,http://,,1,2025-09-17 18:40:36.083000,
59908,6,2,2,http://,,2,2025-09-17 18:40:36.087000,
59908,6,3,3,http://,,3,2025-09-17 18:40:36.090000,
59908,6,4,4,http://,,4,2025-09-17 18:40:36.093000,
59915,27,1,1,http://,,1,2025-12-22 14:05:55.967000,
59915,27,2,2,http://,,2,2025-12-22 14:05:55.970000,
59915,27,3,3,http://,,3,2025-12-22 14:05:55.973000,
59915,27,4,4,http://,,4,2025-12-22 14:05:55.977000,
59919,5,1,1,http://,,1,2025-11-14 13:10:49.427000,
59919,5,2,2,http://,,2,2025-11-14 13:10:49.430000,
59919,5,3,3,http://,,3,2025-11-14 13:10:49.433000,
59919,5,4,4,http://,,4,2025-11-14 13:10:49.437000,
59933,9,1,1,http://,,1,2024-10-04 15:29:36.303000,
59933,9,2,2,http://,,2,2024-10-04 15:29:36.307000,
59933,9,3,3,http://,,3,2024-10-04 15:29:36.307000,
59933,9,4,4,http://,,4,2024-10-04 15:29:36.310000,
59939,5,1,1,http://,,1,2025-11-18 17:41:35.573000,
59939,5,2,2,http://,,2,2025-11-18 17:41:35.577000,
59939,5,3,3,http://,,3,2025-11-18 17:41:35.580000,
59939,5,4,4,http://,,4,2025-11-18 17:41:35.580000,
59940,5,1,1,http://,,1,2024-10-04 15:30:23.450000,
59940,5,2,2,http://,,2,2024-10-04 15:30:23.453000,
59940,5,3,3,http://,,3,2024-10-04 15:30:23.453000,
59940,5,4,4,http://,,4,2024-10-04 15:30:23.457000,
59960,3,1,1,http://,,1,2025-01-31 15:27:56.470000,
59960,3,2,2,http://,,2,2025-01-31 15:27:56.477000,
59960,3,3,3,http://,,3,2025-01-31 15:27:56.480000,
59960,3,4,4,http://,,4,2025-01-31 15:27:56.483000,
59971,3,1,1,http://,,1,2025-09-05 14:00:09.447000,
59971,3,2,2,http://,,2,2025-09-05 14:00:09.450000,
59971,3,3,3,http://,,3,2025-09-05 14:00:09.450000,
59971,3,4,4,http://,,4,2025-09-05 14:00:09.453000,
59973,7,1,1,http://,,1,2025-09-04 14:32:13.880000,
59973,7,2,2,http://,,2,2025-09-04 14:32:13.883000,
59973,7,3,3,http://,,3,2025-09-04 14:32:13.887000,
59973,7,4,4,http://,,4,2025-09-04 14:32:13.890000,
59976,4,1,1,http://,,1,2025-09-02 20:38:50.880000,
59976,4,2,2,http://,,2,2025-09-02 20:38:50.880000,
59976,4,3,3,http://,,3,2025-09-02 20:38:50.887000,
59976,4,4,4,http://,,4,2025-09-02 20:38:50.890000,
59981,3,1,1,http://,,1,2025-09-03 10:53:52.437000,
59981,3,2,2,http://,,2,2025-09-03 10:53:52.440000,
59981,3,3,3,http://,,3,2025-09-03 10:53:52.443000,
59981,3,4,4,http://,,4,2025-09-03 10:53:52.447000,
60145,6,1,1,http://,,1,2025-07-09 12:21:59.820000,
60145,6,2,2,http://,,2,2025-07-09 12:21:59.827000,
60145,6,3,3,http://,,3,2025-07-09 12:21:59.830000,
60145,6,4,4,http://,,4,2025-07-09 12:21:59.830000,
60146,6,1,1,http://,,1,2026-07-08 13:05:47.140000,
60146,6,2,2,http://,,2,2026-07-08 13:05:47.143000,
60146,6,3,3,http://,,3,2026-07-08 13:05:47.150000,
60146,6,4,4,http://,,4,2026-07-08 13:05:47.150000,
60151,6,1,1,http://,,1,2025-07-11 15:54:49.377000,
60151,6,2,2,http://,,2,2025-07-11 15:54:49.380000,
60151,6,3,3,http://,,3,2025-07-11 15:54:49.380000,
60151,6,4,4,http://,,4,2025-07-11 15:54:49.383000,
60152,8,1,1,http://,,1,2026-07-31 21:13:48.990000,
60152,8,2,2,http://,,2,2026-07-31 21:13:48.990000,
60152,8,3,3,http://,,3,2026-07-31 21:13:48.993000,
60152,8,4,4,http://,,4,2026-07-31 21:13:48.997000,
60154,6,1,1,http://,,1,2025-07-11 15:55:34.933000,
60154,6,2,2,http://,,2,2025-07-11 15:55:34.937000,
60154,6,3,3,http://,,3,2025-07-11 15:55:34.940000,
60154,6,4,4,http://,,4,2025-07-11 15:55:34.943000,
60155,6,1,1,http://,,1,2026-07-31 21:16:02.070000,
60155,6,2,2,http://,,2,2026-07-31 21:16:02.073000,
60155,6,3,3,http://,,3,2026-07-31 21:16:02.073000,
60155,6,4,4,http://,,4,2026-07-31 21:16:02.077000,
60160,6,1,1,http://,,1,2025-07-10 11:35:33.853000,
60160,6,2,2,http://,,2,2025-07-10 11:35:33.860000,
60160,6,3,3,http://,,3,2025-07-10 11:35:33.863000,
60160,6,4,4,http://,,4,2025-07-10 11:35:33.867000,
60161,4,1,1,http://,,1,2026-07-08 12:55:18.263000,
60161,4,2,2,http://,,2,2026-07-08 12:55:18.267000,
60161,4,3,3,http://,,3,2026-07-08 12:55:18.270000,
60161,4,4,4,http://,,4,2026-07-08 12:55:18.280000,
60176,18,1,1,http://,,1,2026-04-09 21:06:45.130000,
60176,18,2,2,http://,,2,2026-04-09 21:06:45.133000,
60176,18,3,3,http://,,3,2026-04-09 21:06:45.137000,
60176,18,4,4,http://,,4,2026-04-09 21:06:45.140000,
60177,5,1,1,http://,,1,2025-05-09 11:26:42.243000,
60177,5,2,2,http://,,2,2025-05-09 11:26:42.243000,
60177,5,3,3,http://,,3,2025-05-09 11:26:42.247000,
60177,5,4,4,http://,,4,2025-05-09 11:26:42.250000,
60178,3,1,1,http://,,1,2025-05-06 21:48:45.053000,
60178,3,2,2,http://,,2,2025-05-06 21:48:45.057000,
60178,3,3,3,http://,,3,2025-05-06 21:48:45.060000,
60178,3,4,4,http://,,4,2025-05-06 21:48:45.063000,
60179,4,1,1,http://,,1,2025-05-06 21:54:09.723000,
60179,4,2,2,http://,,2,2025-05-06 21:54:09.730000,
60179,4,3,3,http://,,3,2025-05-06 21:54:09.733000,
60179,4,4,4,http://,,4,2025-05-06 21:54:09.737000,
60180,4,1,1,http://,,1,2025-05-08 12:36:56.953000,
60180,4,2,2,http://,,2,2025-05-08 12:36:56.957000,
60180,4,3,3,http://,,3,2025-05-08 12:36:56.960000,
60180,4,4,4,http://,,4,2025-05-08 12:36:56.963000,
60181,12,1,1,http://,,1,2026-04-06 19:39:37.890000,
60181,12,2,2,http://,,2,2026-04-06 19:39:37.893000,
60181,12,3,3,http://,,3,2026-04-06 19:39:37.897000,
60181,12,4,4,http://,,4,2026-04-06 19:39:37.900000,
60184,3,1,1,http://,,1,2025-05-08 17:54:14.167000,
60184,3,2,2,http://,,2,2025-05-08 17:54:14.170000,
60184,3,3,3,http://,,3,2025-05-08 17:54:14.170000,
60184,3,4,4,http://,,4,2025-05-08 17:54:14.173000,
60185,11,1,1,http://,,1,2026-04-29 18:55:07.820000,
60185,11,2,2,http://,,2,2026-04-29 18:55:07.840000,
60185,11,3,3,http://,,3,2026-04-29 18:55:07.840000,
60185,11,4,4,http://,,4,2026-04-29 18:55:07.847000,
60194,2,1,1,http://,,1,2025-05-06 15:04:53.350000,
60194,2,2,2,http://,,2,2025-05-06 15:04:53.357000,
60194,2,3,3,http://,,3,2025-05-06 15:04:53.360000,
60194,2,4,4,http://,,4,2025-05-06 15:04:53.363000,
60195,4,1,1,http://,,1,2025-05-22 20:22:10.510000,
60195,4,2,2,http://,,2,2025-05-22 20:22:10.517000,
60195,4,3,3,http://,,3,2025-05-22 20:22:10.520000,
60195,4,4,4,http://,,4,2025-05-22 20:22:10.523000,
60196,4,1,1,http://,,1,2025-05-22 20:22:41.990000,
60196,4,2,2,http://,,2,2025-05-22 20:22:41.993000,
60196,4,3,3,http://,,3,2025-05-22 20:22:41.997000,
60196,4,4,4,http://,,4,2025-05-22 20:22:42,
60204,7,1,1,http://,,1,2025-08-18 13:50:44.080000,
60204,7,2,2,http://,,2,2025-08-18 13:50:44.090000,
60204,7,3,3,http://,,3,2025-08-18 13:50:44.107000,
60204,7,4,4,http://,,4,2025-08-18 13:50:44.123000,
60205,4,1,1,http://,,1,2026-06-19 12:57:32.453000,
60205,4,2,2,http://,,2,2026-06-19 12:57:32.457000,
60205,4,3,3,http://,,3,2026-06-19 12:57:32.460000,
60205,4,4,4,http://,,4,2026-06-19 12:57:32.463000,
60210,3,1,1,http://,,1,2025-05-08 20:58:52.773000,
60210,3,2,2,http://,,2,2025-05-08 20:58:52.777000,
60210,3,3,3,http://,,3,2025-05-08 20:58:52.780000,
60210,3,4,4,http://,,4,2025-05-08 20:58:52.780000,
60211,10,1,1,http://,,1,2026-04-06 16:14:57.710000,
60211,10,2,2,http://,,2,2026-04-06 16:14:57.713000,
60211,10,3,3,http://,,3,2026-04-06 16:14:57.717000,
60211,10,4,4,http://,,4,2026-04-06 16:14:57.720000,
60212,2,1,1,http://,,1,2025-05-07 16:57:58.940000,
60212,2,2,2,http://,,2,2025-05-07 16:57:58.940000,
60212,2,3,3,http://,,3,2025-05-07 16:57:58.943000,
60212,2,4,4,http://,,4,2025-05-07 16:57:58.950000,
60213,13,1,1,http://,,1,2026-04-10 11:53:59.397000,
60213,13,2,2,http://,,2,2026-04-10 11:53:59.400000,
60213,13,3,3,http://,,3,2026-04-10 11:53:59.403000,
60213,13,4,4,http://,,4,2026-04-10 11:53:59.403000,
60214,4,1,1,http://,,1,2025-08-21 18:29:10.797000,
60214,4,2,2,http://,,2,2025-08-21 18:29:10.807000,
60214,4,3,3,http://,,3,2025-08-21 18:29:10.813000,
60214,4,4,4,http://,,4,2025-08-21 18:29:10.823000,
60215,4,1,1,http://,,1,2026-06-19 12:14:49.867000,
60215,4,2,2,http://,,2,2026-06-19 12:14:49.870000,
60215,4,3,3,http://,,3,2026-06-19 12:14:49.880000,
60215,4,4,4,http://,,4,2026-06-19 12:14:49.887000,
60216,4,1,1,http://,,1,2025-08-22 14:21:18.133000,
60216,4,2,2,http://,,2,2025-08-22 14:21:18.137000,
60216,4,3,3,http://,,3,2025-08-22 14:21:18.140000,
60216,4,4,4,http://,,4,2025-08-22 14:21:18.140000,
60217,4,1,1,http://,,1,2026-06-19 13:18:00.713000,
60217,4,2,2,http://,,2,2026-06-19 13:18:00.773000,
60217,4,3,3,http://,,3,2026-06-19 13:18:00.840000,
60217,4,4,4,http://,,4,2026-06-19 13:18:00.873000,
60221,3,1,1,http://,,1,2025-09-19 13:10:02.383000,
60221,3,2,2,http://,,2,2025-09-19 13:10:02.387000,
60221,3,3,3,http://,,3,2025-09-19 13:10:02.390000,
60221,3,4,4,http://,,4,2025-09-19 13:10:02.390000,
60222,4,1,1,http://,,1,2026-05-14 12:45:24.487000,
60222,4,2,2,http://,,2,2026-05-14 12:45:24.503000,
60222,4,3,3,http://,,3,2026-05-14 12:45:24.513000,
60222,4,4,4,http://,,4,2026-05-14 12:45:24.523000,
60234,3,1,1,http://,,1,2025-07-17 14:52:46.113000,
60234,3,2,2,http://,,2,2025-07-17 14:52:46.117000,
60234,3,3,3,http://,,3,2025-07-17 14:52:46.120000,
60234,3,4,4,http://,,4,2025-07-17 14:52:46.120000,
60235,3,1,1,http://,,1,2025-08-18 14:00:09.937000,
60235,3,2,2,http://,,2,2025-08-18 14:00:09.940000,
60235,3,3,3,http://,,3,2025-08-18 14:00:09.943000,
60235,3,4,4,http://,,4,2025-08-18 14:00:09.947000,
60238,3,1,1,http://,,1,2025-08-22 13:39:43.790000,
60238,3,2,2,http://,,2,2025-08-22 13:39:43.793000,
60238,3,3,3,http://,,3,2025-08-22 13:39:43.797000,
60238,3,4,4,http://,,4,2025-08-22 13:39:43.800000,
60240,3,1,1,http://,,1,2025-08-21 18:28:22.670000,
60240,3,2,2,http://,,2,2025-08-21 18:28:22.670000,
60240,3,3,3,http://,,3,2025-08-21 18:28:22.673000,
60240,3,4,4,http://,,4,2025-08-21 18:28:22.673000,
60244,2,1,1,http://,,1,2025-09-18 15:32:47.223000,
60244,2,2,2,http://,,2,2025-09-18 15:32:47.233000,
60244,2,3,3,http://,,3,2025-09-18 15:32:47.253000,
60244,2,4,4,http://,,4,2025-09-18 15:32:47.267000,
60245,3,1,1,http://,,1,2025-11-24 14:22:09.740000,
60245,3,2,2,http://,,2,2025-11-24 14:22:09.743000,
60245,3,3,3,http://,,3,2025-11-24 14:22:09.747000,
60245,3,4,4,http://,,4,2025-11-24 14:22:09.750000,
60246,3,1,1,http://,,1,2025-09-19 13:11:25.190000,
60246,3,2,2,http://,,2,2025-09-19 13:11:25.190000,
60246,3,3,3,http://,,3,2025-09-19 13:11:25.193000,
60246,3,4,4,http://,,4,2025-09-19 13:11:25.197000,
60247,6,1,1,http://,,1,2026-04-10 14:16:04.913000,
60247,6,2,2,http://,,2,2026-04-10 14:16:04.917000,
60247,6,3,3,http://,,3,2026-04-10 14:16:04.920000,
60247,6,4,4,http://,,4,2026-04-10 14:16:04.923000,
60249,5,1,1,http://,,1,2025-09-18 15:34:00.680000,
60249,5,2,2,http://,,2,2025-09-18 15:34:00.683000,
60249,5,3,3,http://,,3,2025-09-18 15:34:00.687000,
60249,5,4,4,http://,,4,2025-09-18 15:34:00.690000,
60250,8,1,1,http://,,1,2026-03-26 12:01:48.847000,
60250,8,2,2,http://,,2,2026-03-26 12:01:48.850000,
60250,8,3,3,http://,,3,2026-03-26 12:01:48.853000,
60250,8,4,4,http://,,4,2026-03-26 12:01:48.857000,
60255,5,1,1,http://,,1,2025-08-18 13:55:45.770000,
60255,5,2,2,http://,,2,2025-08-18 13:55:45.773000,
60255,5,3,3,http://,,3,2025-08-18 13:55:45.777000,
60255,5,4,4,http://,,4,2025-08-18 13:55:45.780000,
60271,2,1,1,http://,,1,2025-08-22 14:02:20.650000,
60271,2,2,2,http://,,2,2025-08-22 14:02:20.653000,
60271,2,3,3,http://,,3,2025-08-22 14:02:20.657000,
60271,2,4,4,http://,,4,2025-08-22 14:02:20.660000,
60273,2,1,1,http://,,1,2025-07-11 19:17:48.627000,
60273,2,2,2,http://,,2,2025-07-11 19:17:48.643000,
60273,2,3,3,http://,,3,2025-07-11 19:17:48.653000,
60273,2,4,4,http://,,4,2025-07-11 19:17:48.667000,
60274,4,1,1,http://,,1,2026-07-20 18:27:39.183000,
60274,4,2,2,http://,,2,2026-07-20 18:27:39.187000,
60274,4,3,3,http://,,3,2026-07-20 18:27:39.190000,
60274,4,4,4,http://,,4,2026-07-20 18:27:39.190000,
60275,2,1,1,http://,,1,2025-07-18 11:41:50.587000,
60275,2,2,2,http://,,2,2025-07-18 11:41:50.590000,
60275,2,3,3,http://,,3,2025-07-18 11:41:50.593000,
60275,2,4,4,http://,,4,2025-07-18 11:41:50.597000,
60276,3,1,1,http://,,1,2025-09-03 17:34:46.903000,
60276,3,2,2,http://,,2,2025-09-03 17:34:46.907000,
60276,3,3,3,http://,,3,2025-09-03 17:34:46.910000,
60276,3,4,4,http://,,4,2025-09-03 17:34:46.913000,
60278,6,1,1,http://,,1,2025-09-19 13:32:10.187000,
60278,6,2,2,http://,,2,2025-09-19 13:32:10.190000,
60278,6,3,3,http://,,3,2025-09-19 13:32:10.193000,
60278,6,4,4,http://,,4,2025-09-19 13:32:10.193000,
60279,4,1,1,http://,,1,2026-04-29 14:04:45.850000,
60279,4,2,2,http://,,2,2026-04-29 14:04:45.857000,
60279,4,3,3,http://,,3,2026-04-29 14:04:45.860000,
60279,4,4,4,http://,,4,2026-04-29 14:04:45.863000,
60285,4,1,1,http://,,1,2025-09-19 13:10:56.397000,
60285,4,2,2,http://,,2,2025-09-19 13:10:56.400000,
60285,4,3,3,http://,,3,2025-09-19 13:10:56.400000,
60285,4,4,4,http://,,4,2025-09-19 13:10:56.403000,
60286,6,1,1,http://,,1,2026-05-08 13:56:31.840000,
60286,6,2,2,http://,,2,2026-05-08 13:56:31.840000,
60286,6,3,3,http://,,3,2026-05-08 13:56:31.843000,
60286,6,4,4,http://,,4,2026-05-08 13:56:31.843000,
60291,2,1,1,http://,,1,2025-09-17 13:34:11.900000,
60291,2,2,2,http://,,2,2025-09-17 13:34:11.900000,
60291,2,3,3,http://,,3,2025-09-17 13:34:11.903000,
60291,2,4,4,http://,,4,2025-09-17 13:34:11.907000,
60292,4,1,1,http://,,1,2026-05-08 13:06:19.103000,
60292,4,2,2,http://,,2,2026-05-08 13:06:19.147000,
60292,4,3,3,http://,,3,2026-05-08 13:06:19.193000,
60292,4,4,4,http://,,4,2026-05-08 13:06:19.270000,
60293,3,1,1,http://,,1,2025-08-21 18:27:03.503000,
60293,3,2,2,http://,,2,2025-08-21 18:27:03.503000,
60293,3,3,3,http://,,3,2025-08-21 18:27:03.507000,
60293,3,4,4,http://,,4,2025-08-21 18:27:03.510000,
60295,3,1,1,http://,,1,2025-09-17 13:30:49.287000,
60295,3,2,2,http://,,2,2025-09-17 13:30:49.290000,
60295,3,3,3,http://,,3,2025-09-17 13:30:49.290000,
60295,3,4,4,http://,,4,2025-09-17 13:30:49.293000,
60297,3,1,1,http://,,1,2025-09-19 13:12:09.157000,
60297,3,2,2,http://,,2,2025-09-19 13:12:09.160000,
60297,3,3,3,http://,,3,2025-09-19 13:12:09.167000,
60297,3,4,4,http://,,4,2025-09-19 13:12:09.173000,
60299,3,1,1,http://,,1,2025-09-16 18:35:55.110000,
60299,3,2,2,http://,,2,2025-09-16 18:35:55.120000,
60299,3,3,3,http://,,3,2025-09-16 18:35:55.127000,
60299,3,4,4,http://,,4,2025-09-16 18:35:55.140000,
60301,3,1,1,http://,,1,2025-09-18 14:45:05.763000,
60301,3,2,2,http://,,2,2025-09-18 14:45:05.767000,
60301,3,3,3,http://,,3,2025-09-18 14:45:05.770000,
60301,3,4,4,http://,,4,2025-09-18 14:45:05.773000,
60304,3,1,1,http://,,1,2025-09-18 15:45:11.037000,
60304,3,2,2,http://,,2,2025-09-18 15:45:11.043000,
60304,3,3,3,http://,,3,2025-09-18 15:45:11.047000,
60304,3,4,4,http://,,4,2025-09-18 15:45:11.050000,
60305,2,1,1,http://,,1,2025-08-19 14:40:00.213000,
60305,2,2,2,http://,,2,2025-08-19 14:40:00.217000,
60305,2,3,3,http://,,3,2025-08-19 14:40:00.220000,
60305,2,4,4,http://,,4,2025-08-19 14:40:00.223000,
60306,3,1,1,http://,,1,2026-06-18 15:27:23.713000,
60306,3,2,2,http://,,2,2026-06-18 15:27:23.787000,
60306,3,3,3,http://,,3,2026-06-18 15:27:23.907000,
60306,3,4,4,http://,,4,2026-06-18 15:27:24,
60307,3,1,1,http://,,1,2025-09-15 16:48:05.727000,
60307,3,2,2,http://,,2,2025-09-15 16:48:05.730000,
60307,3,3,3,http://,,3,2025-09-15 16:48:05.730000,
60307,3,4,4,http://,,4,2025-09-15 16:48:05.733000,
60309,3,1,1,http://,,1,2025-09-15 17:12:39.480000,
60309,3,2,2,http://,,2,2025-09-15 17:12:39.483000,
60309,3,3,3,http://,,3,2025-09-15 17:12:39.490000,
60309,3,4,4,http://,,4,2025-09-15 17:12:39.493000,
60314,5,1,1,http://,,1,2025-09-05 17:38:50.260000,
60314,5,2,2,http://,,2,2025-09-05 17:38:50.260000,
60314,5,3,3,http://,,3,2025-09-05 17:38:50.263000,
60314,5,4,4,http://,,4,2025-09-05 17:38:50.267000,
60315,4,1,1,http://,,1,2026-03-27 16:53:32.360000,
60315,4,2,2,http://,,2,2026-03-27 16:53:32.363000,
60315,4,3,3,http://,,3,2026-03-27 16:53:32.363000,
60315,4,4,4,http://,,4,2026-03-27 16:53:32.367000,
60317,4,1,1,http://,,1,2025-09-05 17:42:49.720000,
60317,4,2,2,http://,,2,2025-09-05 17:42:49.720000,
60317,4,3,3,http://,,3,2025-09-05 17:42:49.723000,
60317,4,4,4,http://,,4,2025-09-05 17:42:49.723000,
60318,5,1,1,http://,,1,2026-03-27 16:54:24.163000,
60318,5,2,2,http://,,2,2026-03-27 16:54:24.167000,
60318,5,3,3,http://,,3,2026-03-27 16:54:24.170000,
60318,5,4,4,http://,,4,2026-03-27 16:54:24.173000,
60321,2,1,1,http://,,1,2025-09-16 17:46:48.040000,
60321,2,2,2,http://,,2,2025-09-16 17:46:48.043000,
60321,2,3,3,http://,,3,2025-09-16 17:46:48.047000,
60321,2,4,4,http://,,4,2025-09-16 17:46:48.053000,
60323,3,1,1,http://,,1,2026-01-08 13:42:51.213000,
60323,3,2,2,http://,,2,2026-01-08 13:42:51.227000,
60323,3,3,3,http://,,3,2026-01-08 13:42:51.247000,
60323,3,4,4,http://,,4,2026-01-08 13:42:51.263000,
60324,3,1,1,http://,,1,2026-05-21 17:57:06.540000,
60324,3,2,2,http://,,2,2026-05-21 17:57:06.543000,
60324,3,3,3,http://,,3,2026-05-21 17:57:06.547000,
60324,3,4,4,http://,,4,2026-05-21 17:57:06.550000,
60325,2,1,1,http://,,1,2025-09-18 18:47:23.993000,
60325,2,2,2,http://,,2,2025-09-18 18:47:23.993000,
60325,2,3,3,http://,,3,2025-09-18 18:47:23.997000,
60325,2,4,4,http://,,4,2025-09-18 18:47:24,
60333,12,1,1,http://,,1,2026-02-13 17:53:58.637000,
60333,12,2,2,http://,,2,2026-02-13 17:53:58.647000,
60333,12,3,3,http://,,3,2026-02-13 17:53:58.653000,
60333,12,4,4,http://,,4,2026-02-13 17:53:58.663000,
60340,11,1,1,http://,,1,2026-02-13 17:54:54.010000,
60340,11,2,2,http://,,2,2026-02-13 17:54:54.017000,
60340,11,3,3,http://,,3,2026-02-13 17:54:54.020000,
60340,11,4,4,http://,,4,2026-02-13 17:54:54.020000,
60360,4,1,1,http://,,1,2026-01-09 13:29:34.363000,
60360,4,2,2,http://,,2,2026-01-09 13:29:34.367000,
60360,4,3,3,http://,,3,2026-01-09 13:29:34.367000,
60360,4,4,4,http://,,4,2026-01-09 13:29:34.370000,
60361,7,1,1,http://,,1,2026-08-05 19:02:12.223000,
60361,7,2,2,http://,,2,2026-08-05 19:02:12.227000,
60361,7,3,3,http://,,3,2026-08-05 19:02:12.230000,
60361,7,4,4,http://,,4,2026-08-05 19:02:12.230000,
60363,4,1,1,http://,,1,2026-01-26 17:04:09.040000,
60363,4,2,2,http://,,2,2026-01-26 17:04:09.040000,
60363,4,3,3,http://,,3,2026-01-26 17:04:09.043000,
60363,4,4,4,http://,,4,2026-01-26 17:04:09.047000,
60374,4,1,1,http://,,1,2026-01-09 14:50:42.240000,
60374,4,2,2,http://,,2,2026-01-09 14:50:42.240000,
60374,4,3,3,http://,,3,2026-01-09 14:50:42.243000,
60374,4,4,4,http://,,4,2026-01-09 14:50:42.247000,
60375,5,1,1,http://,,1,2026-08-06 16:15:08.920000,
60375,5,2,2,http://,,2,2026-08-06 16:15:08.923000,
60375,5,3,3,http://,,3,2026-08-06 16:15:08.927000,
60375,5,4,4,http://,,4,2026-08-06 16:15:08.930000,
60376,3,1,1,http://,,1,2026-01-08 15:31:20.647000,
60376,3,2,2,http://,,2,2026-01-08 15:31:20.650000,
60376,3,3,3,http://,,3,2026-01-08 15:31:20.653000,
60376,3,4,4,http://,,4,2026-01-08 15:31:20.660000,
60377,5,1,1,http://,,1,2026-08-06 19:12:09.093000,
60377,5,2,2,http://,,2,2026-08-06 19:12:09.097000,
60377,5,3,3,http://,,3,2026-08-06 19:12:09.097000,
60377,5,4,4,http://,,4,2026-08-06 19:12:09.100000,
60380,5,1,1,http://,,1,2026-01-08 19:39:13.310000,
60380,5,2,2,http://,,2,2026-01-08 19:39:13.400000,
60380,5,3,3,http://,,3,2026-01-08 19:39:13.487000,
60380,5,4,4,http://,,4,2026-01-08 19:39:13.587000,
60381,3,1,1,http://,,1,2026-05-21 19:43:27.933000,
60381,3,2,2,http://,,2,2026-05-21 19:43:27.937000,
60381,3,3,3,http://,,3,2026-05-21 19:43:27.940000,
60381,3,4,4,http://,,4,2026-05-21 19:43:27.940000,
60390,3,1,1,http://,,1,2026-01-22 17:54:26.257000,
60390,3,2,2,http://,,2,2026-01-22 17:54:26.260000,
60390,3,3,3,http://,,3,2026-01-22 17:54:26.263000,
60390,3,4,4,http://,,4,2026-01-22 17:54:26.267000,
60391,4,1,1,http://,,1,2026-08-06 15:10:22.193000,
60391,4,2,2,http://,,2,2026-08-06 15:10:22.197000,
60391,4,3,3,http://,,3,2026-08-06 15:10:22.200000,
60391,4,4,4,http://,,4,2026-08-06 15:10:22.200000,
60393,2,1,1,http://,,1,2026-01-22 19:04:57.437000,
60393,2,2,2,http://,,2,2026-01-22 19:04:57.440000,
60393,2,3,3,http://,,3,2026-01-22 19:04:57.440000,
60393,2,4,4,http://,,4,2026-01-22 19:04:57.443000,
60397,5,1,1,http://,,1,2026-01-16 23:44:17.307000,
60397,5,2,2,http://,,2,2026-01-16 23:44:17.310000,
60397,5,3,3,http://,,3,2026-01-16 23:44:17.310000,
60397,5,4,4,http://,,4,2026-01-16 23:44:17.313000,
60407,4,1,1,http://,,1,2026-05-13 18:27:50.777000,
60407,4,2,2,http://,,2,2026-05-13 18:27:50.777000,
60407,4,3,3,http://,,3,2026-05-13 18:27:50.780000,
60407,4,4,4,http://,,4,2026-05-13 18:27:50.780000,
60409,2,1,1,https://www.ssa.gov/OP_Home/ssact/title18/1862.htm,Title XVIII of the Social Security Act (SSA),1,2026-03-27 12:42:37.273000,Section 1862(a)(1)(A) excludes expenses incurred for items or services which are not reasonable and necessary for the diagnosis or treatment of illness or injury or to improve the functioning of a malformed body member.
60409,2,1,2,https://www.ssa.gov/OP_Home/ssact/title18/1833.htm,Title XVIII of the Social Security Act (SSA),2,2026-03-27 12:42:37.280000,Section 1833(e) prohibits Medicare payment for any claim which lacks the necessary information to process the claim. 
60409,2,1,3,https://www.ssa.gov/OP_Home/ssact/title18/1862.htm,Title XVIII of the Social Security Act (SSA),3,2026-03-27 12:42:37.283000,"Section 1862(a)(7) excludes routine physical examinations, unless otherwise covered by statute."
60409,2,2,4,https://,,4,2026-03-27 12:42:37.290000,
60409,2,3,5,https://www.cms.gov/Regulations-and-Guidance/Guidance/Manuals/Downloads/bp102c15.pdf,"CMS Publication 100-02, Medicare Benefit Policy Manual, Chapter 15, Section 80.1 ",5,2026-03-27 12:42:37.293000,Laboratory services must meet applicable requirements of CLIA
60409,2,3,6,https://www.cms.gov/Regulations-and-Guidance/Guidance/Manuals/downloads/clm104c16.pdf,"CMS Publication 100-04, Medicare Claims Processing Manual, Chapter 16, Section 40.7 ",6,2026-03-27 12:42:37.300000,Billing for Noncovered Clinical Laboratory Tests Section and 120.1 Clarification of the Use of the Term “Screening” or “Screen” 
60409,2,3,7,https://www.cms.gov/Regulations-and-Guidance/Guidance/Manuals/downloads/clm104c30.pdf,"CMS Publication 100-04, Medicare Claims Processing Manual, Chapter 30, Section 50 ",7,2026-03-27 12:42:37.307000,Advance Beneficiary Notice of Noncoverage (ABN)
60409,2,3,8,https://www.cms.gov/Regulations-and-Guidance/Guidance/Transmittals/2018Downloads/R829PI.pdf,"CMS Publication 100-08, Medicare Program Integrity Manual, Chapter 13",8,2026-03-27 12:42:37.310000,Local Coverage Determinations
60409,2,3,9,https://www.cms.gov/Medicare/Coding/NationalCorrectCodInitEd/index.html,"CMS National Correct Coding Initiative (NCCI) Policy Manual for Medicare Services, Chapter 10, Pathology/Laboratory Services, (A)",9,2026-03-27 12:42:37.317000,Introduction
60409,2,3,10,https://www.cms.gov/Regulations-and-Guidance/Guidance/Manuals/downloads/bp102c15.pdf,"CMS Publication 100-02, Medicare Benefit Policy Manual, Chapter 15, Section 80.6. 5 ",10,2026-03-27 12:42:37.320000,Describes the Surgical/Cytopathology Exception. 
60409,2,3,11,https://www.cms.gov/Medicare/Coding/NationalCorrectCodInitEd/index.html,"CMS National Correct Coding Initiative (NCCI) Policy Manual for Medicare Services, Chapter 10 Pathology/Laboratory Services ",11,2026-03-27 12:42:37.327000,Addresses reflex testing 
60409,2,4,12,https://,,12,2026-03-27 12:42:37.330000,
60410,6,1,1,http://,,1,2026-05-14 12:42:24.140000,
60410,6,2,2,http://,,2,2026-05-14 12:42:24.143000,
60410,6,3,3,http://,,3,2026-05-14 12:42:24.143000,
60410,6,4,4,http://,,4,2026-05-14 12:42:24.150000,
60418,3,1,1,http://,,1,2026-05-14 11:53:39.877000,
60418,3,2,2,http://,,2,2026-05-14 11:53:39.880000,
60418,3,3,3,http://,,3,2026-05-14 11:53:39.880000,
60418,3,4,4,http://,,4,2026-05-14 11:53:39.883000,
60420,5,1,1,http://,,1,2026-05-14 12:48:21.937000,
60420,5,2,2,http://,,2,2026-05-14 12:48:21.937000,
60420,5,3,3,http://,,3,2026-05-14 12:48:21.940000,
60420,5,4,4,http://,,4,2026-05-14 12:48:21.943000,
60422,3,1,1,http://,,1,2026-04-16 11:46:36.213000,
60422,3,2,2,http://,,2,2026-04-16 11:46:36.217000,
60422,3,3,3,http://,,3,2026-04-16 11:46:36.220000,
60422,3,4,4,http://,,4,2026-04-16 11:46:36.220000,
60423,12,1,1,http://,,1,2026-05-08 16:15:01.200000,
60423,12,2,2,http://,,2,2026-05-08 16:15:01.203000,
60423,12,3,3,http://,,3,2026-05-08 16:15:01.207000,
60423,12,4,4,http://,,4,2026-05-08 16:15:01.207000,
60425,4,1,1,http://,,1,2026-05-08 16:16:01.457000,
60425,4,2,2,http://,,2,2026-05-08 16:16:01.460000,
60425,4,3,3,http://,,3,2026-05-08 16:16:01.463000,
60425,4,4,4,http://,,4,2026-05-08 16:16:01.467000,
60432,4,1,1,http://,,1,2026-05-14 20:00:13.117000,
60432,4,2,2,http://,,2,2026-05-14 20:00:13.127000,
60432,4,3,3,http://,,3,2026-05-14 20:00:13.137000,
60432,4,4,4,http://,,4,2026-05-14 20:00:13.143000,
60435,3,1,1,http://,,1,2026-05-12 00:12:28.487000,
60435,3,2,2,http://,,2,2026-05-12 00:12:28.490000,
60435,3,3,3,http://,,3,2026-05-12 00:12:28.497000,
60435,3,4,4,http://,,4,2026-05-12 00:12:28.500000,
60462,3,1,1,http://www.socialsecurity.gov/OP_Home/ssact/title18/1862.htm,Title XVIII of the Social Security Act §1862(a)(1)(A),1,2026-06-26 12:56:59.700000,
60462,3,2,2,http://www.socialsecurity.gov/OP_Home/ssact/title18/1833.htm,Title XVIII of the Social Security Act §1833(e),2,2026-06-26 12:56:59.710000,
60462,3,3,3,http://,,3,2026-06-26 12:56:59.717000,
60462,3,4,4,http://,,4,2026-06-26 12:56:59.720000,
60507,2,1,1,http://,,1,2026-07-24 20:50:48.093000,
60507,2,2,2,http://,,2,2026-07-24 20:50:48.097000,
60507,2,3,3,http://,,3,2026-07-24 20:50:48.097000,
60507,2,4,4,http://,,4,2026-07-24 20:50:48.100000,
