article_id,article_version,revenue_code_id,revenue_code_version,range,last_updated,description
52369,17,0490,15,X,2026-07-14 22:42:58.383000,Ambulatory Surgical Care - General Classification
52369,17,0499,15,Z,2026-07-14 22:42:58.383000,Ambulatory Surgical Care - Other Ambulatory Surgical Care
52369,17,0360,15,X,2026-07-14 22:42:58.383000,Operating Room Services - General Classification
52369,17,0367,15,Y,2026-07-14 22:42:58.383000,Operating Room Services - Kidney Transplant
52369,17,0361,15,Y,2026-07-14 22:42:58.383000,Operating Room Services - Minor Surgery
52369,17,0362,15,Y,2026-07-14 22:42:58.383000,Operating Room Services - Organ Transplant - Other than Kidney
52369,17,0369,15,Z,2026-07-14 22:42:58.383000,Operating Room Services - Other OR Services
52369,17,0963,15,Y,2026-07-14 22:42:58.383000,Professional Fees - Anesthesiologist (MD)
52369,17,0964,15,Y,2026-07-14 22:42:58.383000,Professional Fees - Anesthetist (CRNA)
52369,17,0960,15,X,2026-07-14 22:42:58.383000,Professional Fees - General Classification
52369,17,0975,15,N,2026-07-14 22:42:58.383000,Professional Fees - Operating Room
52369,17,0962,15,Y,2026-07-14 22:42:58.383000,Professional Fees - Ophthalmology
52369,17,0969,15,Z,2026-07-14 22:42:58.383000,Professional Fees - Other Professional Fee
52369,17,0982,15,N,2026-07-14 22:42:58.383000,Professional Fees - Outpatient Services
52369,17,0961,15,Y,2026-07-14 22:42:58.383000,Professional Fees - Psychiatric
52369,17,0760,15,X,2026-07-14 22:42:58.383000,Specialty Services - General Classification
52369,17,0762,15,Y,2026-07-14 22:42:58.383000,Specialty Services - Observation Hours
52369,17,0769,15,Z,2026-07-14 22:42:58.383000,Specialty Services - Other Specialty Services
52369,17,0761,15,Y,2026-07-14 22:42:58.383000,Specialty Services - Treatment Room
52430,12,99999,15,N,2025-11-26 22:23:51.143000,Not Applicable
52432,14,0490,15,N,2023-11-07 17:38:39.773000,Ambulatory Surgical Care - General Classification
52432,14,0510,15,N,2023-11-07 17:38:39.777000,Clinic - General Classification
52432,14,0982,15,N,2023-11-07 17:38:39.783000,Professional Fees - Outpatient Services
52432,14,0962,15,N,2023-11-07 17:38:39.780000,Professional Fees - Ophthalmology
52432,14,0960,15,N,2023-11-07 17:38:39.780000,Professional Fees - General Classification
52432,14,0983,15,N,2023-11-07 17:38:39.783000,Professional Fees - Clinic
52432,14,0360,15,N,2023-11-07 17:38:39.773000,Operating Room Services - General Classification
52435,14,0983,15,N,2025-11-26 22:25:16.793000,Professional Fees - Clinic
52435,14,0531,15,N,2025-11-26 22:25:16.790000,Osteopathic Services - Osteopathic Therapy
52435,14,0517,15,N,2025-11-26 22:25:16.787000,Clinic - Family Practice Clinic
52435,14,0516,15,N,2025-11-26 22:25:16.783000,Clinic - Urgent Care Clinic
52437,17,0519,15,N,2025-11-26 22:26:52.037000,Clinic - Other Clinic
52437,17,0510,15,N,2025-11-26 22:26:52.033000,Clinic - General Classification
52437,17,0490,15,N,2025-11-26 22:26:52.027000,Ambulatory Surgical Care - General Classification
52437,17,0499,15,N,2025-11-26 22:26:52.030000,Ambulatory Surgical Care - Other Ambulatory Surgical Care
52437,17,0272,15,N,2025-11-26 22:26:52,Medical/Surgical Supplies and Devices - Sterile Supply
52437,17,0622,15,N,2025-11-26 22:26:52.040000,Medical/Surgical Supplies and Devices - Supplies Incident to Other DX Services
52437,17,0621,15,N,2025-11-26 22:26:52.040000,Medical/Surgical Supplies and Devices - Supplies Incident to Radiology
52437,17,0623,15,N,2025-11-26 22:26:52.043000,Medical/Surgical Supplies and Devices - Surgical Dressings
52437,17,0270,15,N,2025-11-26 22:26:51.990000,Medical/Surgical Supplies and Devices - General Classification
52437,17,0271,15,N,2025-11-26 22:26:51.997000,Medical/Surgical Supplies and Devices - Non-sterile Supply
52437,17,0279,15,N,2025-11-26 22:26:52.003000,Medical/Surgical Supplies and Devices - Other Supplies/Devices
52437,17,0920,15,N,2025-11-26 22:26:52.053000,Other Diagnostic Services - General Classification
52437,17,0983,15,N,2025-11-26 22:26:52.070000,Professional Fees - Clinic
52437,17,0250,15,N,2025-11-26 22:26:51.973000,Pharmacy - General Classification
52437,17,0254,15,N,2025-11-26 22:26:51.980000,Pharmacy - Drugs Incident to Other Diagnostic Services
52437,17,0255,15,N,2025-11-26 22:26:51.983000,Pharmacy - Drugs Incident to Radiology
52437,17,0636,15,N,2025-11-26 22:26:52.047000,Pharmacy - Drugs Requiring Detailed Coding
52437,17,0259,15,N,2025-11-26 22:26:51.987000,Pharmacy - Other Pharmacy
52437,17,0360,15,N,2025-11-26 22:26:52.020000,Operating Room Services - General Classification
52437,17,0341,15,N,2025-11-26 22:26:52.017000,Nuclear Medicine - Diagnostic
52437,17,0340,15,N,2025-11-26 22:26:52.013000,Nuclear Medicine - General Classification
52437,17,0361,15,N,2025-11-26 22:26:52.023000,Operating Room Services - Minor Surgery
52437,17,0960,15,N,2025-11-26 22:26:52.057000,Professional Fees - General Classification
52437,17,0975,15,N,2025-11-26 22:26:52.067000,Professional Fees - Operating Room
52437,17,0982,15,N,2025-11-26 22:26:52.070000,Professional Fees - Outpatient Services
52437,17,0969,15,N,2025-11-26 22:26:52.060000,Professional Fees - Other Professional Fee
52437,17,0974,15,N,2025-11-26 22:26:52.060000,Professional Fees - Radiology - Nuclear
52437,17,0761,15,N,2025-11-26 22:26:52.050000,Specialty Services - Treatment Room
52437,17,0329,15,N,2025-11-26 22:26:52.010000,Radiology - Diagnostic - Other Radiology - Diagnostic
52437,17,0320,15,N,2025-11-26 22:26:52.007000,Radiology - Diagnostic - General Classification
52438,22,0250,15,N,2025-09-18 20:45:40.893000,Pharmacy - General Classification
52470,19,0983,15,N,2026-07-27 18:03:29.237000,Professional Fees - Clinic
52470,19,0940,15,N,2026-07-27 18:03:29.220000,Other Therapeutic Services - General Classification
52470,19,0920,15,N,2026-07-27 18:03:29.220000,Other Diagnostic Services - General Classification
52470,19,0369,15,N,2026-07-27 18:03:29.197000,Operating Room Services - Other OR Services
52470,19,0361,15,N,2026-07-27 18:03:29.193000,Operating Room Services - Minor Surgery
52470,19,0360,15,N,2026-07-27 18:03:29.190000,Operating Room Services - General Classification
52470,19,0710,15,N,2026-07-27 18:03:29.213000,Recovery Room - General Classification
52470,19,0761,15,N,2026-07-27 18:03:29.217000,Specialty Services - Treatment Room
52470,19,0969,15,N,2026-07-27 18:03:29.227000,Professional Fees - Other Professional Fee
52470,19,0982,15,N,2026-07-27 18:03:29.233000,Professional Fees - Outpatient Services
52470,19,0975,15,N,2026-07-27 18:03:29.227000,Professional Fees - Operating Room
52470,19,0960,15,N,2026-07-27 18:03:29.223000,Professional Fees - General Classification
52470,19,0981,15,N,2026-07-27 18:03:29.230000,Professional Fees - Emergency Room Services
52470,19,0300,15,N,2026-07-27 18:03:29.187000,Laboratory - General Classification
52470,19,0309,15,N,2026-07-27 18:03:29.190000,Laboratory - Other Laboratory
52470,19,0520,15,N,2026-07-27 18:03:29.210000,Freestanding Clinic - General Classification
52470,19,0510,15,N,2026-07-27 18:03:29.203000,Clinic - General Classification
52470,19,0517,15,N,2026-07-27 18:03:29.207000,Clinic - Family Practice Clinic
52470,19,0519,15,N,2026-07-27 18:03:29.210000,Clinic - Other Clinic
52470,19,0516,15,N,2026-07-27 18:03:29.207000,Clinic - Urgent Care Clinic
52470,19,0450,15,N,2026-07-27 18:03:29.200000,Emergency Room - General Classification
52470,19,0456,15,N,2026-07-27 18:03:29.200000,Emergency Room - Urgent Care
52571,143,99999,15,N,2026-07-10 13:46:46.210000,Not Applicable
52825,12,0901,15,N,2026-07-14 22:43:05.233000,Behavioral Health Treatment/Services - Electroshock Treatment
52825,12,0916,15,N,2026-07-14 22:43:05.233000,Behavioral Health Treatment/Services - Family Therapy
52825,12,0900,15,N,2026-07-14 22:43:05.233000,Behavioral Health Treatment/Services - General Classification
52825,12,0915,15,N,2026-07-14 22:43:05.233000,Behavioral Health Treatment/Services - Group Therapy
52825,12,0914,15,N,2026-07-14 22:43:05.233000,Behavioral Health Treatment/Services - Individual Therapy
52825,12,0918,15,N,2026-07-14 22:43:05.233000,Behavioral Health Treatment/Services - Testing
52830,9,0652,11,N,2026-07-28 17:58:37.110000,Hospice Service - Continuous Home Care
52830,9,0656,11,N,2026-07-28 17:58:37.110000,Hospice Service - General Inpatient Care Non-Respite
52830,9,0655,11,N,2026-07-28 17:58:37.110000,Hospice Service - Inpatient Respite Care
52830,9,0657,11,N,2026-07-28 17:58:37.110000,Hospice Service - Physician Services
52830,9,0651,11,N,2026-07-28 17:58:37.110000,Hospice Service - Routine Home Care
52837,21,0511,15,Y,2026-07-14 22:43:04.640000,Clinic - Chronic Pain Center
52837,21,0499,15,Z,2026-07-14 22:43:04.640000,Ambulatory Surgical Care - Other Ambulatory Surgical Care
52837,21,0490,15,X,2026-07-14 22:43:04.640000,Ambulatory Surgical Care - General Classification
52837,21,0517,15,Y,2026-07-14 22:43:04.640000,Clinic - Family Practice Clinic
52837,21,0512,15,Y,2026-07-14 22:43:04.640000,Clinic - Dental Clinic
52837,21,0510,15,X,2026-07-14 22:43:04.640000,Clinic - General Classification
52837,21,0514,15,Y,2026-07-14 22:43:04.640000,Clinic - OB-GYN Clinic
52837,21,0516,15,Y,2026-07-14 22:43:04.640000,Clinic - Urgent Care Clinic
52837,21,0513,15,Y,2026-07-14 22:43:04.640000,Clinic - Psychiatric Clinic
52837,21,0519,15,Z,2026-07-14 22:43:04.640000,Clinic - Other Clinic
52837,21,0515,15,Y,2026-07-14 22:43:04.640000,Clinic - Pediatric Clinic
52837,21,0761,15,Y,2026-07-14 22:43:04.640000,Specialty Services - Treatment Room
52837,21,0769,15,Z,2026-07-14 22:43:04.640000,Specialty Services - Other Specialty Services
52837,21,0762,15,Y,2026-07-14 22:43:04.640000,Specialty Services - Observation Hours
52837,21,0760,15,X,2026-07-14 22:43:04.640000,Specialty Services - General Classification
52837,21,0360,15,X,2026-07-14 22:43:04.640000,Operating Room Services - General Classification
52837,21,0361,15,Y,2026-07-14 22:43:04.640000,Operating Room Services - Minor Surgery
52837,21,0362,15,Y,2026-07-14 22:43:04.640000,Operating Room Services - Organ Transplant - Other than Kidney
52837,21,0367,15,Y,2026-07-14 22:43:04.640000,Operating Room Services - Kidney Transplant
52837,21,0369,15,Z,2026-07-14 22:43:04.640000,Operating Room Services - Other OR Services
52840,3,99999,4,N,2026-07-14 22:43:04.720000,Not Applicable
52845,8,0550,15,N,2026-07-14 21:41:56.477000,Skilled Nursing - General Classification
52986,242,99999,15,N,2025-04-25 17:28:16.783000,Not Applicable
52992,30,0921,15,N,2025-04-11 13:01:08.817000,Other Diagnostic Services - Peripheral Vascular Lab
52993,54,99999,15,N,2024-10-18 13:42:54.577000,Not Applicable
52996,31,0515,15,Y,2025-09-26 13:52:26.720000,Clinic - Pediatric Clinic
52996,31,0519,15,Z,2025-09-26 13:52:26.727000,Clinic - Other Clinic
52996,31,0513,15,Y,2025-09-26 13:52:26.710000,Clinic - Psychiatric Clinic
52996,31,0516,15,Y,2025-09-26 13:52:26.720000,Clinic - Urgent Care Clinic
52996,31,0514,15,Y,2025-09-26 13:52:26.717000,Clinic - OB-GYN Clinic
52996,31,0510,15,X,2025-09-26 13:52:26.703000,Clinic - General Classification
52996,31,0512,15,Y,2025-09-26 13:52:26.710000,Clinic - Dental Clinic
52996,31,0517,15,Y,2025-09-26 13:52:26.723000,Clinic - Family Practice Clinic
52996,31,0511,15,Y,2025-09-26 13:52:26.707000,Clinic - Chronic Pain Center
52998,50,99999,15,N,2026-01-23 14:04:06.270000,Not Applicable
53001,45,0273,15,Y,2026-01-23 14:04:57.143000,Medical/Surgical Supplies and Devices - Take Home Supplies
53001,45,0623,15,N,2026-01-23 14:04:57.267000,Medical/Surgical Supplies and Devices - Surgical Dressings
53001,45,0272,15,Y,2026-01-23 14:04:57.140000,Medical/Surgical Supplies and Devices - Sterile Supply
53001,45,0279,15,Z,2026-01-23 14:04:57.160000,Medical/Surgical Supplies and Devices - Other Supplies/Devices
53001,45,0277,15,Y,2026-01-23 14:04:57.153000,Medical/Surgical Supplies and Devices - Oxygen - Take Home
53001,45,0275,15,Y,2026-01-23 14:04:57.147000,Medical/Surgical Supplies and Devices - Pacemaker
53001,45,0274,15,Y,2026-01-23 14:04:57.147000,Medical/Surgical Supplies and Devices - Prosthetic/Orthotic Devices
53001,45,0271,15,Y,2026-01-23 14:04:57.140000,Medical/Surgical Supplies and Devices - Non-sterile Supply
53001,45,0278,15,Y,2026-01-23 14:04:57.160000,Medical/Surgical Supplies and Devices - Other Implant
53001,45,0270,15,X,2026-01-23 14:04:57.137000,Medical/Surgical Supplies and Devices - General Classification
53001,45,0276,15,Y,2026-01-23 14:04:57.150000,Medical/Surgical Supplies and Devices - Intraocular Lens
53001,45,0527,15,Y,2026-01-23 14:04:57.260000,Freestanding Clinic - Visiting Nurse Service(s) to a Member's Home when in a Home Health Shortage Area
53001,45,0520,15,X,2026-01-23 14:04:57.247000,Freestanding Clinic - General Classification
53001,45,0522,15,Y,2026-01-23 14:04:57.250000,Freestanding Clinic - Home Visit by RHC/FQHC Practitioner
53001,45,0521,15,Y,2026-01-23 14:04:57.250000,Freestanding Clinic - Clinic Visit by Member to RHC/FQHC
53001,45,0523,15,Y,2026-01-23 14:04:57.253000,Freestanding Clinic - Family Practice Clinic
53001,45,0529,15,Z,2026-01-23 14:04:57.263000,Freestanding Clinic - Other Freestanding Clinic
53001,45,0526,15,Y,2026-01-23 14:04:57.260000,Freestanding Clinic - Urgent Care Clinic
53001,45,0525,15,Y,2026-01-23 14:04:57.257000,Freestanding Clinic - Visit by RHC/FQHC Practitioner to a Member in a SNF (not in a Covered Part A Stay) or NF or ICF MR or Other Residential Facility
53001,45,0524,15,Y,2026-01-23 14:04:57.253000,Freestanding Clinic - Visit by RHC/FQHC Practitioner to a Member in a SNF or Skilled Swing Bed in a Covered Part A Stay
53001,45,0528,15,Y,2026-01-23 14:04:57.263000,Freestanding Clinic - Visit by RHC/FQHC Practitioner to Other non-RHC/FQHC site (e.g. Scene of Accident)
53001,45,0511,15,Y,2026-01-23 14:04:57.230000,Clinic - Chronic Pain Center
53001,45,0490,15,X,2026-01-23 14:04:57.223000,Ambulatory Surgical Care - General Classification
53001,45,0499,15,Z,2026-01-23 14:04:57.227000,Ambulatory Surgical Care - Other Ambulatory Surgical Care
53001,45,0517,15,Y,2026-01-23 14:04:57.243000,Clinic - Family Practice Clinic
53001,45,0512,15,Y,2026-01-23 14:04:57.230000,Clinic - Dental Clinic
53001,45,0510,15,X,2026-01-23 14:04:57.227000,Clinic - General Classification
53001,45,0514,15,Y,2026-01-23 14:04:57.237000,Clinic - OB-GYN Clinic
53001,45,0516,15,Y,2026-01-23 14:04:57.240000,Clinic - Urgent Care Clinic
53001,45,0513,15,Y,2026-01-23 14:04:57.233000,Clinic - Psychiatric Clinic
53001,45,0519,15,Z,2026-01-23 14:04:57.243000,Clinic - Other Clinic
53001,45,0515,15,Y,2026-01-23 14:04:57.237000,Clinic - Pediatric Clinic
53001,45,0456,15,Y,2026-01-23 14:04:57.220000,Emergency Room - Urgent Care
53001,45,0459,15,Z,2026-01-23 14:04:57.220000,Emergency Room - Other Emergency Room
53001,45,0450,15,X,2026-01-23 14:04:57.213000,Emergency Room - General Classification
53001,45,0452,15,Y,2026-01-23 14:04:57.217000,Emergency Room - ER Beyond EMTALA Screening
53001,45,0451,15,Y,2026-01-23 14:04:57.217000,Emergency Room - EMTALA Emergency Medical Screening Services
53001,45,0369,15,Z,2026-01-23 14:04:57.173000,Operating Room Services - Other OR Services
53001,45,0424,15,Y,2026-01-23 14:04:57.183000,Physical Therapy - Evaluation or Re-evaluation
53001,45,0420,15,X,2026-01-23 14:04:57.173000,Physical Therapy - General Classification
53001,45,0983,15,N,2026-01-23 14:04:57.277000,Professional Fees - Clinic
53001,45,0423,15,Y,2026-01-23 14:04:57.180000,Physical Therapy - Group
53001,45,0429,15,Z,2026-01-23 14:04:57.187000,Physical Therapy - Other Physical Therapy
53001,45,0422,15,Y,2026-01-23 14:04:57.180000,Physical Therapy - Hourly
53001,45,0421,15,Y,2026-01-23 14:04:57.177000,Physical Therapy - Visit
53001,45,0367,15,Y,2026-01-23 14:04:57.170000,Operating Room Services - Kidney Transplant
53001,45,0362,15,Y,2026-01-23 14:04:57.167000,Operating Room Services - Organ Transplant - Other than Kidney
53001,45,0361,15,Y,2026-01-23 14:04:57.167000,Operating Room Services - Minor Surgery
53001,45,0360,15,X,2026-01-23 14:04:57.163000,Operating Room Services - General Classification
53001,45,0439,15,Z,2026-01-23 14:04:57.197000,Occupational Therapy - Other Occupational Therapy
53001,45,0431,15,Y,2026-01-23 14:04:57.190000,Occupational Therapy - Visit
53001,45,0434,15,Y,2026-01-23 14:04:57.197000,Occupational Therapy - Evaluation or Reevaluation
53001,45,0430,15,X,2026-01-23 14:04:57.187000,Occupational Therapy - General Classification
53001,45,0433,15,Y,2026-01-23 14:04:57.193000,Occupational Therapy - Group
53001,45,0432,15,Y,2026-01-23 14:04:57.190000,Occupational Therapy - Hourly
53001,45,0761,15,N,2026-01-23 14:04:57.270000,Specialty Services - Treatment Room
53001,45,0444,15,Y,2026-01-23 14:04:57.207000,Speech-Language Pathology - Evaluation or Reevaluation
53001,45,0440,15,X,2026-01-23 14:04:57.200000,Speech-Language Pathology - General Classification
53001,45,0443,15,Y,2026-01-23 14:04:57.207000,Speech-Language Pathology - Group
53001,45,0978,15,N,2026-01-23 14:04:57.273000,Professional Fees - Occupational Therapy
53001,45,0982,15,N,2026-01-23 14:04:57.273000,Professional Fees - Outpatient Services
53001,45,0977,15,N,2026-01-23 14:04:57.270000,Professional Fees - Physical Therapy
53001,45,0442,15,Y,2026-01-23 14:04:57.203000,Speech-Language Pathology - Hourly
53001,45,0449,15,Z,2026-01-23 14:04:57.210000,Speech-Language Pathology - Other Speech Therapy
53001,45,0441,15,Y,2026-01-23 14:04:57.200000,Speech-Language Pathology - Visit
53019,15,0976,15,N,2026-07-14 22:43:05.157000,Professional Fees - Respiratory Therapy
53019,15,0982,15,N,2026-07-14 22:43:05.157000,Professional Fees - Outpatient Services
53019,15,0985,15,N,2026-07-14 22:43:05.157000,Professional Fees - EKG
53019,15,0988,15,N,2026-07-14 22:43:05.157000,Professional Fees - Consultation
53019,15,0960,15,N,2026-07-14 22:43:05.157000,Professional Fees - General Classification
53019,15,0987,15,N,2026-07-14 22:43:05.157000,Professional Fees - Hospital Visit
53019,15,0983,15,N,2026-07-14 22:43:05.157000,Professional Fees - Clinic
53019,15,0920,15,N,2026-07-14 22:43:05.157000,Other Diagnostic Services - General Classification
53019,15,0929,15,N,2026-07-14 22:43:05.157000,Other Diagnostic Services - Other Diagnostic Service
53019,15,0740,15,N,2026-07-14 22:43:05.157000,EEG (Electroencephalogram) - General Classification
53019,15,0519,15,N,2026-07-14 22:43:05.157000,Clinic - Other Clinic
53052,48,0440,15,N,2025-08-19 18:16:46.143000,Speech-Language Pathology - General Classification
53052,48,0444,15,N,2025-08-19 18:16:46.150000,Speech-Language Pathology - Evaluation or Reevaluation
53052,48,0441,15,N,2025-08-19 18:16:46.147000,Speech-Language Pathology - Visit
53057,67,0432,15,Y,2026-02-04 14:14:58.867000,Occupational Therapy - Hourly
53057,67,0433,15,Y,2026-02-04 14:14:58.870000,Occupational Therapy - Group
53057,67,0430,15,X,2026-02-04 14:14:58.863000,Occupational Therapy - General Classification
53057,67,0434,15,Y,2026-02-04 14:14:58.870000,Occupational Therapy - Evaluation or Reevaluation
53057,67,0431,15,Y,2026-02-04 14:14:58.863000,Occupational Therapy - Visit
53057,67,0439,15,Z,2026-02-04 14:14:58.873000,Occupational Therapy - Other Occupational Therapy
53058,65,0421,15,N,2026-02-04 14:12:57.137000,Physical Therapy - Visit
53058,65,0429,15,N,2026-02-04 14:12:57.153000,Physical Therapy - Other Physical Therapy
53058,65,0420,15,N,2026-02-04 14:12:57.130000,Physical Therapy - General Classification
53058,65,0424,15,N,2026-02-04 14:12:57.143000,Physical Therapy - Evaluation or Re-evaluation
53064,87,0439,15,N,2026-02-04 14:07:04.787000,Occupational Therapy - Other Occupational Therapy
53064,87,0431,15,N,2026-02-04 14:07:04.777000,Occupational Therapy - Visit
53064,87,0434,15,N,2026-02-04 14:07:04.783000,Occupational Therapy - Evaluation or Reevaluation
53064,87,0430,15,N,2026-02-04 14:07:04.777000,Occupational Therapy - General Classification
53064,87,0433,15,N,2026-02-04 14:07:04.783000,Occupational Therapy - Group
53064,87,0432,15,N,2026-02-04 14:07:04.780000,Occupational Therapy - Hourly
53065,76,0424,15,N,2026-02-04 14:09:20.803000,Physical Therapy - Evaluation or Re-evaluation
53065,76,0420,15,N,2026-02-04 14:09:20.793000,Physical Therapy - General Classification
53065,76,0429,15,N,2026-02-04 14:09:20.807000,Physical Therapy - Other Physical Therapy
53065,76,0423,15,N,2026-02-04 14:09:20.800000,Physical Therapy - Group
53065,76,0421,15,N,2026-02-04 14:09:20.797000,Physical Therapy - Visit
53065,76,0422,15,N,2026-02-04 14:09:20.800000,Physical Therapy - Hourly
53095,28,99999,15,N,2024-09-05 14:24:28.900000,Not Applicable
53127,193,99999,15,N,2026-07-10 13:46:04.830000,Not Applicable
53134,84,0404,15,N,2023-11-22 12:43:03.523000,Other Imaging Services - Positron Emission Tomography
53359,40,0920,15,N,2026-06-17 15:00:08.720000,Other Diagnostic Services - General Classification
53359,40,0280,15,N,2026-06-17 15:00:08.697000,Oncology - General Classification
53359,40,0289,15,N,2026-06-17 15:00:08.700000,Oncology - Other Oncology
53359,40,0360,15,N,2026-06-17 15:00:08.703000,Operating Room Services - General Classification
53359,40,0272,15,N,2026-06-17 15:00:08.680000,Medical/Surgical Supplies and Devices - Sterile Supply
53359,40,0276,15,N,2026-06-17 15:00:08.687000,Medical/Surgical Supplies and Devices - Intraocular Lens
53359,40,0278,15,N,2026-06-17 15:00:08.690000,Medical/Surgical Supplies and Devices - Other Implant
53359,40,0274,15,N,2026-06-17 15:00:08.680000,Medical/Surgical Supplies and Devices - Prosthetic/Orthotic Devices
53359,40,0275,15,N,2026-06-17 15:00:08.683000,Medical/Surgical Supplies and Devices - Pacemaker
53359,40,0624,15,N,2026-06-17 15:00:08.717000,Medical/Surgical Supplies and Devices - FDA Investigational Devices
53359,40,0279,15,N,2026-06-17 15:00:08.693000,Medical/Surgical Supplies and Devices - Other Supplies/Devices
53359,40,0290,15,N,2026-06-17 15:00:08.700000,Durable Medical Equipment (other than renal) - General Classification
53359,40,0521,15,N,2026-06-17 15:00:08.713000,Freestanding Clinic - Clinic Visit by Member to RHC/FQHC
53359,40,0510,15,N,2026-06-17 15:00:08.710000,Clinic - General Classification
53883,26,99999,15,N,2024-03-01 14:33:37.030000,Not Applicable
54111,50,0444,15,N,2025-09-26 17:14:51.333000,Speech-Language Pathology - Evaluation or Reevaluation
54111,50,0440,15,N,2025-09-26 17:14:51.317000,Speech-Language Pathology - General Classification
54111,50,0443,15,N,2025-09-26 17:14:51.330000,Speech-Language Pathology - Group
54111,50,0441,15,N,2025-09-26 17:14:51.320000,Speech-Language Pathology - Visit
54111,50,0449,15,N,2025-09-26 17:14:51.337000,Speech-Language Pathology - Other Speech Therapy
54111,50,0442,15,N,2025-09-26 17:14:51.327000,Speech-Language Pathology - Hourly
54117,88,99999,15,N,2026-01-23 13:39:50.897000,Not Applicable
54602,25,0360,15,N,2026-07-14 22:43:03.107000,Operating Room Services - General Classification
54602,25,0361,15,N,2026-07-14 22:43:03.107000,Operating Room Services - Minor Surgery
54602,25,0369,15,N,2026-07-14 22:43:03.107000,Operating Room Services - Other OR Services
54602,25,0761,15,N,2026-07-14 22:43:03.107000,Specialty Services - Treatment Room
54602,25,0960,15,N,2026-07-14 22:43:03.107000,Professional Fees - General Classification
54602,25,0983,15,N,2026-07-14 22:43:03.107000,Professional Fees - Clinic
54602,25,0969,15,N,2026-07-14 22:43:03.107000,Professional Fees - Other Professional Fee
54602,25,0975,15,N,2026-07-14 22:43:03.107000,Professional Fees - Operating Room
54602,25,0982,15,N,2026-07-14 22:43:03.107000,Professional Fees - Outpatient Services
54602,25,0510,15,N,2026-07-14 22:43:03.107000,Clinic - General Classification
54602,25,0499,15,N,2026-07-14 22:43:03.107000,Ambulatory Surgical Care - Other Ambulatory Surgical Care
54602,25,0490,15,N,2026-07-14 22:43:03.107000,Ambulatory Surgical Care - General Classification
54602,25,0516,15,N,2026-07-14 22:43:03.107000,Clinic - Urgent Care Clinic
54602,25,0456,15,N,2026-07-14 22:43:03.107000,Emergency Room - Urgent Care
54602,25,0520,15,N,2026-07-14 22:43:03.107000,Freestanding Clinic - General Classification
54831,28,0480,15,N,2023-08-24 15:36:23.493000,Cardiology - General Classification
54909,25,0480,15,N,2026-07-14 22:43:03.490000,Cardiology - General Classification
54926,25,0480,15,N,2025-05-09 14:50:07.560000,Cardiology - General Classification
54929,40,0480,15,N,2025-10-27 12:06:23.610000,Cardiology - General Classification
54954,28,99999,15,N,2023-01-20 14:21:01.793000,Not Applicable
54961,21,0480,15,N,2026-04-02 15:20:28.490000,Cardiology - General Classification
54969,52,0922,15,N,2025-10-14 13:00:48.423000,Other Diagnostic Services - Electromyogram
54969,52,0920,15,N,2025-10-14 13:00:48.423000,Other Diagnostic Services - General Classification
54969,52,0929,15,N,2025-10-14 13:00:48.423000,Other Diagnostic Services - Other Diagnostic Service
54982,28,0480,15,N,2025-05-09 14:48:53.120000,Cardiology - General Classification
55229,46,99999,15,N,2026-01-23 14:05:43.797000,Not Applicable
55315,17,0333,15,N,2025-09-26 22:10:36.720000,Radiology - Therapeutic and/or Chemotherapy Administration - Radiation Therapy
55354,35,0821,15,N,2023-06-05 13:31:53.100000,Hemodialysis - Outpatient or Home - Hemodialysis Composite or Other Rate
55354,35,0881,15,N,2023-06-05 13:31:53.117000,Miscellaneous Dialysis - Ultrafiltration
55584,19,99999,15,N,2025-09-16 14:35:04.427000,Not Applicable
55672,26,0881,15,N,2026-07-14 22:42:59.733000,Miscellaneous Dialysis - Ultrafiltration
55672,26,0821,15,N,2026-07-14 22:42:59.733000,Hemodialysis - Outpatient or Home - Hemodialysis Composite or Other Rate
55675,25,0821,15,N,2025-10-06 18:48:48.570000,Hemodialysis - Outpatient or Home - Hemodialysis Composite or Other Rate
55675,25,0881,15,N,2025-10-06 18:48:48.570000,Miscellaneous Dialysis - Ultrafiltration
55703,27,0881,15,N,2026-06-18 15:02:38.023000,Miscellaneous Dialysis - Ultrafiltration
55703,27,0821,15,N,2026-06-18 15:02:38.023000,Hemodialysis - Outpatient or Home - Hemodialysis Composite or Other Rate
55723,44,0821,15,N,2023-01-20 12:02:27.713000,Hemodialysis - Outpatient or Home - Hemodialysis Composite or Other Rate
55723,44,0881,15,N,2023-01-20 12:02:27.730000,Miscellaneous Dialysis - Ultrafiltration
55818,26,0272,15,Y,2026-01-23 14:13:18.720000,Medical/Surgical Supplies and Devices - Sterile Supply
55818,26,0623,15,N,2026-01-23 14:13:19.193000,Medical/Surgical Supplies and Devices - Surgical Dressings
55818,26,0273,15,Y,2026-01-23 14:13:18.727000,Medical/Surgical Supplies and Devices - Take Home Supplies
55818,26,0279,15,Z,2026-01-23 14:13:18.777000,Medical/Surgical Supplies and Devices - Other Supplies/Devices
55818,26,0277,15,Y,2026-01-23 14:13:18.760000,Medical/Surgical Supplies and Devices - Oxygen - Take Home
55818,26,0275,15,Y,2026-01-23 14:13:18.743000,Medical/Surgical Supplies and Devices - Pacemaker
55818,26,0274,15,Y,2026-01-23 14:13:18.737000,Medical/Surgical Supplies and Devices - Prosthetic/Orthotic Devices
55818,26,0278,15,Y,2026-01-23 14:13:18.770000,Medical/Surgical Supplies and Devices - Other Implant
55818,26,0271,15,Y,2026-01-23 14:13:18.693000,Medical/Surgical Supplies and Devices - Non-sterile Supply
55818,26,0276,15,Y,2026-01-23 14:13:18.750000,Medical/Surgical Supplies and Devices - Intraocular Lens
55818,26,0270,15,X,2026-01-23 14:13:18.687000,Medical/Surgical Supplies and Devices - General Classification
55818,26,0527,15,Y,2026-01-23 14:13:19.170000,Freestanding Clinic - Visiting Nurse Service(s) to a Member's Home when in a Home Health Shortage Area
55818,26,0520,15,X,2026-01-23 14:13:19.110000,Freestanding Clinic - General Classification
55818,26,0522,15,Y,2026-01-23 14:13:19.127000,Freestanding Clinic - Home Visit by RHC/FQHC Practitioner
55818,26,0521,15,Y,2026-01-23 14:13:19.120000,Freestanding Clinic - Clinic Visit by Member to RHC/FQHC
55818,26,0523,15,Y,2026-01-23 14:13:19.137000,Freestanding Clinic - Family Practice Clinic
55818,26,0528,15,Y,2026-01-23 14:13:19.177000,Freestanding Clinic - Visit by RHC/FQHC Practitioner to Other non-RHC/FQHC site (e.g. Scene of Accident)
55818,26,0524,15,Y,2026-01-23 14:13:19.143000,Freestanding Clinic - Visit by RHC/FQHC Practitioner to a Member in a SNF or Skilled Swing Bed in a Covered Part A Stay
55818,26,0525,15,Y,2026-01-23 14:13:19.153000,Freestanding Clinic - Visit by RHC/FQHC Practitioner to a Member in a SNF (not in a Covered Part A Stay) or NF or ICF MR or Other Residential Facility
55818,26,0526,15,Y,2026-01-23 14:13:19.160000,Freestanding Clinic - Urgent Care Clinic
55818,26,0529,15,Z,2026-01-23 14:13:19.187000,Freestanding Clinic - Other Freestanding Clinic
55818,26,0511,15,Y,2026-01-23 14:13:19.043000,Clinic - Chronic Pain Center
55818,26,0499,15,Z,2026-01-23 14:13:19.027000,Ambulatory Surgical Care - Other Ambulatory Surgical Care
55818,26,0490,15,X,2026-01-23 14:13:19.020000,Ambulatory Surgical Care - General Classification
55818,26,0510,15,X,2026-01-23 14:13:19.037000,Clinic - General Classification
55818,26,0514,15,Y,2026-01-23 14:13:19.070000,Clinic - OB-GYN Clinic
55818,26,0512,15,Y,2026-01-23 14:13:19.053000,Clinic - Dental Clinic
55818,26,0517,15,Y,2026-01-23 14:13:19.093000,Clinic - Family Practice Clinic
55818,26,0456,15,Y,2026-01-23 14:13:19.003000,Emergency Room - Urgent Care
55818,26,0459,15,Z,2026-01-23 14:13:19.010000,Emergency Room - Other Emergency Room
55818,26,0451,15,Y,2026-01-23 14:13:18.987000,Emergency Room - EMTALA Emergency Medical Screening Services
55818,26,0452,15,Y,2026-01-23 14:13:18.993000,Emergency Room - ER Beyond EMTALA Screening
55818,26,0450,15,X,2026-01-23 14:13:18.977000,Emergency Room - General Classification
55818,26,0513,15,Y,2026-01-23 14:13:19.060000,Clinic - Psychiatric Clinic
55818,26,0516,15,Y,2026-01-23 14:13:19.087000,Clinic - Urgent Care Clinic
55818,26,0515,15,Y,2026-01-23 14:13:19.077000,Clinic - Pediatric Clinic
55818,26,0519,15,Z,2026-01-23 14:13:19.103000,Clinic - Other Clinic
55818,26,0432,15,Y,2026-01-23 14:13:18.893000,Occupational Therapy - Hourly
55818,26,0433,15,Y,2026-01-23 14:13:18.903000,Occupational Therapy - Group
55818,26,0430,15,X,2026-01-23 14:13:18.877000,Occupational Therapy - General Classification
55818,26,0434,15,Y,2026-01-23 14:13:18.910000,Occupational Therapy - Evaluation or Reevaluation
55818,26,0431,15,Y,2026-01-23 14:13:18.883000,Occupational Therapy - Visit
55818,26,0439,15,Z,2026-01-23 14:13:18.920000,Occupational Therapy - Other Occupational Therapy
55818,26,0362,15,Y,2026-01-23 14:13:18.800000,Operating Room Services - Organ Transplant - Other than Kidney
55818,26,0361,15,Y,2026-01-23 14:13:18.793000,Operating Room Services - Minor Surgery
55818,26,0360,15,X,2026-01-23 14:13:18.787000,Operating Room Services - General Classification
55818,26,0367,15,Y,2026-01-23 14:13:18.810000,Operating Room Services - Kidney Transplant
55818,26,0369,15,Z,2026-01-23 14:13:18.820000,Operating Room Services - Other OR Services
55818,26,0420,15,X,2026-01-23 14:13:18.827000,Physical Therapy - General Classification
55818,26,0424,15,Y,2026-01-23 14:13:18.860000,Physical Therapy - Evaluation or Re-evaluation
55818,26,0422,15,Y,2026-01-23 14:13:18.843000,Physical Therapy - Hourly
55818,26,0421,15,Y,2026-01-23 14:13:18.833000,Physical Therapy - Visit
55818,26,0423,15,Y,2026-01-23 14:13:18.850000,Physical Therapy - Group
55818,26,0429,15,Z,2026-01-23 14:13:18.870000,Physical Therapy - Other Physical Therapy
55818,26,0443,15,Y,2026-01-23 14:13:18.953000,Speech-Language Pathology - Group
55818,26,0440,15,X,2026-01-23 14:13:18.927000,Speech-Language Pathology - General Classification
55818,26,0444,15,Y,2026-01-23 14:13:18.960000,Speech-Language Pathology - Evaluation or Reevaluation
55818,26,0761,15,N,2026-01-23 14:13:19.203000,Specialty Services - Treatment Room
55818,26,0982,15,N,2026-01-23 14:13:19.227000,Professional Fees - Outpatient Services
55818,26,0977,15,N,2026-01-23 14:13:19.210000,Professional Fees - Physical Therapy
55818,26,0978,15,N,2026-01-23 14:13:19.220000,Professional Fees - Occupational Therapy
55818,26,0983,15,N,2026-01-23 14:13:19.237000,Professional Fees - Clinic
55818,26,0442,15,Y,2026-01-23 14:13:18.943000,Speech-Language Pathology - Hourly
55818,26,0449,15,Z,2026-01-23 14:13:18.970000,Speech-Language Pathology - Other Speech Therapy
55818,26,0441,15,Y,2026-01-23 14:13:18.937000,Speech-Language Pathology - Visit
55913,9,0636,15,N,2024-12-17 15:26:40.617000,Pharmacy - Drugs Requiring Detailed Coding
55937,46,99999,15,N,2026-04-02 15:10:22.693000,Not Applicable
56159,23,0821,15,N,2026-02-27 19:04:09.923000,Hemodialysis - Outpatient or Home - Hemodialysis Composite or Other Rate
56159,23,0881,15,N,2026-02-27 19:04:09.940000,Miscellaneous Dialysis - Ultrafiltration
56287,18,99999,15,N,2024-05-31 13:37:46.903000,Not Applicable
56384,7,0963,11,Y,2019-10-08 18:32:34.933000,Professional Fees - Anesthesiologist (MD)
56384,7,0964,11,Y,2019-10-08 18:32:34.933000,Professional Fees - Anesthetist (CRNA)
56384,7,0983,11,Y,2019-10-08 18:32:34.957000,Professional Fees - Clinic
56384,7,0988,11,Y,2019-10-08 18:32:34.963000,Professional Fees - Consultation
56384,7,0986,11,Y,2019-10-08 18:32:34.960000,Professional Fees - EEG
56384,7,0985,11,Y,2019-10-08 18:32:34.960000,Professional Fees - EKG
56384,7,0981,11,X,2019-10-08 18:32:34.953000,Professional Fees - Emergency Room Services
56384,7,0960,11,X,2019-10-08 18:32:34.927000,Professional Fees - General Classification
56384,7,0987,11,Y,2019-10-08 18:32:34.963000,Professional Fees - Hospital Visit
56384,7,0978,11,Y,2019-10-08 18:32:34.950000,Professional Fees - Occupational Therapy
56384,7,0962,11,Y,2019-10-08 18:32:34.930000,Professional Fees - Ophthalmology
56384,7,0971,11,X,2019-10-08 18:32:34.937000,Professional Fees - Laboratory
56384,7,0984,11,Y,2019-10-08 18:32:34.960000,Professional Fees - Medical Social Services
56384,7,0982,11,Y,2019-10-08 18:32:34.953000,Professional Fees - Outpatient Services
56384,7,0969,11,Z,2019-10-08 18:32:34.937000,Professional Fees - Other Professional Fee
56384,7,0989,11,Z,2019-10-08 18:32:34.963000,Professional Fees - Private Duty Nurse
56384,7,0961,11,Y,2019-10-08 18:32:34.930000,Professional Fees - Psychiatric
56384,7,0975,11,Y,2019-10-08 18:32:34.943000,Professional Fees - Operating Room
56384,7,0977,11,Y,2019-10-08 18:32:34.950000,Professional Fees - Physical Therapy
56384,7,0979,11,Z,2019-10-08 18:32:34.950000,Professional Fees - Speech Pathology
56384,7,0974,11,Y,2019-10-08 18:32:34.943000,Professional Fees - Radiology - Nuclear
56384,7,0972,11,Y,2019-10-08 18:32:34.940000,Professional Fees - Radiology - Diagnostic
56384,7,0973,11,Y,2019-10-08 18:32:34.940000,Professional Fees - Radiology - Therapeutic
56384,7,0976,11,Y,2019-10-08 18:32:34.947000,Professional Fees - Respiratory Therapy
56394,32,0769,15,Z,2026-07-16 17:21:38.690000,Specialty Services - Other Specialty Services
56394,32,0762,15,Y,2026-07-16 17:21:38.683000,Specialty Services - Observation Hours
56394,32,0761,15,Y,2026-07-16 17:21:38.677000,Specialty Services - Treatment Room
56394,32,0760,15,X,2026-07-16 17:21:38.670000,Specialty Services - General Classification
56394,32,0329,15,Z,2026-07-16 17:21:38.243000,Radiology - Diagnostic - Other Radiology - Diagnostic
56394,32,0320,15,X,2026-07-16 17:21:38.220000,Radiology - Diagnostic - General Classification
56394,32,0324,15,Y,2026-07-16 17:21:38.240000,Radiology - Diagnostic - Chest X-Ray
56394,32,0321,15,Y,2026-07-16 17:21:38.223000,Radiology - Diagnostic - Angiocardiography
56394,32,0323,15,Y,2026-07-16 17:21:38.233000,Radiology - Diagnostic - Arteriography
56394,32,0322,15,Y,2026-07-16 17:21:38.230000,Radiology - Diagnostic - Arthrography
56394,32,0369,15,Z,2026-07-16 17:21:38.287000,Operating Room Services - Other OR Services
56394,32,0367,15,Y,2026-07-16 17:21:38.280000,Operating Room Services - Kidney Transplant
56394,32,0360,15,X,2026-07-16 17:21:38.250000,Operating Room Services - General Classification
56394,32,0361,15,Y,2026-07-16 17:21:38.267000,Operating Room Services - Minor Surgery
56394,32,0362,15,Y,2026-07-16 17:21:38.273000,Operating Room Services - Organ Transplant - Other than Kidney
56394,32,0750,15,N,2026-07-16 17:21:38.620000,Gastro-Intestinal (GI) Services - General Classification
56394,32,0527,15,Y,2026-07-16 17:21:38.567000,Freestanding Clinic - Visiting Nurse Service(s) to a Member's Home when in a Home Health Shortage Area
56394,32,0529,15,Z,2026-07-16 17:21:38.610000,Freestanding Clinic - Other Freestanding Clinic
56394,32,0526,15,Y,2026-07-16 17:21:38.557000,Freestanding Clinic - Urgent Care Clinic
56394,32,0525,15,Y,2026-07-16 17:21:38.550000,Freestanding Clinic - Visit by RHC/FQHC Practitioner to a Member in a SNF (not in a Covered Part A Stay) or NF or ICF MR or Other Residential Facility
56394,32,0524,15,Y,2026-07-16 17:21:38.513000,Freestanding Clinic - Visit by RHC/FQHC Practitioner to a Member in a SNF or Skilled Swing Bed in a Covered Part A Stay
56394,32,0528,15,Y,2026-07-16 17:21:38.603000,Freestanding Clinic - Visit by RHC/FQHC Practitioner to Other non-RHC/FQHC site (e.g. Scene of Accident)
56394,32,0523,15,Y,2026-07-16 17:21:38.507000,Freestanding Clinic - Family Practice Clinic
56394,32,0521,15,Y,2026-07-16 17:21:38.443000,Freestanding Clinic - Clinic Visit by Member to RHC/FQHC
56394,32,0522,15,Y,2026-07-16 17:21:38.497000,Freestanding Clinic - Home Visit by RHC/FQHC Practitioner
56394,32,0520,15,X,2026-07-16 17:21:38.437000,Freestanding Clinic - General Classification
56394,32,0519,15,Z,2026-07-16 17:21:38.427000,Clinic - Other Clinic
56394,32,0515,15,Y,2026-07-16 17:21:38.363000,Clinic - Pediatric Clinic
56394,32,0516,15,Y,2026-07-16 17:21:38.370000,Clinic - Urgent Care Clinic
56394,32,0513,15,Y,2026-07-16 17:21:38.333000,Clinic - Psychiatric Clinic
56394,32,0450,15,N,2026-07-16 17:21:38.290000,Emergency Room - General Classification
56394,32,0512,15,Y,2026-07-16 17:21:38.327000,Clinic - Dental Clinic
56394,32,0514,15,Y,2026-07-16 17:21:38.340000,Clinic - OB-GYN Clinic
56394,32,0510,15,X,2026-07-16 17:21:38.307000,Clinic - General Classification
56394,32,0517,15,Y,2026-07-16 17:21:38.377000,Clinic - Family Practice Clinic
56394,32,0490,15,X,2026-07-16 17:21:38.290000,Ambulatory Surgical Care - General Classification
56394,32,0499,15,Z,2026-07-16 17:21:38.297000,Ambulatory Surgical Care - Other Ambulatory Surgical Care
56394,32,0511,15,Y,2026-07-16 17:21:38.313000,Clinic - Chronic Pain Center
56416,42,0306,15,Y,2025-09-26 13:54:31.370000,Laboratory - Bacteriology & Microbiology
56416,42,0300,15,X,2025-09-26 13:54:31.340000,Laboratory - General Classification
56416,42,0301,15,Y,2025-09-26 13:54:31.347000,Laboratory - Chemistry
56416,42,0309,15,Z,2025-09-26 13:54:31.373000,Laboratory - Other Laboratory
56416,42,0304,15,Y,2025-09-26 13:54:31.363000,Laboratory - Non-Routine Dialysis
56416,42,0305,15,Y,2025-09-26 13:54:31.367000,Laboratory - Hematology
56416,42,0302,15,Y,2025-09-26 13:54:31.350000,Laboratory - Immunology
56416,42,0303,15,Y,2025-09-26 13:54:31.353000,Laboratory - Renal Patient (Home)
56416,42,0307,15,Y,2025-09-26 13:54:31.370000,Laboratory - Urology
56420,16,0307,15,Y,2023-01-20 12:04:01.600000,Laboratory - Urology
56420,16,0303,15,Y,2023-01-20 12:04:01.590000,Laboratory - Renal Patient (Home)
56420,16,0302,15,Y,2023-01-20 12:04:01.590000,Laboratory - Immunology
56420,16,0305,15,Y,2023-01-20 12:04:01.593000,Laboratory - Hematology
56420,16,0304,15,Y,2023-01-20 12:04:01.593000,Laboratory - Non-Routine Dialysis
56420,16,0309,15,Z,2023-01-20 12:04:01.600000,Laboratory - Other Laboratory
56420,16,0301,15,Y,2023-01-20 12:04:01.587000,Laboratory - Chemistry
56420,16,0300,15,X,2023-01-20 12:04:01.583000,Laboratory - General Classification
56420,16,0306,15,Y,2023-01-20 12:04:01.597000,Laboratory - Bacteriology & Microbiology
56422,50,0360,15,N,2026-01-23 14:06:34.313000,Operating Room Services - General Classification
56423,59,99999,15,N,2026-01-23 14:07:21.170000,Not Applicable
56425,16,0964,15,Y,2025-11-26 22:39:00.620000,Professional Fees - Anesthetist (CRNA)
56425,16,0963,15,Y,2025-11-26 22:39:00.617000,Professional Fees - Anesthesiologist (MD)
56425,16,0974,15,N,2025-11-26 22:39:00.630000,Professional Fees - Radiology - Nuclear
56425,16,0972,15,N,2025-11-26 22:39:00.627000,Professional Fees - Radiology - Diagnostic
56425,16,0973,15,N,2025-11-26 22:39:00.627000,Professional Fees - Radiology - Therapeutic
56425,16,0979,15,N,2025-11-26 22:39:00.647000,Professional Fees - Speech Pathology
56425,16,0976,15,N,2025-11-26 22:39:00.633000,Professional Fees - Respiratory Therapy
56425,16,0982,15,N,2025-11-26 22:39:00.653000,Professional Fees - Outpatient Services
56425,16,0961,15,Y,2025-11-26 22:39:00.610000,Professional Fees - Psychiatric
56425,16,0989,15,N,2025-11-26 22:39:00.680000,Professional Fees - Private Duty Nurse
56425,16,0977,15,N,2025-11-26 22:39:00.640000,Professional Fees - Physical Therapy
56425,16,0969,15,Z,2025-11-26 22:39:00.620000,Professional Fees - Other Professional Fee
56425,16,0984,15,N,2025-11-26 22:39:00.660000,Professional Fees - Medical Social Services
56425,16,0971,15,N,2025-11-26 22:39:00.623000,Professional Fees - Laboratory
56425,16,0975,15,N,2025-11-26 22:39:00.633000,Professional Fees - Operating Room
56425,16,0978,15,N,2025-11-26 22:39:00.643000,Professional Fees - Occupational Therapy
56425,16,0962,15,Y,2025-11-26 22:39:00.613000,Professional Fees - Ophthalmology
56425,16,0960,15,X,2025-11-26 22:39:00.610000,Professional Fees - General Classification
56425,16,0987,15,N,2025-11-26 22:39:00.670000,Professional Fees - Hospital Visit
56425,16,0986,15,N,2025-11-26 22:39:00.667000,Professional Fees - EEG
56425,16,0985,15,N,2025-11-26 22:39:00.663000,Professional Fees - EKG
56425,16,0981,15,N,2025-11-26 22:39:00.650000,Professional Fees - Emergency Room Services
56425,16,0988,15,N,2025-11-26 22:39:00.673000,Professional Fees - Consultation
56425,16,0983,15,N,2025-11-26 22:39:00.657000,Professional Fees - Clinic
56425,16,0306,15,Y,2025-11-26 22:39:00.587000,Laboratory - Bacteriology & Microbiology
56425,16,0300,15,X,2025-11-26 22:39:00.570000,Laboratory - General Classification
56425,16,0301,15,Y,2025-11-26 22:39:00.573000,Laboratory - Chemistry
56425,16,0527,15,N,2025-11-26 22:39:00.603000,Freestanding Clinic - Visiting Nurse Service(s) to a Member's Home when in a Home Health Shortage Area
56425,16,0309,15,Z,2025-11-26 22:39:00.590000,Laboratory - Other Laboratory
56425,16,0304,15,Y,2025-11-26 22:39:00.580000,Laboratory - Non-Routine Dialysis
56425,16,0305,15,Y,2025-11-26 22:39:00.583000,Laboratory - Hematology
56425,16,0302,15,Y,2025-11-26 22:39:00.577000,Laboratory - Immunology
56425,16,0303,15,Y,2025-11-26 22:39:00.580000,Laboratory - Renal Patient (Home)
56425,16,0307,15,Y,2025-11-26 22:39:00.590000,Laboratory - Urology
56425,16,0522,15,N,2025-11-26 22:39:00.597000,Freestanding Clinic - Home Visit by RHC/FQHC Practitioner
56425,16,0521,15,N,2025-11-26 22:39:00.593000,Freestanding Clinic - Clinic Visit by Member to RHC/FQHC
56425,16,0528,15,N,2025-11-26 22:39:00.607000,Freestanding Clinic - Visit by RHC/FQHC Practitioner to Other non-RHC/FQHC site (e.g. Scene of Accident)
56425,16,0524,15,N,2025-11-26 22:39:00.600000,Freestanding Clinic - Visit by RHC/FQHC Practitioner to a Member in a SNF or Skilled Swing Bed in a Covered Part A Stay
56425,16,0525,15,N,2025-11-26 22:39:00.600000,Freestanding Clinic - Visit by RHC/FQHC Practitioner to a Member in a SNF (not in a Covered Part A Stay) or NF or ICF MR or Other Residential Facility
56439,18,0499,15,Z,2025-10-31 20:58:08.490000,Ambulatory Surgical Care - Other Ambulatory Surgical Care
56439,18,0490,15,X,2025-10-31 20:58:08.490000,Ambulatory Surgical Care - General Classification
56439,18,0517,15,Y,2025-10-31 20:58:08.510000,Clinic - Family Practice Clinic
56439,18,0510,15,X,2025-10-31 20:58:08.493000,Clinic - General Classification
56439,18,0514,15,Y,2025-10-31 20:58:08.503000,Clinic - OB-GYN Clinic
56439,18,0512,15,Y,2025-10-31 20:58:08.500000,Clinic - Dental Clinic
56439,18,0511,15,Y,2025-10-31 20:58:08.497000,Clinic - Chronic Pain Center
56439,18,0513,15,Y,2025-10-31 20:58:08.500000,Clinic - Psychiatric Clinic
56439,18,0516,15,Y,2025-10-31 20:58:08.510000,Clinic - Urgent Care Clinic
56439,18,0515,15,Y,2025-10-31 20:58:08.507000,Clinic - Pediatric Clinic
56439,18,0519,15,Z,2025-10-31 20:58:08.513000,Clinic - Other Clinic
56439,18,0760,15,X,2025-10-31 20:58:08.517000,Specialty Services - General Classification
56439,18,0761,15,Y,2025-10-31 20:58:08.520000,Specialty Services - Treatment Room
56439,18,0762,15,Y,2025-10-31 20:58:08.520000,Specialty Services - Observation Hours
56439,18,0769,15,Z,2025-10-31 20:58:08.523000,Specialty Services - Other Specialty Services
56439,18,0360,15,N,2025-10-31 20:58:08.483000,Operating Room Services - General Classification
56439,18,0361,15,N,2025-10-31 20:58:08.487000,Operating Room Services - Minor Surgery
56448,22,0403,15,N,2025-11-26 22:37:20.227000,Other Imaging Services - Screening Mammography
56448,22,0402,15,N,2025-11-26 22:37:20.223000,Other Imaging Services - Ultrasound
56448,22,0401,15,N,2025-11-26 22:37:20.220000,Other Imaging Services - Diagnostic Mammography
56448,22,0409,15,N,2025-11-26 22:37:20.230000,Other Imaging Services - Other Imaging Services
56448,22,0510,15,N,2025-11-26 22:37:20.230000,Clinic - General Classification
56448,22,0525,15,N,2025-11-26 22:37:20.247000,Freestanding Clinic - Visit by RHC/FQHC Practitioner to a Member in a SNF (not in a Covered Part A Stay) or NF or ICF MR or Other Residential Facility
56448,22,0524,15,N,2025-11-26 22:37:20.243000,Freestanding Clinic - Visit by RHC/FQHC Practitioner to a Member in a SNF or Skilled Swing Bed in a Covered Part A Stay
56448,22,0528,15,N,2025-11-26 22:37:20.250000,Freestanding Clinic - Visit by RHC/FQHC Practitioner to Other non-RHC/FQHC site (e.g. Scene of Accident)
56448,22,0521,15,N,2025-11-26 22:37:20.237000,Freestanding Clinic - Clinic Visit by Member to RHC/FQHC
56448,22,0522,15,N,2025-11-26 22:37:20.240000,Freestanding Clinic - Home Visit by RHC/FQHC Practitioner
56448,22,0520,15,N,2025-11-26 22:37:20.233000,Freestanding Clinic - General Classification
56448,22,0527,15,N,2025-11-26 22:37:20.250000,Freestanding Clinic - Visiting Nurse Service(s) to a Member's Home when in a Home Health Shortage Area
56448,22,0614,15,N,2025-11-26 22:37:20.253000,Magnetic Resonance Technology (MRT) - MRI - Other
56451,26,0359,15,N,2025-09-30 23:46:16.867000,CT Scan - CT - Other
56451,26,0321,15,N,2025-09-30 23:46:16.863000,Radiology - Diagnostic - Angiocardiography
56453,12,0960,15,N,2025-09-18 20:06:22.990000,Professional Fees - General Classification
56453,12,0761,15,N,2025-09-18 20:06:22.987000,Specialty Services - Treatment Room
56453,12,0760,15,N,2025-09-18 20:06:22.987000,Specialty Services - General Classification
56453,12,0710,15,N,2025-09-18 20:06:22.980000,Recovery Room - General Classification
56453,12,0360,15,N,2025-09-18 20:06:22.970000,Operating Room Services - General Classification
56453,12,0490,15,N,2025-09-18 20:06:22.980000,Ambulatory Surgical Care - General Classification
56453,12,0370,15,N,2025-09-18 20:06:22.973000,Anesthesia - General Classification
56454,12,0471,15,N,2026-02-23 17:34:52.713000,Audiology - Diagnostic
56454,12,0470,15,N,2026-02-23 17:34:52.710000,Audiology - General Classification
56454,12,0490,15,N,2026-02-23 17:34:52.717000,Ambulatory Surgical Care - General Classification
56454,12,0510,15,N,2026-02-23 17:34:52.720000,Clinic - General Classification
56454,12,0517,15,N,2026-02-23 17:34:52.730000,Clinic - Family Practice Clinic
56454,12,0516,15,N,2026-02-23 17:34:52.727000,Clinic - Urgent Care Clinic
56454,12,0519,15,N,2026-02-23 17:34:52.733000,Clinic - Other Clinic
56454,12,0515,15,N,2026-02-23 17:34:52.727000,Clinic - Pediatric Clinic
56454,12,0514,15,N,2026-02-23 17:34:52.723000,Clinic - OB-GYN Clinic
56454,12,0450,15,N,2026-02-23 17:34:52.703000,Emergency Room - General Classification
56454,12,0456,15,N,2026-02-23 17:34:52.707000,Emergency Room - Urgent Care
56454,12,0527,15,N,2026-02-23 17:34:52.750000,Freestanding Clinic - Visiting Nurse Service(s) to a Member's Home when in a Home Health Shortage Area
56454,12,0522,15,N,2026-02-23 17:34:52.743000,Freestanding Clinic - Home Visit by RHC/FQHC Practitioner
56454,12,0520,15,N,2026-02-23 17:34:52.737000,Freestanding Clinic - General Classification
56454,12,0521,15,N,2026-02-23 17:34:52.740000,Freestanding Clinic - Clinic Visit by Member to RHC/FQHC
56454,12,0528,15,N,2026-02-23 17:34:52.753000,Freestanding Clinic - Visit by RHC/FQHC Practitioner to Other non-RHC/FQHC site (e.g. Scene of Accident)
56454,12,0524,15,N,2026-02-23 17:34:52.743000,Freestanding Clinic - Visit by RHC/FQHC Practitioner to a Member in a SNF or Skilled Swing Bed in a Covered Part A Stay
56454,12,0525,15,N,2026-02-23 17:34:52.747000,Freestanding Clinic - Visit by RHC/FQHC Practitioner to a Member in a SNF (not in a Covered Part A Stay) or NF or ICF MR or Other Residential Facility
56454,12,0529,15,N,2026-02-23 17:34:52.753000,Freestanding Clinic - Other Freestanding Clinic
56454,12,0360,15,N,2026-02-23 17:34:52.693000,Operating Room Services - General Classification
56454,12,0361,15,N,2026-02-23 17:34:52.697000,Operating Room Services - Minor Surgery
56454,12,0369,15,N,2026-02-23 17:34:52.700000,Operating Room Services - Other OR Services
56454,12,0761,15,N,2026-02-23 17:34:52.757000,Specialty Services - Treatment Room
56454,12,0960,15,N,2026-02-23 17:34:52.760000,Professional Fees - General Classification
56454,12,0983,15,N,2026-02-23 17:34:52.777000,Professional Fees - Clinic
56454,12,0981,15,N,2026-02-23 17:34:52.770000,Professional Fees - Emergency Room Services
56454,12,0975,15,N,2026-02-23 17:34:52.767000,Professional Fees - Operating Room
56454,12,0969,15,N,2026-02-23 17:34:52.763000,Professional Fees - Other Professional Fee
56454,12,0982,15,N,2026-02-23 17:34:52.773000,Professional Fees - Outpatient Services
56455,12,0960,15,N,2026-02-20 22:00:55.137000,Professional Fees - General Classification
56455,12,0520,15,N,2026-02-20 22:00:55.130000,Freestanding Clinic - General Classification
56455,12,0510,15,N,2026-02-20 22:00:55.120000,Clinic - General Classification
56456,32,0510,15,N,2026-02-20 19:56:10.520000,Clinic - General Classification
56456,32,0517,15,N,2026-02-20 19:56:10.530000,Clinic - Family Practice Clinic
56456,32,0490,15,N,2026-02-20 19:56:10.520000,Ambulatory Surgical Care - General Classification
56456,32,0450,15,N,2026-02-20 19:56:10.517000,Emergency Room - General Classification
56456,32,0514,15,N,2026-02-20 19:56:10.523000,Clinic - OB-GYN Clinic
56456,32,0515,15,N,2026-02-20 19:56:10.527000,Clinic - Pediatric Clinic
56456,32,0519,15,N,2026-02-20 19:56:10.530000,Clinic - Other Clinic
56456,32,0516,15,N,2026-02-20 19:56:10.527000,Clinic - Urgent Care Clinic
56456,32,0750,15,N,2026-02-20 19:56:10.533000,Gastro-Intestinal (GI) Services - General Classification
56456,32,0960,15,N,2026-02-20 19:56:10.540000,Professional Fees - General Classification
56456,32,0983,15,N,2026-02-20 19:56:10.550000,Professional Fees - Clinic
56456,32,0969,15,N,2026-02-20 19:56:10.540000,Professional Fees - Other Professional Fee
56456,32,0982,15,N,2026-02-20 19:56:10.547000,Professional Fees - Outpatient Services
56456,32,0973,15,N,2026-02-20 19:56:10.543000,Professional Fees - Radiology - Therapeutic
56456,32,0972,15,N,2026-02-20 19:56:10.543000,Professional Fees - Radiology - Diagnostic
56456,32,0760,15,N,2026-02-20 19:56:10.537000,Specialty Services - General Classification
56456,32,0361,15,N,2026-02-20 19:56:10.513000,Operating Room Services - Minor Surgery
56456,32,0360,15,N,2026-02-20 19:56:10.513000,Operating Room Services - General Classification
56457,15,0402,15,N,2026-02-20 19:22:54.420000,Other Imaging Services - Ultrasound
56457,15,0972,15,N,2026-02-20 19:22:54.423000,Professional Fees - Radiology - Diagnostic
56459,30,0982,15,N,2026-04-10 11:43:25.757000,Professional Fees - Outpatient Services
56459,30,0961,15,Y,2026-04-10 11:43:25.740000,Professional Fees - Psychiatric
56459,30,0969,15,Z,2026-04-10 11:43:25.750000,Professional Fees - Other Professional Fee
56459,30,0975,15,N,2026-04-10 11:43:25.753000,Professional Fees - Operating Room
56459,30,0962,15,Y,2026-04-10 11:43:25.740000,Professional Fees - Ophthalmology
56459,30,0983,15,N,2026-04-10 11:43:25.760000,Professional Fees - Clinic
56459,30,0981,15,N,2026-04-10 11:43:25.757000,Professional Fees - Emergency Room Services
56459,30,0960,15,X,2026-04-10 11:43:25.737000,Professional Fees - General Classification
56459,30,0761,15,N,2026-04-10 11:43:25.733000,Specialty Services - Treatment Room
56459,30,0760,15,N,2026-04-10 11:43:25.730000,Specialty Services - General Classification
56459,30,0963,15,Y,2026-04-10 11:43:25.743000,Professional Fees - Anesthesiologist (MD)
56459,30,0964,15,Y,2026-04-10 11:43:25.747000,Professional Fees - Anesthetist (CRNA)
56459,30,0500,15,N,2026-04-10 11:43:25.697000,Outpatient Services - General Classification
56459,30,0360,15,N,2026-04-10 11:43:25.683000,Operating Room Services - General Classification
56459,30,0361,15,N,2026-04-10 11:43:25.687000,Operating Room Services - Minor Surgery
56459,30,0520,15,N,2026-04-10 11:43:25.710000,Freestanding Clinic - General Classification
56459,30,0522,15,N,2026-04-10 11:43:25.717000,Freestanding Clinic - Home Visit by RHC/FQHC Practitioner
56459,30,0521,15,N,2026-04-10 11:43:25.713000,Freestanding Clinic - Clinic Visit by Member to RHC/FQHC
56459,30,0523,15,N,2026-04-10 11:43:25.717000,Freestanding Clinic - Family Practice Clinic
56459,30,0529,15,N,2026-04-10 11:43:25.727000,Freestanding Clinic - Other Freestanding Clinic
56459,30,0526,15,N,2026-04-10 11:43:25.723000,Freestanding Clinic - Urgent Care Clinic
56459,30,0525,15,N,2026-04-10 11:43:25.723000,Freestanding Clinic - Visit by RHC/FQHC Practitioner to a Member in a SNF (not in a Covered Part A Stay) or NF or ICF MR or Other Residential Facility
56459,30,0524,15,N,2026-04-10 11:43:25.720000,Freestanding Clinic - Visit by RHC/FQHC Practitioner to a Member in a SNF or Skilled Swing Bed in a Covered Part A Stay
56459,30,0516,15,N,2026-04-10 11:43:25.703000,Clinic - Urgent Care Clinic
56459,30,0519,15,N,2026-04-10 11:43:25.707000,Clinic - Other Clinic
56459,30,0450,15,N,2026-04-10 11:43:25.690000,Emergency Room - General Classification
56459,30,0456,15,N,2026-04-10 11:43:25.693000,Emergency Room - Urgent Care
56459,30,0490,15,N,2026-04-10 11:43:25.693000,Ambulatory Surgical Care - General Classification
56459,30,0517,15,N,2026-04-10 11:43:25.707000,Clinic - Family Practice Clinic
56459,30,0510,15,N,2026-04-10 11:43:25.700000,Clinic - General Classification
56460,14,0510,15,N,2026-02-20 19:46:01.027000,Clinic - General Classification
56460,14,0517,15,N,2026-02-20 19:46:01.053000,Clinic - Family Practice Clinic
56460,14,0511,15,N,2026-02-20 19:46:01.030000,Clinic - Chronic Pain Center
56460,14,0512,15,N,2026-02-20 19:46:01.030000,Clinic - Dental Clinic
56460,14,0490,15,N,2026-02-20 19:46:01.023000,Ambulatory Surgical Care - General Classification
56460,14,0450,15,N,2026-02-20 19:46:01.023000,Emergency Room - General Classification
56460,14,0351,15,N,2026-02-20 19:46:00.990000,CT Scan - Head Scan
56460,14,0519,15,N,2026-02-20 19:46:01.070000,Clinic - Other Clinic
56460,14,0515,15,N,2026-02-20 19:46:01.040000,Clinic - Pediatric Clinic
56460,14,0514,15,N,2026-02-20 19:46:01.037000,Clinic - OB-GYN Clinic
56460,14,0516,15,N,2026-02-20 19:46:01.043000,Clinic - Urgent Care Clinic
56460,14,0352,15,N,2026-02-20 19:46:00.990000,CT Scan - Body Scan
56460,14,0359,15,N,2026-02-20 19:46:00.993000,CT Scan - CT - Other
56460,14,0350,15,N,2026-02-20 19:46:00.987000,CT Scan - General Classification
56460,14,0513,15,N,2026-02-20 19:46:01.033000,Clinic - Psychiatric Clinic
56460,14,0521,15,N,2026-02-20 19:46:01.100000,Freestanding Clinic - Clinic Visit by Member to RHC/FQHC
56460,14,0520,15,N,2026-02-20 19:46:01.080000,Freestanding Clinic - General Classification
56460,14,0361,15,N,2026-02-20 19:46:01,Operating Room Services - Minor Surgery
56460,14,0360,15,N,2026-02-20 19:46:00.997000,Operating Room Services - General Classification
56460,14,0402,15,N,2026-02-20 19:46:01.010000,Other Imaging Services - Ultrasound
56460,14,0403,15,N,2026-02-20 19:46:01.013000,Other Imaging Services - Screening Mammography
56460,14,0409,15,N,2026-02-20 19:46:01.020000,Other Imaging Services - Other Imaging Services
56460,14,0404,15,N,2026-02-20 19:46:01.017000,Other Imaging Services - Positron Emission Tomography
56460,14,0940,15,N,2026-02-20 19:46:01.130000,Other Therapeutic Services - General Classification
56460,14,0369,15,N,2026-02-20 19:46:01,Operating Room Services - Other OR Services
56460,14,0400,15,N,2026-02-20 19:46:01.003000,Other Imaging Services - General Classification
56460,14,0401,15,N,2026-02-20 19:46:01.007000,Other Imaging Services - Diagnostic Mammography
56460,14,0921,15,N,2026-02-20 19:46:01.120000,Other Diagnostic Services - Peripheral Vascular Lab
56460,14,0929,15,N,2026-02-20 19:46:01.127000,Other Diagnostic Services - Other Diagnostic Service
56460,14,0920,15,N,2026-02-20 19:46:01.117000,Other Diagnostic Services - General Classification
56460,14,0761,15,N,2026-02-20 19:46:01.107000,Specialty Services - Treatment Room
56460,14,0329,15,N,2026-02-20 19:46:00.980000,Radiology - Diagnostic - Other Radiology - Diagnostic
56460,14,0320,15,N,2026-02-20 19:46:00.977000,Radiology - Diagnostic - General Classification
56460,14,0960,15,N,2026-02-20 19:46:01.130000,Professional Fees - General Classification
56460,14,0981,15,N,2026-02-20 19:46:01.137000,Professional Fees - Emergency Room Services
56460,14,0983,15,N,2026-02-20 19:46:01.140000,Professional Fees - Clinic
56460,14,0982,15,N,2026-02-20 19:46:01.140000,Professional Fees - Outpatient Services
56461,26,0982,15,N,2026-02-27 14:26:45.550000,Professional Fees - Outpatient Services
56461,26,0983,15,N,2026-02-27 14:26:45.550000,Professional Fees - Clinic
56461,26,0960,15,N,2026-02-27 14:26:45.547000,Professional Fees - General Classification
56461,26,0987,15,N,2026-02-27 14:26:45.553000,Professional Fees - Hospital Visit
56461,26,0761,15,N,2026-02-27 14:26:45.540000,Specialty Services - Treatment Room
56461,26,0760,15,N,2026-02-27 14:26:45.540000,Specialty Services - General Classification
56461,26,0929,15,N,2026-02-27 14:26:45.543000,Other Diagnostic Services - Other Diagnostic Service
56461,26,0409,15,N,2026-02-27 14:26:45.530000,Other Imaging Services - Other Imaging Services
56461,26,0520,15,N,2026-02-27 14:26:45.537000,Freestanding Clinic - General Classification
56461,26,0750,15,N,2026-02-27 14:26:45.537000,Gastro-Intestinal (GI) Services - General Classification
56461,26,0519,15,N,2026-02-27 14:26:45.533000,Clinic - Other Clinic
56461,26,0510,15,N,2026-02-27 14:26:45.530000,Clinic - General Classification
56462,32,0634,15,N,2026-02-27 16:11:05.400000,"Pharmacy - Erythropoietin (EPO)<10,000 units"
56462,32,0635,15,N,2026-02-27 16:11:05.400000,"Pharmacy - Erythropoietin (EPO)>=10,000 Units"
56462,32,0636,15,N,2026-02-27 16:11:05.403000,Pharmacy - Drugs Requiring Detailed Coding
56464,35,0300,15,N,2026-02-27 18:26:52.687000,Laboratory - General Classification
56464,35,0302,15,N,2026-02-27 18:26:52.690000,Laboratory - Immunology
56464,35,0309,15,N,2026-02-27 18:26:52.690000,Laboratory - Other Laboratory
56467,14,0490,15,N,2026-03-25 20:03:04.463000,Ambulatory Surgical Care - General Classification
56467,14,0499,15,N,2026-03-25 20:03:04.467000,Ambulatory Surgical Care - Other Ambulatory Surgical Care
56467,14,0369,15,N,2026-03-25 20:03:04.460000,Operating Room Services - Other OR Services
56467,14,0360,15,N,2026-03-25 20:03:04.457000,Operating Room Services - General Classification
56467,14,0361,15,N,2026-03-25 20:03:04.460000,Operating Room Services - Minor Surgery
56491,25,0361,15,Y,2025-03-18 16:49:18.540000,Operating Room Services - Minor Surgery
56491,25,0362,15,Y,2025-03-18 16:49:18.543000,Operating Room Services - Organ Transplant - Other than Kidney
56491,25,0360,15,X,2025-03-18 16:49:18.540000,Operating Room Services - General Classification
56491,25,0367,15,Y,2025-03-18 16:49:18.547000,Operating Room Services - Kidney Transplant
56491,25,0369,15,Z,2025-03-18 16:49:18.557000,Operating Room Services - Other OR Services
56491,25,0760,15,X,2025-03-18 16:49:18.583000,Specialty Services - General Classification
56491,25,0762,15,Y,2025-03-18 16:49:18.590000,Specialty Services - Observation Hours
56491,25,0769,15,Z,2025-03-18 16:49:18.593000,Specialty Services - Other Specialty Services
56491,25,0761,15,Y,2025-03-18 16:49:18.587000,Specialty Services - Treatment Room
56491,25,0499,15,Z,2025-03-18 16:49:18.580000,Ambulatory Surgical Care - Other Ambulatory Surgical Care
56491,25,0490,15,X,2025-03-18 16:49:18.580000,Ambulatory Surgical Care - General Classification
56491,25,0451,15,Y,2025-03-18 16:49:18.563000,Emergency Room - EMTALA Emergency Medical Screening Services
56491,25,0452,15,Y,2025-03-18 16:49:18.567000,Emergency Room - ER Beyond EMTALA Screening
56491,25,0450,15,X,2025-03-18 16:49:18.560000,Emergency Room - General Classification
56491,25,0459,15,Z,2025-03-18 16:49:18.573000,Emergency Room - Other Emergency Room
56491,25,0456,15,Y,2025-03-18 16:49:18.570000,Emergency Room - Urgent Care
56493,13,0490,15,N,2025-10-31 20:50:57.590000,Ambulatory Surgical Care - General Classification
56493,13,0370,15,N,2025-10-31 20:50:57.580000,Anesthesia - General Classification
56493,13,0760,15,N,2025-10-31 20:50:57.597000,Specialty Services - General Classification
56493,13,0710,15,N,2025-10-31 20:50:57.597000,Recovery Room - General Classification
56493,13,0960,15,N,2025-10-31 20:50:57.600000,Professional Fees - General Classification
56493,13,0360,15,N,2025-10-31 20:50:57.577000,Operating Room Services - General Classification
56494,17,0340,15,N,2026-02-20 21:50:05.330000,Nuclear Medicine - General Classification
56494,17,0341,15,N,2026-02-20 21:50:05.333000,Nuclear Medicine - Diagnostic
56494,17,0636,15,N,2026-02-20 21:50:05.340000,Pharmacy - Drugs Requiring Detailed Coding
56494,17,0960,15,N,2026-02-20 21:50:05.343000,Professional Fees - General Classification
56494,17,0969,15,N,2026-02-20 21:50:05.347000,Professional Fees - Other Professional Fee
56494,17,0982,15,N,2026-02-20 21:50:05.353000,Professional Fees - Outpatient Services
56494,17,0974,15,N,2026-02-20 21:50:05.350000,Professional Fees - Radiology - Nuclear
56494,17,0482,15,N,2026-02-20 21:50:05.337000,Cardiology - Stress Test
56500,39,0519,15,N,2025-10-31 21:03:22.940000,Clinic - Other Clinic
56500,39,0480,15,N,2025-10-31 21:03:22.933000,Cardiology - General Classification
56500,39,0481,15,N,2025-10-31 21:03:22.933000,Cardiology - Cardiac Cath Lab
56500,39,0520,15,N,2025-10-31 21:03:22.940000,Freestanding Clinic - General Classification
56500,39,0321,15,N,2025-10-31 21:03:22.923000,Radiology - Diagnostic - Angiocardiography
56500,39,0323,15,N,2025-10-31 21:03:22.927000,Radiology - Diagnostic - Arteriography
56500,39,0369,15,N,2025-10-31 21:03:22.930000,Operating Room Services - Other OR Services
56500,39,0360,15,N,2025-10-31 21:03:22.930000,Operating Room Services - General Classification
56505,41,0483,15,N,2026-02-20 14:54:44.910000,Cardiology - Echocardiology
56505,41,0480,15,N,2026-02-20 14:54:44.907000,Cardiology - General Classification
56538,27,99999,15,N,2025-09-26 13:55:13.873000,Not Applicable
56541,40,0309,15,N,2024-01-19 13:04:00.900000,Laboratory - Other Laboratory
56541,40,0304,15,N,2024-01-19 13:04:00.893000,Laboratory - Non-Routine Dialysis
56541,40,0302,15,N,2024-01-19 13:04:00.890000,Laboratory - Immunology
56541,40,0305,15,N,2024-01-19 13:04:00.897000,Laboratory - Hematology
56541,40,0300,15,N,2024-01-19 13:04:00.880000,Laboratory - General Classification
56541,40,0303,15,N,2024-01-19 13:04:00.893000,Laboratory - Renal Patient (Home)
56541,40,0307,15,N,2024-01-19 13:04:00.900000,Laboratory - Urology
56541,40,0314,15,N,2024-01-19 13:04:00.910000,Laboratory Pathology - Biopsy
56541,40,0311,15,N,2024-01-19 13:04:00.907000,Laboratory Pathology - Cytology
56541,40,0306,15,N,2024-01-19 13:04:00.897000,Laboratory - Bacteriology & Microbiology
56541,40,0301,15,N,2024-01-19 13:04:00.883000,Laboratory - Chemistry
56541,40,0310,15,N,2024-01-19 13:04:00.903000,Laboratory Pathology - General Classification
56541,40,0312,15,N,2024-01-19 13:04:00.907000,Laboratory Pathology - Histology
56541,40,0319,15,N,2024-01-19 13:04:00.910000,Laboratory Pathology - Other Laboratory Pathology
56542,18,99999,15,N,2025-09-26 17:08:20.317000,Not Applicable
56558,86,99999,15,N,2025-11-26 13:34:36.750000,Not Applicable
56588,33,0360,15,X,2026-07-16 15:49:12.107000,Operating Room Services - General Classification
56588,33,0361,15,Y,2026-07-16 15:49:12.107000,Operating Room Services - Minor Surgery
56588,33,0367,15,Y,2026-07-16 15:49:12.107000,Operating Room Services - Kidney Transplant
56588,33,0369,15,Z,2026-07-16 15:49:12.107000,Operating Room Services - Other OR Services
56588,33,0362,15,Y,2026-07-16 15:49:12.107000,Operating Room Services - Organ Transplant - Other than Kidney
56588,33,0760,15,X,2026-07-16 15:49:12.107000,Specialty Services - General Classification
56588,33,0762,15,Y,2026-07-16 15:49:12.107000,Specialty Services - Observation Hours
56588,33,0769,15,Z,2026-07-16 15:49:12.107000,Specialty Services - Other Specialty Services
56588,33,0761,15,Y,2026-07-16 15:49:12.107000,Specialty Services - Treatment Room
56588,33,0490,15,X,2026-07-16 15:49:12.107000,Ambulatory Surgical Care - General Classification
56588,33,0499,15,Z,2026-07-16 15:49:12.107000,Ambulatory Surgical Care - Other Ambulatory Surgical Care
56588,33,0451,15,Y,2026-07-16 15:49:12.107000,Emergency Room - EMTALA Emergency Medical Screening Services
56588,33,0452,15,Y,2026-07-16 15:49:12.107000,Emergency Room - ER Beyond EMTALA Screening
56588,33,0456,15,Y,2026-07-16 15:49:12.107000,Emergency Room - Urgent Care
56588,33,0459,15,Z,2026-07-16 15:49:12.107000,Emergency Room - Other Emergency Room
56588,33,0450,15,X,2026-07-16 15:49:12.107000,Emergency Room - General Classification
56594,14,0456,15,N,2026-03-16 18:22:37.150000,Emergency Room - Urgent Care
56594,14,0519,15,N,2026-03-16 18:22:37.160000,Clinic - Other Clinic
56594,14,0490,15,N,2026-03-16 18:22:37.150000,Ambulatory Surgical Care - General Classification
56594,14,0510,15,N,2026-03-16 18:22:37.153000,Clinic - General Classification
56594,14,0517,15,N,2026-03-16 18:22:37.157000,Clinic - Family Practice Clinic
56594,14,0520,15,N,2026-03-16 18:22:37.160000,Freestanding Clinic - General Classification
56594,14,0521,15,N,2026-03-16 18:22:37.163000,Freestanding Clinic - Clinic Visit by Member to RHC/FQHC
56594,14,0523,15,N,2026-03-16 18:22:37.167000,Freestanding Clinic - Family Practice Clinic
56594,14,0529,15,N,2026-03-16 18:22:37.170000,Freestanding Clinic - Other Freestanding Clinic
56594,14,0982,15,N,2026-03-16 18:22:37.193000,Professional Fees - Outpatient Services
56594,14,0961,15,Y,2026-03-16 18:22:37.173000,Professional Fees - Psychiatric
56594,14,0969,15,Z,2026-03-16 18:22:37.187000,Professional Fees - Other Professional Fee
56594,14,0962,15,Y,2026-03-16 18:22:37.180000,Professional Fees - Ophthalmology
56594,14,0960,15,X,2026-03-16 18:22:37.173000,Professional Fees - General Classification
56594,14,0983,15,N,2026-03-16 18:22:37.197000,Professional Fees - Clinic
56594,14,0981,15,N,2026-03-16 18:22:37.190000,Professional Fees - Emergency Room Services
56594,14,0369,15,N,2026-03-16 18:22:37.147000,Operating Room Services - Other OR Services
56594,14,0964,15,Y,2026-03-16 18:22:37.183000,Professional Fees - Anesthetist (CRNA)
56594,14,0963,15,Y,2026-03-16 18:22:37.180000,Professional Fees - Anesthesiologist (MD)
56594,14,0361,15,N,2026-03-16 18:22:37.143000,Operating Room Services - Minor Surgery
56594,14,0360,15,N,2026-03-16 18:22:37.140000,Operating Room Services - General Classification
56602,39,0920,15,N,2025-01-24 13:51:55.793000,Other Diagnostic Services - General Classification
56602,39,0981,15,N,2025-01-24 13:51:55.793000,Professional Fees - Emergency Room Services
56602,39,0480,15,X,2025-01-24 13:51:55.770000,Cardiology - General Classification
56602,39,0483,15,Y,2025-01-24 13:51:55.777000,Cardiology - Echocardiology
56602,39,0481,15,Y,2025-01-24 13:51:55.773000,Cardiology - Cardiac Cath Lab
56602,39,0489,15,Z,2025-01-24 13:51:55.780000,Cardiology - Other Cardiology
56602,39,0482,15,Y,2025-01-24 13:51:55.777000,Cardiology - Stress Test
56602,39,0730,15,X,2025-01-24 13:51:55.783000,EKG/ECG (Electrocardiogram) - General Classification
56602,39,0731,15,Y,2025-01-24 13:51:55.783000,EKG/ECG (Electrocardiogram) - Holter Monitor
56602,39,0739,15,Z,2025-01-24 13:51:55.790000,EKG/ECG (Electrocardiogram) - Other EKG/ECG
56602,39,0732,15,Y,2025-01-24 13:51:55.787000,EKG/ECG (Electrocardiogram) - Telemetry
56615,36,99999,15,N,2025-09-26 13:56:51.197000,Not Applicable
56631,19,0341,15,Y,2023-10-20 11:53:00.670000,Nuclear Medicine - Diagnostic
56631,19,0340,15,X,2023-10-20 11:53:00.667000,Nuclear Medicine - General Classification
56631,19,0343,15,Y,2023-10-20 11:53:00.670000,Nuclear Medicine - Diagnostic Radiopharmaceuticals
56631,19,0349,15,Z,2023-10-20 11:53:00.673000,Nuclear Medicine - Other Nuclear Medicine
56631,19,0342,15,Y,2023-10-20 11:53:00.670000,Nuclear Medicine - Therapeutic
56631,19,0344,15,Y,2023-10-20 11:53:00.673000,Nuclear Medicine - Therapeutic Radiopharmaceuticals
56631,19,0401,15,Y,2023-10-20 11:53:00.683000,Other Imaging Services - Diagnostic Mammography
56631,19,0400,15,X,2023-10-20 11:53:00.683000,Other Imaging Services - General Classification
56631,19,0963,15,Y,2023-10-20 11:53:00.713000,Professional Fees - Anesthesiologist (MD)
56631,19,0964,15,Y,2023-10-20 11:53:00.717000,Professional Fees - Anesthetist (CRNA)
56631,19,0409,15,Z,2023-10-20 11:53:00.690000,Other Imaging Services - Other Imaging Services
56631,19,0404,15,Y,2023-10-20 11:53:00.690000,Other Imaging Services - Positron Emission Tomography
56631,19,0403,15,Y,2023-10-20 11:53:00.687000,Other Imaging Services - Screening Mammography
56631,19,0402,15,Y,2023-10-20 11:53:00.687000,Other Imaging Services - Ultrasound
56631,19,0960,15,X,2023-10-20 11:53:00.710000,Professional Fees - General Classification
56631,19,0962,15,Y,2023-10-20 11:53:00.710000,Professional Fees - Ophthalmology
56631,19,0969,15,Z,2023-10-20 11:53:00.717000,Professional Fees - Other Professional Fee
56631,19,0961,15,Y,2023-10-20 11:53:00.710000,Professional Fees - Psychiatric
56631,19,0323,15,N,2023-10-20 11:53:00.663000,Radiology - Diagnostic - Arteriography
56631,19,0321,15,N,2023-10-20 11:53:00.663000,Radiology - Diagnostic - Angiocardiography
56631,19,0333,15,N,2023-10-20 11:53:00.667000,Radiology - Therapeutic and/or Chemotherapy Administration - Radiation Therapy
56631,19,0351,15,Y,2023-10-20 11:53:00.677000,CT Scan - Head Scan
56631,19,0350,15,X,2023-10-20 11:53:00.677000,CT Scan - General Classification
56631,19,0359,15,Z,2023-10-20 11:53:00.680000,CT Scan - CT - Other
56631,19,0352,15,Y,2023-10-20 11:53:00.680000,CT Scan - Body Scan
56631,19,0481,15,N,2023-10-20 11:53:00.693000,Cardiology - Cardiac Cath Lab
56631,19,0610,15,X,2023-10-20 11:53:00.693000,Magnetic Resonance Technology (MRT) - General Classification
56631,19,0614,15,Y,2023-10-20 11:53:00.700000,Magnetic Resonance Technology (MRT) - MRI - Other
56631,19,0611,15,Y,2023-10-20 11:53:00.697000,Magnetic Resonance Technology (MRT) - MRI - Brain/Brainstem
56631,19,0612,15,Y,2023-10-20 11:53:00.697000,Magnetic Resonance Technology (MRT) - MRI - Spinal Cord/Spine
56631,19,0619,15,Z,2023-10-20 11:53:00.707000,Magnetic Resonance Technology (MRT) - Other MRT
56631,19,0616,15,Y,2023-10-20 11:53:00.703000,Magnetic Resonance Technology (MRT) - MRA - Lower Extremities
56631,19,0615,15,Y,2023-10-20 11:53:00.700000,Magnetic Resonance Technology (MRT) - MRA - Head and Neck
56631,19,0618,15,Y,2023-10-20 11:53:00.703000,Magnetic Resonance Technology (MRT) - MRA - Other
56633,47,99999,15,N,2023-11-09 23:50:22.967000,Not Applicable
56638,37,99999,15,N,2025-07-09 18:47:27.147000,Not Applicable
56640,16,99999,11,N,2019-09-06 18:27:01.190000,Not Applicable
56642,47,99999,15,N,2025-07-09 18:46:27.767000,Not Applicable
56645,48,0971,15,N,2024-10-18 13:49:35.947000,Professional Fees - Laboratory
56645,48,0301,15,N,2024-10-18 13:49:35.930000,Laboratory - Chemistry
56645,48,0300,15,N,2024-10-18 13:49:35.920000,Laboratory - General Classification
56645,48,0309,15,N,2024-10-18 13:49:35.940000,Laboratory - Other Laboratory
56647,32,99999,15,N,2023-11-09 23:51:49.813000,Not Applicable
56653,15,99999,15,N,2024-05-31 13:36:54.757000,Not Applicable
56666,19,0821,15,N,2023-01-20 12:03:14.133000,Hemodialysis - Outpatient or Home - Hemodialysis Composite or Other Rate
56666,19,0881,15,N,2023-01-20 12:03:14.140000,Miscellaneous Dialysis - Ultrafiltration
56672,16,99999,15,N,2024-10-18 12:45:48.137000,Not Applicable
56682,49,0402,15,Y,2025-10-03 12:28:15.070000,Other Imaging Services - Ultrasound
56682,49,0403,15,Y,2025-10-03 12:28:15.073000,Other Imaging Services - Screening Mammography
56682,49,0404,15,Y,2025-10-03 12:28:15.080000,Other Imaging Services - Positron Emission Tomography
56682,49,0409,15,Z,2025-10-03 12:28:15.087000,Other Imaging Services - Other Imaging Services
56682,49,0400,15,X,2025-10-03 12:28:15.063000,Other Imaging Services - General Classification
56682,49,0401,15,Y,2025-10-03 12:28:15.067000,Other Imaging Services - Diagnostic Mammography
56682,49,0321,15,Y,2025-10-03 12:28:15.027000,Radiology - Diagnostic - Angiocardiography
56682,49,0323,15,Y,2025-10-03 12:28:15.030000,Radiology - Diagnostic - Arteriography
56682,49,0322,15,Y,2025-10-03 12:28:15.030000,Radiology - Diagnostic - Arthrography
56682,49,0333,15,Y,2025-10-03 12:28:15.053000,Radiology - Therapeutic and/or Chemotherapy Administration - Radiation Therapy
56682,49,0332,15,Y,2025-10-03 12:28:15.050000,Radiology - Therapeutic and/or Chemotherapy Administration - Chemotherapy Administration - Oral
56682,49,0339,15,Z,2025-10-03 12:28:15.060000,Radiology - Therapeutic and/or Chemotherapy Administration - Other Radiology - Therapeutic
56682,49,0329,15,Z,2025-10-03 12:28:15.037000,Radiology - Diagnostic - Other Radiology - Diagnostic
56682,49,0331,15,Y,2025-10-03 12:28:15.047000,Radiology - Therapeutic and/or Chemotherapy Administration - Chemotherapy Admin - Injected
56682,49,0335,15,Y,2025-10-03 12:28:15.053000,Radiology - Therapeutic and/or Chemotherapy Administration - Chemotherapy Admin - IV
56682,49,0330,15,X,2025-10-03 12:28:15.043000,Radiology - Therapeutic and/or Chemotherapy Administration - General Classification
56682,49,0320,15,X,2025-10-03 12:28:15.023000,Radiology - Diagnostic - General Classification
56682,49,0324,15,Y,2025-10-03 12:28:15.037000,Radiology - Diagnostic - Chest X-Ray
56692,19,0761,15,N,2026-07-27 17:39:25.653000,Specialty Services - Treatment Room
56692,19,0982,15,N,2026-07-27 17:39:25.663000,Professional Fees - Outpatient Services
56692,19,0960,15,N,2026-07-27 17:39:25.660000,Professional Fees - General Classification
56692,19,0983,15,N,2026-07-27 17:39:25.667000,Professional Fees - Clinic
56692,19,0920,15,N,2026-07-27 17:39:25.657000,Other Diagnostic Services - General Classification
56692,19,0929,15,N,2026-07-27 17:39:25.660000,Other Diagnostic Services - Other Diagnostic Service
56692,19,0528,15,Y,2026-07-27 17:39:25.650000,Freestanding Clinic - Visit by RHC/FQHC Practitioner to Other non-RHC/FQHC site (e.g. Scene of Accident)
56692,19,0527,15,Y,2026-07-27 17:39:25.647000,Freestanding Clinic - Visiting Nurse Service(s) to a Member's Home when in a Home Health Shortage Area
56692,19,0526,15,Y,2026-07-27 17:39:25.647000,Freestanding Clinic - Urgent Care Clinic
56692,19,0529,15,Z,2026-07-27 17:39:25.650000,Freestanding Clinic - Other Freestanding Clinic
56692,19,0524,15,Y,2026-07-27 17:39:25.640000,Freestanding Clinic - Visit by RHC/FQHC Practitioner to a Member in a SNF or Skilled Swing Bed in a Covered Part A Stay
56692,19,0525,15,Y,2026-07-27 17:39:25.643000,Freestanding Clinic - Visit by RHC/FQHC Practitioner to a Member in a SNF (not in a Covered Part A Stay) or NF or ICF MR or Other Residential Facility
56692,19,0523,15,Y,2026-07-27 17:39:25.637000,Freestanding Clinic - Family Practice Clinic
56692,19,0521,15,Y,2026-07-27 17:39:25.630000,Freestanding Clinic - Clinic Visit by Member to RHC/FQHC
56692,19,0520,15,X,2026-07-27 17:39:25.630000,Freestanding Clinic - General Classification
56692,19,0522,15,Y,2026-07-27 17:39:25.637000,Freestanding Clinic - Home Visit by RHC/FQHC Practitioner
56692,19,0517,15,N,2026-07-27 17:39:25.623000,Clinic - Family Practice Clinic
56692,19,0510,15,N,2026-07-27 17:39:25.620000,Clinic - General Classification
56692,19,0519,15,N,2026-07-27 17:39:25.627000,Clinic - Other Clinic
56692,19,0459,15,N,2026-07-27 17:39:25.617000,Emergency Room - Other Emergency Room
56696,43,99999,15,N,2026-03-05 12:45:14.803000,Not Applicable
56697,44,0929,15,N,2025-10-31 21:11:10.680000,Other Diagnostic Services - Other Diagnostic Service
56697,44,0920,15,N,2025-10-31 21:11:10.673000,Other Diagnostic Services - General Classification
56697,44,0921,15,N,2025-10-31 21:11:10.677000,Other Diagnostic Services - Peripheral Vascular Lab
56697,44,0983,15,N,2025-10-31 21:11:10.690000,Professional Fees - Clinic
56697,44,0981,15,N,2025-10-31 21:11:10.683000,Professional Fees - Emergency Room Services
56697,44,0960,15,N,2025-10-31 21:11:10.680000,Professional Fees - General Classification
56697,44,0982,15,N,2025-10-31 21:11:10.687000,Professional Fees - Outpatient Services
56704,10,0750,14,N,2022-03-04 13:36:36.297000,Gastro-Intestinal (GI) Services - General Classification
56717,35,0460,15,N,2026-02-04 14:11:04.797000,Pulmonary Function - General Classification
56717,35,0421,15,N,2026-02-04 14:11:04.773000,Physical Therapy - Visit
56717,35,0419,15,N,2026-02-04 14:11:04.770000,Respiratory Services - Other Respiratory Services
56717,35,0410,15,N,2026-02-04 14:11:04.760000,Respiratory Services - General Classification
56717,35,0413,15,N,2026-02-04 14:11:04.767000,Respiratory Services - Hyperbaric Oxygen Therapy
56717,35,0412,15,N,2026-02-04 14:11:04.763000,Respiratory Services - Inhalation Services
56717,35,0424,15,N,2026-02-04 14:11:04.780000,Physical Therapy - Evaluation or Re-evaluation
56717,35,0420,15,N,2026-02-04 14:11:04.770000,Physical Therapy - General Classification
56717,35,0422,15,N,2026-02-04 14:11:04.773000,Physical Therapy - Hourly
56717,35,0429,15,N,2026-02-04 14:11:04.780000,Physical Therapy - Other Physical Therapy
56717,35,0423,15,N,2026-02-04 14:11:04.777000,Physical Therapy - Group
56717,35,0439,15,N,2026-02-04 14:11:04.793000,Occupational Therapy - Other Occupational Therapy
56717,35,0431,15,N,2026-02-04 14:11:04.787000,Occupational Therapy - Visit
56717,35,0434,15,N,2026-02-04 14:11:04.790000,Occupational Therapy - Evaluation or Reevaluation
56717,35,0430,15,N,2026-02-04 14:11:04.783000,Occupational Therapy - General Classification
56717,35,0433,15,N,2026-02-04 14:11:04.790000,Occupational Therapy - Group
56717,35,0432,15,N,2026-02-04 14:11:04.787000,Occupational Therapy - Hourly
56722,23,0360,15,X,2025-09-26 17:44:04.770000,Operating Room Services - General Classification
56722,23,0361,15,Y,2025-09-26 17:44:04.773000,Operating Room Services - Minor Surgery
56722,23,0367,15,Y,2025-09-26 17:44:04.780000,Operating Room Services - Kidney Transplant
56722,23,0369,15,Z,2025-09-26 17:44:04.783000,Operating Room Services - Other OR Services
56722,23,0362,15,Y,2025-09-26 17:44:04.777000,Operating Room Services - Organ Transplant - Other than Kidney
56773,30,99999,15,N,2025-09-26 13:57:32.590000,Not Applicable
56795,34,0636,15,N,2025-04-23 19:27:45.397000,Pharmacy - Drugs Requiring Detailed Coding
56795,34,0635,15,N,2025-04-23 19:27:45.393000,"Pharmacy - Erythropoietin (EPO)>=10,000 Units"
56795,34,0634,15,N,2025-04-23 19:27:45.390000,"Pharmacy - Erythropoietin (EPO)<10,000 units"
56796,31,99999,15,N,2026-01-23 13:44:53.937000,Not Applicable
56798,29,0301,15,N,2026-07-27 17:53:30.663000,Laboratory - Chemistry
56798,29,0300,15,N,2026-07-27 17:53:30.660000,Laboratory - General Classification
56798,29,0309,15,N,2026-07-27 17:53:30.667000,Laboratory - Other Laboratory
56799,29,0519,15,N,2025-10-30 14:19:04.010000,Clinic - Other Clinic
56799,29,0510,15,N,2025-10-30 14:19:04.007000,Clinic - General Classification
56799,29,0920,15,N,2025-10-30 14:19:04.013000,Other Diagnostic Services - General Classification
56799,29,0761,15,N,2025-10-30 14:19:04.010000,Specialty Services - Treatment Room
56802,18,0761,15,Y,2025-09-26 22:16:16.413000,Specialty Services - Treatment Room
56802,18,0769,15,Z,2025-09-26 22:16:16.420000,Specialty Services - Other Specialty Services
56802,18,0762,15,Y,2025-09-26 22:16:16.417000,Specialty Services - Observation Hours
56802,18,0760,15,X,2025-09-26 22:16:16.410000,Specialty Services - General Classification
56802,18,0960,15,X,2025-09-26 22:16:16.440000,Professional Fees - General Classification
56802,18,0962,15,Y,2025-09-26 22:16:16.447000,Professional Fees - Ophthalmology
56802,18,0969,15,Z,2025-09-26 22:16:16.453000,Professional Fees - Other Professional Fee
56802,18,0961,15,Y,2025-09-26 22:16:16.443000,Professional Fees - Psychiatric
56802,18,0920,15,X,2025-09-26 22:16:16.420000,Other Diagnostic Services - General Classification
56802,18,0929,15,Z,2025-09-26 22:16:16.440000,Other Diagnostic Services - Other Diagnostic Service
56802,18,0923,15,Y,2025-09-26 22:16:16.430000,Other Diagnostic Services - Pap Smear
56802,18,0921,15,Y,2025-09-26 22:16:16.423000,Other Diagnostic Services - Peripheral Vascular Lab
56802,18,0925,15,Y,2025-09-26 22:16:16.437000,Other Diagnostic Services - Pregnancy Test
56802,18,0924,15,Y,2025-09-26 22:16:16.433000,Other Diagnostic Services - Allergy Test
56802,18,0922,15,Y,2025-09-26 22:16:16.427000,Other Diagnostic Services - Electromyogram
56802,18,0402,15,N,2025-09-26 22:16:16.347000,Other Imaging Services - Ultrasound
56802,18,0964,15,Y,2025-09-26 22:16:16.450000,Professional Fees - Anesthetist (CRNA)
56802,18,0963,15,Y,2025-09-26 22:16:16.450000,Professional Fees - Anesthesiologist (MD)
56802,18,0360,15,N,2025-09-26 22:16:16.343000,Operating Room Services - General Classification
56802,18,0510,15,X,2025-09-26 22:16:16.363000,Clinic - General Classification
56802,18,0517,15,Y,2025-09-26 22:16:16.383000,Clinic - Family Practice Clinic
56802,18,0512,15,Y,2025-09-26 22:16:16.370000,Clinic - Dental Clinic
56802,18,0511,15,Y,2025-09-26 22:16:16.367000,Clinic - Chronic Pain Center
56802,18,0515,15,Y,2025-09-26 22:16:16.377000,Clinic - Pediatric Clinic
56802,18,0514,15,Y,2025-09-26 22:16:16.373000,Clinic - OB-GYN Clinic
56802,18,0519,15,Z,2025-09-26 22:16:16.383000,Clinic - Other Clinic
56802,18,0516,15,Y,2025-09-26 22:16:16.380000,Clinic - Urgent Care Clinic
56802,18,0513,15,Y,2025-09-26 22:16:16.370000,Clinic - Psychiatric Clinic
56802,18,0459,15,Z,2025-09-26 22:16:16.360000,Emergency Room - Other Emergency Room
56802,18,0456,15,Y,2025-09-26 22:16:16.360000,Emergency Room - Urgent Care
56802,18,0450,15,X,2025-09-26 22:16:16.350000,Emergency Room - General Classification
56802,18,0451,15,Y,2025-09-26 22:16:16.350000,Emergency Room - EMTALA Emergency Medical Screening Services
56802,18,0452,15,Y,2025-09-26 22:16:16.353000,Emergency Room - ER Beyond EMTALA Screening
56802,18,0527,15,Y,2025-09-26 22:16:16.403000,Freestanding Clinic - Visiting Nurse Service(s) to a Member's Home when in a Home Health Shortage Area
56802,18,0528,15,Y,2025-09-26 22:16:16.407000,Freestanding Clinic - Visit by RHC/FQHC Practitioner to Other non-RHC/FQHC site (e.g. Scene of Accident)
56802,18,0522,15,Y,2025-09-26 22:16:16.390000,Freestanding Clinic - Home Visit by RHC/FQHC Practitioner
56802,18,0520,15,X,2025-09-26 22:16:16.387000,Freestanding Clinic - General Classification
56802,18,0521,15,Y,2025-09-26 22:16:16.390000,Freestanding Clinic - Clinic Visit by Member to RHC/FQHC
56802,18,0523,15,Y,2025-09-26 22:16:16.393000,Freestanding Clinic - Family Practice Clinic
56802,18,0525,15,Y,2025-09-26 22:16:16.400000,Freestanding Clinic - Visit by RHC/FQHC Practitioner to a Member in a SNF (not in a Covered Part A Stay) or NF or ICF MR or Other Residential Facility
56802,18,0524,15,Y,2025-09-26 22:16:16.397000,Freestanding Clinic - Visit by RHC/FQHC Practitioner to a Member in a SNF or Skilled Swing Bed in a Covered Part A Stay
56802,18,0529,15,Z,2025-09-26 22:16:16.407000,Freestanding Clinic - Other Freestanding Clinic
56802,18,0526,15,Y,2025-09-26 22:16:16.400000,Freestanding Clinic - Urgent Care Clinic
56805,41,0618,15,N,2025-09-26 17:13:53.853000,Magnetic Resonance Technology (MRT) - MRA - Other
56805,41,0615,15,N,2025-09-26 17:13:53.847000,Magnetic Resonance Technology (MRT) - MRA - Head and Neck
56805,41,0616,15,N,2025-09-26 17:13:53.850000,Magnetic Resonance Technology (MRT) - MRA - Lower Extremities
56808,15,0528,15,Y,2025-09-26 22:12:16.450000,Freestanding Clinic - Visit by RHC/FQHC Practitioner to Other non-RHC/FQHC site (e.g. Scene of Accident)
56808,15,0527,15,Y,2025-09-26 22:12:16.450000,Freestanding Clinic - Visiting Nurse Service(s) to a Member's Home when in a Home Health Shortage Area
56808,15,0529,15,Z,2025-09-26 22:12:16.453000,Freestanding Clinic - Other Freestanding Clinic
56808,15,0526,15,Y,2025-09-26 22:12:16.447000,Freestanding Clinic - Urgent Care Clinic
56808,15,0524,15,Y,2025-09-26 22:12:16.440000,Freestanding Clinic - Visit by RHC/FQHC Practitioner to a Member in a SNF or Skilled Swing Bed in a Covered Part A Stay
56808,15,0525,15,Y,2025-09-26 22:12:16.443000,Freestanding Clinic - Visit by RHC/FQHC Practitioner to a Member in a SNF (not in a Covered Part A Stay) or NF or ICF MR or Other Residential Facility
56808,15,0523,15,Y,2025-09-26 22:12:16.440000,Freestanding Clinic - Family Practice Clinic
56808,15,0521,15,Y,2025-09-26 22:12:16.433000,Freestanding Clinic - Clinic Visit by Member to RHC/FQHC
56808,15,0520,15,X,2025-09-26 22:12:16.430000,Freestanding Clinic - General Classification
56808,15,0522,15,Y,2025-09-26 22:12:16.437000,Freestanding Clinic - Home Visit by RHC/FQHC Practitioner
56808,15,0519,15,N,2025-09-26 22:12:16.430000,Clinic - Other Clinic
56808,15,0460,15,N,2025-09-26 22:12:16.423000,Pulmonary Function - General Classification
56808,15,0469,15,N,2025-09-26 22:12:16.427000,Pulmonary Function - Other Pulmonary Function
56809,20,0972,15,N,2025-08-29 17:15:27.197000,Professional Fees - Radiology - Diagnostic
56809,20,0982,15,N,2025-08-29 17:15:27.200000,Professional Fees - Outpatient Services
56809,20,0969,15,N,2025-08-29 17:15:27.197000,Professional Fees - Other Professional Fee
56809,20,0960,15,N,2025-08-29 17:15:27.193000,Professional Fees - General Classification
56809,20,0983,15,N,2025-08-29 17:15:27.203000,Professional Fees - Clinic
56809,20,0483,15,N,2025-08-29 17:15:27.177000,Cardiology - Echocardiology
56809,20,0480,15,N,2025-08-29 17:15:27.173000,Cardiology - General Classification
56809,20,0522,15,N,2025-08-29 17:15:27.180000,Freestanding Clinic - Home Visit by RHC/FQHC Practitioner
56809,20,0521,15,N,2025-08-29 17:15:27.180000,Freestanding Clinic - Clinic Visit by Member to RHC/FQHC
56809,20,0525,15,N,2025-08-29 17:15:27.187000,Freestanding Clinic - Visit by RHC/FQHC Practitioner to a Member in a SNF (not in a Covered Part A Stay) or NF or ICF MR or Other Residential Facility
56809,20,0524,15,N,2025-08-29 17:15:27.183000,Freestanding Clinic - Visit by RHC/FQHC Practitioner to a Member in a SNF or Skilled Swing Bed in a Covered Part A Stay
56809,20,0528,15,N,2025-08-29 17:15:27.190000,Freestanding Clinic - Visit by RHC/FQHC Practitioner to Other non-RHC/FQHC site (e.g. Scene of Accident)
56809,20,0527,15,N,2025-08-29 17:15:27.190000,Freestanding Clinic - Visiting Nurse Service(s) to a Member's Home when in a Home Health Shortage Area
56811,13,0520,15,N,2025-09-19 13:08:35.810000,Freestanding Clinic - General Classification
56811,13,0519,15,N,2025-09-19 13:08:35.807000,Clinic - Other Clinic
56811,13,0369,15,N,2025-09-19 13:08:35.803000,Operating Room Services - Other OR Services
56811,13,0360,15,N,2025-09-19 13:08:35.800000,Operating Room Services - General Classification
56811,13,0361,15,N,2025-09-19 13:08:35.800000,Operating Room Services - Minor Surgery
56811,13,0761,15,N,2025-09-19 13:08:35.810000,Specialty Services - Treatment Room
56816,16,0761,15,N,2026-02-20 21:11:46.660000,Specialty Services - Treatment Room
56816,16,0960,15,N,2026-02-20 21:11:46.667000,Professional Fees - General Classification
56816,16,0962,15,N,2026-02-20 21:11:46.670000,Professional Fees - Ophthalmology
56816,16,0360,15,N,2026-02-20 21:11:46.640000,Operating Room Services - General Classification
56816,16,0929,15,N,2026-02-20 21:11:46.663000,Other Diagnostic Services - Other Diagnostic Service
56816,16,0920,15,N,2026-02-20 21:11:46.660000,Other Diagnostic Services - General Classification
56816,16,0409,15,N,2026-02-20 21:11:46.640000,Other Imaging Services - Other Imaging Services
56816,16,0519,15,N,2026-02-20 21:11:46.650000,Clinic - Other Clinic
56816,16,0450,15,N,2026-02-20 21:11:46.643000,Emergency Room - General Classification
56816,16,0510,15,N,2026-02-20 21:11:46.647000,Clinic - General Classification
56816,16,0520,15,N,2026-02-20 21:11:46.650000,Freestanding Clinic - General Classification
56816,16,0521,15,N,2026-02-20 21:11:46.653000,Freestanding Clinic - Clinic Visit by Member to RHC/FQHC
56816,16,0523,15,N,2026-02-20 21:11:46.657000,Freestanding Clinic - Family Practice Clinic
56816,16,0529,15,N,2026-02-20 21:11:46.657000,Freestanding Clinic - Other Freestanding Clinic
56836,18,0520,15,N,2026-04-29 15:39:35.140000,Freestanding Clinic - General Classification
56836,18,0510,15,N,2026-04-29 15:39:35.140000,Clinic - General Classification
56836,18,0360,15,N,2026-04-29 15:39:35.130000,Operating Room Services - General Classification
56836,18,0361,15,N,2026-04-29 15:39:35.137000,Operating Room Services - Minor Surgery
56841,18,99999,15,N,2023-10-20 11:51:57.257000,Not Applicable
56848,16,99999,15,N,2025-01-24 13:54:16.313000,Not Applicable
56850,33,0432,15,Y,2026-07-14 22:43:02.680000,Occupational Therapy - Hourly
56850,33,0433,15,Y,2026-07-14 22:43:02.680000,Occupational Therapy - Group
56850,33,0430,15,X,2026-07-14 22:43:02.680000,Occupational Therapy - General Classification
56850,33,0434,15,Y,2026-07-14 22:43:02.680000,Occupational Therapy - Evaluation or Reevaluation
56850,33,0431,15,Y,2026-07-14 22:43:02.680000,Occupational Therapy - Visit
56850,33,0439,15,Z,2026-07-14 22:43:02.680000,Occupational Therapy - Other Occupational Therapy
56850,33,0942,15,N,2026-07-14 22:43:02.680000,Other Therapeutic Services - Education/Training
56850,33,0983,15,N,2026-07-14 22:43:02.680000,Professional Fees - Clinic
56850,33,0964,15,N,2026-07-14 22:43:02.680000,Professional Fees - Anesthetist (CRNA)
56850,33,0963,15,N,2026-07-14 22:43:02.680000,Professional Fees - Anesthesiologist (MD)
56850,33,0250,15,N,2026-07-14 22:43:02.680000,Pharmacy - General Classification
56850,33,0962,15,N,2026-07-14 22:43:02.680000,Professional Fees - Ophthalmology
56850,33,0978,15,N,2026-07-14 22:43:02.680000,Professional Fees - Occupational Therapy
56850,33,0971,15,N,2026-07-14 22:43:02.680000,Professional Fees - Laboratory
56850,33,0984,15,N,2026-07-14 22:43:02.680000,Professional Fees - Medical Social Services
56850,33,0975,15,N,2026-07-14 22:43:02.680000,Professional Fees - Operating Room
56850,33,0969,15,N,2026-07-14 22:43:02.680000,Professional Fees - Other Professional Fee
56850,33,0987,15,N,2026-07-14 22:43:02.680000,Professional Fees - Hospital Visit
56850,33,0988,15,N,2026-07-14 22:43:02.680000,Professional Fees - Consultation
56850,33,0981,15,N,2026-07-14 22:43:02.680000,Professional Fees - Emergency Room Services
56850,33,0985,15,N,2026-07-14 22:43:02.680000,Professional Fees - EKG
56850,33,0986,15,N,2026-07-14 22:43:02.680000,Professional Fees - EEG
56850,33,0982,15,N,2026-07-14 22:43:02.680000,Professional Fees - Outpatient Services
56850,33,0977,15,N,2026-07-14 22:43:02.680000,Professional Fees - Physical Therapy
56850,33,0989,15,N,2026-07-14 22:43:02.680000,Professional Fees - Private Duty Nurse
56850,33,0972,15,N,2026-07-14 22:43:02.680000,Professional Fees - Radiology - Diagnostic
56850,33,0974,15,N,2026-07-14 22:43:02.680000,Professional Fees - Radiology - Nuclear
56850,33,0961,15,N,2026-07-14 22:43:02.680000,Professional Fees - Psychiatric
56850,33,0973,15,N,2026-07-14 22:43:02.680000,Professional Fees - Radiology - Therapeutic
56850,33,0976,15,N,2026-07-14 22:43:02.680000,Professional Fees - Respiratory Therapy
56850,33,0979,15,N,2026-07-14 22:43:02.680000,Professional Fees - Speech Pathology
56850,33,0916,15,N,2026-07-14 22:43:02.680000,Behavioral Health Treatment/Services - Family Therapy
56850,33,0913,15,N,2026-07-14 22:43:02.680000,Behavioral Health Treatment/Services - Partial Hospitalization - Intensive
56850,33,0912,15,N,2026-07-14 22:43:02.680000,Behavioral Health Treatment/Services - Partial Hospitalization - Less Intensive
56850,33,0918,15,N,2026-07-14 22:43:02.680000,Behavioral Health Treatment/Services - Testing
56850,33,0904,15,N,2026-07-14 22:43:02.680000,Behavioral Health Treatment/Services - Activity Therapy
56850,33,0914,15,N,2026-07-14 22:43:02.680000,Behavioral Health Treatment/Services - Individual Therapy
56850,33,0915,15,N,2026-07-14 22:43:02.680000,Behavioral Health Treatment/Services - Group Therapy
56850,33,0900,15,N,2026-07-14 22:43:02.680000,Behavioral Health Treatment/Services - General Classification
56866,21,0490,15,X,2026-06-12 13:29:34.290000,Ambulatory Surgical Care - General Classification
56866,21,0499,15,Z,2026-06-12 13:29:34.293000,Ambulatory Surgical Care - Other Ambulatory Surgical Care
56866,21,0450,15,X,2026-06-12 13:29:34.277000,Emergency Room - General Classification
56866,21,0456,15,Y,2026-06-12 13:29:34.283000,Emergency Room - Urgent Care
56866,21,0459,15,Z,2026-06-12 13:29:34.290000,Emergency Room - Other Emergency Room
56866,21,0452,15,Y,2026-06-12 13:29:34.280000,Emergency Room - ER Beyond EMTALA Screening
56866,21,0451,15,Y,2026-06-12 13:29:34.280000,Emergency Room - EMTALA Emergency Medical Screening Services
56866,21,0761,15,Y,2026-06-12 13:29:34.300000,Specialty Services - Treatment Room
56866,21,0769,15,Z,2026-06-12 13:29:34.307000,Specialty Services - Other Specialty Services
56866,21,0760,15,X,2026-06-12 13:29:34.297000,Specialty Services - General Classification
56866,21,0762,15,Y,2026-06-12 13:29:34.303000,Specialty Services - Observation Hours
56866,21,0369,15,Z,2026-06-12 13:29:34.273000,Operating Room Services - Other OR Services
56866,21,0362,15,Y,2026-06-12 13:29:34.250000,Operating Room Services - Organ Transplant - Other than Kidney
56866,21,0361,15,Y,2026-06-12 13:29:34.240000,Operating Room Services - Minor Surgery
56866,21,0367,15,Y,2026-06-12 13:29:34.263000,Operating Room Services - Kidney Transplant
56866,21,0360,15,X,2026-06-12 13:29:34.233000,Operating Room Services - General Classification
56868,30,0444,15,N,2025-08-22 19:20:56.123000,Speech-Language Pathology - Evaluation or Reevaluation
56868,30,0440,15,N,2025-08-22 19:20:56.113000,Speech-Language Pathology - General Classification
56868,30,0443,15,N,2025-08-22 19:20:56.120000,Speech-Language Pathology - Group
56868,30,0442,15,N,2025-08-22 19:20:56.120000,Speech-Language Pathology - Hourly
56868,30,0441,15,N,2025-08-22 19:20:56.117000,Speech-Language Pathology - Visit
56868,30,0449,15,N,2025-08-22 19:20:56.123000,Speech-Language Pathology - Other Speech Therapy
56900,23,0550,15,N,2025-09-17 17:04:26.110000,Skilled Nursing - General Classification
56900,23,0559,15,N,2025-09-17 17:04:26.127000,Skilled Nursing - Other Skilled Nursing
56900,23,0771,15,N,2025-09-17 17:04:26.147000,Preventive Care Services - Vaccine Administration
56900,23,0636,15,N,2025-09-17 17:04:26.133000,Pharmacy - Drugs Requiring Detailed Coding
56914,19,0360,15,N,2026-01-22 19:51:08.883000,Operating Room Services - General Classification
56914,19,0330,15,N,2026-01-22 19:51:08.870000,Radiology - Therapeutic and/or Chemotherapy Administration - General Classification
56914,19,0490,15,N,2026-01-22 19:51:08.893000,Ambulatory Surgical Care - General Classification
56914,19,0510,15,N,2026-01-22 19:51:08.903000,Clinic - General Classification
56914,19,0520,15,N,2026-01-22 19:51:08.917000,Freestanding Clinic - General Classification
56923,16,0740,15,N,2023-01-20 12:08:35.103000,EEG (Electroencephalogram) - General Classification
56923,16,0519,15,N,2023-01-20 12:08:35.100000,Clinic - Other Clinic
56923,16,0922,15,Y,2023-01-20 12:08:35.110000,Other Diagnostic Services - Electromyogram
56923,16,0920,15,X,2023-01-20 12:08:35.107000,Other Diagnostic Services - General Classification
56923,16,0929,15,Z,2023-01-20 12:08:35.120000,Other Diagnostic Services - Other Diagnostic Service
56923,16,0923,15,Y,2023-01-20 12:08:35.110000,Other Diagnostic Services - Pap Smear
56923,16,0924,15,Y,2023-01-20 12:08:35.113000,Other Diagnostic Services - Allergy Test
56923,16,0925,15,Y,2023-01-20 12:08:35.117000,Other Diagnostic Services - Pregnancy Test
56923,16,0921,15,Y,2023-01-20 12:08:35.107000,Other Diagnostic Services - Peripheral Vascular Lab
56938,46,99999,14,N,2022-01-14 13:50:48.137000,Not Applicable
56948,23,0319,15,Z,2025-08-18 19:13:33.090000,Laboratory Pathology - Other Laboratory Pathology
56948,23,0312,15,Y,2025-08-18 19:13:33.083000,Laboratory Pathology - Histology
56948,23,0310,15,X,2025-08-18 19:13:33.070000,Laboratory Pathology - General Classification
56948,23,0300,15,X,2025-08-18 19:13:33.043000,Laboratory - General Classification
56948,23,0301,15,Y,2025-08-18 19:13:33.047000,Laboratory - Chemistry
56948,23,0306,15,Y,2025-08-18 19:13:33.060000,Laboratory - Bacteriology & Microbiology
56948,23,0309,15,Z,2025-08-18 19:13:33.067000,Laboratory - Other Laboratory
56948,23,0303,15,Y,2025-08-18 19:13:33.050000,Laboratory - Renal Patient (Home)
56948,23,0311,15,Y,2025-08-18 19:13:33.073000,Laboratory Pathology - Cytology
56948,23,0314,15,Y,2025-08-18 19:13:33.087000,Laboratory Pathology - Biopsy
56948,23,0307,15,Y,2025-08-18 19:13:33.063000,Laboratory - Urology
56948,23,0305,15,Y,2025-08-18 19:13:33.057000,Laboratory - Hematology
56948,23,0302,15,Y,2025-08-18 19:13:33.050000,Laboratory - Immunology
56948,23,0304,15,Y,2025-08-18 19:13:33.053000,Laboratory - Non-Routine Dialysis
56952,50,99999,15,N,2026-01-23 14:15:06.550000,Not Applicable
56953,25,99999,14,N,2022-01-14 13:57:32.360000,Not Applicable
56988,17,0310,15,X,2025-11-26 22:42:01.670000,Laboratory Pathology - General Classification
56988,17,0312,15,Y,2025-11-26 22:42:01.677000,Laboratory Pathology - Histology
56988,17,0319,15,Z,2025-11-26 22:42:01.683000,Laboratory Pathology - Other Laboratory Pathology
56988,17,0304,15,Y,2025-11-26 22:42:01.657000,Laboratory - Non-Routine Dialysis
56988,17,0302,15,Y,2025-11-26 22:42:01.653000,Laboratory - Immunology
56988,17,0305,15,Y,2025-11-26 22:42:01.660000,Laboratory - Hematology
56988,17,0307,15,Y,2025-11-26 22:42:01.667000,Laboratory - Urology
56988,17,0314,15,Y,2025-11-26 22:42:01.680000,Laboratory Pathology - Biopsy
56988,17,0311,15,Y,2025-11-26 22:42:01.673000,Laboratory Pathology - Cytology
56988,17,0303,15,Y,2025-11-26 22:42:01.657000,Laboratory - Renal Patient (Home)
56988,17,0309,15,Z,2025-11-26 22:42:01.667000,Laboratory - Other Laboratory
56988,17,0306,15,Y,2025-11-26 22:42:01.663000,Laboratory - Bacteriology & Microbiology
56988,17,0301,15,Y,2025-11-26 22:42:01.650000,Laboratory - Chemistry
56988,17,0300,15,X,2025-11-26 22:42:01.647000,Laboratory - General Classification
57025,21,99999,15,N,2025-01-24 13:58:48.500000,Not Applicable
57029,10,99999,15,N,2022-10-28 13:23:02.540000,Not Applicable
57038,16,0480,15,N,2025-08-29 17:00:59.170000,Cardiology - General Classification
57038,16,0489,15,N,2025-08-29 17:00:59.177000,Cardiology - Other Cardiology
57039,9,0519,15,N,2025-08-29 16:39:28.043000,Clinic - Other Clinic
57039,9,0350,15,N,2025-08-29 16:39:28.033000,CT Scan - General Classification
57039,9,0750,15,N,2025-08-29 16:39:28.047000,Gastro-Intestinal (GI) Services - General Classification
57039,9,0983,15,N,2025-08-29 16:39:28.057000,Professional Fees - Clinic
57039,9,0982,15,N,2025-08-29 16:39:28.053000,Professional Fees - Outpatient Services
57039,9,0988,15,N,2025-08-29 16:39:28.060000,Professional Fees - Consultation
57039,9,0987,15,N,2025-08-29 16:39:28.060000,Professional Fees - Hospital Visit
57039,9,0960,15,N,2025-08-29 16:39:28.047000,Professional Fees - General Classification
57039,9,0969,15,N,2025-08-29 16:39:28.050000,Professional Fees - Other Professional Fee
57039,9,0975,15,N,2025-08-29 16:39:28.050000,Professional Fees - Operating Room
57040,26,0440,15,N,2026-07-27 17:49:56.360000,Speech-Language Pathology - General Classification
57040,26,0444,15,N,2026-07-27 17:49:56.363000,Speech-Language Pathology - Evaluation or Reevaluation
57040,26,0449,15,N,2026-07-27 17:49:56.367000,Speech-Language Pathology - Other Speech Therapy
57041,21,0962,15,Y,2026-04-02 15:40:48.660000,Professional Fees - Ophthalmology
57041,21,0969,15,Z,2026-04-02 15:40:48.670000,Professional Fees - Other Professional Fee
57041,21,0960,15,X,2026-04-02 15:40:48.563000,Professional Fees - General Classification
57041,21,0961,15,Y,2026-04-02 15:40:48.567000,Professional Fees - Psychiatric
57041,21,0964,15,Y,2026-04-02 15:40:48.667000,Professional Fees - Anesthetist (CRNA)
57041,21,0963,15,Y,2026-04-02 15:40:48.663000,Professional Fees - Anesthesiologist (MD)
57041,21,0520,15,N,2026-04-02 15:40:48.550000,Freestanding Clinic - General Classification
57041,21,0523,15,N,2026-04-02 15:40:48.557000,Freestanding Clinic - Family Practice Clinic
57041,21,0521,15,N,2026-04-02 15:40:48.553000,Freestanding Clinic - Clinic Visit by Member to RHC/FQHC
57041,21,0529,15,N,2026-04-02 15:40:48.560000,Freestanding Clinic - Other Freestanding Clinic
57041,21,0519,15,N,2026-04-02 15:40:48.547000,Clinic - Other Clinic
57041,21,0510,15,N,2026-04-02 15:40:48.520000,Clinic - General Classification
57041,21,0517,15,N,2026-04-02 15:40:48.537000,Clinic - Family Practice Clinic
57043,24,0300,15,N,2026-07-27 16:54:52.067000,Laboratory - General Classification
57043,24,0309,15,N,2026-07-27 16:54:52.070000,Laboratory - Other Laboratory
57043,24,0302,15,N,2026-07-27 16:54:52.070000,Laboratory - Immunology
57043,24,0971,15,N,2026-07-27 16:54:52.073000,Professional Fees - Laboratory
57044,22,0975,15,N,2026-07-27 17:16:17.793000,Professional Fees - Operating Room
57044,22,0969,15,N,2026-07-27 17:16:17.793000,Professional Fees - Other Professional Fee
57044,22,0960,15,N,2026-07-27 17:16:17.790000,Professional Fees - General Classification
57044,22,0982,15,N,2026-07-27 17:16:17.797000,Professional Fees - Outpatient Services
57044,22,0761,15,N,2026-07-27 17:16:17.787000,Specialty Services - Treatment Room
57044,22,0983,15,N,2026-07-27 17:16:17.800000,Professional Fees - Clinic
57044,22,0369,15,N,2026-07-27 17:16:17.770000,Operating Room Services - Other OR Services
57044,22,0360,15,N,2026-07-27 17:16:17.767000,Operating Room Services - General Classification
57044,22,0361,15,N,2026-07-27 17:16:17.770000,Operating Room Services - Minor Surgery
57044,22,0520,15,N,2026-07-27 17:16:17.783000,Freestanding Clinic - General Classification
57044,22,0510,15,N,2026-07-27 17:16:17.780000,Clinic - General Classification
57044,22,0499,15,N,2026-07-27 17:16:17.777000,Ambulatory Surgical Care - Other Ambulatory Surgical Care
57044,22,0490,15,N,2026-07-27 17:16:17.777000,Ambulatory Surgical Care - General Classification
57044,22,0516,15,N,2026-07-27 17:16:17.783000,Clinic - Urgent Care Clinic
57044,22,0456,15,N,2026-07-27 17:16:17.773000,Emergency Room - Urgent Care
57050,13,0510,15,N,2026-03-16 18:26:42.387000,Clinic - General Classification
57050,13,0520,15,N,2026-03-16 18:26:42.400000,Freestanding Clinic - General Classification
57050,13,0361,15,N,2026-03-16 18:26:42.343000,Operating Room Services - Minor Surgery
57050,13,0360,15,N,2026-03-16 18:26:42.330000,Operating Room Services - General Classification
57050,13,0369,15,N,2026-03-16 18:26:42.353000,Operating Room Services - Other OR Services
57050,13,0929,15,N,2026-03-16 18:26:42.423000,Other Diagnostic Services - Other Diagnostic Service
57050,13,0402,15,N,2026-03-16 18:26:42.363000,Other Imaging Services - Ultrasound
57050,13,0761,15,N,2026-03-16 18:26:42.413000,Specialty Services - Treatment Room
57053,22,0982,15,N,2026-04-02 15:31:12.243000,Professional Fees - Outpatient Services
57053,22,0989,15,N,2026-04-02 15:31:12.417000,Professional Fees - Private Duty Nurse
57053,22,0977,15,N,2026-04-02 15:31:12.120000,Professional Fees - Physical Therapy
57053,22,0961,15,N,2026-04-02 15:31:11.713000,Professional Fees - Psychiatric
57053,22,0974,15,N,2026-04-02 15:31:11.987000,Professional Fees - Radiology - Nuclear
57053,22,0979,15,N,2026-04-02 15:31:12.137000,Professional Fees - Speech Pathology
57053,22,0976,15,N,2026-04-02 15:31:12.110000,Professional Fees - Respiratory Therapy
57053,22,0973,15,N,2026-04-02 15:31:11.977000,Professional Fees - Radiology - Therapeutic
57053,22,0972,15,N,2026-04-02 15:31:11.967000,Professional Fees - Radiology - Diagnostic
57053,22,0988,15,N,2026-04-02 15:31:12.403000,Professional Fees - Consultation
57053,22,0986,15,N,2026-04-02 15:31:12.393000,Professional Fees - EEG
57053,22,0985,15,N,2026-04-02 15:31:12.377000,Professional Fees - EKG
57053,22,0969,15,N,2026-04-02 15:31:11.847000,Professional Fees - Other Professional Fee
57053,22,0975,15,N,2026-04-02 15:31:12.097000,Professional Fees - Operating Room
57053,22,0971,15,N,2026-04-02 15:31:11.957000,Professional Fees - Laboratory
57053,22,0984,15,N,2026-04-02 15:31:12.267000,Professional Fees - Medical Social Services
57053,22,0978,15,N,2026-04-02 15:31:12.127000,Professional Fees - Occupational Therapy
57053,22,0942,15,N,2026-04-02 15:31:11.610000,Other Therapeutic Services - Education/Training
57053,22,0983,15,N,2026-04-02 15:31:12.250000,Professional Fees - Clinic
57053,22,0964,15,N,2026-04-02 15:31:11.833000,Professional Fees - Anesthetist (CRNA)
57053,22,0963,15,N,2026-04-02 15:31:11.723000,Professional Fees - Anesthesiologist (MD)
57053,22,0250,15,N,2026-04-02 15:31:10.670000,Pharmacy - General Classification
57053,22,0439,15,N,2026-04-02 15:31:10.730000,Occupational Therapy - Other Occupational Therapy
57053,22,0431,15,N,2026-04-02 15:31:10.693000,Occupational Therapy - Visit
57053,22,0434,15,N,2026-04-02 15:31:10.720000,Occupational Therapy - Evaluation or Reevaluation
57053,22,0430,15,N,2026-04-02 15:31:10.683000,Occupational Therapy - General Classification
57053,22,0433,15,N,2026-04-02 15:31:10.710000,Occupational Therapy - Group
57053,22,0432,15,N,2026-04-02 15:31:10.700000,Occupational Therapy - Hourly
57053,22,0904,15,N,2026-04-02 15:31:10.810000,Behavioral Health Treatment/Services - Activity Therapy
57053,22,0900,15,N,2026-04-02 15:31:10.737000,Behavioral Health Treatment/Services - General Classification
57053,22,0916,15,N,2026-04-02 15:31:11.477000,Behavioral Health Treatment/Services - Family Therapy
57053,22,0915,15,N,2026-04-02 15:31:11.350000,Behavioral Health Treatment/Services - Group Therapy
57053,22,0914,15,N,2026-04-02 15:31:11.210000,Behavioral Health Treatment/Services - Individual Therapy
57053,22,0918,15,N,2026-04-02 15:31:11.490000,Behavioral Health Treatment/Services - Testing
57054,12,0918,15,N,2026-04-02 15:33:45.203000,Behavioral Health Treatment/Services - Testing
57054,12,0914,15,N,2026-04-02 15:33:45.147000,Behavioral Health Treatment/Services - Individual Therapy
57054,12,0915,15,N,2026-04-02 15:33:45.147000,Behavioral Health Treatment/Services - Group Therapy
57054,12,0916,15,N,2026-04-02 15:33:45.150000,Behavioral Health Treatment/Services - Family Therapy
57054,12,0900,15,N,2026-04-02 15:33:45.140000,Behavioral Health Treatment/Services - General Classification
57054,12,0901,15,N,2026-04-02 15:33:45.143000,Behavioral Health Treatment/Services - Electroshock Treatment
57056,44,99999,15,N,2025-10-03 12:29:19.270000,Not Applicable
57063,29,99999,15,N,2025-09-26 17:19:10.987000,Not Applicable
57065,32,0901,15,N,2026-05-29 20:46:54.667000,Behavioral Health Treatment/Services - Electroshock Treatment
57065,32,0900,15,N,2026-05-29 20:46:54.660000,Behavioral Health Treatment/Services - General Classification
57065,32,0916,15,N,2026-05-29 20:46:54.680000,Behavioral Health Treatment/Services - Family Therapy
57065,32,0915,15,N,2026-05-29 20:46:54.670000,Behavioral Health Treatment/Services - Group Therapy
57065,32,0914,15,N,2026-05-29 20:46:54.670000,Behavioral Health Treatment/Services - Individual Therapy
57065,32,0918,15,N,2026-05-29 20:46:54.680000,Behavioral Health Treatment/Services - Testing
57067,34,0430,15,N,2026-05-29 21:16:57.253000,Occupational Therapy - General Classification
57067,34,0434,15,N,2026-05-29 21:16:57.260000,Occupational Therapy - Evaluation or Reevaluation
57067,34,0431,15,N,2026-05-29 21:16:57.257000,Occupational Therapy - Visit
57067,34,0439,15,N,2026-05-29 21:16:57.263000,Occupational Therapy - Other Occupational Therapy
57067,34,0429,15,N,2026-05-29 21:16:57.250000,Physical Therapy - Other Physical Therapy
57067,34,0421,15,N,2026-05-29 21:16:57.247000,Physical Therapy - Visit
57067,34,0420,15,N,2026-05-29 21:16:57.240000,Physical Therapy - General Classification
57067,34,0424,15,N,2026-05-29 21:16:57.250000,Physical Therapy - Evaluation or Re-evaluation
57068,17,0983,15,N,2026-04-29 16:31:51.330000,Professional Fees - Clinic
57068,17,0929,15,N,2026-04-29 16:31:51.320000,Other Diagnostic Services - Other Diagnostic Service
57068,17,0920,15,N,2026-04-29 16:31:51.320000,Other Diagnostic Services - General Classification
57068,17,0960,15,N,2026-04-29 16:31:51.323000,Professional Fees - General Classification
57068,17,0982,15,N,2026-04-29 16:31:51.327000,Professional Fees - Outpatient Services
57068,17,0761,15,N,2026-04-29 16:31:51.317000,Specialty Services - Treatment Room
57068,17,0510,15,N,2026-04-29 16:31:51.310000,Clinic - General Classification
57068,17,0519,15,N,2026-04-29 16:31:51.310000,Clinic - Other Clinic
57068,17,0520,15,N,2026-04-29 16:31:51.313000,Freestanding Clinic - General Classification
57069,25,0520,15,X,2026-05-22 16:03:03.160000,Freestanding Clinic - General Classification
57069,25,0522,15,Y,2026-05-22 16:03:03.167000,Freestanding Clinic - Home Visit by RHC/FQHC Practitioner
57069,25,0521,15,Y,2026-05-22 16:03:03.163000,Freestanding Clinic - Clinic Visit by Member to RHC/FQHC
57069,25,0523,15,Y,2026-05-22 16:03:03.170000,Freestanding Clinic - Family Practice Clinic
57069,25,0529,15,Z,2026-05-22 16:03:03.210000,Freestanding Clinic - Other Freestanding Clinic
57069,25,0526,15,Y,2026-05-22 16:03:03.190000,Freestanding Clinic - Urgent Care Clinic
57069,25,0528,15,Y,2026-05-22 16:03:03.207000,Freestanding Clinic - Visit by RHC/FQHC Practitioner to Other non-RHC/FQHC site (e.g. Scene of Accident)
57069,25,0524,15,Y,2026-05-22 16:03:03.173000,Freestanding Clinic - Visit by RHC/FQHC Practitioner to a Member in a SNF or Skilled Swing Bed in a Covered Part A Stay
57069,25,0525,15,Y,2026-05-22 16:03:03.183000,Freestanding Clinic - Visit by RHC/FQHC Practitioner to a Member in a SNF (not in a Covered Part A Stay) or NF or ICF MR or Other Residential Facility
57069,25,0527,15,Y,2026-05-22 16:03:03.200000,Freestanding Clinic - Visiting Nurse Service(s) to a Member's Home when in a Home Health Shortage Area
57069,25,0329,15,Z,2026-05-22 16:03:03.147000,Radiology - Diagnostic - Other Radiology - Diagnostic
57069,25,0324,15,Y,2026-05-22 16:03:03.143000,Radiology - Diagnostic - Chest X-Ray
57069,25,0320,15,X,2026-05-22 16:03:03.133000,Radiology - Diagnostic - General Classification
57069,25,0961,15,Y,2026-05-22 16:03:03.233000,Professional Fees - Psychiatric
57069,25,0321,15,Y,2026-05-22 16:03:03.137000,Radiology - Diagnostic - Angiocardiography
57069,25,0322,15,Y,2026-05-22 16:03:03.140000,Radiology - Diagnostic - Arthrography
57069,25,0323,15,Y,2026-05-22 16:03:03.140000,Radiology - Diagnostic - Arteriography
57069,25,0960,15,X,2026-05-22 16:03:03.233000,Professional Fees - General Classification
57069,25,0969,15,Z,2026-05-22 16:03:03.247000,Professional Fees - Other Professional Fee
57069,25,0962,15,Y,2026-05-22 16:03:03.240000,Professional Fees - Ophthalmology
57069,25,0920,15,X,2026-05-22 16:03:03.210000,Other Diagnostic Services - General Classification
57069,25,0929,15,Z,2026-05-22 16:03:03.230000,Other Diagnostic Services - Other Diagnostic Service
57069,25,0923,15,Y,2026-05-22 16:03:03.220000,Other Diagnostic Services - Pap Smear
57069,25,0921,15,Y,2026-05-22 16:03:03.213000,Other Diagnostic Services - Peripheral Vascular Lab
57069,25,0925,15,Y,2026-05-22 16:03:03.223000,Other Diagnostic Services - Pregnancy Test
57069,25,0401,15,Y,2026-05-22 16:03:03.150000,Other Imaging Services - Diagnostic Mammography
57069,25,0409,15,Z,2026-05-22 16:03:03.160000,Other Imaging Services - Other Imaging Services
57069,25,0400,15,X,2026-05-22 16:03:03.147000,Other Imaging Services - General Classification
57069,25,0922,15,Y,2026-05-22 16:03:03.217000,Other Diagnostic Services - Electromyogram
57069,25,0924,15,Y,2026-05-22 16:03:03.220000,Other Diagnostic Services - Allergy Test
57069,25,0964,15,Y,2026-05-22 16:03:03.243000,Professional Fees - Anesthetist (CRNA)
57069,25,0963,15,Y,2026-05-22 16:03:03.243000,Professional Fees - Anesthesiologist (MD)
57069,25,0402,15,Y,2026-05-22 16:03:03.150000,Other Imaging Services - Ultrasound
57069,25,0403,15,Y,2026-05-22 16:03:03.153000,Other Imaging Services - Screening Mammography
57069,25,0404,15,Y,2026-05-22 16:03:03.157000,Other Imaging Services - Positron Emission Tomography
57070,16,0404,15,Y,2026-05-29 21:20:00.557000,Other Imaging Services - Positron Emission Tomography
57070,16,0403,15,Y,2026-05-29 21:20:00.553000,Other Imaging Services - Screening Mammography
57070,16,0402,15,Y,2026-05-29 21:20:00.550000,Other Imaging Services - Ultrasound
57070,16,0963,15,Y,2026-05-29 21:20:00.643000,Professional Fees - Anesthesiologist (MD)
57070,16,0964,15,Y,2026-05-29 21:20:00.643000,Professional Fees - Anesthetist (CRNA)
57070,16,0924,15,Y,2026-05-29 21:20:00.627000,Other Diagnostic Services - Allergy Test
57070,16,0922,15,Y,2026-05-29 21:20:00.620000,Other Diagnostic Services - Electromyogram
57070,16,0400,15,X,2026-05-29 21:20:00.547000,Other Imaging Services - General Classification
57070,16,0409,15,Z,2026-05-29 21:20:00.560000,Other Imaging Services - Other Imaging Services
57070,16,0401,15,Y,2026-05-29 21:20:00.550000,Other Imaging Services - Diagnostic Mammography
57070,16,0925,15,Y,2026-05-29 21:20:00.630000,Other Diagnostic Services - Pregnancy Test
57070,16,0921,15,Y,2026-05-29 21:20:00.617000,Other Diagnostic Services - Peripheral Vascular Lab
57070,16,0923,15,Y,2026-05-29 21:20:00.623000,Other Diagnostic Services - Pap Smear
57070,16,0929,15,Z,2026-05-29 21:20:00.630000,Other Diagnostic Services - Other Diagnostic Service
57070,16,0920,15,X,2026-05-29 21:20:00.613000,Other Diagnostic Services - General Classification
57070,16,0344,15,Y,2026-05-29 21:20:00.527000,Nuclear Medicine - Therapeutic Radiopharmaceuticals
57070,16,0342,15,Y,2026-05-29 21:20:00.520000,Nuclear Medicine - Therapeutic
57070,16,0349,15,Z,2026-05-29 21:20:00.530000,Nuclear Medicine - Other Nuclear Medicine
57070,16,0343,15,Y,2026-05-29 21:20:00.523000,Nuclear Medicine - Diagnostic Radiopharmaceuticals
57070,16,0340,15,X,2026-05-29 21:20:00.510000,Nuclear Medicine - General Classification
57070,16,0341,15,Y,2026-05-29 21:20:00.517000,Nuclear Medicine - Diagnostic
57070,16,0962,15,Y,2026-05-29 21:20:00.640000,Professional Fees - Ophthalmology
57070,16,0969,15,Z,2026-05-29 21:20:00.647000,Professional Fees - Other Professional Fee
57070,16,0960,15,X,2026-05-29 21:20:00.633000,Professional Fees - General Classification
57070,16,0323,15,Y,2026-05-29 21:20:00.480000,Radiology - Diagnostic - Arteriography
57070,16,0322,15,Y,2026-05-29 21:20:00.477000,Radiology - Diagnostic - Arthrography
57070,16,0321,15,Y,2026-05-29 21:20:00.473000,Radiology - Diagnostic - Angiocardiography
57070,16,0961,15,Y,2026-05-29 21:20:00.637000,Professional Fees - Psychiatric
57070,16,0320,15,X,2026-05-29 21:20:00.470000,Radiology - Diagnostic - General Classification
57070,16,0324,15,Y,2026-05-29 21:20:00.483000,Radiology - Diagnostic - Chest X-Ray
57070,16,0329,15,Z,2026-05-29 21:20:00.487000,Radiology - Diagnostic - Other Radiology - Diagnostic
57070,16,0330,15,X,2026-05-29 21:20:00.490000,Radiology - Therapeutic and/or Chemotherapy Administration - General Classification
57070,16,0335,15,Y,2026-05-29 21:20:00.503000,Radiology - Therapeutic and/or Chemotherapy Administration - Chemotherapy Admin - IV
57070,16,0331,15,Y,2026-05-29 21:20:00.490000,Radiology - Therapeutic and/or Chemotherapy Administration - Chemotherapy Admin - Injected
57070,16,0339,15,Z,2026-05-29 21:20:00.507000,Radiology - Therapeutic and/or Chemotherapy Administration - Other Radiology - Therapeutic
57070,16,0332,15,Y,2026-05-29 21:20:00.497000,Radiology - Therapeutic and/or Chemotherapy Administration - Chemotherapy Administration - Oral
57070,16,0333,15,Y,2026-05-29 21:20:00.500000,Radiology - Therapeutic and/or Chemotherapy Administration - Radiation Therapy
57070,16,0761,15,N,2026-05-29 21:20:00.613000,Specialty Services - Treatment Room
57070,16,0527,15,Y,2026-05-29 21:20:00.603000,Freestanding Clinic - Visiting Nurse Service(s) to a Member's Home when in a Home Health Shortage Area
57070,16,0525,15,Y,2026-05-29 21:20:00.600000,Freestanding Clinic - Visit by RHC/FQHC Practitioner to a Member in a SNF (not in a Covered Part A Stay) or NF or ICF MR or Other Residential Facility
57070,16,0524,15,Y,2026-05-29 21:20:00.597000,Freestanding Clinic - Visit by RHC/FQHC Practitioner to a Member in a SNF or Skilled Swing Bed in a Covered Part A Stay
57070,16,0528,15,Y,2026-05-29 21:20:00.607000,Freestanding Clinic - Visit by RHC/FQHC Practitioner to Other non-RHC/FQHC site (e.g. Scene of Accident)
57070,16,0526,15,Y,2026-05-29 21:20:00.600000,Freestanding Clinic - Urgent Care Clinic
57070,16,0529,15,Z,2026-05-29 21:20:00.610000,Freestanding Clinic - Other Freestanding Clinic
57070,16,0523,15,Y,2026-05-29 21:20:00.593000,Freestanding Clinic - Family Practice Clinic
57070,16,0521,15,Y,2026-05-29 21:20:00.590000,Freestanding Clinic - Clinic Visit by Member to RHC/FQHC
57070,16,0522,15,Y,2026-05-29 21:20:00.590000,Freestanding Clinic - Home Visit by RHC/FQHC Practitioner
57070,16,0520,15,X,2026-05-29 21:20:00.587000,Freestanding Clinic - General Classification
57070,16,0519,15,Z,2026-05-29 21:20:00.583000,Clinic - Other Clinic
57070,16,0514,15,Y,2026-05-29 21:20:00.573000,Clinic - OB-GYN Clinic
57070,16,0515,15,Y,2026-05-29 21:20:00.577000,Clinic - Pediatric Clinic
57070,16,0516,15,Y,2026-05-29 21:20:00.577000,Clinic - Urgent Care Clinic
57070,16,0350,15,X,2026-05-29 21:20:00.533000,CT Scan - General Classification
57070,16,0359,15,Z,2026-05-29 21:20:00.543000,CT Scan - CT - Other
57070,16,0352,15,Y,2026-05-29 21:20:00.540000,CT Scan - Body Scan
57070,16,0513,15,Y,2026-05-29 21:20:00.570000,Clinic - Psychiatric Clinic
57070,16,0351,15,Y,2026-05-29 21:20:00.537000,CT Scan - Head Scan
57070,16,0510,15,X,2026-05-29 21:20:00.560000,Clinic - General Classification
57070,16,0517,15,Y,2026-05-29 21:20:00.580000,Clinic - Family Practice Clinic
57070,16,0512,15,Y,2026-05-29 21:20:00.567000,Clinic - Dental Clinic
57070,16,0511,15,Y,2026-05-29 21:20:00.563000,Clinic - Chronic Pain Center
57071,36,0511,15,Y,2026-05-29 21:30:01.573000,Clinic - Chronic Pain Center
57071,36,0512,15,Y,2026-05-29 21:30:01.573000,Clinic - Dental Clinic
57071,36,0517,15,Y,2026-05-29 21:30:01.587000,Clinic - Family Practice Clinic
57071,36,0510,15,X,2026-05-29 21:30:01.570000,Clinic - General Classification
57071,36,0450,15,N,2026-05-29 21:30:01.567000,Emergency Room - General Classification
57071,36,0513,15,Y,2026-05-29 21:30:01.577000,Clinic - Psychiatric Clinic
57071,36,0516,15,Y,2026-05-29 21:30:01.583000,Clinic - Urgent Care Clinic
57071,36,0515,15,Y,2026-05-29 21:30:01.580000,Clinic - Pediatric Clinic
57071,36,0514,15,Y,2026-05-29 21:30:01.580000,Clinic - OB-GYN Clinic
57071,36,0519,15,Z,2026-05-29 21:30:01.587000,Clinic - Other Clinic
57071,36,0520,15,X,2026-05-29 21:30:01.590000,Freestanding Clinic - General Classification
57071,36,0522,15,Y,2026-05-29 21:30:01.593000,Freestanding Clinic - Home Visit by RHC/FQHC Practitioner
57071,36,0521,15,Y,2026-05-29 21:30:01.590000,Freestanding Clinic - Clinic Visit by Member to RHC/FQHC
57071,36,0523,15,Y,2026-05-29 21:30:01.597000,Freestanding Clinic - Family Practice Clinic
57071,36,0529,15,Z,2026-05-29 21:30:01.610000,Freestanding Clinic - Other Freestanding Clinic
57071,36,0526,15,Y,2026-05-29 21:30:01.603000,Freestanding Clinic - Urgent Care Clinic
57071,36,0528,15,Y,2026-05-29 21:30:01.607000,Freestanding Clinic - Visit by RHC/FQHC Practitioner to Other non-RHC/FQHC site (e.g. Scene of Accident)
57071,36,0524,15,Y,2026-05-29 21:30:01.600000,Freestanding Clinic - Visit by RHC/FQHC Practitioner to a Member in a SNF or Skilled Swing Bed in a Covered Part A Stay
57071,36,0525,15,Y,2026-05-29 21:30:01.600000,Freestanding Clinic - Visit by RHC/FQHC Practitioner to a Member in a SNF (not in a Covered Part A Stay) or NF or ICF MR or Other Residential Facility
57071,36,0527,15,Y,2026-05-29 21:30:01.603000,Freestanding Clinic - Visiting Nurse Service(s) to a Member's Home when in a Home Health Shortage Area
57071,36,0761,15,N,2026-05-29 21:30:01.610000,Specialty Services - Treatment Room
57071,36,0962,15,N,2026-05-29 21:30:01.613000,Professional Fees - Ophthalmology
57071,36,0409,15,N,2026-05-29 21:30:01.567000,Other Imaging Services - Other Imaging Services
57072,17,99999,15,N,2023-06-29 17:20:47.930000,Not Applicable
57077,29,99999,15,N,2024-10-18 13:54:49.150000,Not Applicable
57079,15,99999,15,N,2026-03-24 16:38:13.163000,Not Applicable
57083,14,0301,15,N,2026-02-23 13:14:48.430000,Laboratory - Chemistry
57083,14,0300,15,N,2026-02-23 13:14:48.430000,Laboratory - General Classification
57083,14,0525,15,N,2026-02-23 13:14:48.430000,Freestanding Clinic - Visit by RHC/FQHC Practitioner to a Member in a SNF (not in a Covered Part A Stay) or NF or ICF MR or Other Residential Facility
57083,14,0523,15,N,2026-02-23 13:14:48.430000,Freestanding Clinic - Family Practice Clinic
57083,14,0521,15,N,2026-02-23 13:14:48.430000,Freestanding Clinic - Clinic Visit by Member to RHC/FQHC
57083,14,0520,15,N,2026-02-23 13:14:48.430000,Freestanding Clinic - General Classification
57113,44,0519,15,Z,2026-01-23 13:45:56.670000,Clinic - Other Clinic
57113,44,0515,15,Y,2026-01-23 13:45:56.667000,Clinic - Pediatric Clinic
57113,44,0516,15,Y,2026-01-23 13:45:56.667000,Clinic - Urgent Care Clinic
57113,44,0513,15,Y,2026-01-23 13:45:56.660000,Clinic - Psychiatric Clinic
57113,44,0510,15,X,2026-01-23 13:45:56.653000,Clinic - General Classification
57113,44,0514,15,Y,2026-01-23 13:45:56.663000,Clinic - OB-GYN Clinic
57113,44,0517,15,Y,2026-01-23 13:45:56.670000,Clinic - Family Practice Clinic
57113,44,0512,15,Y,2026-01-23 13:45:56.660000,Clinic - Dental Clinic
57113,44,0511,15,Y,2026-01-23 13:45:56.657000,Clinic - Chronic Pain Center
57113,44,0499,15,Z,2026-01-23 13:45:56.650000,Ambulatory Surgical Care - Other Ambulatory Surgical Care
57113,44,0490,15,X,2026-01-23 13:45:56.650000,Ambulatory Surgical Care - General Classification
57113,44,0360,15,X,2026-01-23 13:45:56.637000,Operating Room Services - General Classification
57113,44,0361,15,Y,2026-01-23 13:45:56.640000,Operating Room Services - Minor Surgery
57113,44,0367,15,Y,2026-01-23 13:45:56.643000,Operating Room Services - Kidney Transplant
57113,44,0369,15,Z,2026-01-23 13:45:56.647000,Operating Room Services - Other OR Services
57113,44,0362,15,Y,2026-01-23 13:45:56.643000,Operating Room Services - Organ Transplant - Other than Kidney
57113,44,0761,15,Y,2026-01-23 13:45:56.677000,Specialty Services - Treatment Room
57113,44,0769,15,Z,2026-01-23 13:45:56.680000,Specialty Services - Other Specialty Services
57113,44,0762,15,Y,2026-01-23 13:45:56.677000,Specialty Services - Observation Hours
57113,44,0760,15,X,2026-01-23 13:45:56.673000,Specialty Services - General Classification
57115,10,99999,15,N,2026-01-23 14:15:55.913000,Not Applicable
57118,3,99999,11,N,2019-10-02 17:03:59.090000,Not Applicable
57122,23,99999,15,N,2025-12-12 14:46:47.540000,Not Applicable
57125,22,99999,15,N,2024-10-18 13:43:38.983000,Not Applicable
57130,51,99999,15,N,2025-09-26 13:58:25.527000,Not Applicable
57132,19,0341,15,N,2023-12-29 17:42:59.133000,Nuclear Medicine - Diagnostic
57132,19,0340,15,N,2023-12-29 17:42:59.133000,Nuclear Medicine - General Classification
57132,19,0400,15,N,2023-12-29 17:42:59.140000,Other Imaging Services - General Classification
57132,19,0983,15,N,2023-12-29 17:42:59.170000,Professional Fees - Clinic
57132,19,0402,15,N,2023-12-29 17:42:59.143000,Other Imaging Services - Ultrasound
57132,19,0333,15,N,2023-12-29 17:42:59.130000,Radiology - Therapeutic and/or Chemotherapy Administration - Radiation Therapy
57132,19,0320,15,N,2023-12-29 17:42:59.130000,Radiology - Diagnostic - General Classification
57132,19,0969,15,N,2023-12-29 17:42:59.167000,Professional Fees - Other Professional Fee
57132,19,0960,15,N,2023-12-29 17:42:59.163000,Professional Fees - General Classification
57132,19,0982,15,N,2023-12-29 17:42:59.170000,Professional Fees - Outpatient Services
57132,19,0972,15,N,2023-12-29 17:42:59.170000,Professional Fees - Radiology - Diagnostic
57132,19,0610,15,N,2023-12-29 17:42:59.160000,Magnetic Resonance Technology (MRT) - General Classification
57132,19,0616,15,N,2023-12-29 17:42:59.163000,Magnetic Resonance Technology (MRT) - MRA - Lower Extremities
57132,19,0612,15,N,2023-12-29 17:42:59.160000,Magnetic Resonance Technology (MRT) - MRI - Spinal Cord/Spine
57132,19,0527,15,N,2023-12-29 17:42:59.157000,Freestanding Clinic - Visiting Nurse Service(s) to a Member's Home when in a Home Health Shortage Area
57132,19,0520,15,N,2023-12-29 17:42:59.147000,Freestanding Clinic - General Classification
57132,19,0522,15,N,2023-12-29 17:42:59.150000,Freestanding Clinic - Home Visit by RHC/FQHC Practitioner
57132,19,0521,15,N,2023-12-29 17:42:59.147000,Freestanding Clinic - Clinic Visit by Member to RHC/FQHC
57132,19,0523,15,N,2023-12-29 17:42:59.150000,Freestanding Clinic - Family Practice Clinic
57132,19,0525,15,N,2023-12-29 17:42:59.153000,Freestanding Clinic - Visit by RHC/FQHC Practitioner to a Member in a SNF (not in a Covered Part A Stay) or NF or ICF MR or Other Residential Facility
57132,19,0524,15,N,2023-12-29 17:42:59.153000,Freestanding Clinic - Visit by RHC/FQHC Practitioner to a Member in a SNF or Skilled Swing Bed in a Covered Part A Stay
57132,19,0352,15,N,2023-12-29 17:42:59.140000,CT Scan - Body Scan
57132,19,0350,15,N,2023-12-29 17:42:59.137000,CT Scan - General Classification
57145,32,99999,15,N,2026-01-23 14:16:52.987000,Not Applicable
57149,20,0360,15,N,2026-02-27 19:14:14.463000,Operating Room Services - General Classification
57161,22,99999,15,N,2025-12-22 15:21:37.443000,Not Applicable
57179,22,99999,15,N,2026-02-20 14:56:44.190000,Not Applicable
57181,37,99999,15,N,2025-09-23 19:02:59.323000,Not Applicable
57183,23,99999,15,N,2025-12-22 15:16:12.017000,Not Applicable
57187,39,0636,15,N,2026-06-24 12:20:47.750000,Pharmacy - Drugs Requiring Detailed Coding
57188,27,99999,15,N,2025-09-26 17:23:31.207000,Not Applicable
57189,28,0301,15,Y,2025-10-06 18:48:50.347000,Laboratory - Chemistry
57189,28,0306,15,Y,2025-10-06 18:48:50.347000,Laboratory - Bacteriology & Microbiology
57189,28,0300,15,X,2025-10-06 18:48:50.347000,Laboratory - General Classification
57189,28,0309,15,Z,2025-10-06 18:48:50.347000,Laboratory - Other Laboratory
57189,28,0303,15,Y,2025-10-06 18:48:50.347000,Laboratory - Renal Patient (Home)
57189,28,0307,15,Y,2025-10-06 18:48:50.347000,Laboratory - Urology
57189,28,0302,15,Y,2025-10-06 18:48:50.347000,Laboratory - Immunology
57189,28,0305,15,Y,2025-10-06 18:48:50.347000,Laboratory - Hematology
57189,28,0304,15,Y,2025-10-06 18:48:50.347000,Laboratory - Non-Routine Dialysis
57193,31,0517,15,N,2026-07-27 17:30:25.133000,Clinic - Family Practice Clinic
57193,31,0510,15,N,2026-07-27 17:30:25.133000,Clinic - General Classification
57193,31,0940,15,N,2026-07-27 17:30:25.137000,Other Therapeutic Services - General Classification
57195,29,99999,15,N,2025-10-15 21:14:42.480000,Not Applicable
57204,45,0402,15,Y,2026-05-05 18:30:56.330000,Other Imaging Services - Ultrasound
57204,45,0403,15,Y,2026-05-05 18:30:56.330000,Other Imaging Services - Screening Mammography
57204,45,0404,15,Y,2026-05-05 18:30:56.333000,Other Imaging Services - Positron Emission Tomography
57204,45,0400,15,X,2026-05-05 18:30:56.323000,Other Imaging Services - General Classification
57204,45,0409,15,Z,2026-05-05 18:30:56.337000,Other Imaging Services - Other Imaging Services
57204,45,0401,15,Y,2026-05-05 18:30:56.327000,Other Imaging Services - Diagnostic Mammography
57204,45,0321,15,Y,2026-05-05 18:30:56.300000,Radiology - Diagnostic - Angiocardiography
57204,45,0322,15,Y,2026-05-05 18:30:56.303000,Radiology - Diagnostic - Arthrography
57204,45,0323,15,Y,2026-05-05 18:30:56.307000,Radiology - Diagnostic - Arteriography
57204,45,0320,15,X,2026-05-05 18:30:56.300000,Radiology - Diagnostic - General Classification
57204,45,0324,15,Y,2026-05-05 18:30:56.310000,Radiology - Diagnostic - Chest X-Ray
57204,45,0329,15,Z,2026-05-05 18:30:56.310000,Radiology - Diagnostic - Other Radiology - Diagnostic
57204,45,0350,15,X,2026-05-05 18:30:56.313000,CT Scan - General Classification
57204,45,0359,15,Z,2026-05-05 18:30:56.320000,CT Scan - CT - Other
57204,45,0352,15,Y,2026-05-05 18:30:56.320000,CT Scan - Body Scan
57204,45,0351,15,Y,2026-05-05 18:30:56.317000,CT Scan - Head Scan
57204,45,0612,15,Y,2026-05-05 18:30:56.343000,Magnetic Resonance Technology (MRT) - MRI - Spinal Cord/Spine
57204,45,0619,15,Z,2026-05-05 18:30:56.353000,Magnetic Resonance Technology (MRT) - Other MRT
57204,45,0611,15,Y,2026-05-05 18:30:56.340000,Magnetic Resonance Technology (MRT) - MRI - Brain/Brainstem
57204,45,0614,15,Y,2026-05-05 18:30:56.347000,Magnetic Resonance Technology (MRT) - MRI - Other
57204,45,0616,15,Y,2026-05-05 18:30:56.350000,Magnetic Resonance Technology (MRT) - MRA - Lower Extremities
57204,45,0618,15,Y,2026-05-05 18:30:56.353000,Magnetic Resonance Technology (MRT) - MRA - Other
57204,45,0610,15,X,2026-05-05 18:30:56.340000,Magnetic Resonance Technology (MRT) - General Classification
57204,45,0615,15,Y,2026-05-05 18:30:56.347000,Magnetic Resonance Technology (MRT) - MRA - Head and Neck
57205,39,0412,15,N,2026-01-23 14:08:15.730000,Respiratory Services - Inhalation Services
57205,39,0410,15,N,2026-01-23 14:08:15.730000,Respiratory Services - General Classification
57205,39,0419,15,N,2026-01-23 14:08:15.733000,Respiratory Services - Other Respiratory Services
57205,39,0469,15,Z,2026-01-23 14:08:15.740000,Pulmonary Function - Other Pulmonary Function
57205,39,0460,15,X,2026-01-23 14:08:15.737000,Pulmonary Function - General Classification
57206,30,99999,15,N,2025-10-14 13:00:35.513000,Not Applicable
57221,25,99999,15,N,2025-10-06 18:48:49.077000,Not Applicable
57224,68,0439,15,N,2026-06-03 14:40:10.553000,Occupational Therapy - Other Occupational Therapy
57224,68,0431,15,N,2026-06-03 14:40:10.547000,Occupational Therapy - Visit
57224,68,0434,15,N,2026-06-03 14:40:10.550000,Occupational Therapy - Evaluation or Reevaluation
57224,68,0430,15,N,2026-06-03 14:40:10.543000,Occupational Therapy - General Classification
57224,68,0432,15,N,2026-06-03 14:40:10.547000,Occupational Therapy - Hourly
57224,68,0433,15,N,2026-06-03 14:40:10.550000,Occupational Therapy - Group
57224,68,0424,15,N,2026-06-03 14:40:10.540000,Physical Therapy - Evaluation or Re-evaluation
57224,68,0420,15,N,2026-06-03 14:40:10.530000,Physical Therapy - General Classification
57224,68,0422,15,N,2026-06-03 14:40:10.533000,Physical Therapy - Hourly
57224,68,0421,15,N,2026-06-03 14:40:10.533000,Physical Therapy - Visit
57224,68,0429,15,N,2026-06-03 14:40:10.540000,Physical Therapy - Other Physical Therapy
57224,68,0423,15,N,2026-06-03 14:40:10.537000,Physical Therapy - Group
57224,68,0460,15,N,2026-06-03 14:40:10.557000,Pulmonary Function - General Classification
57224,68,0419,15,N,2026-06-03 14:40:10.530000,Respiratory Services - Other Respiratory Services
57224,68,0410,15,N,2026-06-03 14:40:10.523000,Respiratory Services - General Classification
57224,68,0412,15,N,2026-06-03 14:40:10.523000,Respiratory Services - Inhalation Services
57224,68,0413,15,N,2026-06-03 14:40:10.527000,Respiratory Services - Hyperbaric Oxygen Therapy
57282,18,0329,15,Z,2025-09-30 23:56:42.567000,Radiology - Diagnostic - Other Radiology - Diagnostic
57282,18,0324,15,Y,2025-09-30 23:56:42.563000,Radiology - Diagnostic - Chest X-Ray
57282,18,0320,15,X,2025-09-30 23:56:42.550000,Radiology - Diagnostic - General Classification
57282,18,0321,15,Y,2025-09-30 23:56:42.557000,Radiology - Diagnostic - Angiocardiography
57282,18,0323,15,Y,2025-09-30 23:56:42.560000,Radiology - Diagnostic - Arteriography
57282,18,0322,15,Y,2025-09-30 23:56:42.557000,Radiology - Diagnostic - Arthrography
57282,18,0961,15,Y,2025-09-30 23:56:42.640000,Professional Fees - Psychiatric
57282,18,0960,15,X,2025-09-30 23:56:42.637000,Professional Fees - General Classification
57282,18,0969,15,Z,2025-09-30 23:56:42.650000,Professional Fees - Other Professional Fee
57282,18,0962,15,Y,2025-09-30 23:56:42.640000,Professional Fees - Ophthalmology
57282,18,0964,15,Y,2025-09-30 23:56:42.647000,Professional Fees - Anesthetist (CRNA)
57282,18,0963,15,Y,2025-09-30 23:56:42.643000,Professional Fees - Anesthesiologist (MD)
57282,18,0404,15,Y,2025-09-30 23:56:42.630000,Other Imaging Services - Positron Emission Tomography
57282,18,0403,15,Y,2025-09-30 23:56:42.627000,Other Imaging Services - Screening Mammography
57282,18,0402,15,Y,2025-09-30 23:56:42.623000,Other Imaging Services - Ultrasound
57282,18,0401,15,Y,2025-09-30 23:56:42.620000,Other Imaging Services - Diagnostic Mammography
57282,18,0409,15,Z,2025-09-30 23:56:42.633000,Other Imaging Services - Other Imaging Services
57282,18,0400,15,X,2025-09-30 23:56:42.620000,Other Imaging Services - General Classification
57282,18,0362,15,Y,2025-09-30 23:56:42.610000,Operating Room Services - Organ Transplant - Other than Kidney
57282,18,0369,15,Z,2025-09-30 23:56:42.617000,Operating Room Services - Other OR Services
57282,18,0340,15,X,2025-09-30 23:56:42.570000,Nuclear Medicine - General Classification
57282,18,0341,15,Y,2025-09-30 23:56:42.573000,Nuclear Medicine - Diagnostic
57282,18,0343,15,Y,2025-09-30 23:56:42.583000,Nuclear Medicine - Diagnostic Radiopharmaceuticals
57282,18,0349,15,Z,2025-09-30 23:56:42.590000,Nuclear Medicine - Other Nuclear Medicine
57282,18,0342,15,Y,2025-09-30 23:56:42.580000,Nuclear Medicine - Therapeutic
57282,18,0344,15,Y,2025-09-30 23:56:42.587000,Nuclear Medicine - Therapeutic Radiopharmaceuticals
57282,18,0360,15,X,2025-09-30 23:56:42.607000,Operating Room Services - General Classification
57282,18,0367,15,Y,2025-09-30 23:56:42.613000,Operating Room Services - Kidney Transplant
57282,18,0361,15,Y,2025-09-30 23:56:42.610000,Operating Room Services - Minor Surgery
57282,18,0351,15,Y,2025-09-30 23:56:42.600000,CT Scan - Head Scan
57282,18,0352,15,Y,2025-09-30 23:56:42.600000,CT Scan - Body Scan
57282,18,0359,15,Z,2025-09-30 23:56:42.603000,CT Scan - CT - Other
57282,18,0350,15,X,2025-09-30 23:56:42.597000,CT Scan - General Classification
57284,14,0519,15,N,2026-05-22 16:11:18.770000,Clinic - Other Clinic
57284,14,0510,15,N,2026-05-22 16:11:18.767000,Clinic - General Classification
57284,14,0490,15,N,2026-05-22 16:11:18.763000,Ambulatory Surgical Care - General Classification
57284,14,0520,15,N,2026-05-22 16:11:18.773000,Freestanding Clinic - General Classification
57284,14,0361,15,N,2026-05-22 16:11:18.760000,Operating Room Services - Minor Surgery
57284,14,0360,15,N,2026-05-22 16:11:18.760000,Operating Room Services - General Classification
57284,14,0769,15,N,2026-05-22 16:11:18.777000,Specialty Services - Other Specialty Services
57305,14,0330,15,N,2025-10-03 22:20:28.183000,Radiology - Therapeutic and/or Chemotherapy Administration - General Classification
57305,14,0360,15,N,2025-10-03 22:20:28.187000,Operating Room Services - General Classification
57305,14,0520,15,N,2025-10-03 22:20:28.193000,Freestanding Clinic - General Classification
57305,14,0490,15,N,2025-10-03 22:20:28.190000,Ambulatory Surgical Care - General Classification
57305,14,0510,15,N,2025-10-03 22:20:28.190000,Clinic - General Classification
57306,44,0480,15,N,2026-04-10 11:41:13.120000,Cardiology - General Classification
57306,44,0483,15,N,2026-04-10 11:41:13.123000,Cardiology - Echocardiology
57306,44,0522,15,N,2026-04-10 11:41:13.130000,Freestanding Clinic - Home Visit by RHC/FQHC Practitioner
57306,44,0521,15,N,2026-04-10 11:41:13.127000,Freestanding Clinic - Clinic Visit by Member to RHC/FQHC
57306,44,0524,15,N,2026-04-10 11:41:13.133000,Freestanding Clinic - Visit by RHC/FQHC Practitioner to a Member in a SNF or Skilled Swing Bed in a Covered Part A Stay
57306,44,0528,15,N,2026-04-10 11:41:13.140000,Freestanding Clinic - Visit by RHC/FQHC Practitioner to Other non-RHC/FQHC site (e.g. Scene of Accident)
57306,44,0525,15,N,2026-04-10 11:41:13.137000,Freestanding Clinic - Visit by RHC/FQHC Practitioner to a Member in a SNF (not in a Covered Part A Stay) or NF or ICF MR or Other Residential Facility
57306,44,0527,15,N,2026-04-10 11:41:13.140000,Freestanding Clinic - Visiting Nurse Service(s) to a Member's Home when in a Home Health Shortage Area
57306,44,0636,15,N,2026-04-10 11:41:13.143000,Pharmacy - Drugs Requiring Detailed Coding
57306,44,0983,15,N,2026-04-10 11:41:13.157000,Professional Fees - Clinic
57306,44,0969,15,N,2026-04-10 11:41:13.147000,Professional Fees - Other Professional Fee
57306,44,0982,15,N,2026-04-10 11:41:13.153000,Professional Fees - Outpatient Services
57306,44,0960,15,N,2026-04-10 11:41:13.143000,Professional Fees - General Classification
57306,44,0972,15,N,2026-04-10 11:41:13.150000,Professional Fees - Radiology - Diagnostic
57307,38,0922,15,N,2026-04-29 16:23:02.597000,Other Diagnostic Services - Electromyogram
57307,38,0920,15,N,2026-04-29 16:23:02.590000,Other Diagnostic Services - General Classification
57307,38,0929,15,N,2026-04-29 16:23:02.600000,Other Diagnostic Services - Other Diagnostic Service
57311,35,0423,15,Y,2026-07-27 16:46:20.340000,Physical Therapy - Group
57311,35,0429,15,Z,2026-07-27 16:46:20.343000,Physical Therapy - Other Physical Therapy
57311,35,0421,15,Y,2026-07-27 16:46:20.337000,Physical Therapy - Visit
57311,35,0422,15,Y,2026-07-27 16:46:20.340000,Physical Therapy - Hourly
57311,35,0420,15,X,2026-07-27 16:46:20.333000,Physical Therapy - General Classification
57311,35,0424,15,Y,2026-07-27 16:46:20.343000,Physical Therapy - Evaluation or Re-evaluation
57326,42,99999,15,N,2026-07-31 15:09:20.010000,Not Applicable
57342,31,99999,15,N,2025-10-27 12:06:20.007000,Not Applicable
57361,46,0379,15,Z,2026-01-23 14:09:14.660000,Anesthesia - Other Anesthesia
57361,46,0374,15,Y,2026-01-23 14:09:14.657000,Anesthesia - Acupuncture
57361,46,0372,15,Y,2026-01-23 14:09:14.657000,Anesthesia - Anesthesia Incident to Other Dx Services
57361,46,0371,15,Y,2026-01-23 14:09:14.653000,Anesthesia - Anesthesia Incident to Radiology
57361,46,0370,15,X,2026-01-23 14:09:14.650000,Anesthesia - General Classification
57414,30,99999,15,N,2025-09-26 13:59:14.293000,Not Applicable
57434,35,0983,15,N,2025-09-26 17:30:19.333000,Professional Fees - Clinic
57434,35,0960,15,N,2025-09-26 17:30:19.317000,Professional Fees - General Classification
57434,35,0982,15,N,2025-09-26 17:30:19.330000,Professional Fees - Outpatient Services
57434,35,0471,15,N,2025-09-26 17:30:19.290000,Audiology - Diagnostic
57434,35,0470,15,N,2025-09-26 17:30:19.283000,Audiology - General Classification
57434,35,0479,15,N,2025-09-26 17:30:19.310000,Audiology - Other Audiology
57434,35,0472,15,N,2025-09-26 17:30:19.300000,Audiology - Treatment
57449,24,99999,15,N,2025-09-26 17:31:39.933000,Not Applicable
57450,14,99999,15,N,2025-09-26 17:32:23.173000,Not Applicable
57451,38,99999,15,N,2024-01-19 13:06:50.080000,Not Applicable
57477,15,0360,15,X,2026-07-24 12:24:42.067000,Operating Room Services - General Classification
57477,15,0361,15,Y,2026-07-24 12:24:42.070000,Operating Room Services - Minor Surgery
57477,15,0367,15,Y,2026-07-24 12:24:42.073000,Operating Room Services - Kidney Transplant
57477,15,0369,15,Z,2026-07-24 12:24:42.073000,Operating Room Services - Other OR Services
57477,15,0362,15,Y,2026-07-24 12:24:42.070000,Operating Room Services - Organ Transplant - Other than Kidney
57477,15,0761,15,N,2026-07-24 12:24:42.120000,Specialty Services - Treatment Room
57477,15,0510,15,X,2026-07-24 12:24:42.077000,Clinic - General Classification
57477,15,0514,15,Y,2026-07-24 12:24:42.087000,Clinic - OB-GYN Clinic
57477,15,0517,15,Y,2026-07-24 12:24:42.093000,Clinic - Family Practice Clinic
57477,15,0512,15,Y,2026-07-24 12:24:42.080000,Clinic - Dental Clinic
57477,15,0511,15,Y,2026-07-24 12:24:42.080000,Clinic - Chronic Pain Center
57477,15,0519,15,Z,2026-07-24 12:24:42.097000,Clinic - Other Clinic
57477,15,0515,15,Y,2026-07-24 12:24:42.090000,Clinic - Pediatric Clinic
57477,15,0516,15,Y,2026-07-24 12:24:42.093000,Clinic - Urgent Care Clinic
57477,15,0513,15,Y,2026-07-24 12:24:42.083000,Clinic - Psychiatric Clinic
57477,15,0527,15,Y,2026-07-24 12:24:42.113000,Freestanding Clinic - Visiting Nurse Service(s) to a Member's Home when in a Home Health Shortage Area
57477,15,0525,15,Y,2026-07-24 12:24:42.110000,Freestanding Clinic - Visit by RHC/FQHC Practitioner to a Member in a SNF (not in a Covered Part A Stay) or NF or ICF MR or Other Residential Facility
57477,15,0528,15,Y,2026-07-24 12:24:42.117000,Freestanding Clinic - Visit by RHC/FQHC Practitioner to Other non-RHC/FQHC site (e.g. Scene of Accident)
57477,15,0524,15,Y,2026-07-24 12:24:42.110000,Freestanding Clinic - Visit by RHC/FQHC Practitioner to a Member in a SNF or Skilled Swing Bed in a Covered Part A Stay
57477,15,0526,15,Y,2026-07-24 12:24:42.113000,Freestanding Clinic - Urgent Care Clinic
57477,15,0529,15,Z,2026-07-24 12:24:42.120000,Freestanding Clinic - Other Freestanding Clinic
57477,15,0521,15,Y,2026-07-24 12:24:42.100000,Freestanding Clinic - Clinic Visit by Member to RHC/FQHC
57477,15,0523,15,Y,2026-07-24 12:24:42.107000,Freestanding Clinic - Family Practice Clinic
57477,15,0522,15,Y,2026-07-24 12:24:42.103000,Freestanding Clinic - Home Visit by RHC/FQHC Practitioner
57477,15,0520,15,X,2026-07-24 12:24:42.100000,Freestanding Clinic - General Classification
57478,40,0922,15,N,2025-09-16 18:52:15.033000,Other Diagnostic Services - Electromyogram
57478,40,0929,15,N,2025-09-16 18:52:15.040000,Other Diagnostic Services - Other Diagnostic Service
57478,40,0920,15,N,2025-09-16 18:52:15.030000,Other Diagnostic Services - General Classification
57496,14,99999,15,N,2024-05-10 11:50:10,Not Applicable
57520,43,99999,15,N,2025-01-24 13:57:27.323000,Not Applicable
57531,60,99999,15,N,2025-11-26 13:36:14.740000,Not Applicable
57540,15,99999,15,N,2025-09-26 17:40:20.510000,Not Applicable
57597,22,0963,15,Y,2025-09-16 19:10:40.143000,Professional Fees - Anesthesiologist (MD)
57597,22,0964,15,Y,2025-09-16 19:10:40.147000,Professional Fees - Anesthetist (CRNA)
57597,22,0969,15,Z,2025-09-16 19:10:40.150000,Professional Fees - Other Professional Fee
57597,22,0962,15,Y,2025-09-16 19:10:40.140000,Professional Fees - Ophthalmology
57597,22,0960,15,X,2025-09-16 19:10:40.137000,Professional Fees - General Classification
57597,22,0961,15,Y,2025-09-16 19:10:40.140000,Professional Fees - Psychiatric
57597,22,0520,15,N,2025-09-16 19:10:40.127000,Freestanding Clinic - General Classification
57597,22,0523,15,N,2025-09-16 19:10:40.130000,Freestanding Clinic - Family Practice Clinic
57597,22,0521,15,N,2025-09-16 19:10:40.130000,Freestanding Clinic - Clinic Visit by Member to RHC/FQHC
57597,22,0529,15,N,2025-09-16 19:10:40.133000,Freestanding Clinic - Other Freestanding Clinic
57597,22,0519,15,N,2025-09-16 19:10:40.127000,Clinic - Other Clinic
57597,22,0517,15,N,2025-09-16 19:10:40.123000,Clinic - Family Practice Clinic
57597,22,0510,15,N,2025-09-16 19:10:40.120000,Clinic - General Classification
57600,34,99999,15,N,2025-09-26 14:00:00.660000,Not Applicable
57618,24,99999,15,N,2025-01-24 13:58:14.877000,Not Applicable
57633,8,99999,15,N,2025-01-24 17:53:14.127000,Not Applicable
57636,24,99999,15,N,2025-09-26 14:08:29.283000,Not Applicable
57637,20,99999,15,N,2025-09-26 17:41:11.397000,Not Applicable
57638,7,99999,15,N,2024-01-19 13:57:49.503000,Not Applicable
57643,20,0306,15,Y,2025-09-04 19:00:32.957000,Laboratory - Bacteriology & Microbiology
57643,20,0301,15,Y,2025-09-04 19:00:32.897000,Laboratory - Chemistry
57643,20,0300,15,X,2025-09-04 19:00:32.880000,Laboratory - General Classification
57643,20,0304,15,Y,2025-09-04 19:00:32.933000,Laboratory - Non-Routine Dialysis
57643,20,0309,15,Z,2025-09-04 19:00:32.983000,Laboratory - Other Laboratory
57643,20,0305,15,Y,2025-09-04 19:00:32.947000,Laboratory - Hematology
57643,20,0302,15,Y,2025-09-04 19:00:32.907000,Laboratory - Immunology
57643,20,0307,15,Y,2025-09-04 19:00:32.970000,Laboratory - Urology
57643,20,0311,15,Y,2025-09-04 19:00:33.007000,Laboratory Pathology - Cytology
57643,20,0314,15,Y,2025-09-04 19:00:33.033000,Laboratory Pathology - Biopsy
57643,20,0303,15,Y,2025-09-04 19:00:32.920000,Laboratory - Renal Patient (Home)
57643,20,0319,15,Z,2025-09-04 19:00:33.043000,Laboratory Pathology - Other Laboratory Pathology
57643,20,0312,15,Y,2025-09-04 19:00:33.020000,Laboratory Pathology - Histology
57643,20,0310,15,X,2025-09-04 19:00:32.993000,Laboratory Pathology - General Classification
57647,17,99999,15,N,2023-07-07 12:25:58.197000,Not Applicable
57649,9,99999,15,N,2023-10-20 12:29:56.940000,Not Applicable
57651,5,99999,11,N,2019-11-21 21:53:25.413000,Not Applicable
57657,25,99999,15,N,2024-10-18 14:00:59.767000,Not Applicable
57660,6,99999,11,N,2019-11-22 23:00:14.680000,Not Applicable
57666,36,99999,15,N,2026-01-23 14:12:38.937000,Not Applicable
57667,10,99999,13,N,2020-09-25 15:39:19.017000,Not Applicable
57669,10,99999,15,N,2025-09-26 14:09:18.730000,Not Applicable
57670,8,99999,15,N,2026-02-06 14:44:55.890000,Not Applicable
57672,6,99999,11,N,2019-11-22 23:07:18.177000,Not Applicable
57677,14,99999,15,N,2024-10-18 12:55:41.067000,Not Applicable
57678,11,99999,15,N,2025-09-26 14:05:18.570000,Not Applicable
57680,9,99999,15,N,2026-01-23 13:41:12.340000,Not Applicable
57682,6,99999,13,N,2020-09-25 15:55:53.677000,Not Applicable
57683,11,99999,15,N,2025-10-27 12:06:23.730000,Not Applicable
57685,15,99999,15,N,2025-12-23 00:27:27.383000,Not Applicable
57697,16,99999,15,N,2025-09-04 19:02:55.567000,Not Applicable
57701,30,0527,15,Y,2025-12-22 16:36:18.247000,Freestanding Clinic - Visiting Nurse Service(s) to a Member's Home when in a Home Health Shortage Area
57701,30,0529,15,Z,2025-12-22 16:36:18.253000,Freestanding Clinic - Other Freestanding Clinic
57701,30,0526,15,Y,2025-12-22 16:36:18.247000,Freestanding Clinic - Urgent Care Clinic
57701,30,0524,15,Y,2025-12-22 16:36:18.240000,Freestanding Clinic - Visit by RHC/FQHC Practitioner to a Member in a SNF or Skilled Swing Bed in a Covered Part A Stay
57701,30,0528,15,Y,2025-12-22 16:36:18.250000,Freestanding Clinic - Visit by RHC/FQHC Practitioner to Other non-RHC/FQHC site (e.g. Scene of Accident)
57701,30,0525,15,Y,2025-12-22 16:36:18.243000,Freestanding Clinic - Visit by RHC/FQHC Practitioner to a Member in a SNF (not in a Covered Part A Stay) or NF or ICF MR or Other Residential Facility
57701,30,0521,15,Y,2025-12-22 16:36:18.233000,Freestanding Clinic - Clinic Visit by Member to RHC/FQHC
57701,30,0523,15,Y,2025-12-22 16:36:18.240000,Freestanding Clinic - Family Practice Clinic
57701,30,0520,15,X,2025-12-22 16:36:18.233000,Freestanding Clinic - General Classification
57701,30,0522,15,Y,2025-12-22 16:36:18.237000,Freestanding Clinic - Home Visit by RHC/FQHC Practitioner
57701,30,0510,15,X,2025-12-22 16:36:18.213000,Clinic - General Classification
57701,30,0514,15,Y,2025-12-22 16:36:18.220000,Clinic - OB-GYN Clinic
57701,30,0517,15,Y,2025-12-22 16:36:18.227000,Clinic - Family Practice Clinic
57701,30,0512,15,Y,2025-12-22 16:36:18.217000,Clinic - Dental Clinic
57701,30,0511,15,Y,2025-12-22 16:36:18.213000,Clinic - Chronic Pain Center
57701,30,0519,15,Z,2025-12-22 16:36:18.230000,Clinic - Other Clinic
57701,30,0515,15,Y,2025-12-22 16:36:18.223000,Clinic - Pediatric Clinic
57701,30,0513,15,Y,2025-12-22 16:36:18.220000,Clinic - Psychiatric Clinic
57701,30,0516,15,Y,2025-12-22 16:36:18.223000,Clinic - Urgent Care Clinic
57701,30,0451,15,Y,2025-12-22 16:36:18.203000,Emergency Room - EMTALA Emergency Medical Screening Services
57701,30,0452,15,Y,2025-12-22 16:36:18.207000,Emergency Room - ER Beyond EMTALA Screening
57701,30,0450,15,X,2025-12-22 16:36:18.200000,Emergency Room - General Classification
57701,30,0456,15,Y,2025-12-22 16:36:18.207000,Emergency Room - Urgent Care
57701,30,0459,15,Z,2025-12-22 16:36:18.210000,Emergency Room - Other Emergency Room
57701,30,0361,15,Y,2025-12-22 16:36:18.190000,Operating Room Services - Minor Surgery
57701,30,0360,15,X,2025-12-22 16:36:18.190000,Operating Room Services - General Classification
57701,30,0367,15,Y,2025-12-22 16:36:18.197000,Operating Room Services - Kidney Transplant
57701,30,0369,15,Z,2025-12-22 16:36:18.200000,Operating Room Services - Other OR Services
57701,30,0362,15,Y,2025-12-22 16:36:18.193000,Operating Room Services - Organ Transplant - Other than Kidney
57701,30,0323,15,Y,2025-12-22 16:36:18.180000,Radiology - Diagnostic - Arteriography
57701,30,0321,15,Y,2025-12-22 16:36:18.177000,Radiology - Diagnostic - Angiocardiography
57701,30,0761,15,Y,2025-12-22 16:36:18.257000,Specialty Services - Treatment Room
57701,30,0769,15,Z,2025-12-22 16:36:18.263000,Specialty Services - Other Specialty Services
57701,30,0762,15,Y,2025-12-22 16:36:18.260000,Specialty Services - Observation Hours
57701,30,0760,15,X,2025-12-22 16:36:18.257000,Specialty Services - General Classification
57701,30,0329,15,Z,2025-12-22 16:36:18.187000,Radiology - Diagnostic - Other Radiology - Diagnostic
57701,30,0320,15,X,2025-12-22 16:36:18.173000,Radiology - Diagnostic - General Classification
57701,30,0324,15,Y,2025-12-22 16:36:18.183000,Radiology - Diagnostic - Chest X-Ray
57701,30,0322,15,Y,2025-12-22 16:36:18.177000,Radiology - Diagnostic - Arthrography
57706,14,0330,15,N,2025-10-06 18:48:51.710000,Radiology - Therapeutic and/or Chemotherapy Administration - General Classification
57706,14,0360,15,N,2025-10-06 18:48:51.710000,Operating Room Services - General Classification
57706,14,0510,15,N,2025-10-06 18:48:51.710000,Clinic - General Classification
57706,14,0490,15,N,2025-10-06 18:48:51.710000,Ambulatory Surgical Care - General Classification
57706,14,0520,15,N,2025-10-06 18:48:51.710000,Freestanding Clinic - General Classification
57715,55,99999,15,N,2025-12-05 14:36:30.270000,Not Applicable
57718,20,0300,15,N,2025-08-06 17:50:58.167000,Laboratory - General Classification
57718,20,0301,15,N,2025-08-06 17:50:58.167000,Laboratory - Chemistry
57718,20,0309,15,N,2025-08-06 17:50:58.167000,Laboratory - Other Laboratory
57726,7,99999,15,N,2023-10-13 11:44:21.217000,Not Applicable
57752,18,99999,14,N,2022-02-11 14:12:32.760000,Not Applicable
57753,12,0450,14,X,2022-01-14 13:53:24.623000,Emergency Room - General Classification
57753,12,0750,14,N,2022-01-14 13:53:24.650000,Gastro-Intestinal (GI) Services - General Classification
57753,12,0452,14,Y,2022-01-14 13:53:24.627000,Emergency Room - ER Beyond EMTALA Screening
57753,12,0527,14,Y,2022-01-14 13:53:24.647000,Freestanding Clinic - Visiting Nurse Service(s) to a Member's Home when in a Home Health Shortage Area
57753,12,0529,14,Z,2022-01-14 13:53:24.650000,Freestanding Clinic - Other Freestanding Clinic
57753,12,0522,14,Y,2022-01-14 13:53:24.643000,Freestanding Clinic - Home Visit by RHC/FQHC Practitioner
57753,12,0520,14,X,2022-01-14 13:53:24.640000,Freestanding Clinic - General Classification
57753,12,0523,14,Y,2022-01-14 13:53:24.643000,Freestanding Clinic - Family Practice Clinic
57753,12,0524,14,Y,2022-01-14 13:53:24.643000,Freestanding Clinic - Visit by RHC/FQHC Practitioner to a Member in a SNF or Skilled Swing Bed in a Covered Part A Stay
57753,12,0528,14,Y,2022-01-14 13:53:24.650000,Freestanding Clinic - Visit by RHC/FQHC Practitioner to Other non-RHC/FQHC site (e.g. Scene of Accident)
57753,12,0525,14,Y,2022-01-14 13:53:24.647000,Freestanding Clinic - Visit by RHC/FQHC Practitioner to a Member in a SNF (not in a Covered Part A Stay) or NF or ICF MR or Other Residential Facility
57753,12,0526,14,Y,2022-01-14 13:53:24.647000,Freestanding Clinic - Urgent Care Clinic
57753,12,0510,14,X,2022-01-14 13:53:24.630000,Clinic - General Classification
57753,12,0514,14,Y,2022-01-14 13:53:24.633000,Clinic - OB-GYN Clinic
57753,12,0512,14,Y,2022-01-14 13:53:24.630000,Clinic - Dental Clinic
57753,12,0517,14,Y,2022-01-14 13:53:24.637000,Clinic - Family Practice Clinic
57753,12,0456,14,Y,2022-01-14 13:53:24.627000,Emergency Room - Urgent Care
57753,12,0521,14,Y,2022-01-14 13:53:24.640000,Freestanding Clinic - Clinic Visit by Member to RHC/FQHC
57753,12,0459,14,Z,2022-01-14 13:53:24.627000,Emergency Room - Other Emergency Room
57753,12,0451,14,Y,2022-01-14 13:53:24.623000,Emergency Room - EMTALA Emergency Medical Screening Services
57753,12,0511,14,Y,2022-01-14 13:53:24.630000,Clinic - Chronic Pain Center
57753,12,0516,14,Y,2022-01-14 13:53:24.637000,Clinic - Urgent Care Clinic
57753,12,0513,14,Y,2022-01-14 13:53:24.633000,Clinic - Psychiatric Clinic
57753,12,0515,14,Y,2022-01-14 13:53:24.633000,Clinic - Pediatric Clinic
57753,12,0519,14,Z,2022-01-14 13:53:24.640000,Clinic - Other Clinic
57753,12,0367,14,Y,2022-01-14 13:53:24.613000,Operating Room Services - Kidney Transplant
57753,12,0362,14,Y,2022-01-14 13:53:24.613000,Operating Room Services - Organ Transplant - Other than Kidney
57753,12,0361,14,Y,2022-01-14 13:53:24.610000,Operating Room Services - Minor Surgery
57753,12,0369,14,Z,2022-01-14 13:53:24.617000,Operating Room Services - Other OR Services
57753,12,0360,14,X,2022-01-14 13:53:24.610000,Operating Room Services - General Classification
57753,12,0409,14,Z,2022-01-14 13:53:24.620000,Other Imaging Services - Other Imaging Services
57753,12,0400,14,X,2022-01-14 13:53:24.617000,Other Imaging Services - General Classification
57753,12,0401,14,Y,2022-01-14 13:53:24.617000,Other Imaging Services - Diagnostic Mammography
57753,12,0964,14,Y,2022-01-14 13:53:24.663000,Professional Fees - Anesthetist (CRNA)
57753,12,0963,14,Y,2022-01-14 13:53:24.660000,Professional Fees - Anesthesiologist (MD)
57753,12,0402,14,Y,2022-01-14 13:53:24.620000,Other Imaging Services - Ultrasound
57753,12,0403,14,Y,2022-01-14 13:53:24.620000,Other Imaging Services - Screening Mammography
57753,12,0404,14,Y,2022-01-14 13:53:24.620000,Other Imaging Services - Positron Emission Tomography
57753,12,0760,14,X,2022-01-14 13:53:24.653000,Specialty Services - General Classification
57753,12,0762,14,Y,2022-01-14 13:53:24.657000,Specialty Services - Observation Hours
57753,12,0769,14,Z,2022-01-14 13:53:24.657000,Specialty Services - Other Specialty Services
57753,12,0761,14,Y,2022-01-14 13:53:24.653000,Specialty Services - Treatment Room
57753,12,0973,14,N,2022-01-14 13:53:24.667000,Professional Fees - Radiology - Therapeutic
57753,12,0961,14,Y,2022-01-14 13:53:24.660000,Professional Fees - Psychiatric
57753,12,0972,14,N,2022-01-14 13:53:24.663000,Professional Fees - Radiology - Diagnostic
57753,12,0960,14,X,2022-01-14 13:53:24.657000,Professional Fees - General Classification
57753,12,0988,14,N,2022-01-14 13:53:24.670000,Professional Fees - Consultation
57753,12,0962,14,Y,2022-01-14 13:53:24.660000,Professional Fees - Ophthalmology
57753,12,0969,14,Z,2022-01-14 13:53:24.663000,Professional Fees - Other Professional Fee
57753,12,0982,14,N,2022-01-14 13:53:24.667000,Professional Fees - Outpatient Services
57755,18,99999,15,N,2024-03-27 14:37:53.060000,Not Applicable
57765,26,99999,15,N,2026-06-18 14:20:01.900000,Not Applicable
57767,12,99999,15,N,2024-03-01 14:34:11.727000,Not Applicable
57779,8,99999,15,N,2025-01-24 17:40:08.073000,Not Applicable
57780,27,99999,15,N,2025-09-26 14:09:55.903000,Not Applicable
57788,41,99999,15,N,2025-12-12 20:04:07.220000,Not Applicable
57804,41,99999,15,N,2025-09-26 14:07:50.957000,Not Applicable
57826,37,0527,15,Y,2026-07-14 22:42:59.587000,Freestanding Clinic - Visiting Nurse Service(s) to a Member's Home when in a Home Health Shortage Area
57826,37,0529,15,Z,2026-07-14 22:42:59.587000,Freestanding Clinic - Other Freestanding Clinic
57826,37,0526,15,Y,2026-07-14 22:42:59.587000,Freestanding Clinic - Urgent Care Clinic
57826,37,0528,15,Y,2026-07-14 22:42:59.587000,Freestanding Clinic - Visit by RHC/FQHC Practitioner to Other non-RHC/FQHC site (e.g. Scene of Accident)
57826,37,0524,15,Y,2026-07-14 22:42:59.587000,Freestanding Clinic - Visit by RHC/FQHC Practitioner to a Member in a SNF or Skilled Swing Bed in a Covered Part A Stay
57826,37,0525,15,Y,2026-07-14 22:42:59.587000,Freestanding Clinic - Visit by RHC/FQHC Practitioner to a Member in a SNF (not in a Covered Part A Stay) or NF or ICF MR or Other Residential Facility
57826,37,0523,15,Y,2026-07-14 22:42:59.587000,Freestanding Clinic - Family Practice Clinic
57826,37,0521,15,Y,2026-07-14 22:42:59.587000,Freestanding Clinic - Clinic Visit by Member to RHC/FQHC
57826,37,0522,15,Y,2026-07-14 22:42:59.587000,Freestanding Clinic - Home Visit by RHC/FQHC Practitioner
57826,37,0520,15,X,2026-07-14 22:42:59.587000,Freestanding Clinic - General Classification
57826,37,0519,15,Z,2026-07-14 22:42:59.587000,Clinic - Other Clinic
57826,37,0515,15,Y,2026-07-14 22:42:59.587000,Clinic - Pediatric Clinic
57826,37,0513,15,Y,2026-07-14 22:42:59.587000,Clinic - Psychiatric Clinic
57826,37,0516,15,Y,2026-07-14 22:42:59.587000,Clinic - Urgent Care Clinic
57826,37,0451,15,Y,2026-07-14 22:42:59.587000,Emergency Room - EMTALA Emergency Medical Screening Services
57826,37,0452,15,Y,2026-07-14 22:42:59.587000,Emergency Room - ER Beyond EMTALA Screening
57826,37,0450,15,X,2026-07-14 22:42:59.587000,Emergency Room - General Classification
57826,37,0456,15,Y,2026-07-14 22:42:59.587000,Emergency Room - Urgent Care
57826,37,0459,15,Z,2026-07-14 22:42:59.587000,Emergency Room - Other Emergency Room
57826,37,0512,15,Y,2026-07-14 22:42:59.587000,Clinic - Dental Clinic
57826,37,0517,15,Y,2026-07-14 22:42:59.587000,Clinic - Family Practice Clinic
57826,37,0511,15,Y,2026-07-14 22:42:59.587000,Clinic - Chronic Pain Center
57826,37,0514,15,Y,2026-07-14 22:42:59.587000,Clinic - OB-GYN Clinic
57826,37,0510,15,X,2026-07-14 22:42:59.587000,Clinic - General Classification
57826,37,0490,15,X,2026-07-14 22:42:59.587000,Ambulatory Surgical Care - General Classification
57826,37,0499,15,Z,2026-07-14 22:42:59.587000,Ambulatory Surgical Care - Other Ambulatory Surgical Care
57826,37,0321,15,Y,2026-07-14 22:42:59.587000,Radiology - Diagnostic - Angiocardiography
57826,37,0323,15,Y,2026-07-14 22:42:59.587000,Radiology - Diagnostic - Arteriography
57826,37,0761,15,Y,2026-07-14 22:42:59.587000,Specialty Services - Treatment Room
57826,37,0769,15,Z,2026-07-14 22:42:59.587000,Specialty Services - Other Specialty Services
57826,37,0762,15,Y,2026-07-14 22:42:59.587000,Specialty Services - Observation Hours
57826,37,0760,15,X,2026-07-14 22:42:59.587000,Specialty Services - General Classification
57826,37,0329,15,Z,2026-07-14 22:42:59.587000,Radiology - Diagnostic - Other Radiology - Diagnostic
57826,37,0322,15,Y,2026-07-14 22:42:59.587000,Radiology - Diagnostic - Arthrography
57826,37,0324,15,Y,2026-07-14 22:42:59.587000,Radiology - Diagnostic - Chest X-Ray
57826,37,0320,15,X,2026-07-14 22:42:59.587000,Radiology - Diagnostic - General Classification
57826,37,0369,15,Z,2026-07-14 22:42:59.587000,Operating Room Services - Other OR Services
57826,37,0362,15,Y,2026-07-14 22:42:59.587000,Operating Room Services - Organ Transplant - Other than Kidney
57826,37,0361,15,Y,2026-07-14 22:42:59.587000,Operating Room Services - Minor Surgery
57826,37,0367,15,Y,2026-07-14 22:42:59.587000,Operating Room Services - Kidney Transplant
57826,37,0360,15,X,2026-07-14 22:42:59.587000,Operating Room Services - General Classification
57839,14,99999,15,N,2025-04-04 13:39:26.420000,Not Applicable
57863,41,0459,15,Z,2026-06-04 16:49:39.247000,Emergency Room - Other Emergency Room
57863,41,0456,15,Y,2026-06-04 16:49:39.243000,Emergency Room - Urgent Care
57863,41,0450,15,X,2026-06-04 16:49:39.237000,Emergency Room - General Classification
57863,41,0452,15,Y,2026-06-04 16:49:39.240000,Emergency Room - ER Beyond EMTALA Screening
57863,41,0451,15,Y,2026-06-04 16:49:39.240000,Emergency Room - EMTALA Emergency Medical Screening Services
57863,41,0360,15,X,2026-06-04 16:49:39.223000,Operating Room Services - General Classification
57863,41,0367,15,Y,2026-06-04 16:49:39.230000,Operating Room Services - Kidney Transplant
57863,41,0361,15,Y,2026-06-04 16:49:39.227000,Operating Room Services - Minor Surgery
57863,41,0362,15,Y,2026-06-04 16:49:39.230000,Operating Room Services - Organ Transplant - Other than Kidney
57863,41,0369,15,Z,2026-06-04 16:49:39.233000,Operating Room Services - Other OR Services
57863,41,0760,15,X,2026-06-04 16:49:39.250000,Specialty Services - General Classification
57863,41,0762,15,Y,2026-06-04 16:49:39.253000,Specialty Services - Observation Hours
57863,41,0769,15,Z,2026-06-04 16:49:39.257000,Specialty Services - Other Specialty Services
57863,41,0761,15,Y,2026-06-04 16:49:39.250000,Specialty Services - Treatment Room
57872,10,99999,14,N,2022-02-11 14:13:27.767000,Not Applicable
57884,10,99999,15,N,2025-04-04 13:40:37.360000,Not Applicable
58110,22,99999,15,N,2025-04-11 13:05:43.087000,Not Applicable
58116,29,99999,15,N,2026-07-14 22:43:00.193000,Not Applicable
58127,19,99999,15,N,2025-09-30 23:50:43.903000,Not Applicable
58133,23,99999,15,N,2025-10-14 13:00:34.977000,Not Applicable
58136,22,99999,15,N,2025-04-11 13:06:38.337000,Not Applicable
58227,20,99999,15,N,2026-02-23 13:14:49.807000,Not Applicable
58243,7,99999,15,N,2026-01-23 13:54:24.760000,Not Applicable
58250,19,99999,15,N,2026-01-23 14:14:12.613000,Not Applicable
58264,8,99999,15,N,2026-01-23 13:55:23.333000,Not Applicable
58350,24,0527,15,Y,2026-05-15 13:00:17.890000,Freestanding Clinic - Visiting Nurse Service(s) to a Member's Home when in a Home Health Shortage Area
58350,24,0520,15,X,2026-05-15 13:00:17.870000,Freestanding Clinic - General Classification
58350,24,0522,15,Y,2026-05-15 13:00:17.877000,Freestanding Clinic - Home Visit by RHC/FQHC Practitioner
58350,24,0521,15,Y,2026-05-15 13:00:17.873000,Freestanding Clinic - Clinic Visit by Member to RHC/FQHC
58350,24,0523,15,Y,2026-05-15 13:00:17.880000,Freestanding Clinic - Family Practice Clinic
58350,24,0525,15,Y,2026-05-15 13:00:17.883000,Freestanding Clinic - Visit by RHC/FQHC Practitioner to a Member in a SNF (not in a Covered Part A Stay) or NF or ICF MR or Other Residential Facility
58350,24,0524,15,Y,2026-05-15 13:00:17.883000,Freestanding Clinic - Visit by RHC/FQHC Practitioner to a Member in a SNF or Skilled Swing Bed in a Covered Part A Stay
58350,24,0528,15,Y,2026-05-15 13:00:17.893000,Freestanding Clinic - Visit by RHC/FQHC Practitioner to Other non-RHC/FQHC site (e.g. Scene of Accident)
58350,24,0526,15,Y,2026-05-15 13:00:17.887000,Freestanding Clinic - Urgent Care Clinic
58350,24,0529,15,Z,2026-05-15 13:00:17.897000,Freestanding Clinic - Other Freestanding Clinic
58350,24,0451,15,Y,2026-05-15 13:00:17.830000,Emergency Room - EMTALA Emergency Medical Screening Services
58350,24,0452,15,Y,2026-05-15 13:00:17.833000,Emergency Room - ER Beyond EMTALA Screening
58350,24,0450,15,X,2026-05-15 13:00:17.827000,Emergency Room - General Classification
58350,24,0456,15,Y,2026-05-15 13:00:17.837000,Emergency Room - Urgent Care
58350,24,0459,15,Z,2026-05-15 13:00:17.840000,Emergency Room - Other Emergency Room
58350,24,0516,15,Y,2026-05-15 13:00:17.863000,Clinic - Urgent Care Clinic
58350,24,0513,15,Y,2026-05-15 13:00:17.857000,Clinic - Psychiatric Clinic
58350,24,0515,15,Y,2026-05-15 13:00:17.860000,Clinic - Pediatric Clinic
58350,24,0519,15,Z,2026-05-15 13:00:17.870000,Clinic - Other Clinic
58350,24,0499,15,Z,2026-05-15 13:00:17.843000,Ambulatory Surgical Care - Other Ambulatory Surgical Care
58350,24,0490,15,X,2026-05-15 13:00:17.840000,Ambulatory Surgical Care - General Classification
58350,24,0510,15,X,2026-05-15 13:00:17.847000,Clinic - General Classification
58350,24,0514,15,Y,2026-05-15 13:00:17.860000,Clinic - OB-GYN Clinic
58350,24,0511,15,Y,2026-05-15 13:00:17.850000,Clinic - Chronic Pain Center
58350,24,0517,15,Y,2026-05-15 13:00:17.867000,Clinic - Family Practice Clinic
58350,24,0512,15,Y,2026-05-15 13:00:17.853000,Clinic - Dental Clinic
58350,24,0761,15,Y,2026-05-15 13:00:17.900000,Specialty Services - Treatment Room
58350,24,0769,15,Z,2026-05-15 13:00:17.910000,Specialty Services - Other Specialty Services
58350,24,0762,15,Y,2026-05-15 13:00:17.903000,Specialty Services - Observation Hours
58350,24,0760,15,X,2026-05-15 13:00:17.900000,Specialty Services - General Classification
58350,24,0320,15,X,2026-05-15 13:00:17.793000,Radiology - Diagnostic - General Classification
58350,24,0324,15,Y,2026-05-15 13:00:17.807000,Radiology - Diagnostic - Chest X-Ray
58350,24,0322,15,Y,2026-05-15 13:00:17.800000,Radiology - Diagnostic - Arthrography
58350,24,0329,15,Z,2026-05-15 13:00:17.810000,Radiology - Diagnostic - Other Radiology - Diagnostic
58350,24,0323,15,Y,2026-05-15 13:00:17.803000,Radiology - Diagnostic - Arteriography
58350,24,0321,15,Y,2026-05-15 13:00:17.800000,Radiology - Diagnostic - Angiocardiography
58350,24,0369,15,Z,2026-05-15 13:00:17.823000,Operating Room Services - Other OR Services
58350,24,0362,15,Y,2026-05-15 13:00:17.820000,Operating Room Services - Organ Transplant - Other than Kidney
58350,24,0361,15,Y,2026-05-15 13:00:17.817000,Operating Room Services - Minor Surgery
58350,24,0367,15,Y,2026-05-15 13:00:17.820000,Operating Room Services - Kidney Transplant
58350,24,0360,15,X,2026-05-15 13:00:17.813000,Operating Room Services - General Classification
58362,10,99999,15,N,2023-11-08 14:12:36.547000,Not Applicable
58364,39,0527,15,Y,2026-07-17 13:58:20.947000,Freestanding Clinic - Visiting Nurse Service(s) to a Member's Home when in a Home Health Shortage Area
58364,39,0529,15,Z,2026-07-17 13:58:20.950000,Freestanding Clinic - Other Freestanding Clinic
58364,39,0526,15,Y,2026-07-17 13:58:20.943000,Freestanding Clinic - Urgent Care Clinic
58364,39,0528,15,Y,2026-07-17 13:58:20.947000,Freestanding Clinic - Visit by RHC/FQHC Practitioner to Other non-RHC/FQHC site (e.g. Scene of Accident)
58364,39,0524,15,Y,2026-07-17 13:58:20.940000,Freestanding Clinic - Visit by RHC/FQHC Practitioner to a Member in a SNF or Skilled Swing Bed in a Covered Part A Stay
58364,39,0525,15,Y,2026-07-17 13:58:20.943000,Freestanding Clinic - Visit by RHC/FQHC Practitioner to a Member in a SNF (not in a Covered Part A Stay) or NF or ICF MR or Other Residential Facility
58364,39,0523,15,Y,2026-07-17 13:58:20.940000,Freestanding Clinic - Family Practice Clinic
58364,39,0521,15,Y,2026-07-17 13:58:20.933000,Freestanding Clinic - Clinic Visit by Member to RHC/FQHC
58364,39,0522,15,Y,2026-07-17 13:58:20.937000,Freestanding Clinic - Home Visit by RHC/FQHC Practitioner
58364,39,0520,15,X,2026-07-17 13:58:20.933000,Freestanding Clinic - General Classification
58364,39,0512,15,Y,2026-07-17 13:58:20.917000,Clinic - Dental Clinic
58364,39,0517,15,Y,2026-07-17 13:58:20.930000,Clinic - Family Practice Clinic
58364,39,0511,15,Y,2026-07-17 13:58:20.917000,Clinic - Chronic Pain Center
58364,39,0514,15,Y,2026-07-17 13:58:20.920000,Clinic - OB-GYN Clinic
58364,39,0510,15,X,2026-07-17 13:58:20.913000,Clinic - General Classification
58364,39,0490,15,X,2026-07-17 13:58:20.910000,Ambulatory Surgical Care - General Classification
58364,39,0499,15,Z,2026-07-17 13:58:20.913000,Ambulatory Surgical Care - Other Ambulatory Surgical Care
58364,39,0519,15,Z,2026-07-17 13:58:20.930000,Clinic - Other Clinic
58364,39,0515,15,Y,2026-07-17 13:58:20.923000,Clinic - Pediatric Clinic
58364,39,0513,15,Y,2026-07-17 13:58:20.920000,Clinic - Psychiatric Clinic
58364,39,0516,15,Y,2026-07-17 13:58:20.927000,Clinic - Urgent Care Clinic
58364,39,0459,15,Z,2026-07-17 13:58:20.910000,Emergency Room - Other Emergency Room
58364,39,0456,15,Y,2026-07-17 13:58:20.907000,Emergency Room - Urgent Care
58364,39,0450,15,X,2026-07-17 13:58:20.900000,Emergency Room - General Classification
58364,39,0452,15,Y,2026-07-17 13:58:20.903000,Emergency Room - ER Beyond EMTALA Screening
58364,39,0451,15,Y,2026-07-17 13:58:20.900000,Emergency Room - EMTALA Emergency Medical Screening Services
58364,39,0360,15,X,2026-07-17 13:58:20.890000,Operating Room Services - General Classification
58364,39,0367,15,Y,2026-07-17 13:58:20.897000,Operating Room Services - Kidney Transplant
58364,39,0361,15,Y,2026-07-17 13:58:20.890000,Operating Room Services - Minor Surgery
58364,39,0362,15,Y,2026-07-17 13:58:20.893000,Operating Room Services - Organ Transplant - Other than Kidney
58364,39,0369,15,Z,2026-07-17 13:58:20.897000,Operating Room Services - Other OR Services
58364,39,0321,15,Y,2026-07-17 13:58:20.880000,Radiology - Diagnostic - Angiocardiography
58364,39,0323,15,Y,2026-07-17 13:58:20.883000,Radiology - Diagnostic - Arteriography
58364,39,0329,15,Z,2026-07-17 13:58:20.887000,Radiology - Diagnostic - Other Radiology - Diagnostic
58364,39,0322,15,Y,2026-07-17 13:58:20.880000,Radiology - Diagnostic - Arthrography
58364,39,0324,15,Y,2026-07-17 13:58:20.887000,Radiology - Diagnostic - Chest X-Ray
58364,39,0320,15,X,2026-07-17 13:58:20.877000,Radiology - Diagnostic - General Classification
58364,39,0760,15,X,2026-07-17 13:58:20.950000,Specialty Services - General Classification
58364,39,0762,15,Y,2026-07-17 13:58:20.957000,Specialty Services - Observation Hours
58364,39,0769,15,Z,2026-07-17 13:58:20.957000,Specialty Services - Other Specialty Services
58364,39,0761,15,Y,2026-07-17 13:58:20.953000,Specialty Services - Treatment Room
58403,27,0761,15,Y,2026-05-12 13:14:35.913000,Specialty Services - Treatment Room
58403,27,0769,15,Z,2026-05-12 13:14:35.953000,Specialty Services - Other Specialty Services
58403,27,0762,15,Y,2026-05-12 13:14:35.930000,Specialty Services - Observation Hours
58403,27,0760,15,X,2026-05-12 13:14:35.903000,Specialty Services - General Classification
58403,27,0320,15,X,2026-05-12 13:14:35.203000,Radiology - Diagnostic - General Classification
58403,27,0324,15,Y,2026-05-12 13:14:35.347000,Radiology - Diagnostic - Chest X-Ray
58403,27,0322,15,Y,2026-05-12 13:14:35.253000,Radiology - Diagnostic - Arthrography
58403,27,0329,15,Z,2026-05-12 13:14:35.360000,Radiology - Diagnostic - Other Radiology - Diagnostic
58403,27,0323,15,Y,2026-05-12 13:14:35.330000,Radiology - Diagnostic - Arteriography
58403,27,0321,15,Y,2026-05-12 13:14:35.230000,Radiology - Diagnostic - Angiocardiography
58403,27,0369,15,Z,2026-05-12 13:14:35.450000,Operating Room Services - Other OR Services
58403,27,0362,15,Y,2026-05-12 13:14:35.413000,Operating Room Services - Organ Transplant - Other than Kidney
58403,27,0361,15,Y,2026-05-12 13:14:35.397000,Operating Room Services - Minor Surgery
58403,27,0367,15,Y,2026-05-12 13:14:35.430000,Operating Room Services - Kidney Transplant
58403,27,0360,15,X,2026-05-12 13:14:35.377000,Operating Room Services - General Classification
58403,27,0451,15,Y,2026-05-12 13:14:35.490000,Emergency Room - EMTALA Emergency Medical Screening Services
58403,27,0452,15,Y,2026-05-12 13:14:35.507000,Emergency Room - ER Beyond EMTALA Screening
58403,27,0450,15,X,2026-05-12 13:14:35.477000,Emergency Room - General Classification
58403,27,0456,15,Y,2026-05-12 13:14:35.523000,Emergency Room - Urgent Care
58403,27,0459,15,Z,2026-05-12 13:14:35.543000,Emergency Room - Other Emergency Room
58403,27,0516,15,Y,2026-05-12 13:14:35.710000,Clinic - Urgent Care Clinic
58403,27,0513,15,Y,2026-05-12 13:14:35.613000,Clinic - Psychiatric Clinic
58403,27,0515,15,Y,2026-05-12 13:14:35.700000,Clinic - Pediatric Clinic
58403,27,0519,15,Z,2026-05-12 13:14:35.737000,Clinic - Other Clinic
58403,27,0510,15,X,2026-05-12 13:14:35.560000,Clinic - General Classification
58403,27,0514,15,Y,2026-05-12 13:14:35.690000,Clinic - OB-GYN Clinic
58403,27,0511,15,Y,2026-05-12 13:14:35.570000,Clinic - Chronic Pain Center
58403,27,0517,15,Y,2026-05-12 13:14:35.723000,Clinic - Family Practice Clinic
58403,27,0512,15,Y,2026-05-12 13:14:35.587000,Clinic - Dental Clinic
58403,27,0520,15,X,2026-05-12 13:14:35.753000,Freestanding Clinic - General Classification
58403,27,0522,15,Y,2026-05-12 13:14:35.767000,Freestanding Clinic - Home Visit by RHC/FQHC Practitioner
58403,27,0521,15,Y,2026-05-12 13:14:35.760000,Freestanding Clinic - Clinic Visit by Member to RHC/FQHC
58403,27,0523,15,Y,2026-05-12 13:14:35.777000,Freestanding Clinic - Family Practice Clinic
58403,27,0525,15,Y,2026-05-12 13:14:35.817000,Freestanding Clinic - Visit by RHC/FQHC Practitioner to a Member in a SNF (not in a Covered Part A Stay) or NF or ICF MR or Other Residential Facility
58403,27,0524,15,Y,2026-05-12 13:14:35.797000,Freestanding Clinic - Visit by RHC/FQHC Practitioner to a Member in a SNF or Skilled Swing Bed in a Covered Part A Stay
58403,27,0528,15,Y,2026-05-12 13:14:35.870000,Freestanding Clinic - Visit by RHC/FQHC Practitioner to Other non-RHC/FQHC site (e.g. Scene of Accident)
58403,27,0526,15,Y,2026-05-12 13:14:35.840000,Freestanding Clinic - Urgent Care Clinic
58403,27,0529,15,Z,2026-05-12 13:14:35.887000,Freestanding Clinic - Other Freestanding Clinic
58403,27,0527,15,Y,2026-05-12 13:14:35.857000,Freestanding Clinic - Visiting Nurse Service(s) to a Member's Home when in a Home Health Shortage Area
58410,9,99999,14,N,2022-01-14 13:55:22.223000,Not Applicable
58414,11,99999,14,N,2022-01-14 13:47:59.600000,Not Applicable
58423,48,99999,15,N,2025-12-05 14:35:37.380000,Not Applicable
58428,29,99999,15,N,2026-04-02 15:09:07.650000,Not Applicable
58436,13,99999,15,N,2025-09-04 18:54:29.827000,Not Applicable
58477,22,0527,15,Y,2026-05-21 14:03:05.230000,Freestanding Clinic - Visiting Nurse Service(s) to a Member's Home when in a Home Health Shortage Area
58477,22,0529,15,Z,2026-05-21 14:03:05.233000,Freestanding Clinic - Other Freestanding Clinic
58477,22,0526,15,Y,2026-05-21 14:03:05.227000,Freestanding Clinic - Urgent Care Clinic
58477,22,0528,15,Y,2026-05-21 14:03:05.230000,Freestanding Clinic - Visit by RHC/FQHC Practitioner to Other non-RHC/FQHC site (e.g. Scene of Accident)
58477,22,0524,15,Y,2026-05-21 14:03:05.220000,Freestanding Clinic - Visit by RHC/FQHC Practitioner to a Member in a SNF or Skilled Swing Bed in a Covered Part A Stay
58477,22,0525,15,Y,2026-05-21 14:03:05.223000,Freestanding Clinic - Visit by RHC/FQHC Practitioner to a Member in a SNF (not in a Covered Part A Stay) or NF or ICF MR or Other Residential Facility
58477,22,0523,15,Y,2026-05-21 14:03:05.217000,Freestanding Clinic - Family Practice Clinic
58477,22,0521,15,Y,2026-05-21 14:03:05.210000,Freestanding Clinic - Clinic Visit by Member to RHC/FQHC
58477,22,0522,15,Y,2026-05-21 14:03:05.213000,Freestanding Clinic - Home Visit by RHC/FQHC Practitioner
58477,22,0520,15,X,2026-05-21 14:03:05.210000,Freestanding Clinic - General Classification
58477,22,0512,15,Y,2026-05-21 14:03:05.190000,Clinic - Dental Clinic
58477,22,0517,15,Y,2026-05-21 14:03:05.203000,Clinic - Family Practice Clinic
58477,22,0511,15,Y,2026-05-21 14:03:05.187000,Clinic - Chronic Pain Center
58477,22,0514,15,Y,2026-05-21 14:03:05.193000,Clinic - OB-GYN Clinic
58477,22,0510,15,X,2026-05-21 14:03:05.183000,Clinic - General Classification
58477,22,0499,15,Z,2026-05-21 14:03:05.180000,Ambulatory Surgical Care - Other Ambulatory Surgical Care
58477,22,0490,15,X,2026-05-21 14:03:05.177000,Ambulatory Surgical Care - General Classification
58477,22,0519,15,Z,2026-05-21 14:03:05.207000,Clinic - Other Clinic
58477,22,0515,15,Y,2026-05-21 14:03:05.197000,Clinic - Pediatric Clinic
58477,22,0513,15,Y,2026-05-21 14:03:05.190000,Clinic - Psychiatric Clinic
58477,22,0516,15,Y,2026-05-21 14:03:05.200000,Clinic - Urgent Care Clinic
58477,22,0459,15,Z,2026-05-21 14:03:05.173000,Emergency Room - Other Emergency Room
58477,22,0456,15,Y,2026-05-21 14:03:05.170000,Emergency Room - Urgent Care
58477,22,0450,15,X,2026-05-21 14:03:05.163000,Emergency Room - General Classification
58477,22,0452,15,Y,2026-05-21 14:03:05.170000,Emergency Room - ER Beyond EMTALA Screening
58477,22,0451,15,Y,2026-05-21 14:03:05.167000,Emergency Room - EMTALA Emergency Medical Screening Services
58477,22,0360,15,X,2026-05-21 14:03:05.150000,Operating Room Services - General Classification
58477,22,0367,15,Y,2026-05-21 14:03:05.160000,Operating Room Services - Kidney Transplant
58477,22,0361,15,Y,2026-05-21 14:03:05.153000,Operating Room Services - Minor Surgery
58477,22,0362,15,Y,2026-05-21 14:03:05.157000,Operating Room Services - Organ Transplant - Other than Kidney
58477,22,0369,15,Z,2026-05-21 14:03:05.160000,Operating Room Services - Other OR Services
58477,22,0321,15,Y,2026-05-21 14:03:05.140000,Radiology - Diagnostic - Angiocardiography
58477,22,0323,15,Y,2026-05-21 14:03:05.143000,Radiology - Diagnostic - Arteriography
58477,22,0329,15,Z,2026-05-21 14:03:05.147000,Radiology - Diagnostic - Other Radiology - Diagnostic
58477,22,0322,15,Y,2026-05-21 14:03:05.140000,Radiology - Diagnostic - Arthrography
58477,22,0324,15,Y,2026-05-21 14:03:05.147000,Radiology - Diagnostic - Chest X-Ray
58477,22,0320,15,X,2026-05-21 14:03:05.137000,Radiology - Diagnostic - General Classification
58477,22,0760,15,X,2026-05-21 14:03:05.237000,Specialty Services - General Classification
58477,22,0762,15,Y,2026-05-21 14:03:05.240000,Specialty Services - Observation Hours
58477,22,0769,15,Z,2026-05-21 14:03:05.243000,Specialty Services - Other Specialty Services
58477,22,0761,15,Y,2026-05-21 14:03:05.240000,Specialty Services - Treatment Room
58565,52,0761,15,N,2026-08-04 19:42:56.080000,Specialty Services - Treatment Room
58565,52,0443,15,Y,2026-08-04 19:42:56.020000,Speech-Language Pathology - Group
58565,52,0444,15,Y,2026-08-04 19:42:56.023000,Speech-Language Pathology - Evaluation or Reevaluation
58565,52,0440,15,X,2026-08-04 19:42:56.017000,Speech-Language Pathology - General Classification
58565,52,0977,15,N,2026-08-04 19:42:56.080000,Professional Fees - Physical Therapy
58565,52,0982,15,N,2026-08-04 19:42:56.093000,Professional Fees - Outpatient Services
58565,52,0978,15,N,2026-08-04 19:42:56.083000,Professional Fees - Occupational Therapy
58565,52,0369,15,Z,2026-08-04 19:42:55.990000,Operating Room Services - Other OR Services
58565,52,0362,15,Y,2026-08-04 19:42:55.987000,Operating Room Services - Organ Transplant - Other than Kidney
58565,52,0424,15,Y,2026-08-04 19:42:56,Physical Therapy - Evaluation or Re-evaluation
58565,52,0420,15,X,2026-08-04 19:42:55.993000,Physical Therapy - General Classification
58565,52,0983,15,N,2026-08-04 19:42:56.100000,Professional Fees - Clinic
58565,52,0422,15,Y,2026-08-04 19:42:55.997000,Physical Therapy - Hourly
58565,52,0421,15,Y,2026-08-04 19:42:55.993000,Physical Therapy - Visit
58565,52,0429,15,Z,2026-08-04 19:42:56.003000,Physical Therapy - Other Physical Therapy
58565,52,0423,15,Y,2026-08-04 19:42:56,Physical Therapy - Group
58565,52,0361,15,Y,2026-08-04 19:42:55.983000,Operating Room Services - Minor Surgery
58565,52,0367,15,Y,2026-08-04 19:42:55.990000,Operating Room Services - Kidney Transplant
58565,52,0360,15,X,2026-08-04 19:42:55.983000,Operating Room Services - General Classification
58565,52,0433,15,Y,2026-08-04 19:42:56.010000,Occupational Therapy - Group
58565,52,0432,15,Y,2026-08-04 19:42:56.007000,Occupational Therapy - Hourly
58565,52,0430,15,X,2026-08-04 19:42:56.003000,Occupational Therapy - General Classification
58565,52,0434,15,Y,2026-08-04 19:42:56.010000,Occupational Therapy - Evaluation or Reevaluation
58565,52,0431,15,Y,2026-08-04 19:42:56.007000,Occupational Therapy - Visit
58565,52,0439,15,Z,2026-08-04 19:42:56.013000,Occupational Therapy - Other Occupational Therapy
58565,52,0451,15,Y,2026-08-04 19:42:56.030000,Emergency Room - EMTALA Emergency Medical Screening Services
58565,52,0452,15,Y,2026-08-04 19:42:56.030000,Emergency Room - ER Beyond EMTALA Screening
58565,52,0450,15,X,2026-08-04 19:42:56.027000,Emergency Room - General Classification
58565,52,0459,15,Z,2026-08-04 19:42:56.033000,Emergency Room - Other Emergency Room
58565,52,0456,15,Y,2026-08-04 19:42:56.033000,Emergency Room - Urgent Care
58565,52,0516,15,Y,2026-08-04 19:42:56.050000,Clinic - Urgent Care Clinic
58565,52,0513,15,Y,2026-08-04 19:42:56.047000,Clinic - Psychiatric Clinic
58565,52,0515,15,Y,2026-08-04 19:42:56.050000,Clinic - Pediatric Clinic
58565,52,0519,15,Z,2026-08-04 19:42:56.057000,Clinic - Other Clinic
58565,52,0490,15,X,2026-08-04 19:42:56.037000,Ambulatory Surgical Care - General Classification
58565,52,0499,15,Z,2026-08-04 19:42:56.040000,Ambulatory Surgical Care - Other Ambulatory Surgical Care
58565,52,0510,15,X,2026-08-04 19:42:56.040000,Clinic - General Classification
58565,52,0514,15,Y,2026-08-04 19:42:56.047000,Clinic - OB-GYN Clinic
58565,52,0511,15,Y,2026-08-04 19:42:56.043000,Clinic - Chronic Pain Center
58565,52,0512,15,Y,2026-08-04 19:42:56.043000,Clinic - Dental Clinic
58565,52,0517,15,Y,2026-08-04 19:42:56.053000,Clinic - Family Practice Clinic
58565,52,0520,15,X,2026-08-04 19:42:56.057000,Freestanding Clinic - General Classification
58565,52,0522,15,Y,2026-08-04 19:42:56.060000,Freestanding Clinic - Home Visit by RHC/FQHC Practitioner
58565,52,0521,15,Y,2026-08-04 19:42:56.060000,Freestanding Clinic - Clinic Visit by Member to RHC/FQHC
58565,52,0523,15,Y,2026-08-04 19:42:56.063000,Freestanding Clinic - Family Practice Clinic
58565,52,0524,15,Y,2026-08-04 19:42:56.067000,Freestanding Clinic - Visit by RHC/FQHC Practitioner to a Member in a SNF or Skilled Swing Bed in a Covered Part A Stay
58565,52,0528,15,Y,2026-08-04 19:42:56.073000,Freestanding Clinic - Visit by RHC/FQHC Practitioner to Other non-RHC/FQHC site (e.g. Scene of Accident)
58565,52,0526,15,Y,2026-08-04 19:42:56.070000,Freestanding Clinic - Urgent Care Clinic
58565,52,0525,15,Y,2026-08-04 19:42:56.067000,Freestanding Clinic - Visit by RHC/FQHC Practitioner to a Member in a SNF (not in a Covered Part A Stay) or NF or ICF MR or Other Residential Facility
58565,52,0529,15,Z,2026-08-04 19:42:56.077000,Freestanding Clinic - Other Freestanding Clinic
58565,52,0527,15,Y,2026-08-04 19:42:56.070000,Freestanding Clinic - Visiting Nurse Service(s) to a Member's Home when in a Home Health Shortage Area
58565,52,0273,15,Y,2026-08-04 19:42:55.970000,Medical/Surgical Supplies and Devices - Take Home Supplies
58565,52,0623,15,N,2026-08-04 19:42:56.077000,Medical/Surgical Supplies and Devices - Surgical Dressings
58565,52,0272,15,Y,2026-08-04 19:42:55.967000,Medical/Surgical Supplies and Devices - Sterile Supply
58565,52,0277,15,Y,2026-08-04 19:42:55.977000,Medical/Surgical Supplies and Devices - Oxygen - Take Home
58565,52,0279,15,Z,2026-08-04 19:42:55.980000,Medical/Surgical Supplies and Devices - Other Supplies/Devices
58565,52,0274,15,Y,2026-08-04 19:42:55.970000,Medical/Surgical Supplies and Devices - Prosthetic/Orthotic Devices
58565,52,0275,15,Y,2026-08-04 19:42:55.973000,Medical/Surgical Supplies and Devices - Pacemaker
58565,52,0270,15,X,2026-08-04 19:42:55.963000,Medical/Surgical Supplies and Devices - General Classification
58565,52,0276,15,Y,2026-08-04 19:42:55.973000,Medical/Surgical Supplies and Devices - Intraocular Lens
58565,52,0271,15,Y,2026-08-04 19:42:55.967000,Medical/Surgical Supplies and Devices - Non-sterile Supply
58565,52,0278,15,Y,2026-08-04 19:42:55.980000,Medical/Surgical Supplies and Devices - Other Implant
58565,52,0449,15,Z,2026-08-04 19:42:56.023000,Speech-Language Pathology - Other Speech Therapy
58565,52,0442,15,Y,2026-08-04 19:42:56.020000,Speech-Language Pathology - Hourly
58565,52,0441,15,Y,2026-08-04 19:42:56.017000,Speech-Language Pathology - Visit
58592,19,99999,15,N,2025-09-26 14:06:34.050000,Not Applicable
58801,85,99999,15,N,2026-07-10 13:49:04.403000,Not Applicable
58812,81,99999,15,N,2026-07-10 13:49:41.163000,Not Applicable
58865,24,99999,15,N,2025-10-14 13:00:31.330000,Not Applicable
58876,12,0490,15,N,2026-01-27 16:23:15.723000,Ambulatory Surgical Care - General Classification
58876,12,0360,15,N,2026-01-27 16:23:15.717000,Operating Room Services - General Classification
58876,12,0361,15,N,2026-01-27 16:23:15.720000,Operating Room Services - Minor Surgery
58893,19,99999,15,N,2026-07-14 22:42:55.487000,Not Applicable
58918,90,99999,15,N,2026-07-10 13:51:16.180000,Not Applicable
59049,16,0404,15,N,2023-11-22 12:43:44.137000,Other Imaging Services - Positron Emission Tomography
59123,28,99999,15,N,2025-01-03 19:42:36.220000,Not Applicable
59125,38,99999,15,N,2025-01-03 19:41:28.720000,Not Applicable
59154,13,0527,15,Y,2026-03-16 18:20:07.900000,Freestanding Clinic - Visiting Nurse Service(s) to a Member's Home when in a Home Health Shortage Area
59154,13,0529,15,Z,2026-03-16 18:20:07.907000,Freestanding Clinic - Other Freestanding Clinic
59154,13,0525,15,Y,2026-03-16 18:20:07.897000,Freestanding Clinic - Visit by RHC/FQHC Practitioner to a Member in a SNF (not in a Covered Part A Stay) or NF or ICF MR or Other Residential Facility
59154,13,0526,15,Y,2026-03-16 18:20:07.900000,Freestanding Clinic - Urgent Care Clinic
59154,13,0528,15,Y,2026-03-16 18:20:07.903000,Freestanding Clinic - Visit by RHC/FQHC Practitioner to Other non-RHC/FQHC site (e.g. Scene of Accident)
59154,13,0524,15,Y,2026-03-16 18:20:07.893000,Freestanding Clinic - Visit by RHC/FQHC Practitioner to a Member in a SNF or Skilled Swing Bed in a Covered Part A Stay
59154,13,0523,15,Y,2026-03-16 18:20:07.890000,Freestanding Clinic - Family Practice Clinic
59154,13,0521,15,Y,2026-03-16 18:20:07.883000,Freestanding Clinic - Clinic Visit by Member to RHC/FQHC
59154,13,0522,15,Y,2026-03-16 18:20:07.887000,Freestanding Clinic - Home Visit by RHC/FQHC Practitioner
59154,13,0520,15,X,2026-03-16 18:20:07.877000,Freestanding Clinic - General Classification
59154,13,0490,15,X,2026-03-16 18:20:07.810000,Ambulatory Surgical Care - General Classification
59154,13,0499,15,Z,2026-03-16 18:20:07.813000,Ambulatory Surgical Care - Other Ambulatory Surgical Care
59154,13,0517,15,Y,2026-03-16 18:20:07.850000,Clinic - Family Practice Clinic
59154,13,0512,15,Y,2026-03-16 18:20:07.823000,Clinic - Dental Clinic
59154,13,0511,15,Y,2026-03-16 18:20:07.820000,Clinic - Chronic Pain Center
59154,13,0514,15,Y,2026-03-16 18:20:07.830000,Clinic - OB-GYN Clinic
59154,13,0510,15,X,2026-03-16 18:20:07.817000,Clinic - General Classification
59154,13,0519,15,Z,2026-03-16 18:20:07.863000,Clinic - Other Clinic
59154,13,0515,15,Y,2026-03-16 18:20:07.830000,Clinic - Pediatric Clinic
59154,13,0513,15,Y,2026-03-16 18:20:07.827000,Clinic - Psychiatric Clinic
59154,13,0516,15,Y,2026-03-16 18:20:07.847000,Clinic - Urgent Care Clinic
59154,13,0456,15,Y,2026-03-16 18:20:07.807000,Emergency Room - Urgent Care
59154,13,0459,15,Z,2026-03-16 18:20:07.810000,Emergency Room - Other Emergency Room
59154,13,0450,15,X,2026-03-16 18:20:07.797000,Emergency Room - General Classification
59154,13,0452,15,Y,2026-03-16 18:20:07.803000,Emergency Room - ER Beyond EMTALA Screening
59154,13,0451,15,Y,2026-03-16 18:20:07.800000,Emergency Room - EMTALA Emergency Medical Screening Services
59154,13,0362,15,Y,2026-03-16 18:20:07.790000,Operating Room Services - Organ Transplant - Other than Kidney
59154,13,0369,15,Z,2026-03-16 18:20:07.793000,Operating Room Services - Other OR Services
59154,13,0361,15,Y,2026-03-16 18:20:07.787000,Operating Room Services - Minor Surgery
59154,13,0360,15,X,2026-03-16 18:20:07.783000,Operating Room Services - General Classification
59154,13,0367,15,Y,2026-03-16 18:20:07.793000,Operating Room Services - Kidney Transplant
59154,13,0323,15,Y,2026-03-16 18:20:07.773000,Radiology - Diagnostic - Arteriography
59154,13,0321,15,Y,2026-03-16 18:20:07.767000,Radiology - Diagnostic - Angiocardiography
59154,13,0761,15,Y,2026-03-16 18:20:07.910000,Specialty Services - Treatment Room
59154,13,0769,15,Z,2026-03-16 18:20:07.913000,Specialty Services - Other Specialty Services
59154,13,0762,15,Y,2026-03-16 18:20:07.913000,Specialty Services - Observation Hours
59154,13,0760,15,X,2026-03-16 18:20:07.910000,Specialty Services - General Classification
59154,13,0320,15,X,2026-03-16 18:20:07.763000,Radiology - Diagnostic - General Classification
59154,13,0324,15,Y,2026-03-16 18:20:07.777000,Radiology - Diagnostic - Chest X-Ray
59154,13,0322,15,Y,2026-03-16 18:20:07.770000,Radiology - Diagnostic - Arthrography
59154,13,0329,15,Z,2026-03-16 18:20:07.780000,Radiology - Diagnostic - Other Radiology - Diagnostic
59192,15,0329,15,Z,2024-11-08 16:43:49.900000,Radiology - Diagnostic - Other Radiology - Diagnostic
59192,15,0322,15,Y,2024-11-08 16:43:49.893000,Radiology - Diagnostic - Arthrography
59192,15,0324,15,Y,2024-11-08 16:43:49.900000,Radiology - Diagnostic - Chest X-Ray
59192,15,0320,15,X,2024-11-08 16:43:49.890000,Radiology - Diagnostic - General Classification
59192,15,0760,15,X,2024-11-08 16:43:49.967000,Specialty Services - General Classification
59192,15,0762,15,Y,2024-11-08 16:43:49.970000,Specialty Services - Observation Hours
59192,15,0769,15,Z,2024-11-08 16:43:49.973000,Specialty Services - Other Specialty Services
59192,15,0761,15,Y,2024-11-08 16:43:49.970000,Specialty Services - Treatment Room
59192,15,0321,15,Y,2024-11-08 16:43:49.893000,Radiology - Diagnostic - Angiocardiography
59192,15,0323,15,Y,2024-11-08 16:43:49.897000,Radiology - Diagnostic - Arteriography
59192,15,0367,15,Y,2024-11-08 16:43:49.910000,Operating Room Services - Kidney Transplant
59192,15,0360,15,X,2024-11-08 16:43:49.903000,Operating Room Services - General Classification
59192,15,0361,15,Y,2024-11-08 16:43:49.907000,Operating Room Services - Minor Surgery
59192,15,0369,15,Z,2024-11-08 16:43:49.913000,Operating Room Services - Other OR Services
59192,15,0362,15,Y,2024-11-08 16:43:49.910000,Operating Room Services - Organ Transplant - Other than Kidney
59192,15,0451,15,Y,2024-11-08 16:43:49.917000,Emergency Room - EMTALA Emergency Medical Screening Services
59192,15,0452,15,Y,2024-11-08 16:43:49.917000,Emergency Room - ER Beyond EMTALA Screening
59192,15,0450,15,X,2024-11-08 16:43:49.913000,Emergency Room - General Classification
59192,15,0459,15,Z,2024-11-08 16:43:49.920000,Emergency Room - Other Emergency Room
59192,15,0456,15,Y,2024-11-08 16:43:49.920000,Emergency Room - Urgent Care
59192,15,0516,15,Y,2024-11-08 16:43:49.940000,Clinic - Urgent Care Clinic
59192,15,0513,15,Y,2024-11-08 16:43:49.933000,Clinic - Psychiatric Clinic
59192,15,0515,15,Y,2024-11-08 16:43:49.940000,Clinic - Pediatric Clinic
59192,15,0519,15,Z,2024-11-08 16:43:49.943000,Clinic - Other Clinic
59192,15,0510,15,X,2024-11-08 16:43:49.927000,Clinic - General Classification
59192,15,0514,15,Y,2024-11-08 16:43:49.937000,Clinic - OB-GYN Clinic
59192,15,0511,15,Y,2024-11-08 16:43:49.930000,Clinic - Chronic Pain Center
59192,15,0512,15,Y,2024-11-08 16:43:49.933000,Clinic - Dental Clinic
59192,15,0517,15,Y,2024-11-08 16:43:49.943000,Clinic - Family Practice Clinic
59192,15,0499,15,Z,2024-11-08 16:43:49.927000,Ambulatory Surgical Care - Other Ambulatory Surgical Care
59192,15,0490,15,X,2024-11-08 16:43:49.923000,Ambulatory Surgical Care - General Classification
59192,15,0520,15,X,2024-11-08 16:43:49.947000,Freestanding Clinic - General Classification
59192,15,0522,15,Y,2024-11-08 16:43:49.950000,Freestanding Clinic - Home Visit by RHC/FQHC Practitioner
59192,15,0521,15,Y,2024-11-08 16:43:49.950000,Freestanding Clinic - Clinic Visit by Member to RHC/FQHC
59192,15,0523,15,Y,2024-11-08 16:43:49.953000,Freestanding Clinic - Family Practice Clinic
59192,15,0524,15,Y,2024-11-08 16:43:49.957000,Freestanding Clinic - Visit by RHC/FQHC Practitioner to a Member in a SNF or Skilled Swing Bed in a Covered Part A Stay
59192,15,0528,15,Y,2024-11-08 16:43:49.963000,Freestanding Clinic - Visit by RHC/FQHC Practitioner to Other non-RHC/FQHC site (e.g. Scene of Accident)
59192,15,0526,15,Y,2024-11-08 16:43:49.960000,Freestanding Clinic - Urgent Care Clinic
59192,15,0525,15,Y,2024-11-08 16:43:49.957000,Freestanding Clinic - Visit by RHC/FQHC Practitioner to a Member in a SNF (not in a Covered Part A Stay) or NF or ICF MR or Other Residential Facility
59192,15,0529,15,Z,2024-11-08 16:43:49.967000,Freestanding Clinic - Other Freestanding Clinic
59192,15,0527,15,Y,2024-11-08 16:43:49.960000,Freestanding Clinic - Visiting Nurse Service(s) to a Member's Home when in a Home Health Shortage Area
59205,3,0362,15,Y,2023-01-13 14:25:21.630000,Operating Room Services - Organ Transplant - Other than Kidney
59205,3,0369,15,Z,2023-01-13 14:25:21.633000,Operating Room Services - Other OR Services
59205,3,0361,15,Y,2023-01-13 14:25:21.630000,Operating Room Services - Minor Surgery
59205,3,0360,15,X,2023-01-13 14:25:21.630000,Operating Room Services - General Classification
59205,3,0367,15,Y,2023-01-13 14:25:21.633000,Operating Room Services - Kidney Transplant
59205,3,0323,15,Y,2023-01-13 14:25:21.623000,Radiology - Diagnostic - Arteriography
59205,3,0321,15,Y,2023-01-13 14:25:21.620000,Radiology - Diagnostic - Angiocardiography
59205,3,0320,15,X,2023-01-13 14:25:21.620000,Radiology - Diagnostic - General Classification
59205,3,0324,15,Y,2023-01-13 14:25:21.627000,Radiology - Diagnostic - Chest X-Ray
59205,3,0322,15,Y,2023-01-13 14:25:21.623000,Radiology - Diagnostic - Arthrography
59205,3,0329,15,Z,2023-01-13 14:25:21.627000,Radiology - Diagnostic - Other Radiology - Diagnostic
59233,19,0329,15,Z,2026-07-14 22:43:03.237000,Radiology - Diagnostic - Other Radiology - Diagnostic
59233,19,0322,15,Y,2026-07-14 22:43:03.237000,Radiology - Diagnostic - Arthrography
59233,19,0324,15,Y,2026-07-14 22:43:03.237000,Radiology - Diagnostic - Chest X-Ray
59233,19,0320,15,X,2026-07-14 22:43:03.237000,Radiology - Diagnostic - General Classification
59233,19,0761,15,Y,2026-07-14 22:43:03.237000,Specialty Services - Treatment Room
59233,19,0769,15,Z,2026-07-14 22:43:03.237000,Specialty Services - Other Specialty Services
59233,19,0760,15,X,2026-07-14 22:43:03.237000,Specialty Services - General Classification
59233,19,0762,15,Y,2026-07-14 22:43:03.237000,Specialty Services - Observation Hours
59233,19,0321,15,Y,2026-07-14 22:43:03.237000,Radiology - Diagnostic - Angiocardiography
59233,19,0323,15,Y,2026-07-14 22:43:03.237000,Radiology - Diagnostic - Arteriography
59233,19,0367,15,Y,2026-07-14 22:43:03.237000,Operating Room Services - Kidney Transplant
59233,19,0360,15,X,2026-07-14 22:43:03.237000,Operating Room Services - General Classification
59233,19,0361,15,Y,2026-07-14 22:43:03.237000,Operating Room Services - Minor Surgery
59233,19,0369,15,Z,2026-07-14 22:43:03.237000,Operating Room Services - Other OR Services
59233,19,0362,15,Y,2026-07-14 22:43:03.237000,Operating Room Services - Organ Transplant - Other than Kidney
59233,19,0527,15,Y,2026-07-14 22:43:03.237000,Freestanding Clinic - Visiting Nurse Service(s) to a Member's Home when in a Home Health Shortage Area
59233,19,0529,15,Z,2026-07-14 22:43:03.237000,Freestanding Clinic - Other Freestanding Clinic
59233,19,0525,15,Y,2026-07-14 22:43:03.237000,Freestanding Clinic - Visit by RHC/FQHC Practitioner to a Member in a SNF (not in a Covered Part A Stay) or NF or ICF MR or Other Residential Facility
59233,19,0526,15,Y,2026-07-14 22:43:03.237000,Freestanding Clinic - Urgent Care Clinic
59233,19,0528,15,Y,2026-07-14 22:43:03.237000,Freestanding Clinic - Visit by RHC/FQHC Practitioner to Other non-RHC/FQHC site (e.g. Scene of Accident)
59233,19,0524,15,Y,2026-07-14 22:43:03.237000,Freestanding Clinic - Visit by RHC/FQHC Practitioner to a Member in a SNF or Skilled Swing Bed in a Covered Part A Stay
59233,19,0523,15,Y,2026-07-14 22:43:03.237000,Freestanding Clinic - Family Practice Clinic
59233,19,0521,15,Y,2026-07-14 22:43:03.237000,Freestanding Clinic - Clinic Visit by Member to RHC/FQHC
59233,19,0522,15,Y,2026-07-14 22:43:03.237000,Freestanding Clinic - Home Visit by RHC/FQHC Practitioner
59233,19,0520,15,X,2026-07-14 22:43:03.237000,Freestanding Clinic - General Classification
59233,19,0490,15,X,2026-07-14 22:43:03.237000,Ambulatory Surgical Care - General Classification
59233,19,0499,15,Z,2026-07-14 22:43:03.237000,Ambulatory Surgical Care - Other Ambulatory Surgical Care
59233,19,0517,15,Y,2026-07-14 22:43:03.237000,Clinic - Family Practice Clinic
59233,19,0512,15,Y,2026-07-14 22:43:03.237000,Clinic - Dental Clinic
59233,19,0511,15,Y,2026-07-14 22:43:03.237000,Clinic - Chronic Pain Center
59233,19,0514,15,Y,2026-07-14 22:43:03.237000,Clinic - OB-GYN Clinic
59233,19,0510,15,X,2026-07-14 22:43:03.237000,Clinic - General Classification
59233,19,0519,15,Z,2026-07-14 22:43:03.237000,Clinic - Other Clinic
59233,19,0515,15,Y,2026-07-14 22:43:03.237000,Clinic - Pediatric Clinic
59233,19,0513,15,Y,2026-07-14 22:43:03.237000,Clinic - Psychiatric Clinic
59233,19,0516,15,Y,2026-07-14 22:43:03.237000,Clinic - Urgent Care Clinic
59233,19,0456,15,Y,2026-07-14 22:43:03.237000,Emergency Room - Urgent Care
59233,19,0459,15,Z,2026-07-14 22:43:03.237000,Emergency Room - Other Emergency Room
59233,19,0450,15,X,2026-07-14 22:43:03.237000,Emergency Room - General Classification
59233,19,0452,15,Y,2026-07-14 22:43:03.237000,Emergency Room - ER Beyond EMTALA Screening
59233,19,0451,15,Y,2026-07-14 22:43:03.237000,Emergency Room - EMTALA Emergency Medical Screening Services
59244,18,0451,15,Y,2026-02-23 13:14:49.693000,Emergency Room - EMTALA Emergency Medical Screening Services
59244,18,0452,15,Y,2026-02-23 13:14:49.693000,Emergency Room - ER Beyond EMTALA Screening
59244,18,0450,15,X,2026-02-23 13:14:49.693000,Emergency Room - General Classification
59244,18,0459,15,Z,2026-02-23 13:14:49.693000,Emergency Room - Other Emergency Room
59244,18,0456,15,Y,2026-02-23 13:14:49.693000,Emergency Room - Urgent Care
59244,18,0516,15,Y,2026-02-23 13:14:49.693000,Clinic - Urgent Care Clinic
59244,18,0513,15,Y,2026-02-23 13:14:49.693000,Clinic - Psychiatric Clinic
59244,18,0515,15,Y,2026-02-23 13:14:49.693000,Clinic - Pediatric Clinic
59244,18,0519,15,Z,2026-02-23 13:14:49.693000,Clinic - Other Clinic
59244,18,0510,15,X,2026-02-23 13:14:49.693000,Clinic - General Classification
59244,18,0514,15,Y,2026-02-23 13:14:49.693000,Clinic - OB-GYN Clinic
59244,18,0511,15,Y,2026-02-23 13:14:49.693000,Clinic - Chronic Pain Center
59244,18,0512,15,Y,2026-02-23 13:14:49.693000,Clinic - Dental Clinic
59244,18,0517,15,Y,2026-02-23 13:14:49.693000,Clinic - Family Practice Clinic
59244,18,0499,15,Z,2026-02-23 13:14:49.693000,Ambulatory Surgical Care - Other Ambulatory Surgical Care
59244,18,0490,15,X,2026-02-23 13:14:49.693000,Ambulatory Surgical Care - General Classification
59244,18,0520,15,X,2026-02-23 13:14:49.693000,Freestanding Clinic - General Classification
59244,18,0522,15,Y,2026-02-23 13:14:49.693000,Freestanding Clinic - Home Visit by RHC/FQHC Practitioner
59244,18,0521,15,Y,2026-02-23 13:14:49.693000,Freestanding Clinic - Clinic Visit by Member to RHC/FQHC
59244,18,0523,15,Y,2026-02-23 13:14:49.693000,Freestanding Clinic - Family Practice Clinic
59244,18,0524,15,Y,2026-02-23 13:14:49.693000,Freestanding Clinic - Visit by RHC/FQHC Practitioner to a Member in a SNF or Skilled Swing Bed in a Covered Part A Stay
59244,18,0528,15,Y,2026-02-23 13:14:49.693000,Freestanding Clinic - Visit by RHC/FQHC Practitioner to Other non-RHC/FQHC site (e.g. Scene of Accident)
59244,18,0526,15,Y,2026-02-23 13:14:49.693000,Freestanding Clinic - Urgent Care Clinic
59244,18,0525,15,Y,2026-02-23 13:14:49.693000,Freestanding Clinic - Visit by RHC/FQHC Practitioner to a Member in a SNF (not in a Covered Part A Stay) or NF or ICF MR or Other Residential Facility
59244,18,0529,15,Z,2026-02-23 13:14:49.693000,Freestanding Clinic - Other Freestanding Clinic
59244,18,0527,15,Y,2026-02-23 13:14:49.693000,Freestanding Clinic - Visiting Nurse Service(s) to a Member's Home when in a Home Health Shortage Area
59244,18,0362,15,Y,2026-02-23 13:14:49.693000,Operating Room Services - Organ Transplant - Other than Kidney
59244,18,0369,15,Z,2026-02-23 13:14:49.693000,Operating Room Services - Other OR Services
59244,18,0361,15,Y,2026-02-23 13:14:49.693000,Operating Room Services - Minor Surgery
59244,18,0360,15,X,2026-02-23 13:14:49.693000,Operating Room Services - General Classification
59244,18,0367,15,Y,2026-02-23 13:14:49.693000,Operating Room Services - Kidney Transplant
59244,18,0323,15,Y,2026-02-23 13:14:49.693000,Radiology - Diagnostic - Arteriography
59244,18,0321,15,Y,2026-02-23 13:14:49.693000,Radiology - Diagnostic - Angiocardiography
59244,18,0762,15,Y,2026-02-23 13:14:49.693000,Specialty Services - Observation Hours
59244,18,0760,15,X,2026-02-23 13:14:49.693000,Specialty Services - General Classification
59244,18,0769,15,Z,2026-02-23 13:14:49.693000,Specialty Services - Other Specialty Services
59244,18,0761,15,Y,2026-02-23 13:14:49.693000,Specialty Services - Treatment Room
59244,18,0320,15,X,2026-02-23 13:14:49.693000,Radiology - Diagnostic - General Classification
59244,18,0324,15,Y,2026-02-23 13:14:49.693000,Radiology - Diagnostic - Chest X-Ray
59244,18,0322,15,Y,2026-02-23 13:14:49.693000,Radiology - Diagnostic - Arthrography
59244,18,0329,15,Z,2026-02-23 13:14:49.693000,Radiology - Diagnostic - Other Radiology - Diagnostic
59257,11,0329,15,Z,2024-12-18 15:04:19.853000,Radiology - Diagnostic - Other Radiology - Diagnostic
59257,11,0322,15,Y,2024-12-18 15:04:19.813000,Radiology - Diagnostic - Arthrography
59257,11,0324,15,Y,2024-12-18 15:04:19.833000,Radiology - Diagnostic - Chest X-Ray
59257,11,0320,15,X,2024-12-18 15:04:19.787000,Radiology - Diagnostic - General Classification
59257,11,0761,15,Y,2024-12-18 15:04:20.200000,Specialty Services - Treatment Room
59257,11,0769,15,Z,2024-12-18 15:04:20.217000,Specialty Services - Other Specialty Services
59257,11,0760,15,X,2024-12-18 15:04:20.187000,Specialty Services - General Classification
59257,11,0762,15,Y,2024-12-18 15:04:20.210000,Specialty Services - Observation Hours
59257,11,0321,15,Y,2024-12-18 15:04:19.797000,Radiology - Diagnostic - Angiocardiography
59257,11,0323,15,Y,2024-12-18 15:04:19.820000,Radiology - Diagnostic - Arteriography
59257,11,0367,15,Y,2024-12-18 15:04:19.897000,Operating Room Services - Kidney Transplant
59257,11,0360,15,X,2024-12-18 15:04:19.860000,Operating Room Services - General Classification
59257,11,0361,15,Y,2024-12-18 15:04:19.873000,Operating Room Services - Minor Surgery
59257,11,0369,15,Z,2024-12-18 15:04:19.910000,Operating Room Services - Other OR Services
59257,11,0362,15,Y,2024-12-18 15:04:19.883000,Operating Room Services - Organ Transplant - Other than Kidney
59257,11,0527,15,Y,2024-12-18 15:04:20.140000,Freestanding Clinic - Visiting Nurse Service(s) to a Member's Home when in a Home Health Shortage Area
59257,11,0529,15,Z,2024-12-18 15:04:20.180000,Freestanding Clinic - Other Freestanding Clinic
59257,11,0525,15,Y,2024-12-18 15:04:20.120000,Freestanding Clinic - Visit by RHC/FQHC Practitioner to a Member in a SNF (not in a Covered Part A Stay) or NF or ICF MR or Other Residential Facility
59257,11,0526,15,Y,2024-12-18 15:04:20.137000,Freestanding Clinic - Urgent Care Clinic
59257,11,0528,15,Y,2024-12-18 15:04:20.170000,Freestanding Clinic - Visit by RHC/FQHC Practitioner to Other non-RHC/FQHC site (e.g. Scene of Accident)
59257,11,0524,15,Y,2024-12-18 15:04:20.113000,Freestanding Clinic - Visit by RHC/FQHC Practitioner to a Member in a SNF or Skilled Swing Bed in a Covered Part A Stay
59257,11,0523,15,Y,2024-12-18 15:04:20.103000,Freestanding Clinic - Family Practice Clinic
59257,11,0521,15,Y,2024-12-18 15:04:20.087000,Freestanding Clinic - Clinic Visit by Member to RHC/FQHC
59257,11,0522,15,Y,2024-12-18 15:04:20.093000,Freestanding Clinic - Home Visit by RHC/FQHC Practitioner
59257,11,0520,15,X,2024-12-18 15:04:20.077000,Freestanding Clinic - General Classification
59257,11,0490,15,X,2024-12-18 15:04:19.993000,Ambulatory Surgical Care - General Classification
59257,11,0499,15,Z,2024-12-18 15:04:19.997000,Ambulatory Surgical Care - Other Ambulatory Surgical Care
59257,11,0517,15,Y,2024-12-18 15:04:20.060000,Clinic - Family Practice Clinic
59257,11,0512,15,Y,2024-12-18 15:04:20.013000,Clinic - Dental Clinic
59257,11,0511,15,Y,2024-12-18 15:04:20.003000,Clinic - Chronic Pain Center
59257,11,0514,15,Y,2024-12-18 15:04:20.030000,Clinic - OB-GYN Clinic
59257,11,0510,15,X,2024-12-18 15:04:19.997000,Clinic - General Classification
59257,11,0519,15,Z,2024-12-18 15:04:20.067000,Clinic - Other Clinic
59257,11,0515,15,Y,2024-12-18 15:04:20.040000,Clinic - Pediatric Clinic
59257,11,0513,15,Y,2024-12-18 15:04:20.020000,Clinic - Psychiatric Clinic
59257,11,0516,15,Y,2024-12-18 15:04:20.050000,Clinic - Urgent Care Clinic
59257,11,0456,15,Y,2024-12-18 15:04:19.973000,Emergency Room - Urgent Care
59257,11,0459,15,Z,2024-12-18 15:04:19.987000,Emergency Room - Other Emergency Room
59257,11,0450,15,X,2024-12-18 15:04:19.927000,Emergency Room - General Classification
59257,11,0452,15,Y,2024-12-18 15:04:19.963000,Emergency Room - ER Beyond EMTALA Screening
59257,11,0451,15,Y,2024-12-18 15:04:19.947000,Emergency Room - EMTALA Emergency Medical Screening Services
59268,27,99999,15,N,2025-01-24 14:03:22.757000,Not Applicable
59270,26,99999,15,N,2025-01-24 14:03:58.983000,Not Applicable
59480,10,0527,15,Y,2025-09-18 19:56:26.270000,Freestanding Clinic - Visiting Nurse Service(s) to a Member's Home when in a Home Health Shortage Area
59480,10,0520,15,X,2025-09-18 19:56:26.253000,Freestanding Clinic - General Classification
59480,10,0522,15,Y,2025-09-18 19:56:26.260000,Freestanding Clinic - Home Visit by RHC/FQHC Practitioner
59480,10,0521,15,Y,2025-09-18 19:56:26.257000,Freestanding Clinic - Clinic Visit by Member to RHC/FQHC
59480,10,0523,15,Y,2025-09-18 19:56:26.260000,Freestanding Clinic - Family Practice Clinic
59480,10,0524,15,Y,2025-09-18 19:56:26.263000,Freestanding Clinic - Visit by RHC/FQHC Practitioner to a Member in a SNF or Skilled Swing Bed in a Covered Part A Stay
59480,10,0528,15,Y,2025-09-18 19:56:26.270000,Freestanding Clinic - Visit by RHC/FQHC Practitioner to Other non-RHC/FQHC site (e.g. Scene of Accident)
59480,10,0526,15,Y,2025-09-18 19:56:26.267000,Freestanding Clinic - Urgent Care Clinic
59480,10,0525,15,Y,2025-09-18 19:56:26.263000,Freestanding Clinic - Visit by RHC/FQHC Practitioner to a Member in a SNF (not in a Covered Part A Stay) or NF or ICF MR or Other Residential Facility
59480,10,0529,15,Z,2025-09-18 19:56:26.273000,Freestanding Clinic - Other Freestanding Clinic
59480,10,0451,15,Y,2025-09-18 19:56:26.220000,Emergency Room - EMTALA Emergency Medical Screening Services
59480,10,0452,15,Y,2025-09-18 19:56:26.220000,Emergency Room - ER Beyond EMTALA Screening
59480,10,0450,15,X,2025-09-18 19:56:26.217000,Emergency Room - General Classification
59480,10,0459,15,Z,2025-09-18 19:56:26.227000,Emergency Room - Other Emergency Room
59480,10,0456,15,Y,2025-09-18 19:56:26.223000,Emergency Room - Urgent Care
59480,10,0516,15,Y,2025-09-18 19:56:26.247000,Clinic - Urgent Care Clinic
59480,10,0513,15,Y,2025-09-18 19:56:26.240000,Clinic - Psychiatric Clinic
59480,10,0515,15,Y,2025-09-18 19:56:26.243000,Clinic - Pediatric Clinic
59480,10,0519,15,Z,2025-09-18 19:56:26.250000,Clinic - Other Clinic
59480,10,0510,15,X,2025-09-18 19:56:26.233000,Clinic - General Classification
59480,10,0514,15,Y,2025-09-18 19:56:26.243000,Clinic - OB-GYN Clinic
59480,10,0511,15,Y,2025-09-18 19:56:26.237000,Clinic - Chronic Pain Center
59480,10,0512,15,Y,2025-09-18 19:56:26.240000,Clinic - Dental Clinic
59480,10,0517,15,Y,2025-09-18 19:56:26.250000,Clinic - Family Practice Clinic
59480,10,0499,15,Z,2025-09-18 19:56:26.230000,Ambulatory Surgical Care - Other Ambulatory Surgical Care
59480,10,0490,15,X,2025-09-18 19:56:26.227000,Ambulatory Surgical Care - General Classification
59480,10,0362,15,Y,2025-09-18 19:56:26.210000,Operating Room Services - Organ Transplant - Other than Kidney
59480,10,0369,15,Z,2025-09-18 19:56:26.217000,Operating Room Services - Other OR Services
59480,10,0361,15,Y,2025-09-18 19:56:26.207000,Operating Room Services - Minor Surgery
59480,10,0360,15,X,2025-09-18 19:56:26.203000,Operating Room Services - General Classification
59480,10,0367,15,Y,2025-09-18 19:56:26.213000,Operating Room Services - Kidney Transplant
59480,10,0323,15,Y,2025-09-18 19:56:26.197000,Radiology - Diagnostic - Arteriography
59480,10,0321,15,Y,2025-09-18 19:56:26.193000,Radiology - Diagnostic - Angiocardiography
59480,10,0762,15,Y,2025-09-18 19:56:26.280000,Specialty Services - Observation Hours
59480,10,0760,15,X,2025-09-18 19:56:26.277000,Specialty Services - General Classification
59480,10,0769,15,Z,2025-09-18 19:56:26.283000,Specialty Services - Other Specialty Services
59480,10,0761,15,Y,2025-09-18 19:56:26.280000,Specialty Services - Treatment Room
59480,10,0320,15,X,2025-09-18 19:56:26.190000,Radiology - Diagnostic - General Classification
59480,10,0322,15,Y,2025-09-18 19:56:26.197000,Radiology - Diagnostic - Arthrography
59480,10,0324,15,Y,2025-09-18 19:56:26.200000,Radiology - Diagnostic - Chest X-Ray
59480,10,0329,15,Z,2025-09-18 19:56:26.203000,Radiology - Diagnostic - Other Radiology - Diagnostic
59487,15,0329,15,Z,2026-07-14 22:43:04.217000,Radiology - Diagnostic - Other Radiology - Diagnostic
59487,15,0324,15,Y,2026-07-14 22:43:04.217000,Radiology - Diagnostic - Chest X-Ray
59487,15,0322,15,Y,2026-07-14 22:43:04.217000,Radiology - Diagnostic - Arthrography
59487,15,0320,15,X,2026-07-14 22:43:04.217000,Radiology - Diagnostic - General Classification
59487,15,0761,15,Y,2026-07-14 22:43:04.217000,Specialty Services - Treatment Room
59487,15,0769,15,Z,2026-07-14 22:43:04.217000,Specialty Services - Other Specialty Services
59487,15,0760,15,X,2026-07-14 22:43:04.217000,Specialty Services - General Classification
59487,15,0762,15,Y,2026-07-14 22:43:04.217000,Specialty Services - Observation Hours
59487,15,0321,15,Y,2026-07-14 22:43:04.217000,Radiology - Diagnostic - Angiocardiography
59487,15,0323,15,Y,2026-07-14 22:43:04.217000,Radiology - Diagnostic - Arteriography
59487,15,0367,15,Y,2026-07-14 22:43:04.217000,Operating Room Services - Kidney Transplant
59487,15,0360,15,X,2026-07-14 22:43:04.217000,Operating Room Services - General Classification
59487,15,0361,15,Y,2026-07-14 22:43:04.217000,Operating Room Services - Minor Surgery
59487,15,0369,15,Z,2026-07-14 22:43:04.217000,Operating Room Services - Other OR Services
59487,15,0362,15,Y,2026-07-14 22:43:04.217000,Operating Room Services - Organ Transplant - Other than Kidney
59487,15,0490,15,X,2026-07-14 22:43:04.217000,Ambulatory Surgical Care - General Classification
59487,15,0499,15,Z,2026-07-14 22:43:04.217000,Ambulatory Surgical Care - Other Ambulatory Surgical Care
59487,15,0517,15,Y,2026-07-14 22:43:04.217000,Clinic - Family Practice Clinic
59487,15,0512,15,Y,2026-07-14 22:43:04.217000,Clinic - Dental Clinic
59487,15,0511,15,Y,2026-07-14 22:43:04.217000,Clinic - Chronic Pain Center
59487,15,0514,15,Y,2026-07-14 22:43:04.217000,Clinic - OB-GYN Clinic
59487,15,0510,15,X,2026-07-14 22:43:04.217000,Clinic - General Classification
59487,15,0519,15,Z,2026-07-14 22:43:04.217000,Clinic - Other Clinic
59487,15,0515,15,Y,2026-07-14 22:43:04.217000,Clinic - Pediatric Clinic
59487,15,0513,15,Y,2026-07-14 22:43:04.217000,Clinic - Psychiatric Clinic
59487,15,0516,15,Y,2026-07-14 22:43:04.217000,Clinic - Urgent Care Clinic
59487,15,0456,15,Y,2026-07-14 22:43:04.217000,Emergency Room - Urgent Care
59487,15,0459,15,Z,2026-07-14 22:43:04.217000,Emergency Room - Other Emergency Room
59487,15,0450,15,X,2026-07-14 22:43:04.217000,Emergency Room - General Classification
59487,15,0452,15,Y,2026-07-14 22:43:04.217000,Emergency Room - ER Beyond EMTALA Screening
59487,15,0451,15,Y,2026-07-14 22:43:04.217000,Emergency Room - EMTALA Emergency Medical Screening Services
59487,15,0529,15,Z,2026-07-14 22:43:04.217000,Freestanding Clinic - Other Freestanding Clinic
59487,15,0525,15,Y,2026-07-14 22:43:04.217000,Freestanding Clinic - Visit by RHC/FQHC Practitioner to a Member in a SNF (not in a Covered Part A Stay) or NF or ICF MR or Other Residential Facility
59487,15,0526,15,Y,2026-07-14 22:43:04.217000,Freestanding Clinic - Urgent Care Clinic
59487,15,0528,15,Y,2026-07-14 22:43:04.217000,Freestanding Clinic - Visit by RHC/FQHC Practitioner to Other non-RHC/FQHC site (e.g. Scene of Accident)
59487,15,0524,15,Y,2026-07-14 22:43:04.217000,Freestanding Clinic - Visit by RHC/FQHC Practitioner to a Member in a SNF or Skilled Swing Bed in a Covered Part A Stay
59487,15,0523,15,Y,2026-07-14 22:43:04.217000,Freestanding Clinic - Family Practice Clinic
59487,15,0521,15,Y,2026-07-14 22:43:04.217000,Freestanding Clinic - Clinic Visit by Member to RHC/FQHC
59487,15,0522,15,Y,2026-07-14 22:43:04.217000,Freestanding Clinic - Home Visit by RHC/FQHC Practitioner
59487,15,0520,15,X,2026-07-14 22:43:04.217000,Freestanding Clinic - General Classification
59487,15,0527,15,Y,2026-07-14 22:43:04.217000,Freestanding Clinic - Visiting Nurse Service(s) to a Member's Home when in a Home Health Shortage Area
59491,7,99999,15,N,2023-07-21 14:46:30.070000,Not Applicable
59498,10,0527,15,Y,2026-01-27 16:44:14.427000,Freestanding Clinic - Visiting Nurse Service(s) to a Member's Home when in a Home Health Shortage Area
59498,10,0520,15,X,2026-01-27 16:44:14.413000,Freestanding Clinic - General Classification
59498,10,0522,15,Y,2026-01-27 16:44:14.417000,Freestanding Clinic - Home Visit by RHC/FQHC Practitioner
59498,10,0521,15,Y,2026-01-27 16:44:14.413000,Freestanding Clinic - Clinic Visit by Member to RHC/FQHC
59498,10,0523,15,Y,2026-01-27 16:44:14.420000,Freestanding Clinic - Family Practice Clinic
59498,10,0524,15,Y,2026-01-27 16:44:14.420000,Freestanding Clinic - Visit by RHC/FQHC Practitioner to a Member in a SNF or Skilled Swing Bed in a Covered Part A Stay
59498,10,0528,15,Y,2026-01-27 16:44:14.430000,Freestanding Clinic - Visit by RHC/FQHC Practitioner to Other non-RHC/FQHC site (e.g. Scene of Accident)
59498,10,0526,15,Y,2026-01-27 16:44:14.423000,Freestanding Clinic - Urgent Care Clinic
59498,10,0525,15,Y,2026-01-27 16:44:14.423000,Freestanding Clinic - Visit by RHC/FQHC Practitioner to a Member in a SNF (not in a Covered Part A Stay) or NF or ICF MR or Other Residential Facility
59498,10,0529,15,Z,2026-01-27 16:44:14.430000,Freestanding Clinic - Other Freestanding Clinic
59498,10,0451,15,Y,2026-01-27 16:44:14.380000,Emergency Room - EMTALA Emergency Medical Screening Services
59498,10,0452,15,Y,2026-01-27 16:44:14.383000,Emergency Room - ER Beyond EMTALA Screening
59498,10,0450,15,X,2026-01-27 16:44:14.380000,Emergency Room - General Classification
59498,10,0459,15,Z,2026-01-27 16:44:14.387000,Emergency Room - Other Emergency Room
59498,10,0456,15,Y,2026-01-27 16:44:14.383000,Emergency Room - Urgent Care
59498,10,0513,15,Y,2026-01-27 16:44:14.400000,Clinic - Psychiatric Clinic
59498,10,0516,15,Y,2026-01-27 16:44:14.407000,Clinic - Urgent Care Clinic
59498,10,0515,15,Y,2026-01-27 16:44:14.403000,Clinic - Pediatric Clinic
59498,10,0519,15,Z,2026-01-27 16:44:14.410000,Clinic - Other Clinic
59498,10,0510,15,X,2026-01-27 16:44:14.393000,Clinic - General Classification
59498,10,0514,15,Y,2026-01-27 16:44:14.400000,Clinic - OB-GYN Clinic
59498,10,0511,15,Y,2026-01-27 16:44:14.397000,Clinic - Chronic Pain Center
59498,10,0512,15,Y,2026-01-27 16:44:14.397000,Clinic - Dental Clinic
59498,10,0517,15,Y,2026-01-27 16:44:14.407000,Clinic - Family Practice Clinic
59498,10,0499,15,Z,2026-01-27 16:44:14.390000,Ambulatory Surgical Care - Other Ambulatory Surgical Care
59498,10,0490,15,X,2026-01-27 16:44:14.390000,Ambulatory Surgical Care - General Classification
59498,10,0362,15,Y,2026-01-27 16:44:14.370000,Operating Room Services - Organ Transplant - Other than Kidney
59498,10,0369,15,Z,2026-01-27 16:44:14.377000,Operating Room Services - Other OR Services
59498,10,0361,15,Y,2026-01-27 16:44:14.370000,Operating Room Services - Minor Surgery
59498,10,0360,15,X,2026-01-27 16:44:14.370000,Operating Room Services - General Classification
59498,10,0367,15,Y,2026-01-27 16:44:14.373000,Operating Room Services - Kidney Transplant
59498,10,0323,15,Y,2026-01-27 16:44:14.360000,Radiology - Diagnostic - Arteriography
59498,10,0321,15,Y,2026-01-27 16:44:14.357000,Radiology - Diagnostic - Angiocardiography
59498,10,0762,15,Y,2026-01-27 16:44:14.437000,Specialty Services - Observation Hours
59498,10,0760,15,X,2026-01-27 16:44:14.433000,Specialty Services - General Classification
59498,10,0769,15,Z,2026-01-27 16:44:14.440000,Specialty Services - Other Specialty Services
59498,10,0761,15,Y,2026-01-27 16:44:14.433000,Specialty Services - Treatment Room
59498,10,0320,15,X,2026-01-27 16:44:14.357000,Radiology - Diagnostic - General Classification
59498,10,0322,15,Y,2026-01-27 16:44:14.360000,Radiology - Diagnostic - Arthrography
59498,10,0324,15,Y,2026-01-27 16:44:14.363000,Radiology - Diagnostic - Chest X-Ray
59498,10,0329,15,Z,2026-01-27 16:44:14.367000,Radiology - Diagnostic - Other Radiology - Diagnostic
59553,11,0329,15,Z,2026-01-22 20:10:15.723000,Radiology - Diagnostic - Other Radiology - Diagnostic
59553,11,0324,15,Y,2026-01-22 20:10:15.703000,Radiology - Diagnostic - Chest X-Ray
59553,11,0322,15,Y,2026-01-22 20:10:15.700000,Radiology - Diagnostic - Arthrography
59553,11,0320,15,X,2026-01-22 20:10:15.693000,Radiology - Diagnostic - General Classification
59553,11,0761,15,Y,2026-01-22 20:10:15.813000,Specialty Services - Treatment Room
59553,11,0769,15,Z,2026-01-22 20:10:15.820000,Specialty Services - Other Specialty Services
59553,11,0760,15,X,2026-01-22 20:10:15.810000,Specialty Services - General Classification
59553,11,0762,15,Y,2026-01-22 20:10:15.817000,Specialty Services - Observation Hours
59553,11,0321,15,Y,2026-01-22 20:10:15.697000,Radiology - Diagnostic - Angiocardiography
59553,11,0323,15,Y,2026-01-22 20:10:15.703000,Radiology - Diagnostic - Arteriography
59553,11,0367,15,Y,2026-01-22 20:10:15.733000,Operating Room Services - Kidney Transplant
59553,11,0360,15,X,2026-01-22 20:10:15.727000,Operating Room Services - General Classification
59553,11,0361,15,Y,2026-01-22 20:10:15.730000,Operating Room Services - Minor Surgery
59553,11,0362,15,Y,2026-01-22 20:10:15.730000,Operating Room Services - Organ Transplant - Other than Kidney
59553,11,0369,15,Z,2026-01-22 20:10:15.737000,Operating Room Services - Other OR Services
59553,11,0490,15,X,2026-01-22 20:10:15.753000,Ambulatory Surgical Care - General Classification
59553,11,0499,15,Z,2026-01-22 20:10:15.757000,Ambulatory Surgical Care - Other Ambulatory Surgical Care
59553,11,0517,15,Y,2026-01-22 20:10:15.780000,Clinic - Family Practice Clinic
59553,11,0512,15,Y,2026-01-22 20:10:15.767000,Clinic - Dental Clinic
59553,11,0511,15,Y,2026-01-22 20:10:15.763000,Clinic - Chronic Pain Center
59553,11,0514,15,Y,2026-01-22 20:10:15.770000,Clinic - OB-GYN Clinic
59553,11,0510,15,X,2026-01-22 20:10:15.760000,Clinic - General Classification
59553,11,0519,15,Z,2026-01-22 20:10:15.780000,Clinic - Other Clinic
59553,11,0515,15,Y,2026-01-22 20:10:15.773000,Clinic - Pediatric Clinic
59553,11,0516,15,Y,2026-01-22 20:10:15.777000,Clinic - Urgent Care Clinic
59553,11,0513,15,Y,2026-01-22 20:10:15.770000,Clinic - Psychiatric Clinic
59553,11,0456,15,Y,2026-01-22 20:10:15.750000,Emergency Room - Urgent Care
59553,11,0459,15,Z,2026-01-22 20:10:15.753000,Emergency Room - Other Emergency Room
59553,11,0450,15,X,2026-01-22 20:10:15.740000,Emergency Room - General Classification
59553,11,0452,15,Y,2026-01-22 20:10:15.747000,Emergency Room - ER Beyond EMTALA Screening
59553,11,0451,15,Y,2026-01-22 20:10:15.743000,Emergency Room - EMTALA Emergency Medical Screening Services
59553,11,0529,15,Z,2026-01-22 20:10:15.810000,Freestanding Clinic - Other Freestanding Clinic
59553,11,0525,15,Y,2026-01-22 20:10:15.800000,Freestanding Clinic - Visit by RHC/FQHC Practitioner to a Member in a SNF (not in a Covered Part A Stay) or NF or ICF MR or Other Residential Facility
59553,11,0526,15,Y,2026-01-22 20:10:15.800000,Freestanding Clinic - Urgent Care Clinic
59553,11,0528,15,Y,2026-01-22 20:10:15.807000,Freestanding Clinic - Visit by RHC/FQHC Practitioner to Other non-RHC/FQHC site (e.g. Scene of Accident)
59553,11,0524,15,Y,2026-01-22 20:10:15.797000,Freestanding Clinic - Visit by RHC/FQHC Practitioner to a Member in a SNF or Skilled Swing Bed in a Covered Part A Stay
59553,11,0523,15,Y,2026-01-22 20:10:15.793000,Freestanding Clinic - Family Practice Clinic
59553,11,0521,15,Y,2026-01-22 20:10:15.787000,Freestanding Clinic - Clinic Visit by Member to RHC/FQHC
59553,11,0522,15,Y,2026-01-22 20:10:15.790000,Freestanding Clinic - Home Visit by RHC/FQHC Practitioner
59553,11,0520,15,X,2026-01-22 20:10:15.783000,Freestanding Clinic - General Classification
59553,11,0527,15,Y,2026-01-22 20:10:15.803000,Freestanding Clinic - Visiting Nurse Service(s) to a Member's Home when in a Home Health Shortage Area
59608,32,0369,15,Z,2026-04-04 15:22:20.187000,Operating Room Services - Other OR Services
59608,32,0362,15,Y,2026-04-04 15:22:20.180000,Operating Room Services - Organ Transplant - Other than Kidney
59608,32,0361,15,Y,2026-04-04 15:22:20.177000,Operating Room Services - Minor Surgery
59608,32,0360,15,X,2026-04-04 15:22:20.173000,Operating Room Services - General Classification
59608,32,0367,15,Y,2026-04-04 15:22:20.183000,Operating Room Services - Kidney Transplant
59608,32,0323,15,Y,2026-04-04 15:22:20.167000,Radiology - Diagnostic - Arteriography
59608,32,0321,15,Y,2026-04-04 15:22:20.160000,Radiology - Diagnostic - Angiocardiography
59608,32,0320,15,X,2026-04-04 15:22:20.160000,Radiology - Diagnostic - General Classification
59608,32,0322,15,Y,2026-04-04 15:22:20.163000,Radiology - Diagnostic - Arthrography
59608,32,0324,15,Y,2026-04-04 15:22:20.170000,Radiology - Diagnostic - Chest X-Ray
59608,32,0329,15,Z,2026-04-04 15:22:20.170000,Radiology - Diagnostic - Other Radiology - Diagnostic
59624,19,0329,15,Z,2026-03-30 15:54:26.687000,Radiology - Diagnostic - Other Radiology - Diagnostic
59624,19,0324,15,Y,2026-03-30 15:54:26.683000,Radiology - Diagnostic - Chest X-Ray
59624,19,0322,15,Y,2026-03-30 15:54:26.677000,Radiology - Diagnostic - Arthrography
59624,19,0320,15,X,2026-03-30 15:54:26.660000,Radiology - Diagnostic - General Classification
59624,19,0321,15,Y,2026-03-30 15:54:26.673000,Radiology - Diagnostic - Angiocardiography
59624,19,0323,15,Y,2026-03-30 15:54:26.680000,Radiology - Diagnostic - Arteriography
59624,19,0367,15,Y,2026-03-30 15:54:26.710000,Operating Room Services - Kidney Transplant
59624,19,0360,15,X,2026-03-30 15:54:26.690000,Operating Room Services - General Classification
59624,19,0361,15,Y,2026-03-30 15:54:26.700000,Operating Room Services - Minor Surgery
59624,19,0362,15,Y,2026-03-30 15:54:26.703000,Operating Room Services - Organ Transplant - Other than Kidney
59624,19,0369,15,Z,2026-03-30 15:54:26.713000,Operating Room Services - Other OR Services
59634,10,0369,15,Z,2026-04-02 13:25:16.780000,Operating Room Services - Other OR Services
59634,10,0362,15,Y,2026-04-02 13:25:16.777000,Operating Room Services - Organ Transplant - Other than Kidney
59634,10,0361,15,Y,2026-04-02 13:25:16.773000,Operating Room Services - Minor Surgery
59634,10,0367,15,Y,2026-04-02 13:25:16.780000,Operating Room Services - Kidney Transplant
59634,10,0360,15,X,2026-04-02 13:25:16.770000,Operating Room Services - General Classification
59634,10,0323,15,Y,2026-04-02 13:25:16.767000,Radiology - Diagnostic - Arteriography
59634,10,0321,15,Y,2026-04-02 13:25:16.760000,Radiology - Diagnostic - Angiocardiography
59634,10,0320,15,X,2026-04-02 13:25:16.757000,Radiology - Diagnostic - General Classification
59634,10,0322,15,Y,2026-04-02 13:25:16.763000,Radiology - Diagnostic - Arthrography
59634,10,0324,15,Y,2026-04-02 13:25:16.767000,Radiology - Diagnostic - Chest X-Ray
59634,10,0329,15,Z,2026-04-02 13:25:16.770000,Radiology - Diagnostic - Other Radiology - Diagnostic
59664,17,0329,15,Z,2026-05-21 13:59:57.967000,Radiology - Diagnostic - Other Radiology - Diagnostic
59664,17,0324,15,Y,2026-05-21 13:59:57.963000,Radiology - Diagnostic - Chest X-Ray
59664,17,0322,15,Y,2026-05-21 13:59:57.960000,Radiology - Diagnostic - Arthrography
59664,17,0320,15,X,2026-05-21 13:59:57.957000,Radiology - Diagnostic - General Classification
59664,17,0321,15,Y,2026-05-21 13:59:57.957000,Radiology - Diagnostic - Angiocardiography
59664,17,0323,15,Y,2026-05-21 13:59:57.960000,Radiology - Diagnostic - Arteriography
59664,17,0360,15,X,2026-05-21 13:59:57.970000,Operating Room Services - General Classification
59664,17,0367,15,Y,2026-05-21 13:59:57.977000,Operating Room Services - Kidney Transplant
59664,17,0361,15,Y,2026-05-21 13:59:57.970000,Operating Room Services - Minor Surgery
59664,17,0362,15,Y,2026-05-21 13:59:57.973000,Operating Room Services - Organ Transplant - Other than Kidney
59664,17,0369,15,Z,2026-05-21 13:59:57.983000,Operating Room Services - Other OR Services
59668,29,99999,15,N,2026-04-24 14:05:55.160000,Not Applicable
59674,18,99999,15,N,2026-04-24 14:06:43.640000,Not Applicable
59764,16,99999,15,N,2026-01-23 14:18:48.913000,Not Applicable
59766,29,99999,15,N,2026-01-23 14:11:37.823000,Not Applicable
59807,8,0451,15,Y,2026-07-27 12:14:38.943000,Emergency Room - EMTALA Emergency Medical Screening Services
59807,8,0452,15,Y,2026-07-27 12:14:38.943000,Emergency Room - ER Beyond EMTALA Screening
59807,8,0450,15,X,2026-07-27 12:14:38.940000,Emergency Room - General Classification
59807,8,0459,15,Z,2026-07-27 12:14:38.950000,Emergency Room - Other Emergency Room
59807,8,0456,15,Y,2026-07-27 12:14:38.947000,Emergency Room - Urgent Care
59807,8,0499,15,Z,2026-07-27 12:14:38.953000,Ambulatory Surgical Care - Other Ambulatory Surgical Care
59807,8,0490,15,X,2026-07-27 12:14:38.950000,Ambulatory Surgical Care - General Classification
59807,8,0369,15,Z,2026-07-27 12:14:38.937000,Operating Room Services - Other OR Services
59807,8,0362,15,Y,2026-07-27 12:14:38.933000,Operating Room Services - Organ Transplant - Other than Kidney
59807,8,0361,15,Y,2026-07-27 12:14:38.930000,Operating Room Services - Minor Surgery
59807,8,0367,15,Y,2026-07-27 12:14:38.933000,Operating Room Services - Kidney Transplant
59807,8,0360,15,X,2026-07-27 12:14:38.927000,Operating Room Services - General Classification
59807,8,0760,15,X,2026-07-27 12:14:38.957000,Specialty Services - General Classification
59807,8,0762,15,Y,2026-07-27 12:14:38.960000,Specialty Services - Observation Hours
59807,8,0769,15,Z,2026-07-27 12:14:38.963000,Specialty Services - Other Specialty Services
59807,8,0761,15,Y,2026-07-27 12:14:38.960000,Specialty Services - Treatment Room
59915,27,99999,15,N,2026-07-15 21:12:16.703000,Not Applicable
59933,9,99999,15,N,2024-10-04 15:29:35.883000,Not Applicable
59940,5,99999,15,N,2024-10-04 15:30:23.047000,Not Applicable
60195,4,99999,15,N,2025-05-22 20:22:10.470000,Not Applicable
60196,4,99999,15,N,2025-05-22 20:22:41.950000,Not Applicable
60295,3,0527,15,Y,2025-09-17 13:30:49.100000,Freestanding Clinic - Visiting Nurse Service(s) to a Member's Home when in a Home Health Shortage Area
60295,3,0520,15,X,2025-09-17 13:30:49.083000,Freestanding Clinic - General Classification
60295,3,0522,15,Y,2025-09-17 13:30:49.087000,Freestanding Clinic - Home Visit by RHC/FQHC Practitioner
60295,3,0521,15,Y,2025-09-17 13:30:49.087000,Freestanding Clinic - Clinic Visit by Member to RHC/FQHC
60295,3,0523,15,Y,2025-09-17 13:30:49.090000,Freestanding Clinic - Family Practice Clinic
60295,3,0524,15,Y,2025-09-17 13:30:49.093000,Freestanding Clinic - Visit by RHC/FQHC Practitioner to a Member in a SNF or Skilled Swing Bed in a Covered Part A Stay
60295,3,0528,15,Y,2025-09-17 13:30:49.100000,Freestanding Clinic - Visit by RHC/FQHC Practitioner to Other non-RHC/FQHC site (e.g. Scene of Accident)
60295,3,0526,15,Y,2025-09-17 13:30:49.097000,Freestanding Clinic - Urgent Care Clinic
60295,3,0525,15,Y,2025-09-17 13:30:49.093000,Freestanding Clinic - Visit by RHC/FQHC Practitioner to a Member in a SNF (not in a Covered Part A Stay) or NF or ICF MR or Other Residential Facility
60295,3,0529,15,Z,2025-09-17 13:30:49.103000,Freestanding Clinic - Other Freestanding Clinic
60295,3,0490,15,X,2025-09-17 13:30:49.060000,Ambulatory Surgical Care - General Classification
60295,3,0499,15,Z,2025-09-17 13:30:49.060000,Ambulatory Surgical Care - Other Ambulatory Surgical Care
60295,3,0511,15,Y,2025-09-17 13:30:49.067000,Clinic - Chronic Pain Center
60295,3,0510,15,X,2025-09-17 13:30:49.063000,Clinic - General Classification
60295,3,0514,15,Y,2025-09-17 13:30:49.073000,Clinic - OB-GYN Clinic
60295,3,0512,15,Y,2025-09-17 13:30:49.070000,Clinic - Dental Clinic
60295,3,0517,15,Y,2025-09-17 13:30:49.080000,Clinic - Family Practice Clinic
60295,3,0456,15,Y,2025-09-17 13:30:49.053000,Emergency Room - Urgent Care
60295,3,0459,15,Z,2025-09-17 13:30:49.057000,Emergency Room - Other Emergency Room
60295,3,0450,15,X,2025-09-17 13:30:49.047000,Emergency Room - General Classification
60295,3,0452,15,Y,2025-09-17 13:30:49.050000,Emergency Room - ER Beyond EMTALA Screening
60295,3,0451,15,Y,2025-09-17 13:30:49.050000,Emergency Room - EMTALA Emergency Medical Screening Services
60295,3,0513,15,Y,2025-09-17 13:30:49.070000,Clinic - Psychiatric Clinic
60295,3,0516,15,Y,2025-09-17 13:30:49.077000,Clinic - Urgent Care Clinic
60295,3,0515,15,Y,2025-09-17 13:30:49.077000,Clinic - Pediatric Clinic
60295,3,0519,15,Z,2025-09-17 13:30:49.080000,Clinic - Other Clinic
60295,3,0761,15,Y,2025-09-17 13:30:49.110000,Specialty Services - Treatment Room
60295,3,0769,15,Z,2025-09-17 13:30:49.113000,Specialty Services - Other Specialty Services
60295,3,0762,15,Y,2025-09-17 13:30:49.110000,Specialty Services - Observation Hours
60295,3,0760,15,X,2025-09-17 13:30:49.107000,Specialty Services - General Classification
60295,3,0329,15,Z,2025-09-17 13:30:49.030000,Radiology - Diagnostic - Other Radiology - Diagnostic
60295,3,0320,15,X,2025-09-17 13:30:49.020000,Radiology - Diagnostic - General Classification
60295,3,0322,15,Y,2025-09-17 13:30:49.023000,Radiology - Diagnostic - Arthrography
60295,3,0324,15,Y,2025-09-17 13:30:49.030000,Radiology - Diagnostic - Chest X-Ray
60295,3,0323,15,Y,2025-09-17 13:30:49.027000,Radiology - Diagnostic - Arteriography
60295,3,0321,15,Y,2025-09-17 13:30:49.020000,Radiology - Diagnostic - Angiocardiography
60295,3,0360,15,X,2025-09-17 13:30:49.033000,Operating Room Services - General Classification
60295,3,0367,15,Y,2025-09-17 13:30:49.043000,Operating Room Services - Kidney Transplant
60295,3,0361,15,Y,2025-09-17 13:30:49.037000,Operating Room Services - Minor Surgery
60295,3,0362,15,Y,2025-09-17 13:30:49.040000,Operating Room Services - Organ Transplant - Other than Kidney
60295,3,0369,15,Z,2025-09-17 13:30:49.047000,Operating Room Services - Other OR Services
60297,3,0369,15,Z,2025-09-19 13:12:08.937000,Operating Room Services - Other OR Services
60297,3,0362,15,Y,2025-09-19 13:12:08.933000,Operating Room Services - Organ Transplant - Other than Kidney
60297,3,0361,15,Y,2025-09-19 13:12:08.930000,Operating Room Services - Minor Surgery
60297,3,0367,15,Y,2025-09-19 13:12:08.937000,Operating Room Services - Kidney Transplant
60297,3,0360,15,X,2025-09-19 13:12:08.930000,Operating Room Services - General Classification
60297,3,0321,15,Y,2025-09-19 13:12:08.917000,Radiology - Diagnostic - Angiocardiography
60297,3,0323,15,Y,2025-09-19 13:12:08.920000,Radiology - Diagnostic - Arteriography
60297,3,0324,15,Y,2025-09-19 13:12:08.923000,Radiology - Diagnostic - Chest X-Ray
60297,3,0322,15,Y,2025-09-19 13:12:08.920000,Radiology - Diagnostic - Arthrography
60297,3,0320,15,X,2025-09-19 13:12:08.900000,Radiology - Diagnostic - General Classification
60297,3,0329,15,Z,2025-09-19 13:12:08.927000,Radiology - Diagnostic - Other Radiology - Diagnostic
60297,3,0760,15,X,2025-09-19 13:12:08.997000,Specialty Services - General Classification
60297,3,0762,15,Y,2025-09-19 13:12:09,Specialty Services - Observation Hours
60297,3,0769,15,Z,2025-09-19 13:12:09,Specialty Services - Other Specialty Services
60297,3,0761,15,Y,2025-09-19 13:12:08.997000,Specialty Services - Treatment Room
60297,3,0519,15,Z,2025-09-19 13:12:08.970000,Clinic - Other Clinic
60297,3,0515,15,Y,2025-09-19 13:12:08.967000,Clinic - Pediatric Clinic
60297,3,0516,15,Y,2025-09-19 13:12:08.967000,Clinic - Urgent Care Clinic
60297,3,0513,15,Y,2025-09-19 13:12:08.960000,Clinic - Psychiatric Clinic
60297,3,0451,15,Y,2025-09-19 13:12:08.943000,Emergency Room - EMTALA Emergency Medical Screening Services
60297,3,0452,15,Y,2025-09-19 13:12:08.943000,Emergency Room - ER Beyond EMTALA Screening
60297,3,0450,15,X,2025-09-19 13:12:08.940000,Emergency Room - General Classification
60297,3,0459,15,Z,2025-09-19 13:12:08.950000,Emergency Room - Other Emergency Room
60297,3,0456,15,Y,2025-09-19 13:12:08.947000,Emergency Room - Urgent Care
60297,3,0517,15,Y,2025-09-19 13:12:08.970000,Clinic - Family Practice Clinic
60297,3,0512,15,Y,2025-09-19 13:12:08.960000,Clinic - Dental Clinic
60297,3,0514,15,Y,2025-09-19 13:12:08.963000,Clinic - OB-GYN Clinic
60297,3,0510,15,X,2025-09-19 13:12:08.953000,Clinic - General Classification
60297,3,0511,15,Y,2025-09-19 13:12:08.957000,Clinic - Chronic Pain Center
60297,3,0499,15,Z,2025-09-19 13:12:08.953000,Ambulatory Surgical Care - Other Ambulatory Surgical Care
60297,3,0490,15,X,2025-09-19 13:12:08.950000,Ambulatory Surgical Care - General Classification
60297,3,0529,15,Z,2025-09-19 13:12:08.993000,Freestanding Clinic - Other Freestanding Clinic
60297,3,0525,15,Y,2025-09-19 13:12:08.983000,Freestanding Clinic - Visit by RHC/FQHC Practitioner to a Member in a SNF (not in a Covered Part A Stay) or NF or ICF MR or Other Residential Facility
60297,3,0526,15,Y,2025-09-19 13:12:08.987000,Freestanding Clinic - Urgent Care Clinic
60297,3,0528,15,Y,2025-09-19 13:12:08.990000,Freestanding Clinic - Visit by RHC/FQHC Practitioner to Other non-RHC/FQHC site (e.g. Scene of Accident)
60297,3,0524,15,Y,2025-09-19 13:12:08.983000,Freestanding Clinic - Visit by RHC/FQHC Practitioner to a Member in a SNF or Skilled Swing Bed in a Covered Part A Stay
60297,3,0523,15,Y,2025-09-19 13:12:08.980000,Freestanding Clinic - Family Practice Clinic
60297,3,0521,15,Y,2025-09-19 13:12:08.977000,Freestanding Clinic - Clinic Visit by Member to RHC/FQHC
60297,3,0522,15,Y,2025-09-19 13:12:08.977000,Freestanding Clinic - Home Visit by RHC/FQHC Practitioner
60297,3,0520,15,X,2025-09-19 13:12:08.973000,Freestanding Clinic - General Classification
60297,3,0527,15,Y,2025-09-19 13:12:08.990000,Freestanding Clinic - Visiting Nurse Service(s) to a Member's Home when in a Home Health Shortage Area
60299,3,0527,15,Y,2025-09-16 18:35:54.557000,Freestanding Clinic - Visiting Nurse Service(s) to a Member's Home when in a Home Health Shortage Area
60299,3,0520,15,X,2025-09-16 18:35:54.543000,Freestanding Clinic - General Classification
60299,3,0522,15,Y,2025-09-16 18:35:54.547000,Freestanding Clinic - Home Visit by RHC/FQHC Practitioner
60299,3,0521,15,Y,2025-09-16 18:35:54.543000,Freestanding Clinic - Clinic Visit by Member to RHC/FQHC
60299,3,0523,15,Y,2025-09-16 18:35:54.550000,Freestanding Clinic - Family Practice Clinic
60299,3,0524,15,Y,2025-09-16 18:35:54.550000,Freestanding Clinic - Visit by RHC/FQHC Practitioner to a Member in a SNF or Skilled Swing Bed in a Covered Part A Stay
60299,3,0528,15,Y,2025-09-16 18:35:54.560000,Freestanding Clinic - Visit by RHC/FQHC Practitioner to Other non-RHC/FQHC site (e.g. Scene of Accident)
60299,3,0526,15,Y,2025-09-16 18:35:54.557000,Freestanding Clinic - Urgent Care Clinic
60299,3,0525,15,Y,2025-09-16 18:35:54.553000,Freestanding Clinic - Visit by RHC/FQHC Practitioner to a Member in a SNF (not in a Covered Part A Stay) or NF or ICF MR or Other Residential Facility
60299,3,0529,15,Z,2025-09-16 18:35:54.563000,Freestanding Clinic - Other Freestanding Clinic
60299,3,0490,15,X,2025-09-16 18:35:54.520000,Ambulatory Surgical Care - General Classification
60299,3,0499,15,Z,2025-09-16 18:35:54.520000,Ambulatory Surgical Care - Other Ambulatory Surgical Care
60299,3,0511,15,Y,2025-09-16 18:35:54.523000,Clinic - Chronic Pain Center
60299,3,0510,15,X,2025-09-16 18:35:54.523000,Clinic - General Classification
60299,3,0514,15,Y,2025-09-16 18:35:54.530000,Clinic - OB-GYN Clinic
60299,3,0512,15,Y,2025-09-16 18:35:54.527000,Clinic - Dental Clinic
60299,3,0517,15,Y,2025-09-16 18:35:54.537000,Clinic - Family Practice Clinic
60299,3,0456,15,Y,2025-09-16 18:35:54.513000,Emergency Room - Urgent Care
60299,3,0459,15,Z,2025-09-16 18:35:54.517000,Emergency Room - Other Emergency Room
60299,3,0450,15,X,2025-09-16 18:35:54.507000,Emergency Room - General Classification
60299,3,0452,15,Y,2025-09-16 18:35:54.510000,Emergency Room - ER Beyond EMTALA Screening
60299,3,0451,15,Y,2025-09-16 18:35:54.510000,Emergency Room - EMTALA Emergency Medical Screening Services
60299,3,0513,15,Y,2025-09-16 18:35:54.530000,Clinic - Psychiatric Clinic
60299,3,0516,15,Y,2025-09-16 18:35:54.537000,Clinic - Urgent Care Clinic
60299,3,0515,15,Y,2025-09-16 18:35:54.533000,Clinic - Pediatric Clinic
60299,3,0519,15,Z,2025-09-16 18:35:54.540000,Clinic - Other Clinic
60299,3,0761,15,Y,2025-09-16 18:35:54.567000,Specialty Services - Treatment Room
60299,3,0769,15,Z,2025-09-16 18:35:54.570000,Specialty Services - Other Specialty Services
60299,3,0762,15,Y,2025-09-16 18:35:54.570000,Specialty Services - Observation Hours
60299,3,0760,15,X,2025-09-16 18:35:54.563000,Specialty Services - General Classification
60299,3,0329,15,Z,2025-09-16 18:35:54.490000,Radiology - Diagnostic - Other Radiology - Diagnostic
60299,3,0320,15,X,2025-09-16 18:35:54.480000,Radiology - Diagnostic - General Classification
60299,3,0322,15,Y,2025-09-16 18:35:54.483000,Radiology - Diagnostic - Arthrography
60299,3,0324,15,Y,2025-09-16 18:35:54.490000,Radiology - Diagnostic - Chest X-Ray
60299,3,0323,15,Y,2025-09-16 18:35:54.487000,Radiology - Diagnostic - Arteriography
60299,3,0321,15,Y,2025-09-16 18:35:54.480000,Radiology - Diagnostic - Angiocardiography
60299,3,0360,15,X,2025-09-16 18:35:54.493000,Operating Room Services - General Classification
60299,3,0367,15,Y,2025-09-16 18:35:54.503000,Operating Room Services - Kidney Transplant
60299,3,0361,15,Y,2025-09-16 18:35:54.497000,Operating Room Services - Minor Surgery
60299,3,0362,15,Y,2025-09-16 18:35:54.500000,Operating Room Services - Organ Transplant - Other than Kidney
60299,3,0369,15,Z,2025-09-16 18:35:54.507000,Operating Room Services - Other OR Services
60301,3,0369,15,Z,2025-09-18 14:45:05.523000,Operating Room Services - Other OR Services
60301,3,0362,15,Y,2025-09-18 14:45:05.520000,Operating Room Services - Organ Transplant - Other than Kidney
60301,3,0361,15,Y,2025-09-18 14:45:05.517000,Operating Room Services - Minor Surgery
60301,3,0367,15,Y,2025-09-18 14:45:05.520000,Operating Room Services - Kidney Transplant
60301,3,0360,15,X,2025-09-18 14:45:05.513000,Operating Room Services - General Classification
60301,3,0321,15,Y,2025-09-18 14:45:05.500000,Radiology - Diagnostic - Angiocardiography
60301,3,0323,15,Y,2025-09-18 14:45:05.507000,Radiology - Diagnostic - Arteriography
60301,3,0324,15,Y,2025-09-18 14:45:05.510000,Radiology - Diagnostic - Chest X-Ray
60301,3,0322,15,Y,2025-09-18 14:45:05.503000,Radiology - Diagnostic - Arthrography
60301,3,0320,15,X,2025-09-18 14:45:05.500000,Radiology - Diagnostic - General Classification
60301,3,0329,15,Z,2025-09-18 14:45:05.513000,Radiology - Diagnostic - Other Radiology - Diagnostic
60301,3,0760,15,X,2025-09-18 14:45:05.593000,Specialty Services - General Classification
60301,3,0762,15,Y,2025-09-18 14:45:05.600000,Specialty Services - Observation Hours
60301,3,0769,15,Z,2025-09-18 14:45:05.600000,Specialty Services - Other Specialty Services
60301,3,0761,15,Y,2025-09-18 14:45:05.597000,Specialty Services - Treatment Room
60301,3,0519,15,Z,2025-09-18 14:45:05.560000,Clinic - Other Clinic
60301,3,0515,15,Y,2025-09-18 14:45:05.553000,Clinic - Pediatric Clinic
60301,3,0516,15,Y,2025-09-18 14:45:05.557000,Clinic - Urgent Care Clinic
60301,3,0513,15,Y,2025-09-18 14:45:05.550000,Clinic - Psychiatric Clinic
60301,3,0451,15,Y,2025-09-18 14:45:05.527000,Emergency Room - EMTALA Emergency Medical Screening Services
60301,3,0452,15,Y,2025-09-18 14:45:05.530000,Emergency Room - ER Beyond EMTALA Screening
60301,3,0450,15,X,2025-09-18 14:45:05.527000,Emergency Room - General Classification
60301,3,0459,15,Z,2025-09-18 14:45:05.537000,Emergency Room - Other Emergency Room
60301,3,0456,15,Y,2025-09-18 14:45:05.533000,Emergency Room - Urgent Care
60301,3,0517,15,Y,2025-09-18 14:45:05.560000,Clinic - Family Practice Clinic
60301,3,0512,15,Y,2025-09-18 14:45:05.547000,Clinic - Dental Clinic
60301,3,0514,15,Y,2025-09-18 14:45:05.550000,Clinic - OB-GYN Clinic
60301,3,0510,15,X,2025-09-18 14:45:05.543000,Clinic - General Classification
60301,3,0511,15,Y,2025-09-18 14:45:05.543000,Clinic - Chronic Pain Center
60301,3,0499,15,Z,2025-09-18 14:45:05.540000,Ambulatory Surgical Care - Other Ambulatory Surgical Care
60301,3,0490,15,X,2025-09-18 14:45:05.540000,Ambulatory Surgical Care - General Classification
60301,3,0529,15,Z,2025-09-18 14:45:05.590000,Freestanding Clinic - Other Freestanding Clinic
60301,3,0526,15,Y,2025-09-18 14:45:05.583000,Freestanding Clinic - Urgent Care Clinic
60301,3,0525,15,Y,2025-09-18 14:45:05.580000,Freestanding Clinic - Visit by RHC/FQHC Practitioner to a Member in a SNF (not in a Covered Part A Stay) or NF or ICF MR or Other Residential Facility
60301,3,0528,15,Y,2025-09-18 14:45:05.590000,Freestanding Clinic - Visit by RHC/FQHC Practitioner to Other non-RHC/FQHC site (e.g. Scene of Accident)
60301,3,0524,15,Y,2025-09-18 14:45:05.573000,Freestanding Clinic - Visit by RHC/FQHC Practitioner to a Member in a SNF or Skilled Swing Bed in a Covered Part A Stay
60301,3,0523,15,Y,2025-09-18 14:45:05.570000,Freestanding Clinic - Family Practice Clinic
60301,3,0521,15,Y,2025-09-18 14:45:05.563000,Freestanding Clinic - Clinic Visit by Member to RHC/FQHC
60301,3,0522,15,Y,2025-09-18 14:45:05.567000,Freestanding Clinic - Home Visit by RHC/FQHC Practitioner
60301,3,0520,15,X,2025-09-18 14:45:05.563000,Freestanding Clinic - General Classification
60301,3,0527,15,Y,2025-09-18 14:45:05.587000,Freestanding Clinic - Visiting Nurse Service(s) to a Member's Home when in a Home Health Shortage Area
60314,5,99999,15,N,2025-09-05 17:38:49.063000,Not Applicable
60315,4,99999,15,N,2026-03-27 16:53:30.663000,Not Applicable
60317,4,99999,15,N,2025-09-05 17:42:48.607000,Not Applicable
60318,5,99999,15,N,2026-03-27 16:54:22.613000,Not Applicable
60321,2,0527,15,Y,2025-09-16 17:46:47.877000,Freestanding Clinic - Visiting Nurse Service(s) to a Member's Home when in a Home Health Shortage Area
60321,2,0520,15,X,2025-09-16 17:46:47.863000,Freestanding Clinic - General Classification
60321,2,0522,15,Y,2025-09-16 17:46:47.867000,Freestanding Clinic - Home Visit by RHC/FQHC Practitioner
60321,2,0521,15,Y,2025-09-16 17:46:47.863000,Freestanding Clinic - Clinic Visit by Member to RHC/FQHC
60321,2,0523,15,Y,2025-09-16 17:46:47.870000,Freestanding Clinic - Family Practice Clinic
60321,2,0524,15,Y,2025-09-16 17:46:47.870000,Freestanding Clinic - Visit by RHC/FQHC Practitioner to a Member in a SNF or Skilled Swing Bed in a Covered Part A Stay
60321,2,0528,15,Y,2025-09-16 17:46:47.880000,Freestanding Clinic - Visit by RHC/FQHC Practitioner to Other non-RHC/FQHC site (e.g. Scene of Accident)
60321,2,0525,15,Y,2025-09-16 17:46:47.873000,Freestanding Clinic - Visit by RHC/FQHC Practitioner to a Member in a SNF (not in a Covered Part A Stay) or NF or ICF MR or Other Residential Facility
60321,2,0526,15,Y,2025-09-16 17:46:47.873000,Freestanding Clinic - Urgent Care Clinic
60321,2,0529,15,Z,2025-09-16 17:46:47.880000,Freestanding Clinic - Other Freestanding Clinic
60321,2,0490,15,X,2025-09-16 17:46:47.840000,Ambulatory Surgical Care - General Classification
60321,2,0499,15,Z,2025-09-16 17:46:47.843000,Ambulatory Surgical Care - Other Ambulatory Surgical Care
60321,2,0511,15,Y,2025-09-16 17:46:47.847000,Clinic - Chronic Pain Center
60321,2,0510,15,X,2025-09-16 17:46:47.843000,Clinic - General Classification
60321,2,0514,15,Y,2025-09-16 17:46:47.853000,Clinic - OB-GYN Clinic
60321,2,0512,15,Y,2025-09-16 17:46:47.850000,Clinic - Dental Clinic
60321,2,0517,15,Y,2025-09-16 17:46:47.860000,Clinic - Family Practice Clinic
60321,2,0456,15,Y,2025-09-16 17:46:47.837000,Emergency Room - Urgent Care
60321,2,0459,15,Z,2025-09-16 17:46:47.837000,Emergency Room - Other Emergency Room
60321,2,0450,15,X,2025-09-16 17:46:47.830000,Emergency Room - General Classification
60321,2,0452,15,Y,2025-09-16 17:46:47.833000,Emergency Room - ER Beyond EMTALA Screening
60321,2,0451,15,Y,2025-09-16 17:46:47.830000,Emergency Room - EMTALA Emergency Medical Screening Services
60321,2,0513,15,Y,2025-09-16 17:46:47.850000,Clinic - Psychiatric Clinic
60321,2,0516,15,Y,2025-09-16 17:46:47.857000,Clinic - Urgent Care Clinic
60321,2,0515,15,Y,2025-09-16 17:46:47.853000,Clinic - Pediatric Clinic
60321,2,0519,15,Z,2025-09-16 17:46:47.860000,Clinic - Other Clinic
60321,2,0761,15,Y,2025-09-16 17:46:47.887000,Specialty Services - Treatment Room
60321,2,0769,15,Z,2025-09-16 17:46:47.890000,Specialty Services - Other Specialty Services
60321,2,0762,15,Y,2025-09-16 17:46:47.887000,Specialty Services - Observation Hours
60321,2,0760,15,X,2025-09-16 17:46:47.883000,Specialty Services - General Classification
60321,2,0329,15,Z,2025-09-16 17:46:47.817000,Radiology - Diagnostic - Other Radiology - Diagnostic
60321,2,0320,15,X,2025-09-16 17:46:47.800000,Radiology - Diagnostic - General Classification
60321,2,0324,15,Y,2025-09-16 17:46:47.810000,Radiology - Diagnostic - Chest X-Ray
60321,2,0323,15,Y,2025-09-16 17:46:47.810000,Radiology - Diagnostic - Arteriography
60321,2,0322,15,Y,2025-09-16 17:46:47.807000,Radiology - Diagnostic - Arthrography
60321,2,0321,15,Y,2025-09-16 17:46:47.803000,Radiology - Diagnostic - Angiocardiography
60321,2,0360,15,X,2025-09-16 17:46:47.820000,Operating Room Services - General Classification
60321,2,0367,15,Y,2025-09-16 17:46:47.827000,Operating Room Services - Kidney Transplant
60321,2,0361,15,Y,2025-09-16 17:46:47.820000,Operating Room Services - Minor Surgery
60321,2,0362,15,Y,2025-09-16 17:46:47.823000,Operating Room Services - Organ Transplant - Other than Kidney
60321,2,0369,15,Z,2025-09-16 17:46:47.827000,Operating Room Services - Other OR Services
60323,3,0369,15,Z,2026-01-08 13:42:51.003000,Operating Room Services - Other OR Services
60323,3,0362,15,Y,2026-01-08 13:42:50.987000,Operating Room Services - Organ Transplant - Other than Kidney
60323,3,0361,15,Y,2026-01-08 13:42:50.980000,Operating Room Services - Minor Surgery
60323,3,0367,15,Y,2026-01-08 13:42:50.997000,Operating Room Services - Kidney Transplant
60323,3,0360,15,X,2026-01-08 13:42:50.967000,Operating Room Services - General Classification
60323,3,0321,15,Y,2026-01-08 13:42:50.910000,Radiology - Diagnostic - Angiocardiography
60323,3,0322,15,Y,2026-01-08 13:42:50.923000,Radiology - Diagnostic - Arthrography
60323,3,0323,15,Y,2026-01-08 13:42:50.933000,Radiology - Diagnostic - Arteriography
60323,3,0324,15,Y,2026-01-08 13:42:50.947000,Radiology - Diagnostic - Chest X-Ray
60323,3,0320,15,X,2026-01-08 13:42:50.900000,Radiology - Diagnostic - General Classification
60323,3,0329,15,Z,2026-01-08 13:42:50.953000,Radiology - Diagnostic - Other Radiology - Diagnostic
60324,3,0329,15,Z,2026-07-16 16:40:38.397000,Radiology - Diagnostic - Other Radiology - Diagnostic
60324,3,0320,15,X,2026-07-16 16:40:38.397000,Radiology - Diagnostic - General Classification
60324,3,0324,15,Y,2026-07-16 16:40:38.397000,Radiology - Diagnostic - Chest X-Ray
60324,3,0323,15,Y,2026-07-16 16:40:38.397000,Radiology - Diagnostic - Arteriography
60324,3,0322,15,Y,2026-07-16 16:40:38.397000,Radiology - Diagnostic - Arthrography
60324,3,0321,15,Y,2026-07-16 16:40:38.397000,Radiology - Diagnostic - Angiocardiography
60324,3,0360,15,X,2026-07-16 16:40:38.397000,Operating Room Services - General Classification
60324,3,0367,15,Y,2026-07-16 16:40:38.397000,Operating Room Services - Kidney Transplant
60324,3,0361,15,Y,2026-07-16 16:40:38.397000,Operating Room Services - Minor Surgery
60324,3,0362,15,Y,2026-07-16 16:40:38.397000,Operating Room Services - Organ Transplant - Other than Kidney
60324,3,0369,15,Z,2026-07-16 16:40:38.397000,Operating Room Services - Other OR Services
60407,4,0369,15,Z,2026-05-13 18:27:50.500000,Operating Room Services - Other OR Services
60407,4,0362,15,Y,2026-05-13 18:27:50.493000,Operating Room Services - Organ Transplant - Other than Kidney
60407,4,0361,15,Y,2026-05-13 18:27:50.493000,Operating Room Services - Minor Surgery
60407,4,0367,15,Y,2026-05-13 18:27:50.497000,Operating Room Services - Kidney Transplant
60407,4,0360,15,X,2026-05-13 18:27:50.490000,Operating Room Services - General Classification
60407,4,0760,15,X,2026-05-13 18:27:50.503000,Specialty Services - General Classification
60407,4,0762,15,Y,2026-05-13 18:27:50.510000,Specialty Services - Observation Hours
60407,4,0769,15,Z,2026-05-13 18:27:50.513000,Specialty Services - Other Specialty Services
60407,4,0761,15,Y,2026-05-13 18:27:50.507000,Specialty Services - Treatment Room
60407,4,0499,15,Z,2026-05-13 18:27:50.503000,Ambulatory Surgical Care - Other Ambulatory Surgical Care
60407,4,0490,15,X,2026-05-13 18:27:50.500000,Ambulatory Surgical Care - General Classification
60410,6,0490,15,X,2026-05-14 12:42:23.847000,Ambulatory Surgical Care - General Classification
60410,6,0499,15,Z,2026-05-14 12:42:23.850000,Ambulatory Surgical Care - Other Ambulatory Surgical Care
60410,6,0761,15,Y,2026-05-14 12:42:23.853000,Specialty Services - Treatment Room
60410,6,0769,15,Z,2026-05-14 12:42:23.857000,Specialty Services - Other Specialty Services
60410,6,0762,15,Y,2026-05-14 12:42:23.857000,Specialty Services - Observation Hours
60410,6,0760,15,X,2026-05-14 12:42:23.850000,Specialty Services - General Classification
60410,6,0360,15,X,2026-05-14 12:42:23.837000,Operating Room Services - General Classification
60410,6,0367,15,Y,2026-05-14 12:42:23.843000,Operating Room Services - Kidney Transplant
60410,6,0361,15,Y,2026-05-14 12:42:23.840000,Operating Room Services - Minor Surgery
60410,6,0362,15,Y,2026-05-14 12:42:23.840000,Operating Room Services - Organ Transplant - Other than Kidney
60410,6,0369,15,Z,2026-05-14 12:42:23.847000,Operating Room Services - Other OR Services
60418,3,0369,15,Z,2026-05-14 11:53:39.607000,Operating Room Services - Other OR Services
60418,3,0362,15,Y,2026-05-14 11:53:39.600000,Operating Room Services - Organ Transplant - Other than Kidney
60418,3,0361,15,Y,2026-05-14 11:53:39.600000,Operating Room Services - Minor Surgery
60418,3,0367,15,Y,2026-05-14 11:53:39.603000,Operating Room Services - Kidney Transplant
60418,3,0360,15,X,2026-05-14 11:53:39.597000,Operating Room Services - General Classification
60418,3,0760,15,X,2026-05-14 11:53:39.613000,Specialty Services - General Classification
60418,3,0762,15,Y,2026-05-14 11:53:39.617000,Specialty Services - Observation Hours
60418,3,0769,15,Z,2026-05-14 11:53:39.620000,Specialty Services - Other Specialty Services
60418,3,0761,15,Y,2026-05-14 11:53:39.613000,Specialty Services - Treatment Room
60418,3,0499,15,Z,2026-05-14 11:53:39.610000,Ambulatory Surgical Care - Other Ambulatory Surgical Care
60418,3,0490,15,X,2026-05-14 11:53:39.610000,Ambulatory Surgical Care - General Classification
60420,5,0490,15,X,2026-05-14 12:48:21.703000,Ambulatory Surgical Care - General Classification
60420,5,0499,15,Z,2026-05-14 12:48:21.703000,Ambulatory Surgical Care - Other Ambulatory Surgical Care
60420,5,0761,15,Y,2026-05-14 12:48:21.710000,Specialty Services - Treatment Room
60420,5,0769,15,Z,2026-05-14 12:48:21.713000,Specialty Services - Other Specialty Services
60420,5,0762,15,Y,2026-05-14 12:48:21.710000,Specialty Services - Observation Hours
60420,5,0760,15,X,2026-05-14 12:48:21.707000,Specialty Services - General Classification
60420,5,0360,15,X,2026-05-14 12:48:21.690000,Operating Room Services - General Classification
60420,5,0367,15,Y,2026-05-14 12:48:21.700000,Operating Room Services - Kidney Transplant
60420,5,0361,15,Y,2026-05-14 12:48:21.693000,Operating Room Services - Minor Surgery
60420,5,0362,15,Y,2026-05-14 12:48:21.697000,Operating Room Services - Organ Transplant - Other than Kidney
60420,5,0369,15,Z,2026-05-14 12:48:21.700000,Operating Room Services - Other OR Services
60423,12,99999,15,N,2026-05-08 16:15:01.123000,Not Applicable
60425,4,99999,15,N,2026-05-08 16:16:01.383000,Not Applicable
60432,4,0499,15,Z,2026-05-14 20:00:12.100000,Ambulatory Surgical Care - Other Ambulatory Surgical Care
60432,4,0490,15,X,2026-05-14 20:00:12.090000,Ambulatory Surgical Care - General Classification
60432,4,0369,15,Z,2026-05-14 20:00:12.083000,Operating Room Services - Other OR Services
60432,4,0362,15,Y,2026-05-14 20:00:12.063000,Operating Room Services - Organ Transplant - Other than Kidney
60432,4,0361,15,Y,2026-05-14 20:00:12.057000,Operating Room Services - Minor Surgery
60432,4,0367,15,Y,2026-05-14 20:00:12.070000,Operating Room Services - Kidney Transplant
60432,4,0360,15,X,2026-05-14 20:00:12.053000,Operating Room Services - General Classification
60432,4,0760,15,X,2026-05-14 20:00:12.103000,Specialty Services - General Classification
60432,4,0762,15,Y,2026-05-14 20:00:12.117000,Specialty Services - Observation Hours
60432,4,0769,15,Z,2026-05-14 20:00:12.123000,Specialty Services - Other Specialty Services
60432,4,0761,15,Y,2026-05-14 20:00:12.107000,Specialty Services - Treatment Room
60435,3,0636,15,N,2026-05-12 00:12:23.533000,Pharmacy - Drugs Requiring Detailed Coding
60435,3,0634,15,N,2026-05-12 00:12:23.507000,"Pharmacy - Erythropoietin (EPO)<10,000 units"
60435,3,0635,15,N,2026-05-12 00:12:23.520000,"Pharmacy - Erythropoietin (EPO)>=10,000 Units"
