lcd_id,lcd_version,related_num,r_ncd_id,r_ncd_version,last_updated
32553,20,1,155,1,2025-04-29 23:04:19.290000
32553,20,2,266,1,2025-04-29 23:04:19.293000
32553,21,1,155,1,2025-04-29 23:04:19.290000
32553,21,2,266,1,2025-04-29 23:04:19.293000
33252,29,1,0,1,2025-04-29 23:04:16.640000
33261,40,1,266,1,2025-04-29 23:04:16.643000
33261,40,2,187,1,2025-04-29 23:04:16.643000
33261,40,3,161,1,2025-04-29 23:04:16.647000
33261,40,4,241,1,2025-04-29 23:04:16.647000
33267,17,1,0,1,2025-04-29 23:04:16.650000
33274,36,1,0,1,2025-04-29 23:04:16.650000
33274,43,1,0,1,2025-04-29 23:04:23.413000
33312,37,1,190,1,2025-04-29 23:04:18.133000
33312,37,2,219,1,2025-04-29 23:04:18.133000
33312,40,1,190,1,2025-04-29 23:04:18.133000
33312,40,2,219,1,2025-04-29 23:04:18.133000
33317,34,1,0,1,2025-04-29 23:04:18.137000
33318,57,1,0,1,2025-04-29 23:04:18.140000
33318,63,1,0,1,2025-11-20 00:41:57.103000
33369,26,1,0,1,2025-04-29 23:04:18.140000
33370,49,1,321,1,2025-04-29 23:04:18.140000
33370,49,2,190,1,2025-04-29 23:04:18.143000
33370,55,1,190,4,2025-12-03 21:40:40.077000
33370,55,2,321,1,2025-12-03 21:40:56.677000
33370,58,1,190,4,2025-12-03 21:40:40.077000
33370,58,2,321,1,2025-12-03 21:40:56.677000
33393,9,1,0,1,2025-04-29 23:04:23.200000
33393,10,1,0,1,2025-04-29 23:04:23.200000
33394,54,1,0,1,2025-04-29 23:04:23.037000
33394,55,1,0,1,2025-04-29 23:04:23.037000
33396,10,1,42,1,2025-04-29 23:04:23.583000
33396,10,2,11,1,2025-04-29 23:04:23.583000
33396,10,3,249,1,2025-04-29 23:04:23.587000
33396,11,1,42,1,2025-04-29 23:04:23.583000
33396,11,2,11,1,2025-04-29 23:04:23.583000
33396,11,3,249,1,2025-04-29 23:04:23.587000
33398,35,1,346,1,2025-04-29 23:04:23.733000
33398,39,1,0,1,2026-06-02 21:01:49.050000
33398,40,1,0,1,2026-06-02 21:01:49.050000
33399,14,1,214,1,2025-04-29 23:04:23.043000
33399,14,2,215,1,2025-04-29 23:04:23.047000
33399,15,1,214,1,2025-04-29 23:04:23.043000
33399,15,2,215,1,2025-04-29 23:04:23.047000
33405,25,1,226,1,2025-04-29 23:04:16.650000
33405,25,2,330,1,2025-04-29 23:04:16.653000
33411,29,1,57,1,2025-04-29 23:04:16.653000
33417,40,1,266,1,2025-04-29 23:04:23.353000
33417,40,2,187,1,2025-04-29 23:04:23.357000
33417,40,3,161,1,2025-04-29 23:04:23.357000
33417,40,4,155,1,2025-04-29 23:04:23.360000
33420,41,1,0,1,2025-04-29 23:04:23.387000
33422,44,1,0,1,2025-04-29 23:04:23.397000
33422,45,1,0,1,2025-04-29 23:04:23.397000
33423,58,1,176,1,2025-04-29 23:04:23.397000
33428,53,1,64,1,2025-04-29 23:04:23.400000
33428,53,2,14,1,2025-04-29 23:04:23.407000
33428,53,3,338,1,2025-04-29 23:04:23.407000
33431,54,1,100,1,2025-04-29 23:04:23.413000
33431,59,1,100,1,2025-04-29 23:04:23.420000
33436,38,1,0,1,2025-04-29 23:04:23.420000
33438,47,1,0,1,2025-04-29 23:04:23.420000
33444,42,1,17,1,2025-04-29 23:04:23.423000
33445,71,1,129,1,2025-04-29 23:04:23.427000
33445,79,1,129,1,2025-04-29 23:04:23.427000
33446,47,1,0,1,2025-04-29 23:04:23.430000
33447,48,1,0,1,2025-04-29 23:04:23.430000
33449,36,1,192,1,2025-04-29 23:04:23.437000
33455,31,1,0,1,2025-04-29 23:04:23.443000
33456,71,1,0,1,2025-04-29 23:04:23.453000
33457,61,1,271,1,2025-04-29 23:04:23.460000
33457,61,2,292,1,2025-04-29 23:04:23.463000
33458,69,1,19,1,2025-04-29 23:04:23.477000
33458,70,1,19,1,2025-04-29 23:04:23.477000
33459,43,1,176,1,2025-04-29 23:04:23.480000
33459,46,1,176,1,2025-04-29 23:04:23.480000
33461,64,1,223,1,2025-04-29 23:04:23.487000
33467,49,1,56,1,2025-04-29 23:04:23.490000
33557,45,1,62,1,2025-04-29 23:04:22.880000
33557,47,1,62,1,2025-04-29 23:04:22.880000
33557,48,1,62,1,2025-04-29 23:04:22.880000
33558,32,1,213,1,2025-04-29 23:04:22.890000
33558,32,2,9,1,2025-04-29 23:04:22.893000
33558,32,3,60,1,2025-04-29 23:04:22.900000
33558,32,4,239,1,2025-04-29 23:04:22.903000
33558,33,1,213,1,2025-04-29 23:04:22.890000
33558,33,2,9,1,2025-04-29 23:04:22.893000
33558,33,3,60,1,2025-04-29 23:04:22.900000
33558,33,4,239,1,2025-04-29 23:04:22.903000
33559,28,1,176,1,2025-04-29 23:04:22.880000
33559,29,1,176,1,2025-04-29 23:04:22.880000
33560,35,1,0,1,2025-04-29 23:04:22.887000
33560,36,1,0,1,2025-04-29 23:04:22.887000
33563,26,1,0,1,2025-04-29 23:04:23.243000
33563,27,1,0,1,2025-04-29 23:04:23.243000
33567,27,1,56,1,2025-04-29 23:04:23.537000
33567,27,2,213,1,2025-04-29 23:04:23.540000
33567,27,3,60,1,2025-04-29 23:04:23.540000
33567,28,1,56,1,2025-04-29 23:04:23.537000
33567,28,2,213,1,2025-04-29 23:04:23.540000
33567,28,3,60,1,2025-04-29 23:04:23.540000
33569,28,1,0,1,2025-04-29 23:04:23.567000
33569,31,1,0,1,2025-04-29 23:04:23.567000
33569,32,1,0,1,2025-04-29 23:04:23.567000
33573,24,1,0,1,2025-04-29 23:04:22.877000
33573,25,1,0,1,2025-04-29 23:04:22.877000
33574,37,1,261,1,2025-04-29 23:04:23.760000
33574,38,1,261,1,2025-04-29 23:04:23.760000
33575,43,1,0,1,2025-04-29 23:04:23.760000
33575,44,1,0,1,2025-04-29 23:04:23.760000
33576,23,1,202,1,2025-04-29 23:04:23.757000
33576,24,1,202,1,2025-04-29 23:04:23.757000
33577,43,1,263,1,2025-04-29 23:04:23.750000
33577,44,1,263,1,2025-04-29 23:04:23.750000
33578,17,1,263,1,2025-04-29 23:04:23.747000
33578,18,1,263,1,2025-04-29 23:04:23.747000
33579,38,1,263,1,2025-04-29 23:04:23.747000
33579,39,1,263,1,2025-04-29 23:04:23.747000
33580,40,1,89,1,2025-04-29 23:04:23.657000
33580,40,2,192,1,2025-04-29 23:04:23.660000
33580,40,3,274,1,2025-04-29 23:04:23.660000
33580,40,4,237,1,2025-04-29 23:04:23.660000
33580,41,1,89,1,2025-04-29 23:04:23.657000
33580,41,2,192,1,2025-04-29 23:04:23.660000
33580,41,3,274,1,2025-04-29 23:04:23.660000
33580,41,4,237,1,2025-04-29 23:04:23.660000
33583,21,1,81,1,2025-04-29 23:04:16.657000
33583,21,2,108,1,2025-04-29 23:04:16.657000
33585,33,1,186,1,2025-04-29 23:04:22.860000
33585,33,2,177,1,2025-04-29 23:04:22.863000
33585,33,3,263,1,2025-04-29 23:04:22.870000
33585,33,4,272,1,2025-04-29 23:04:22.870000
33585,34,1,186,1,2025-04-29 23:04:22.860000
33585,34,2,177,1,2025-04-29 23:04:22.863000
33585,34,3,263,1,2025-04-29 23:04:22.870000
33585,34,4,272,1,2025-04-29 23:04:22.870000
33591,18,1,266,1,2025-04-29 23:04:23.597000
33591,18,2,187,1,2025-04-29 23:04:23.597000
33591,18,3,161,1,2025-04-29 23:04:23.597000
33591,19,1,266,1,2025-04-29 23:04:23.597000
33591,19,2,187,1,2025-04-29 23:04:23.597000
33591,19,3,161,1,2025-04-29 23:04:23.597000
33609,14,1,0,1,2025-04-29 23:04:16.660000
33610,61,1,0,1,2025-04-29 23:04:18.143000
33610,65,1,0,1,2025-04-29 23:04:18.143000
33610,70,1,0,1,2025-04-29 23:04:18.143000
33611,25,1,0,1,2025-04-29 23:04:18.147000
33612,26,1,190,1,2025-04-29 23:04:18.147000
33614,26,1,0,1,2025-04-29 23:04:22.993000
33614,27,1,0,1,2025-04-29 23:04:22.993000
33616,10,1,3,1,2025-04-29 23:04:23.543000
33616,11,1,3,1,2025-04-29 23:04:23.543000
33618,23,1,0,1,2025-04-29 23:04:16.660000
33619,24,1,263,1,2025-04-29 23:04:23.430000
33619,25,1,263,1,2025-04-29 23:04:23.430000
33621,15,1,263,1,2025-04-29 23:04:23.533000
33621,15,2,60,1,2025-04-29 23:04:23.533000
33621,15,3,9,1,2025-04-29 23:04:23.537000
33621,16,1,263,1,2025-04-29 23:04:23.533000
33621,16,2,60,1,2025-04-29 23:04:23.533000
33621,16,3,9,1,2025-04-29 23:04:23.537000
33622,35,1,0,1,2025-04-29 23:04:23.560000
33622,36,1,0,1,2025-04-29 23:04:23.560000
33623,25,1,201,1,2025-04-29 23:04:23.563000
33623,26,1,201,1,2025-04-29 23:04:23.563000
33624,33,1,26,1,2025-04-29 23:04:23.590000
33624,33,2,30,1,2025-04-29 23:04:23.590000
33624,33,3,31,1,2025-04-29 23:04:23.590000
33624,33,4,59,1,2025-04-29 23:04:23.590000
33624,34,1,26,1,2025-04-29 23:04:23.590000
33624,34,2,30,1,2025-04-29 23:04:23.590000
33624,34,3,31,1,2025-04-29 23:04:23.590000
33624,34,4,59,1,2025-04-29 23:04:23.590000
33626,44,1,0,1,2025-04-29 23:04:23.593000
33626,45,1,0,1,2025-04-29 23:04:23.593000
33627,89,1,263,1,2025-04-29 23:04:23.430000
33627,90,1,263,1,2025-04-29 23:04:23.430000
33628,33,1,69,1,2025-04-29 23:04:23.563000
33628,34,1,69,1,2025-04-29 23:04:23.563000
33630,27,1,0,1,2025-04-29 23:04:22.987000
33630,28,1,0,1,2025-04-29 23:04:22.987000
33631,51,1,58,1,2025-04-29 23:04:23.543000
33631,51,2,240,1,2025-04-29 23:04:23.547000
33631,51,3,76,1,2025-04-29 23:04:23.547000
33631,51,4,22,1,2025-04-29 23:04:23.550000
33631,51,5,63,1,2025-04-29 23:04:23.550000
33631,51,6,175,1,2025-04-29 23:04:23.550000
33631,51,7,151,1,2025-04-29 23:04:23.553000
33631,51,8,94,1,2025-04-29 23:04:23.553000
33631,51,9,124,1,2025-04-29 23:04:23.557000
33631,51,10,354,1,2025-04-29 23:04:23.557000
33631,51,11,250,1,2025-04-29 23:04:23.560000
33631,51,12,315,1,2025-04-29 23:04:23.560000
33631,52,1,58,1,2025-04-29 23:04:23.543000
33631,52,2,240,1,2025-04-29 23:04:23.547000
33631,52,3,76,1,2025-04-29 23:04:23.547000
33631,52,4,22,1,2025-04-29 23:04:23.550000
33631,52,5,63,1,2025-04-29 23:04:23.550000
33631,52,6,175,1,2025-04-29 23:04:23.550000
33631,52,7,151,1,2025-04-29 23:04:23.553000
33631,52,8,94,1,2025-04-29 23:04:23.553000
33631,52,9,124,1,2025-04-29 23:04:23.557000
33631,52,10,354,1,2025-04-29 23:04:23.557000
33631,52,11,250,1,2025-04-29 23:04:23.560000
33631,52,12,315,1,2025-04-29 23:04:23.560000
33632,82,1,0,1,2025-04-29 23:04:23.593000
33632,83,1,0,1,2025-04-29 23:04:23.593000
33633,49,1,177,1,2025-04-29 23:04:23.270000
33633,49,2,178,1,2025-04-29 23:04:23.277000
33633,50,1,177,1,2025-04-29 23:04:23.270000
33633,50,2,178,1,2025-04-29 23:04:23.277000
33636,52,1,171,1,2025-04-29 23:04:23.600000
33636,53,1,171,1,2025-04-29 23:04:23.600000
33641,21,1,208,1,2025-04-29 23:04:18.150000
33642,26,1,190,1,2025-04-29 23:04:18.150000
33646,39,1,0,1,2025-04-29 23:04:22.857000
33646,40,1,0,1,2025-04-29 23:04:22.857000
33667,22,1,165,1,2025-04-29 23:04:16.660000
33667,22,2,12,1,2025-04-29 23:04:16.663000
33667,22,3,263,1,2025-04-29 23:04:16.663000
33667,23,1,165,1,2025-04-29 23:04:16.660000
33667,23,2,12,1,2025-04-29 23:04:16.663000
33667,23,3,263,1,2025-04-29 23:04:16.663000
33671,48,1,81,1,2025-04-29 23:04:16.667000
33674,10,1,263,1,2025-04-29 23:04:16.667000
33686,41,1,0,1,2025-04-29 23:04:18.157000
33686,43,1,0,1,2025-04-29 23:04:18.157000
33689,17,1,129,1,2025-04-29 23:04:16.670000
33690,20,1,0,1,2025-04-29 23:04:18.157000
33692,21,1,190,1,2025-04-29 23:04:18.160000
33692,21,2,228,1,2025-04-29 23:04:18.160000
33693,28,1,165,1,2025-04-29 23:04:16.670000
33693,28,2,263,1,2025-04-29 23:04:16.673000
33695,26,1,165,1,2025-04-29 23:04:16.673000
33695,26,2,212,1,2025-04-29 23:04:16.677000
33695,26,3,263,1,2025-04-29 23:04:16.677000
33695,26,4,204,1,2025-04-29 23:04:16.680000
33718,52,1,226,1,2025-04-29 23:04:18.160000
33718,52,2,190,1,2025-04-29 23:04:18.163000
33733,19,1,190,1,2025-04-29 23:04:18.163000
33733,19,2,168,1,2025-04-29 23:04:18.167000
33733,19,3,219,1,2025-04-29 23:04:18.167000
33735,19,1,0,1,2025-04-29 23:04:18.170000
33736,20,1,190,1,2025-04-29 23:04:18.170000
33737,20,1,0,1,2025-04-29 23:04:18.170000
33738,18,1,0,1,2025-04-29 23:04:18.173000
33739,21,1,190,1,2025-04-29 23:04:18.173000
33739,21,2,274,1,2025-04-29 23:04:18.177000
33739,23,1,190,1,2025-04-29 23:04:18.173000
33739,23,2,274,1,2025-04-29 23:04:18.177000
33751,43,1,128,1,2025-04-29 23:04:16.680000
33751,43,2,349,1,2025-04-29 23:04:16.683000
33751,43,3,157,1,2025-04-29 23:04:16.683000
33751,43,4,350,1,2025-04-29 23:04:16.687000
33751,43,5,56,1,2025-04-29 23:04:16.690000
33751,43,6,261,1,2025-04-29 23:04:16.690000
33751,43,7,69,1,2025-04-29 23:04:16.690000
33751,43,8,176,1,2025-04-29 23:04:16.693000
33756,23,1,263,1,2025-04-29 23:04:16.697000
33766,25,1,0,1,2025-04-29 23:04:16.697000
33771,42,1,0,1,2025-04-29 23:04:16.697000
33774,15,1,81,1,2025-04-29 23:04:16.700000
33784,21,1,190,1,2025-04-29 23:04:18.177000
33785,40,1,0,1,2025-04-29 23:04:18.177000
33786,16,1,229,1,2025-04-29 23:04:18.180000
33787,35,1,0,1,2025-04-29 23:04:18.183000
33787,38,1,0,1,2025-04-29 23:04:18.183000
33787,40,1,0,1,2025-04-29 23:04:18.183000
33788,15,1,190,1,2025-04-29 23:04:18.183000
33788,15,2,219,1,2025-04-29 23:04:18.187000
33789,35,1,190,1,2025-04-29 23:04:18.187000
33789,35,2,219,1,2025-04-29 23:04:18.190000
33789,35,3,376,1,2025-04-29 23:04:18.190000
33789,38,1,190,1,2025-04-29 23:04:18.187000
33789,38,2,219,1,2025-04-29 23:04:18.190000
33789,38,3,376,1,2025-04-29 23:04:18.190000
33790,20,1,0,1,2025-04-29 23:04:18.193000
33791,15,1,190,1,2025-04-29 23:04:18.193000
33791,15,2,219,1,2025-04-29 23:04:18.197000
33792,41,1,190,1,2025-04-29 23:04:18.220000
33792,41,2,219,1,2025-04-29 23:04:18.223000
33792,41,3,376,1,2025-04-29 23:04:18.223000
33792,43,1,190,1,2025-04-29 23:04:18.220000
33792,43,2,219,1,2025-04-29 23:04:18.223000
33792,43,3,376,1,2025-04-29 23:04:18.223000
33793,20,1,233,1,2025-04-29 23:04:18.227000
33794,153,1,223,1,2025-04-29 23:04:18.227000
33794,153,2,190,1,2025-04-29 23:04:18.230000
33794,157,2,190,4,2025-11-20 17:35:27.063000
33794,157,3,223,2,2025-11-20 17:35:42.340000
33794,164,2,190,4,2025-11-20 17:35:27.063000
33794,164,3,223,2,2025-11-20 17:35:42.340000
33794,171,2,190,4,2025-11-20 17:35:27.063000
33794,171,3,223,2,2025-11-20 17:35:42.340000
33795,29,1,0,1,2025-04-29 23:04:18.230000
33796,24,1,65,1,2025-04-29 23:04:18.230000
33797,50,1,169,1,2025-04-29 23:04:18.233000
33797,50,2,312,1,2025-04-29 23:04:18.233000
33797,50,3,47,1,2025-04-29 23:04:18.237000
33797,50,4,190,1,2025-04-29 23:04:18.237000
33799,15,1,190,1,2025-04-29 23:04:18.240000
33800,41,2,380,1,2025-09-25 21:29:47.207000
33800,43,2,380,1,2025-09-25 21:29:47.207000
33801,26,1,221,1,2025-04-29 23:04:18.240000
33801,26,2,190,1,2025-04-29 23:04:18.243000
33802,35,1,145,1,2025-04-29 23:04:18.243000
33802,35,2,63,1,2025-04-29 23:04:18.247000
33802,35,3,151,1,2025-04-29 23:04:18.247000
33802,35,4,354,1,2025-04-29 23:04:18.250000
33802,35,5,273,1,2025-04-29 23:04:18.250000
33803,47,1,0,1,2025-04-29 23:04:18.250000
33803,53,1,0,1,2025-10-28 22:10:08.837000
33803,57,1,0,1,2025-10-28 22:10:08.837000
33803,61,1,0,1,2025-10-28 22:10:08.837000
33813,15,1,0,1,2025-04-29 23:04:16.700000
33818,15,1,0,1,2025-04-29 23:04:16.700000
33820,21,1,190,1,2025-04-29 23:04:18.253000
33820,21,2,227,1,2025-04-29 23:04:18.253000
33821,28,1,0,1,2025-04-29 23:04:18.257000
33822,70,1,222,1,2025-04-29 23:04:18.257000
33822,70,2,190,1,2025-04-29 23:04:18.260000
33823,26,1,190,1,2025-04-29 23:04:18.260000
33824,42,1,0,1,2025-04-29 23:04:18.267000
33824,46,1,0,1,2025-04-29 23:04:18.267000
33824,51,1,0,1,2025-04-29 23:04:18.267000
33824,56,1,0,1,2025-04-29 23:04:18.267000
33825,17,1,315,1,2025-04-29 23:04:18.267000
33825,17,2,190,1,2025-04-29 23:04:18.267000
33826,20,1,0,1,2025-04-29 23:04:18.270000
33826,22,1,0,1,2025-04-29 23:04:18.270000
33827,50,1,309,1,2025-04-29 23:04:18.270000
33827,55,1,309,1,2025-04-29 23:04:18.270000
33828,27,1,0,1,2025-04-29 23:04:18.270000
33830,22,1,190,1,2025-04-29 23:04:18.273000
33831,48,1,47,1,2025-04-29 23:04:18.273000
33831,48,2,139,1,2025-04-29 23:04:18.277000
33832,18,1,0,1,2025-04-29 23:04:18.277000
33832,20,1,0,1,2025-04-29 23:04:18.277000
33833,20,1,0,1,2025-04-29 23:04:16.703000
33833,26,1,0,1,2025-04-29 23:04:16.710000
33906,59,1,0,1,2025-04-29 23:04:16.710000
33906,69,1,0,1,2025-04-29 23:04:16.710000
33906,75,1,0,1,2025-04-29 23:04:16.710000
33907,15,1,181,1,2025-04-29 23:04:16.710000
33907,16,1,181,1,2025-04-29 23:04:16.710000
33912,16,1,0,1,2025-04-29 23:04:16.713000
33912,23,1,0,1,2026-05-13 18:46:07.220000
33922,12,1,0,1,2025-04-29 23:04:16.713000
33923,14,1,0,1,2025-04-29 23:04:16.717000
33930,49,1,11,1,2025-04-29 23:04:16.717000
33930,49,2,15,1,2025-04-29 23:04:16.720000
33930,49,3,176,1,2025-04-29 23:04:16.720000
33933,30,1,0,1,2025-04-29 23:04:16.720000
33937,18,1,0,1,2025-04-29 23:04:16.723000
33941,23,1,171,1,2025-04-29 23:04:16.723000
33942,48,1,41,1,2025-04-29 23:04:19.293000
33942,48,2,315,1,2025-04-29 23:04:19.297000
33942,48,3,58,1,2025-04-29 23:04:19.297000
33942,48,4,88,1,2025-04-29 23:04:19.300000
33942,48,5,131,1,2025-04-29 23:04:19.300000
33942,48,6,219,1,2025-04-29 23:04:19.300000
33942,49,1,41,1,2025-04-29 23:04:19.293000
33942,49,2,315,1,2025-04-29 23:04:19.297000
33942,49,3,58,1,2025-04-29 23:04:19.297000
33942,49,4,88,1,2025-04-29 23:04:19.300000
33942,49,5,131,1,2025-04-29 23:04:19.300000
33942,49,6,219,1,2025-04-29 23:04:19.300000
33942,50,1,41,1,2025-04-29 23:04:19.293000
33942,50,2,315,1,2025-04-29 23:04:19.297000
33942,50,3,58,1,2025-04-29 23:04:19.297000
33942,50,4,88,1,2025-04-29 23:04:19.300000
33942,50,5,131,1,2025-04-29 23:04:19.300000
33942,50,6,219,1,2025-04-29 23:04:19.300000
33943,23,1,0,1,2025-04-29 23:04:19.303000
33943,24,1,0,1,2025-04-29 23:04:19.303000
33944,26,1,0,1,2025-04-29 23:04:19.303000
33944,27,1,0,1,2025-04-29 23:04:19.303000
33945,20,1,0,1,2025-04-29 23:04:19.307000
33945,21,1,0,1,2025-04-29 23:04:19.307000
33946,16,1,69,1,2025-04-29 23:04:19.307000
33946,17,1,69,1,2025-04-29 23:04:19.307000
33947,23,1,176,1,2025-04-29 23:04:19.310000
33947,24,1,176,1,2025-04-29 23:04:19.310000
33947,25,1,176,1,2025-04-29 23:04:19.310000
33949,25,1,0,1,2025-04-29 23:04:19.310000
33949,26,1,0,1,2025-04-29 23:04:19.310000
33950,37,1,186,1,2025-04-29 23:04:19.313000
33950,37,2,263,1,2025-04-29 23:04:19.313000
33950,38,1,186,1,2025-04-29 23:04:19.313000
33950,38,2,263,1,2025-04-29 23:04:19.313000
33952,18,1,179,1,2025-04-29 23:04:19.317000
33952,19,1,179,1,2025-04-29 23:04:19.317000
33952,20,1,179,1,2025-04-29 23:04:19.317000
33954,26,1,60,1,2025-04-29 23:04:19.317000
33954,26,2,213,1,2025-04-29 23:04:19.320000
33954,26,3,9,1,2025-04-29 23:04:19.320000
33958,14,1,200,1,2025-04-29 23:04:16.727000
33959,35,1,0,1,2025-04-29 23:04:19.320000
33959,36,1,0,1,2025-04-29 23:04:19.320000
33960,26,1,0,1,2025-04-29 23:04:19.323000
33960,27,1,0,1,2025-04-29 23:04:19.323000
33966,18,1,0,1,2025-04-29 23:04:16.727000
33967,25,1,135,1,2025-04-29 23:04:16.730000
33975,25,1,26,1,2025-04-29 23:04:16.730000
33977,18,1,165,1,2025-04-29 23:04:16.733000
33977,18,2,212,1,2025-04-29 23:04:16.733000
33977,18,3,263,1,2025-04-29 23:04:16.737000
33979,35,1,0,1,2025-04-29 23:04:17.167000
33979,36,1,0,1,2025-04-29 23:04:17.167000
33996,31,1,0,1,2025-04-29 23:04:19.323000
33996,32,1,0,1,2025-04-29 23:04:19.323000
33996,33,1,0,1,2025-04-29 23:04:19.323000
33999,20,1,0,1,2025-04-29 23:04:19.327000
33999,21,1,0,1,2025-04-29 23:04:19.327000
34005,33,1,0,1,2025-04-29 23:04:19.330000
34005,34,1,0,1,2025-04-29 23:04:19.330000
34007,48,1,158,1,2025-04-29 23:04:16.740000
34008,22,1,0,1,2025-04-29 23:04:19.330000
34008,23,1,0,1,2025-04-29 23:04:19.330000
34010,37,1,0,1,2025-04-29 23:04:17.167000
34010,38,1,0,1,2025-04-29 23:04:17.167000
34018,18,1,181,1,2025-04-29 23:04:16.743000
34021,18,1,0,1,2025-04-29 23:04:16.743000
34027,14,1,263,1,2025-04-29 23:04:16.747000
34028,16,1,0,1,2025-04-29 23:04:16.747000
34032,32,1,0,1,2025-04-29 23:04:19.333000
34032,34,1,0,1,2025-04-29 23:04:19.333000
34037,21,1,0,1,2025-04-29 23:04:19.333000
34037,22,1,0,1,2025-04-29 23:04:19.333000
34038,25,1,0,1,2025-04-29 23:04:17.170000
34038,31,1,0,1,2025-04-29 23:04:17.170000
34038,32,1,0,1,2025-04-29 23:04:17.170000
34040,33,1,226,1,2025-04-29 23:04:17.180000
34040,33,2,330,1,2025-04-29 23:04:17.180000
34040,34,1,226,1,2025-04-29 23:04:17.180000
34040,34,2,330,1,2025-04-29 23:04:17.180000
34045,37,1,165,1,2025-05-02 14:38:41.373000
34045,37,2,212,1,2025-05-02 14:38:54.130000
34045,37,3,164,1,2025-05-02 14:39:30.217000
34045,38,1,165,1,2025-05-02 14:38:41.373000
34045,38,2,212,1,2025-05-02 14:38:54.130000
34045,38,3,164,1,2025-05-02 14:39:30.217000
34046,28,1,237,1,2025-04-29 23:04:19.353000
34046,28,2,89,1,2025-04-29 23:04:19.357000
34046,28,3,192,1,2025-04-29 23:04:19.357000
34046,29,1,237,1,2025-04-29 23:04:19.353000
34046,29,2,89,1,2025-04-29 23:04:19.357000
34046,29,3,192,1,2025-04-29 23:04:19.357000
34049,35,1,0,1,2025-04-29 23:04:19.360000
34049,36,1,0,1,2025-04-29 23:04:19.360000
34051,42,1,0,1,2025-04-29 23:04:17.180000
34051,43,1,0,1,2025-04-29 23:04:17.180000
34056,26,1,202,1,2025-04-29 23:04:19.360000
34056,27,1,202,1,2025-04-29 23:04:19.360000
34061,24,1,56,1,2025-04-29 23:04:19.360000
34061,24,2,261,1,2025-04-29 23:04:19.363000
34061,24,3,69,1,2025-04-29 23:04:19.363000
34061,24,4,176,1,2025-04-29 23:04:19.367000
34061,25,1,56,1,2025-04-29 23:04:19.360000
34061,25,2,261,1,2025-04-29 23:04:19.363000
34061,25,3,69,1,2025-04-29 23:04:19.363000
34061,25,4,176,1,2025-04-29 23:04:19.367000
34061,26,1,56,1,2025-04-29 23:04:19.360000
34061,26,2,261,1,2025-04-29 23:04:19.363000
34061,26,3,69,1,2025-04-29 23:04:19.363000
34061,26,4,176,1,2025-04-29 23:04:19.367000
34062,41,1,201,1,2025-04-29 23:04:19.370000
34062,42,1,201,1,2025-04-29 23:04:19.370000
34063,17,1,0,1,2025-04-29 23:04:19.370000
34063,18,1,0,1,2025-04-29 23:04:19.370000
34063,19,1,0,1,2025-04-29 23:04:19.370000
34064,22,1,0,1,2025-04-29 23:04:19.370000
34064,23,1,0,1,2025-04-29 23:04:19.370000
34064,24,1,0,1,2025-04-29 23:04:19.370000
34074,33,1,158,1,2025-04-29 23:04:17.183000
34074,38,1,158,1,2025-04-29 23:04:17.183000
34074,39,1,158,1,2025-04-29 23:04:17.183000
34076,23,1,15,1,2025-04-29 23:04:17.187000
34076,24,1,15,1,2025-04-29 23:04:17.187000
34081,25,1,0,1,2025-04-29 23:04:19.373000
34081,26,1,0,1,2025-04-29 23:04:19.373000
34082,26,1,0,1,2025-04-29 23:04:19.373000
34082,27,1,0,1,2025-04-29 23:04:19.373000
34082,30,1,0,1,2025-04-29 23:04:19.373000
34084,22,1,0,1,2025-04-29 23:04:19.377000
34084,23,1,0,1,2025-04-29 23:04:19.377000
34085,17,1,0,1,2025-04-29 23:04:19.377000
34085,18,1,0,1,2025-04-29 23:04:19.377000
34087,19,1,0,1,2025-04-29 23:04:19.380000
34087,20,1,0,1,2025-04-29 23:04:19.380000
34090,21,1,0,1,2025-04-29 23:04:19.380000
34090,22,1,0,1,2025-04-29 23:04:19.380000
34106,46,1,0,1,2025-04-29 23:04:17.187000
34106,47,1,0,1,2025-04-29 23:04:17.187000
34149,51,1,17,1,2025-04-29 23:04:17.190000
34149,51,2,320,1,2025-04-29 23:04:17.190000
34149,52,1,17,1,2025-04-29 23:04:17.190000
34149,52,2,320,1,2025-04-29 23:04:17.190000
34163,29,1,0,1,2025-04-29 23:04:17.190000
34163,33,1,0,1,2025-04-29 23:04:17.193000
34171,17,1,0,1,2025-04-29 23:04:19.380000
34171,18,1,0,1,2025-04-29 23:04:19.380000
34175,31,1,0,1,2025-04-29 23:04:19.383000
34175,32,1,0,1,2025-04-29 23:04:19.383000
34181,26,1,60,1,2025-04-29 23:04:19.383000
34181,26,2,263,1,2025-04-29 23:04:19.387000
34181,28,1,60,1,2025-04-29 23:04:19.383000
34181,28,2,263,1,2025-04-29 23:04:19.387000
34183,19,1,20,1,2025-04-29 23:04:19.400000
34183,19,2,117,1,2025-04-29 23:04:19.400000
34183,19,3,16,1,2025-04-29 23:04:19.403000
34183,19,4,26,1,2025-04-29 23:04:19.403000
34183,19,5,30,1,2025-04-29 23:04:19.407000
34183,19,6,31,1,2025-04-29 23:04:19.407000
34183,19,7,28,1,2025-04-29 23:04:19.410000
34183,19,8,68,1,2025-04-29 23:04:19.410000
34183,19,9,278,1,2025-04-29 23:04:19.410000
34183,19,10,32,1,2025-04-29 23:04:19.413000
34183,20,1,20,1,2025-04-29 23:04:19.400000
34183,20,2,117,1,2025-04-29 23:04:19.400000
34183,20,3,16,1,2025-04-29 23:04:19.403000
34183,20,4,26,1,2025-04-29 23:04:19.403000
34183,20,5,30,1,2025-04-29 23:04:19.407000
34183,20,6,31,1,2025-04-29 23:04:19.407000
34183,20,7,28,1,2025-04-29 23:04:19.410000
34183,20,8,68,1,2025-04-29 23:04:19.410000
34183,20,9,278,1,2025-04-29 23:04:19.410000
34183,20,10,32,1,2025-04-29 23:04:19.413000
34194,23,1,0,1,2025-04-29 23:04:17.193000
34194,27,1,0,1,2025-04-29 23:04:17.193000
34195,27,1,0,1,2025-05-02 16:39:54.720000
34195,28,1,0,1,2025-05-02 16:39:54.720000
34196,29,1,16,1,2025-04-29 23:04:19.420000
34196,29,2,278,1,2025-04-29 23:04:19.420000
34196,29,3,250,1,2025-04-29 23:04:19.423000
34196,30,1,16,1,2025-04-29 23:04:19.420000
34196,30,2,278,1,2025-04-29 23:04:19.420000
34196,30,3,250,1,2025-04-29 23:04:19.423000
34200,28,1,0,1,2025-04-29 23:04:19.423000
34200,29,1,0,1,2025-04-29 23:04:19.423000
34200,30,1,0,1,2025-04-29 23:04:19.423000
34203,25,1,9,1,2025-04-29 23:04:17.197000
34203,26,1,9,1,2025-04-29 23:04:17.197000
34209,37,1,0,1,2025-04-29 23:04:17.197000
34209,41,1,0,1,2025-04-29 23:04:17.200000
34209,43,1,0,1,2025-04-29 23:04:17.200000
34211,37,1,373,1,2025-04-29 23:04:17.200000
34211,40,1,373,1,2025-04-29 23:04:17.200000
34213,51,1,281,1,2025-04-29 23:04:17.203000
34213,54,1,281,1,2025-04-29 23:04:17.203000
34213,56,1,281,1,2025-04-29 23:04:17.203000
34215,58,1,0,1,2025-04-29 23:04:17.207000
34215,59,1,0,1,2025-04-29 23:04:17.207000
34218,25,1,15,1,2025-04-29 23:04:17.210000
34218,26,1,15,1,2025-04-29 23:04:17.210000
34220,37,1,176,1,2025-04-29 23:04:17.213000
34220,37,2,177,1,2025-04-29 23:04:17.213000
34220,40,1,176,1,2025-04-29 23:04:17.213000
34220,40,2,177,1,2025-04-29 23:04:17.213000
34228,51,1,0,1,2025-04-29 23:04:17.217000
34228,52,1,0,1,2025-04-29 23:04:17.217000
34228,54,1,0,1,2025-04-29 23:04:17.217000
34233,32,1,0,1,2025-04-29 23:04:17.217000
34233,36,1,0,1,2025-04-29 23:04:17.220000
34246,24,1,171,1,2025-04-29 23:04:19.423000
34246,25,1,171,1,2025-04-29 23:04:19.423000
34246,26,1,171,1,2025-04-29 23:04:19.423000
34313,18,1,266,1,2025-04-29 23:04:17.220000
34314,47,1,158,1,2025-04-29 23:04:17.223000
34314,52,1,158,1,2025-04-29 23:04:17.227000
34314,53,1,158,1,2025-04-29 23:04:17.227000
34315,37,1,0,1,2025-04-29 23:04:17.227000
34315,41,1,0,1,2025-04-29 23:04:17.230000
34324,34,1,36,1,2025-04-29 23:04:17.230000
34324,38,1,36,1,2025-04-29 23:04:17.230000
34328,40,1,240,1,2025-04-29 23:04:17.233000
34328,44,1,240,1,2025-04-29 23:04:17.233000
34337,22,1,0,1,2025-04-29 23:04:19.427000
34337,23,1,0,1,2025-04-29 23:04:19.427000
34338,33,1,0,1,2025-04-29 23:04:19.427000
34338,34,1,0,1,2025-04-29 23:04:19.427000
34353,32,1,41,1,2025-04-29 23:04:19.430000
34353,32,2,16,1,2025-04-29 23:04:19.430000
34353,32,3,26,1,2025-04-29 23:04:19.430000
34353,32,4,27,1,2025-04-29 23:04:19.430000
34353,32,5,30,1,2025-04-29 23:04:19.433000
34353,32,6,31,1,2025-04-29 23:04:19.433000
34353,32,7,29,1,2025-04-29 23:04:19.437000
34353,32,8,28,1,2025-04-29 23:04:19.437000
34353,32,9,59,1,2025-04-29 23:04:19.440000
34353,32,10,278,1,2025-04-29 23:04:19.440000
34353,34,1,41,1,2025-04-29 23:04:19.430000
34353,34,2,16,1,2025-04-29 23:04:19.430000
34353,34,3,26,1,2025-04-29 23:04:19.430000
34353,34,4,27,1,2025-04-29 23:04:19.430000
34353,34,5,30,1,2025-04-29 23:04:19.433000
34353,34,6,31,1,2025-04-29 23:04:19.433000
34353,34,7,29,1,2025-04-29 23:04:19.437000
34353,34,8,28,1,2025-04-29 23:04:19.437000
34353,34,9,59,1,2025-04-29 23:04:19.440000
34353,34,10,278,1,2025-04-29 23:04:19.440000
34353,35,1,41,1,2025-04-29 23:04:19.430000
34353,35,2,16,1,2025-04-29 23:04:19.430000
34353,35,3,26,1,2025-04-29 23:04:19.430000
34353,35,4,27,1,2025-04-29 23:04:19.430000
34353,35,5,30,1,2025-04-29 23:04:19.433000
34353,35,6,31,1,2025-04-29 23:04:19.433000
34353,35,7,29,1,2025-04-29 23:04:19.437000
34353,35,8,28,1,2025-04-29 23:04:19.437000
34353,35,9,59,1,2025-04-29 23:04:19.440000
34353,35,10,278,1,2025-04-29 23:04:19.440000
34356,30,1,322,1,2025-04-29 23:04:19.447000
34356,31,1,322,1,2025-04-29 23:04:19.447000
34372,22,1,177,1,2025-04-29 23:04:16.750000
34380,41,1,263,1,2025-04-29 23:04:23.603000
34380,42,1,263,1,2025-04-29 23:04:23.603000
34393,24,1,0,1,2025-05-02 16:40:10.703000
34394,26,1,0,1,2025-04-29 23:04:19.450000
34394,27,1,0,1,2025-04-29 23:04:19.450000
34399,29,1,0,1,2025-04-29 23:04:19.450000
34399,30,1,0,1,2025-04-29 23:04:19.450000
34410,39,1,0,1,2025-04-29 23:04:23.500000
34410,46,1,0,1,2025-12-10 19:12:52.620000
34411,46,1,0,1,2025-04-29 23:04:23.510000
34413,53,1,9,1,2025-04-29 23:04:23.520000
34415,58,1,176,1,2025-04-29 23:04:23.527000
34417,57,1,176,1,2025-04-29 23:04:23.530000
34419,43,1,0,1,2025-04-29 23:04:23.533000
34424,47,1,177,1,2025-04-29 23:04:23.537000
34425,40,1,177,1,2025-04-29 23:04:23.540000
34425,43,1,177,1,2025-04-29 23:04:23.543000
34426,55,1,128,1,2025-04-29 23:04:23.543000
34426,55,2,349,1,2025-04-29 23:04:23.547000
34426,55,3,157,1,2025-04-29 23:04:23.547000
34427,100,1,145,1,2025-04-29 23:04:23.550000
34427,100,2,58,1,2025-04-29 23:04:23.550000
34427,100,3,76,1,2025-04-29 23:04:23.553000
34427,100,4,94,1,2025-04-29 23:04:23.553000
34427,100,5,22,1,2025-04-29 23:04:23.557000
34427,100,6,354,1,2025-04-29 23:04:23.557000
34427,100,7,240,1,2025-04-29 23:04:23.560000
34427,100,8,175,1,2025-04-29 23:04:23.560000
34427,100,9,250,1,2025-04-29 23:04:23.560000
34427,100,10,4,1,2025-04-29 23:04:23.563000
34427,100,11,131,1,2025-04-29 23:04:23.567000
34427,100,12,47,1,2025-04-29 23:04:23.567000
34427,100,13,315,1,2025-04-29 23:04:23.567000
34427,100,14,41,1,2025-04-29 23:04:23.573000
34427,100,15,42,1,2025-04-29 23:04:23.577000
34428,93,1,145,1,2025-04-29 23:04:23.600000
34428,93,2,58,1,2025-04-29 23:04:23.600000
34428,93,3,76,1,2025-04-29 23:04:23.603000
34428,93,4,175,1,2025-04-29 23:04:23.603000
34428,93,5,94,1,2025-04-29 23:04:23.607000
34428,93,6,22,1,2025-04-29 23:04:23.607000
34428,93,7,354,1,2025-04-29 23:04:23.607000
34428,93,8,240,1,2025-04-29 23:04:23.610000
34428,93,9,250,1,2025-04-29 23:04:23.613000
34428,93,10,4,1,2025-04-29 23:04:23.620000
34428,93,11,320,1,2025-04-29 23:04:23.620000
34428,93,12,131,1,2025-04-29 23:04:23.623000
34428,93,13,47,1,2025-04-29 23:04:23.630000
34428,93,14,315,1,2025-04-29 23:04:23.630000
34428,93,15,41,1,2025-04-29 23:04:23.637000
34428,93,16,42,1,2025-04-29 23:04:23.640000
34429,63,1,250,1,2025-04-29 23:04:23.680000
34429,63,2,89,1,2025-04-29 23:04:23.683000
34429,63,3,192,1,2025-04-29 23:04:23.687000
34429,63,4,274,1,2025-04-29 23:04:23.690000
34429,63,5,237,1,2025-04-29 23:04:23.693000
34429,63,6,245,1,2025-04-29 23:04:23.697000
34429,63,7,247,1,2025-04-29 23:04:23.700000
34430,46,1,17,1,2025-04-29 23:04:23.730000
34430,46,2,320,1,2025-04-29 23:04:23.730000
34431,60,1,69,1,2025-04-29 23:04:23.740000
34431,60,2,56,1,2025-04-29 23:04:23.743000
34431,60,3,261,1,2025-04-29 23:04:23.743000
34433,43,1,270,1,2025-04-29 23:04:23.750000
34434,68,1,81,1,2024-08-08 12:54:54.540000
34434,68,2,191,1,2024-08-08 12:55:27.467000
34434,68,3,95,1,2024-08-08 12:55:47.547000
34454,67,1,0,1,2025-04-29 23:04:23.760000
34512,48,1,0,1,2025-04-29 23:04:23.760000
34513,41,1,366,1,2025-04-29 23:04:23.763000
34519,33,1,372,1,2025-04-29 23:04:16.750000
34520,32,1,0,1,2025-04-29 23:04:16.750000
34521,7,1,214,1,2025-04-29 23:04:16.753000
34522,29,1,0,1,2025-04-29 23:04:16.753000
34526,24,1,226,1,2025-04-29 23:04:18.940000
34526,24,2,330,1,2025-04-29 23:04:18.943000
34528,36,1,261,1,2025-04-29 23:04:18.943000
34528,38,1,261,1,2025-04-29 23:04:18.943000
34536,34,1,0,1,2025-04-29 23:04:18.947000
34536,36,1,0,1,2025-04-29 23:04:18.947000
34537,45,1,0,1,2025-04-29 23:04:23.767000
34538,19,1,0,1,2025-04-29 23:04:19.450000
34538,20,1,0,1,2025-04-29 23:04:19.450000
34538,21,1,0,1,2025-04-29 23:04:19.450000
34539,15,1,140,1,2025-04-29 23:04:19.457000
34539,16,1,140,1,2025-04-29 23:04:19.457000
34540,14,1,91,1,2025-04-29 23:04:19.457000
34540,15,1,91,1,2025-04-29 23:04:19.457000
34541,20,1,0,1,2025-04-29 23:04:19.460000
34541,21,1,0,1,2025-04-29 23:04:19.460000
34544,47,1,0,1,2025-04-29 23:04:23.770000
34547,40,1,0,1,2025-04-29 23:04:23.770000
34548,43,1,0,1,2025-04-29 23:04:23.773000
34551,36,1,0,1,2025-04-29 23:04:23.777000
34552,40,1,97,1,2025-04-29 23:04:23.777000
34553,47,1,0,1,2025-04-29 23:04:23.780000
34554,34,1,253,1,2025-04-29 23:04:23.780000
34558,40,1,0,1,2025-04-29 23:04:23.780000
34559,43,1,0,1,2025-04-29 23:04:23.783000
34560,76,1,145,1,2025-04-29 23:04:23.787000
34560,76,2,76,1,2025-04-29 23:04:23.787000
34560,76,3,175,1,2025-04-29 23:04:23.790000
34560,76,4,151,1,2025-04-29 23:04:23.790000
34560,76,5,94,1,2025-04-29 23:04:23.790000
34560,76,6,354,1,2025-04-29 23:04:23.793000
34560,76,7,240,1,2025-04-29 23:04:23.793000
34560,76,8,250,1,2025-04-29 23:04:23.797000
34560,76,9,4,1,2025-04-29 23:04:23.797000
34560,76,10,131,1,2025-04-29 23:04:23.800000
34560,76,11,315,1,2025-04-29 23:04:23.800000
34560,76,12,41,1,2025-04-29 23:04:23.800000
34560,76,13,42,1,2025-04-29 23:04:23.803000
34561,69,1,0,1,2025-04-29 23:04:23.820000
34562,43,1,0,1,2025-04-29 23:04:23.823000
34562,45,1,0,1,2025-04-29 23:04:23.823000
34563,51,1,89,1,2025-04-29 23:04:23.827000
34563,51,2,192,1,2025-04-29 23:04:23.827000
34563,51,3,274,1,2025-04-29 23:04:23.827000
34563,51,4,237,1,2025-04-29 23:04:23.830000
34563,51,5,245,1,2025-04-29 23:04:23.830000
34563,51,6,247,1,2025-04-29 23:04:23.833000
34564,83,1,58,1,2025-04-29 23:04:23.843000
34564,83,2,175,1,2025-04-29 23:04:23.843000
34564,83,3,151,1,2025-04-29 23:04:23.847000
34564,83,4,94,1,2025-04-29 23:04:23.847000
34564,83,5,354,1,2025-04-29 23:04:23.847000
34564,83,6,240,1,2025-04-29 23:04:23.850000
34564,83,7,63,1,2025-04-29 23:04:23.850000
34564,83,8,250,1,2025-04-29 23:04:23.853000
34564,83,9,4,1,2025-04-29 23:04:23.853000
34564,83,10,131,1,2025-04-29 23:04:23.853000
34564,83,11,315,1,2025-04-29 23:04:23.857000
34564,83,12,41,1,2025-04-29 23:04:23.857000
34564,83,13,42,1,2025-04-29 23:04:23.860000
34565,40,1,0,1,2025-04-29 23:04:23.860000
34567,43,1,0,1,2025-04-29 23:04:23.863000
34570,52,1,26,1,2025-04-29 23:04:23.883000
34570,52,2,30,1,2025-04-29 23:04:23.887000
34570,52,3,31,1,2025-04-29 23:04:23.887000
34570,52,4,28,1,2025-04-29 23:04:23.890000
34570,52,5,68,1,2025-04-29 23:04:23.890000
34570,52,6,278,1,2025-04-29 23:04:23.890000
34570,52,7,20,1,2025-04-29 23:04:23.893000
34570,52,8,117,1,2025-04-29 23:04:23.893000
34573,30,1,179,1,2025-04-29 23:04:23.897000
34573,31,1,179,1,2025-04-29 23:04:23.897000
34575,43,1,156,1,2025-04-29 23:04:23.897000
34575,43,2,55,1,2025-04-29 23:04:23.900000
34575,43,3,194,1,2025-04-29 23:04:23.900000
34576,72,1,57,1,2025-04-29 23:04:23.907000
34577,64,1,263,1,2025-04-29 23:04:23.910000
34578,30,1,22,1,2025-04-29 23:04:23.910000
34578,30,2,192,1,2025-04-29 23:04:23.913000
34580,57,1,158,1,2025-04-29 23:04:23.917000
34594,42,1,270,1,2025-04-29 23:04:18.947000
34596,50,1,0,1,2025-04-29 23:04:18.950000
34596,52,1,0,1,2025-04-29 23:04:18.950000
34614,43,1,0,1,2025-04-29 23:04:18.950000
34615,42,1,261,1,2025-04-29 23:04:18.950000
34616,42,1,41,1,2025-04-29 23:04:18.953000
34616,44,1,41,1,2025-04-29 23:04:18.953000
34623,36,1,0,1,2025-04-29 23:04:18.953000
34623,38,1,0,1,2025-04-29 23:04:18.953000
34624,40,1,270,1,2025-04-29 23:04:18.957000
34624,42,1,270,1,2025-04-29 23:04:18.957000
34633,54,1,322,1,2025-04-29 23:04:18.957000
34635,34,1,0,1,2025-04-29 23:04:18.960000
34635,36,1,0,1,2025-04-29 23:04:18.960000
34635,37,1,0,1,2025-04-29 23:04:18.960000
34636,36,1,179,1,2025-04-29 23:04:18.960000
34636,38,1,179,1,2025-04-29 23:04:18.960000
34641,25,1,0,1,2025-04-29 23:04:18.963000
34641,27,1,0,1,2025-04-29 23:04:18.963000
34645,49,1,29,1,2025-04-29 23:04:18.963000
34645,49,2,28,1,2025-04-29 23:04:18.967000
34645,51,1,29,1,2025-04-29 23:04:18.963000
34645,51,2,28,1,2025-04-29 23:04:18.967000
34646,26,1,41,1,2025-04-29 23:04:18.967000
34648,29,1,0,1,2025-04-29 23:04:18.967000
34648,31,1,0,1,2025-04-29 23:04:18.967000
34658,34,1,0,1,2025-04-29 23:04:18.970000
34658,36,1,0,1,2025-04-29 23:04:18.970000
34659,30,1,81,1,2025-04-29 23:04:18.970000
34659,30,2,108,1,2025-04-29 23:04:18.970000
34659,32,1,81,1,2025-04-29 23:04:18.970000
34659,32,2,108,1,2025-04-29 23:04:18.970000
34760,27,1,56,1,2025-04-29 23:04:18.973000
34760,27,2,69,1,2025-06-12 19:51:42.847000
34760,27,3,176,2,2025-06-12 19:51:51.997000
34761,32,1,201,1,2025-04-29 23:04:18.973000
34761,34,1,201,1,2025-04-29 23:04:18.973000
34771,49,1,158,1,2025-04-29 23:04:18.977000
34771,51,1,158,1,2025-04-29 23:04:18.977000
34821,21,1,0,1,2025-04-29 23:04:18.280000
34823,27,1,0,1,2025-04-29 23:04:18.280000
34824,21,1,0,1,2025-04-29 23:04:18.280000
34833,94,1,238,1,2025-04-29 23:04:22.353000
34833,94,2,160,1,2025-04-29 23:04:22.360000
34833,94,3,345,1,2025-04-29 23:04:22.363000
34833,94,4,357,1,2025-04-29 23:04:22.367000
34859,34,1,270,1,2025-04-29 23:04:16.757000
34865,72,1,177,1,2025-04-29 23:04:22.380000
34869,42,1,0,1,2025-04-29 23:04:23.917000
34887,44,1,0,1,2025-04-29 23:04:22.383000
34887,53,1,0,1,2025-04-29 23:04:22.427000
34892,123,1,11,1,2025-04-29 23:04:22.430000
34892,123,2,15,1,2025-04-29 23:04:22.437000
34892,123,3,176,1,2025-04-29 23:04:22.440000
34912,20,1,372,1,2025-04-29 23:04:16.757000
34914,68,1,159,1,2025-04-29 23:04:22.447000
34924,79,1,263,1,2025-04-29 23:04:22.450000
34938,68,1,129,1,2025-04-29 23:04:22.453000
34961,48,1,129,1,2025-04-29 23:04:22.460000
34975,67,1,200,1,2025-04-29 23:04:22.463000
34976,34,1,0,1,2025-04-29 23:04:16.760000
34998,33,1,0,1,2025-04-29 23:04:22.470000
35000,149,1,372,1,2025-04-29 23:04:23.420000
35000,152,1,372,1,2025-04-29 23:04:23.420000
35000,155,1,372,2,2026-05-20 13:00:22.543000
35000,156,1,372,2,2026-05-20 13:00:22.543000
35001,11,1,64,1,2025-04-29 23:04:23.600000
35001,12,1,64,1,2025-04-29 23:04:23.600000
35003,61,1,0,1,2025-04-29 23:04:22.473000
35004,23,1,0,1,2025-04-29 23:04:22.477000
35006,119,1,29,1,2025-04-29 23:04:22.480000
35006,119,2,28,1,2025-04-29 23:04:22.487000
35006,119,3,59,1,2025-04-29 23:04:22.490000
35007,81,1,0,1,2025-04-29 23:04:22.497000
35010,40,1,15,1,2025-04-29 23:04:22.500000
35010,40,2,11,1,2025-04-29 23:04:22.503000
35010,50,1,0,1,2026-05-13 18:46:07.220000
35013,36,1,0,1,2025-04-29 23:04:22.510000
35014,39,1,156,1,2025-04-29 23:04:22.513000
35014,39,2,55,1,2025-04-29 23:04:22.517000
35014,39,3,203,1,2025-04-29 23:04:22.523000
35014,39,4,194,1,2025-04-29 23:04:22.527000
35016,36,1,263,1,2025-04-29 23:04:22.530000
35022,67,1,57,1,2025-04-29 23:04:22.537000
35025,98,1,0,1,2025-04-29 23:04:15.297000
35026,75,1,0,1,2025-04-29 23:04:23.920000
35028,10,1,0,1,2025-04-29 23:04:23.760000
35028,11,1,0,1,2025-04-29 23:04:23.760000
35035,74,1,201,1,2025-04-29 23:04:22.540000
35035,74,2,255,1,2025-04-29 23:04:22.547000
35038,76,1,128,1,2025-04-29 23:04:22.550000
35038,76,2,349,1,2025-04-29 23:04:22.560000
35038,76,3,157,1,2025-04-29 23:04:22.563000
35038,76,4,350,1,2025-04-29 23:04:22.570000
35038,76,5,56,1,2025-04-29 23:04:22.573000
35038,76,6,261,1,2025-04-29 23:04:22.580000
35038,76,7,69,1,2025-04-29 23:04:22.583000
35038,76,8,176,1,2025-04-29 23:04:22.587000
35041,113,1,217,5,2016-08-17 12:25:32.367000
35048,82,1,0,1,2025-04-29 23:04:23.920000
35049,58,1,0,1,2025-04-29 23:04:22.607000
35050,55,1,32,1,2025-04-29 23:04:22.610000
35050,55,2,226,1,2025-04-29 23:04:22.617000
35050,55,3,330,1,2025-04-29 23:04:22.620000
35062,122,1,333,1,2025-04-29 23:04:22.627000
35070,76,1,89,1,2025-04-29 23:04:22.630000
35073,51,1,0,1,2025-04-29 23:04:15.297000
35074,32,1,0,1,2025-04-29 23:04:23.200000
35074,33,1,0,1,2025-04-29 23:04:23.200000
35075,34,1,0,1,2025-04-29 23:04:23.587000
35075,35,1,0,1,2025-04-29 23:04:23.587000
35076,56,1,0,1,2025-04-29 23:04:23.663000
35076,57,1,0,1,2025-04-29 23:04:23.663000
35080,53,1,81,1,2025-04-29 23:04:23.607000
35080,53,2,108,1,2025-04-29 23:04:23.607000
35080,53,3,191,1,2025-04-29 23:04:23.610000
35080,54,1,81,1,2025-04-29 23:04:23.607000
35080,54,2,108,1,2025-04-29 23:04:23.607000
35080,54,3,191,1,2025-04-29 23:04:23.610000
35081,85,1,270,1,2025-04-29 23:04:22.637000
35083,96,1,177,1,2025-04-29 23:04:22.640000
35083,96,2,263,1,2025-04-29 23:04:22.643000
35083,96,3,211,1,2025-04-29 23:04:22.647000
35083,96,4,292,1,2025-04-29 23:04:22.653000
35083,96,5,298,1,2025-04-29 23:04:22.653000
35083,96,6,271,1,2025-04-29 23:04:22.660000
35083,108,1,177,1,2025-04-29 23:04:22.923000
35083,108,2,263,1,2025-04-29 23:04:22.923000
35083,108,3,211,1,2025-04-29 23:04:22.930000
35083,108,4,292,1,2025-04-29 23:04:22.933000
35083,108,5,298,1,2025-04-29 23:04:22.937000
35083,108,6,271,1,2025-04-29 23:04:22.940000
35089,30,1,81,1,2025-04-29 23:04:22.943000
35090,95,1,64,1,2025-04-29 23:04:22.947000
35090,95,2,69,1,2025-04-29 23:04:22.950000
35090,95,3,129,1,2025-04-29 23:04:22.957000
35091,103,1,60,1,2025-04-29 23:04:22.963000
35091,103,2,213,1,2025-04-29 23:04:22.970000
35091,103,3,9,1,2025-04-29 23:04:22.973000
35091,103,4,239,1,2025-04-29 23:04:22.977000
35092,78,1,0,1,2025-04-29 23:04:22.980000
35093,114,1,158,1,2025-04-29 23:04:22.987000
35098,27,1,270,1,2025-04-29 23:04:23.423000
35098,28,1,270,1,2025-04-29 23:04:23.423000
35099,60,1,98,1,2025-04-29 23:04:22.987000
35099,60,2,100,1,2025-04-29 23:04:22.993000
35099,60,3,101,1,2025-04-29 23:04:22.997000
35099,60,4,102,1,2025-04-29 23:04:23
35101,128,1,0,1,2025-04-29 23:04:23.010000
35121,33,1,176,1,2025-04-29 23:04:18.980000
35121,35,1,176,1,2025-04-29 23:04:18.980000
35124,23,1,0,1,2025-04-29 23:04:18.980000
35124,25,1,0,1,2025-04-29 23:04:18.980000
35125,76,1,12,1,2025-04-29 23:04:23.020000
35125,76,2,131,1,2025-04-29 23:04:23.020000
35125,76,3,232,1,2025-04-29 23:04:23.027000
35125,76,4,217,1,2025-04-29 23:04:23.030000
35125,76,5,47,1,2025-04-29 23:04:23.037000
35125,76,6,139,1,2025-04-29 23:04:23.037000
35125,77,1,12,1,2025-04-29 23:04:23.020000
35125,77,2,131,1,2025-04-29 23:04:23.020000
35125,77,3,232,1,2025-04-29 23:04:23.027000
35125,77,4,217,1,2025-04-29 23:04:23.030000
35125,77,5,47,1,2025-04-29 23:04:23.037000
35125,77,6,139,1,2025-04-29 23:04:23.037000
35130,66,1,0,1,2025-04-29 23:04:23.040000
35132,54,1,0,1,2025-04-29 23:04:23.920000
35136,31,1,240,1,2019-11-20 15:24:04.527000
35136,32,1,240,1,2019-11-20 15:24:04.527000
35136,33,1,240,1,2025-04-29 23:04:17.237000
35136,37,1,240,1,2025-04-29 23:04:17.237000
35138,43,1,171,1,2025-04-29 23:04:23.047000
35160,59,1,0,1,2025-04-29 23:04:17.240000
35160,61,1,0,1,2025-04-29 23:04:17.240000
35160,62,1,0,1,2025-04-29 23:04:17.240000
35163,28,1,64,1,2025-04-29 23:04:17.247000
35163,28,2,14,1,2025-04-29 23:04:17.247000
35163,29,1,64,1,2025-04-29 23:04:17.247000
35163,29,2,14,1,2025-04-29 23:04:17.247000
35170,54,1,0,1,2025-04-29 23:04:17.250000
35170,56,1,0,1,2025-04-29 23:04:17.250000
35170,60,1,0,1,2025-11-17 15:38:03.997000
35172,68,1,0,1,2025-04-29 23:04:17.250000
35172,72,1,0,1,2025-11-17 15:41:21.460000
35175,63,1,176,1,2025-04-29 23:04:17.250000
35175,63,2,177,1,2025-04-29 23:04:17.253000
35175,64,1,176,1,2025-04-29 23:04:17.250000
35175,64,2,177,1,2025-04-29 23:04:17.253000
35222,25,1,135,1,2025-04-29 23:04:18.980000
35222,25,2,15,1,2025-04-29 23:04:18.983000
35222,25,3,11,1,2025-04-29 23:04:18.983000
35249,19,1,135,1,2025-05-02 14:42:22.680000
35249,19,2,15,1,2025-05-02 14:42:46.970000
35249,19,3,11,2,2025-05-02 14:43:02.007000
35249,20,1,135,1,2025-05-02 14:42:22.680000
35249,20,2,15,1,2025-05-02 14:42:46.970000
35249,20,3,11,2,2025-05-02 14:43:02.007000
35350,60,1,81,1,2025-04-29 23:04:23.050000
35350,60,2,95,1,2025-04-29 23:04:23.053000
35391,17,1,331,1,2025-04-29 23:04:23.060000
35391,17,2,336,1,2025-04-29 23:04:23.063000
35395,48,1,171,1,2025-04-29 23:04:23.067000
35396,220,1,281,7,2025-04-30 17:31:47
35396,220,2,372,2,2025-04-30 17:32:18.190000
35397,64,1,165,1,2025-04-29 23:04:23.190000
35397,64,2,212,1,2025-04-29 23:04:23.190000
35397,64,3,164,1,2025-04-29 23:04:23.197000
35397,64,4,263,1,2025-04-29 23:04:23.200000
35434,30,1,169,1,2025-04-29 23:04:23.207000
35442,25,1,0,1,2025-04-29 23:04:19.467000
35442,26,1,0,1,2025-04-29 23:04:19.467000
35451,53,1,165,1,2025-04-29 23:04:23.210000
35451,53,2,263,1,2025-04-29 23:04:23.217000
35456,65,1,11,1,2025-04-29 23:04:17.257000
35456,65,2,135,1,2025-04-29 23:04:17.260000
35456,65,3,15,1,2025-04-29 23:04:17.260000
35456,66,1,11,1,2025-04-29 23:04:17.257000
35456,66,2,135,1,2025-04-29 23:04:17.260000
35456,66,3,15,1,2025-04-29 23:04:17.260000
35457,58,1,11,1,2025-04-29 23:04:17.263000
35457,58,2,135,1,2025-04-29 23:04:17.263000
35457,58,3,15,1,2025-04-29 23:04:17.267000
35457,63,1,11,1,2025-04-29 23:04:17.263000
35457,63,2,135,1,2025-04-29 23:04:17.263000
35457,63,3,15,1,2025-04-29 23:04:17.267000
35457,64,1,11,1,2025-04-29 23:04:17.263000
35457,64,2,135,1,2025-04-29 23:04:17.263000
35457,64,3,15,1,2025-04-29 23:04:17.267000
35486,20,1,249,1,2025-04-29 23:04:18.987000
35486,20,2,231,1,2025-04-29 23:04:18.987000
35486,20,3,42,1,2025-04-29 23:04:18.990000
35486,22,1,249,1,2025-04-29 23:04:18.987000
35486,22,2,231,1,2025-04-29 23:04:18.987000
35486,22,3,42,1,2025-04-29 23:04:18.990000
35490,81,3,0,1,2025-04-29 23:04:18.993000
35490,83,3,0,1,2025-04-29 23:04:18.993000
35490,85,3,0,1,2025-04-29 23:04:18.993000
35494,28,1,0,1,2025-04-29 23:04:18.993000
35498,28,1,129,1,2025-04-29 23:04:18.997000
35498,30,1,129,1,2025-04-29 23:04:18.997000
35526,33,1,0,1,2025-04-29 23:04:17.267000
35526,42,1,0,1,2025-04-29 23:04:17.267000
35526,43,1,0,1,2025-04-29 23:04:17.267000
35677,88,1,0,1,2025-04-29 23:04:23.920000
35702,26,1,0,1,2025-04-29 23:04:17.270000
35702,31,1,0,1,2025-04-29 23:04:17.270000
35702,32,1,0,1,2025-04-29 23:04:17.270000
35704,21,1,0,1,2025-04-29 23:04:17.270000
35704,22,1,0,1,2025-04-29 23:04:17.270000
35724,80,1,0,1,2025-04-29 23:04:23.923000
35751,47,1,165,1,2025-04-29 23:04:18.997000
35751,47,2,263,1,2025-04-29 23:04:19
35751,50,1,165,1,2025-04-29 23:04:18.997000
35751,50,2,263,1,2025-04-29 23:04:19
35753,37,1,212,1,2025-04-29 23:04:19
35753,37,2,263,1,2025-04-29 23:04:19
35753,37,3,204,1,2025-04-29 23:04:19.003000
35753,40,1,212,1,2025-04-29 23:04:19
35753,40,2,263,1,2025-04-29 23:04:19
35753,40,3,204,1,2025-04-29 23:04:19.003000
35755,33,1,263,1,2025-04-29 23:04:19.007000
35755,35,1,263,1,2025-04-29 23:04:19.007000
35761,38,1,165,1,2025-04-29 23:04:19.007000
35761,38,2,164,1,2025-04-29 23:04:19.010000
35761,38,3,263,1,2025-04-29 23:04:19.010000
35761,38,4,204,1,2025-04-29 23:04:19.013000
35761,40,1,165,1,2025-04-29 23:04:19.007000
35761,40,2,164,1,2025-04-29 23:04:19.010000
35761,40,3,263,1,2025-04-29 23:04:19.010000
35761,40,4,204,1,2025-04-29 23:04:19.013000
35891,34,1,0,1,2025-04-29 23:04:19.467000
35891,35,1,0,1,2025-04-29 23:04:19.467000
35897,31,1,0,1,2025-05-02 16:40:26.897000
35897,32,1,0,1,2025-05-02 16:40:26.897000
35906,24,1,270,1,2025-04-29 23:04:19.470000
35906,25,1,270,1,2025-04-29 23:04:19.470000
35922,44,1,0,1,2025-04-29 23:04:23.923000
35936,55,2,11,2,2025-05-01 19:10:07.003000
35936,55,3,176,2,2025-05-01 19:10:07.007000
35936,55,4,15,1,2025-05-01 19:10:07.010000
35936,58,2,11,2,2025-05-01 19:10:07.003000
35936,58,3,176,2,2025-05-01 19:10:07.007000
35936,58,4,15,1,2025-05-01 19:10:07.010000
35936,59,2,11,2,2025-05-01 19:10:07.003000
35936,59,3,176,2,2025-05-01 19:10:07.007000
35936,59,4,15,1,2025-05-01 19:10:07.010000
35974,28,1,0,1,2025-04-29 23:04:15.300000
35984,22,1,0,1,2025-04-29 23:04:19.473000
35986,35,1,0,1,2025-04-29 23:04:19.477000
35986,36,1,0,1,2025-04-29 23:04:19.477000
35986,37,1,0,1,2025-04-29 23:04:19.477000
35986,38,1,0,1,2025-04-29 23:04:19.477000
35998,34,1,201,1,2025-04-29 23:04:19.013000
35998,36,1,201,1,2025-04-29 23:04:19.013000
36000,19,1,0,1,2025-04-29 23:04:19.017000
36000,21,1,0,1,2025-04-29 23:04:19.017000
36007,65,1,0,1,2025-04-29 23:04:23.220000
36021,48,1,0,1,2025-04-29 23:04:19.480000
36021,49,1,0,1,2025-04-29 23:04:19.480000
36029,43,1,0,1,2025-04-29 23:04:19.480000
36029,44,1,0,1,2025-04-29 23:04:19.480000
36039,12,1,177,1,2025-04-29 23:04:23.733000
36039,13,1,177,1,2025-04-29 23:04:23.733000
36044,58,1,0,1,2025-04-29 23:04:15.307000
36044,59,1,0,1,2025-04-29 23:04:15.307000
36089,30,1,0,1,2025-04-29 23:04:15.310000
36094,55,1,0,1,2025-04-29 23:04:17.273000
36094,57,1,0,1,2025-04-29 23:04:17.273000
36094,58,1,0,1,2025-04-29 23:04:17.273000
36113,23,1,0,1,2025-04-29 23:04:19.480000
36113,24,1,0,1,2025-04-29 23:04:19.480000
36113,25,1,0,1,2025-04-29 23:04:19.480000
36117,35,1,0,1,2025-04-29 23:04:19.483000
36117,36,1,0,1,2025-04-29 23:04:19.483000
36125,40,1,0,1,2025-04-29 23:04:15.313000
36129,54,1,102,1,2025-04-29 23:04:15.317000
36139,30,1,102,1,2025-04-29 23:04:19.487000
36139,31,1,102,1,2025-04-29 23:04:19.487000
36155,22,1,0,1,2025-04-29 23:04:17.273000
36155,23,1,0,1,2025-04-29 23:04:17.273000
36159,21,1,0,1,2025-04-29 23:04:17.277000
36159,22,1,0,1,2025-04-29 23:04:17.277000
36180,36,1,0,1,2025-04-29 23:04:17.277000
36180,37,1,0,1,2025-04-29 23:04:17.277000
36186,36,1,0,1,2025-04-29 23:04:17.277000
36186,37,1,0,1,2025-04-29 23:04:17.277000
36188,23,1,0,1,2025-04-29 23:04:17.280000
36188,25,1,0,1,2025-04-29 23:04:17.280000
36188,26,1,0,1,2025-04-29 23:04:17.280000
36192,22,1,0,1,2025-04-29 23:04:17.280000
36192,24,1,0,1,2025-04-29 23:04:17.280000
36192,25,1,0,1,2025-04-29 23:04:17.280000
36204,21,1,240,1,2019-11-20 15:26:24.117000
36204,22,1,240,1,2025-04-29 23:04:17.280000
36204,23,1,240,1,2025-04-29 23:04:17.280000
36236,17,1,0,1,2025-04-29 23:04:22.837000
36236,18,1,0,1,2025-04-29 23:04:22.837000
36240,57,1,266,1,2025-04-29 23:04:23.227000
36240,57,2,155,1,2025-04-29 23:04:23.230000
36241,98,1,266,1,2025-04-29 23:04:23.233000
36241,98,2,187,1,2025-04-29 23:04:23.240000
36241,98,3,161,1,2025-04-29 23:04:23.243000
36241,98,4,241,1,2025-04-29 23:04:23.250000
36256,51,1,0,1,2025-04-29 23:04:17.283000
36256,53,1,0,1,2025-04-29 23:04:17.283000
36256,54,1,0,1,2025-04-29 23:04:17.283000
36267,40,1,234,1,2025-04-29 23:04:18.293000
36267,40,2,190,1,2025-04-29 23:04:18.297000
36267,44,1,234,1,2025-04-29 23:04:18.293000
36267,44,2,190,1,2025-04-29 23:04:18.297000
36286,21,1,0,1,2025-04-29 23:04:17.287000
36286,22,1,0,1,2025-04-29 23:04:17.287000
36335,24,1,0,1,2025-04-29 23:04:17.287000
36335,25,1,0,1,2025-04-29 23:04:17.287000
36339,23,1,0,1,2025-04-29 23:04:17.290000
36339,25,1,0,1,2025-04-29 23:04:17.290000
36339,26,1,0,1,2025-04-29 23:04:17.290000
36351,36,1,0,1,2025-04-29 23:04:17.290000
36351,42,1,0,1,2025-09-04 17:59:24.820000
36353,34,1,0,1,2025-04-29 23:04:17.293000
36353,38,1,0,1,2025-09-04 17:59:37.510000
36358,38,1,102,1,2025-04-29 23:04:17.293000
36358,39,1,102,1,2025-04-29 23:04:17.293000
36362,33,1,102,1,2025-04-29 23:04:17.297000
36362,34,1,102,1,2025-04-29 23:04:17.297000
36380,26,1,0,1,2025-04-29 23:04:17.297000
36380,27,1,0,1,2025-04-29 23:04:17.297000
36386,23,1,0,1,2025-04-29 23:04:17.297000
36386,24,1,0,1,2025-04-29 23:04:17.297000
36393,37,1,29,1,2025-04-29 23:04:16.763000
36393,37,2,28,1,2025-04-29 23:04:16.767000
36393,37,3,59,1,2025-04-29 23:04:16.767000
36400,20,1,0,1,2025-04-29 23:04:19.017000
36402,35,1,266,1,2025-04-29 23:04:19.017000
36402,35,2,187,1,2025-04-29 23:04:19.020000
36402,35,3,161,1,2025-04-29 23:04:19.020000
36406,9,1,0,1,2025-04-29 23:04:23.413000
36406,10,1,0,1,2025-04-29 23:04:23.413000
36408,31,1,266,1,2025-04-29 23:04:19.023000
36408,31,2,155,1,2025-04-29 23:04:19.023000
36408,34,1,155,1,2025-08-26 16:04:08.713000
36408,34,2,266,1,2025-08-26 16:04:22.527000
36425,19,1,0,1,2025-04-29 23:04:19.487000
36425,21,1,0,1,2025-04-29 23:04:19.487000
36427,38,1,81,1,2025-04-29 23:04:23.927000
36460,25,1,256,1,2025-04-29 23:04:19.490000
36464,27,1,0,1,2025-04-29 23:04:15.320000
36469,24,1,0,1,2025-04-29 23:04:19.490000
36485,21,1,0,1,2025-04-29 23:04:19.490000
36485,22,1,0,1,2025-04-29 23:04:19.490000
36485,23,1,0,1,2025-04-29 23:04:19.490000
36499,24,1,372,1,2025-04-29 23:04:16.770000
36499,28,1,372,1,2025-04-29 23:04:16.777000
36523,33,1,102,1,2025-04-29 23:04:19.027000
36523,35,1,102,1,2025-04-29 23:04:19.027000
36524,40,1,270,1,2025-04-29 23:04:17.300000
36524,43,1,270,1,2025-04-29 23:04:17.300000
36526,32,1,270,1,2025-04-29 23:04:17.300000
36526,33,1,270,1,2025-04-29 23:04:17.300000
36538,18,1,0,1,2025-04-29 23:04:17.303000
36538,22,1,0,1,2025-04-29 23:04:17.303000
36544,17,1,0,1,2025-04-29 23:04:17.303000
36544,20,1,0,1,2025-04-29 23:04:17.303000
36544,21,1,0,1,2025-04-29 23:04:17.303000
36551,18,1,0,1,2025-04-29 23:04:17.307000
36551,20,1,0,1,2025-04-29 23:04:17.307000
36551,21,1,0,1,2025-04-29 23:04:17.307000
36569,18,1,0,1,2025-04-29 23:04:17.307000
36569,19,1,0,1,2025-04-29 23:04:17.307000
36573,16,1,0,1,2025-04-29 23:04:17.310000
36573,17,1,0,1,2025-04-29 23:04:17.310000
36575,17,1,0,1,2025-04-29 23:04:17.310000
36575,21,1,0,1,2025-04-29 23:04:17.313000
36577,16,1,0,1,2025-04-29 23:04:17.313000
36577,17,1,0,1,2025-04-29 23:04:17.313000
36593,37,1,20,1,2025-04-29 23:04:23.937000
36593,37,2,226,1,2025-04-29 23:04:23.937000
36593,37,3,330,1,2025-04-29 23:04:23.940000
36658,20,1,1,1,2025-04-29 23:04:19.493000
36658,22,1,1,1,2025-04-29 23:04:19.493000
36665,19,1,0,1,2025-04-29 23:04:15.320000
36668,44,1,0,1,2025-04-29 23:04:17.317000
36668,45,1,0,1,2025-04-29 23:04:17.317000
36675,18,1,0,1,2025-04-29 23:04:19.497000
36675,19,1,0,1,2025-04-29 23:04:19.497000
36678,30,1,0,1,2025-04-29 23:04:17.317000
36678,33,1,0,1,2025-04-29 23:04:17.317000
36680,25,1,0,1,2025-04-29 23:04:17.320000
36680,26,1,0,1,2025-04-29 23:04:17.320000
36690,34,1,217,1,2025-04-29 23:04:19.497000
36690,35,1,217,6,2025-05-02 14:43:47.977000
36690,36,1,217,6,2025-05-02 14:43:47.977000
36690,38,1,217,6,2025-05-02 14:43:47.977000
36692,26,1,0,1,2025-04-29 23:04:17.320000
36692,27,1,0,1,2025-04-29 23:04:17.320000
36700,15,1,0,1,2025-04-29 23:04:17.320000
36700,16,1,0,1,2025-04-29 23:04:17.320000
36702,16,1,0,1,2025-04-29 23:04:17.323000
36702,20,1,0,1,2025-04-29 23:04:17.323000
36704,20,1,0,1,2025-04-29 23:04:17.327000
36704,22,1,0,1,2025-04-29 23:04:17.327000
36704,23,1,0,1,2025-04-29 23:04:17.327000
36706,20,1,0,1,2025-04-29 23:04:17.327000
36706,22,1,0,1,2025-04-29 23:04:17.327000
36706,23,1,0,1,2025-04-29 23:04:17.327000
36707,39,1,0,1,2025-04-29 23:04:17.327000
36707,40,1,0,1,2025-04-29 23:04:17.327000
36715,54,1,372,1,2025-04-29 23:04:23.253000
36715,58,1,372,1,2025-04-29 23:04:23.277000
36761,20,1,0,1,2025-04-29 23:04:23.940000
36767,27,1,0,1,2025-04-29 23:04:16.777000
36797,22,1,0,1,2025-04-29 23:04:19.027000
36805,25,1,0,1,2025-04-29 23:04:19.030000
36805,27,1,0,1,2025-04-29 23:04:19.030000
36807,45,1,0,1,2025-04-29 23:04:19.030000
36811,16,1,0,1,2025-04-30 18:53:14.260000
36815,25,1,0,1,2025-04-29 23:04:19.037000
36815,26,1,0,1,2025-04-29 23:04:19.037000
36831,34,1,0,1,2025-04-29 23:04:23.760000
36831,35,1,0,1,2025-04-29 23:04:23.760000
36839,23,1,330,1,2025-04-29 23:04:19.037000
36839,23,2,226,1,2025-04-29 23:04:19.040000
36846,17,1,0,1,2025-04-29 23:04:17.330000
36846,21,1,0,1,2025-04-29 23:04:17.330000
36850,24,1,0,1,2025-04-29 23:04:23.567000
36850,25,1,0,1,2025-04-29 23:04:23.567000
36857,16,1,0,1,2025-04-29 23:04:17.330000
36857,17,1,0,1,2025-04-29 23:04:17.330000
36859,26,1,373,1,2025-04-29 23:04:17.333000
36859,27,1,373,1,2025-04-29 23:04:17.333000
36861,24,1,226,1,2025-04-29 23:04:17.340000
36861,24,2,330,1,2025-04-29 23:04:17.343000
36861,25,1,226,1,2025-04-29 23:04:17.340000
36861,25,2,330,1,2025-04-29 23:04:17.343000
36864,18,1,0,1,2025-04-29 23:04:17.343000
36864,21,1,0,1,2025-04-29 23:04:17.347000
36866,17,1,0,1,2025-04-29 23:04:17.347000
36866,18,1,0,1,2025-04-29 23:04:17.347000
36868,24,1,281,1,2025-04-29 23:04:17.350000
36868,25,1,281,1,2025-04-29 23:04:17.350000
36889,24,1,36,1,2025-04-29 23:04:17.353000
36889,25,1,36,1,2025-04-29 23:04:17.353000
36902,15,1,330,1,2025-04-29 23:04:19.503000
36902,15,2,226,1,2025-04-29 23:04:19.507000
36902,16,1,330,1,2025-04-29 23:04:19.503000
36902,16,2,226,1,2025-04-29 23:04:19.507000
36906,19,1,0,1,2025-04-29 23:04:19.510000
36906,20,1,0,1,2025-04-29 23:04:19.510000
36912,30,1,0,1,2025-04-29 23:04:15.323000
36920,92,1,0,1,2025-04-29 23:04:23.283000
36920,103,1,0,1,2025-04-29 23:04:23.283000
36920,107,1,0,1,2025-04-29 23:04:23.283000
36941,21,1,0,1,2025-04-29 23:04:17.357000
36941,22,1,0,1,2025-04-29 23:04:17.357000
36947,20,1,0,1,2025-04-29 23:04:17.357000
36947,21,1,0,1,2025-04-29 23:04:17.357000
36951,19,1,0,1,2025-04-29 23:04:19.517000
36951,20,1,0,1,2025-04-29 23:04:19.517000
36975,22,1,0,1,2025-04-29 23:04:19.523000
36975,24,1,0,1,2025-04-29 23:04:19.523000
37001,19,1,0,1,2025-04-29 23:04:19.040000
37001,21,1,0,1,2025-04-29 23:04:19.040000
37003,14,1,0,1,2025-04-29 23:04:19.040000
37011,22,1,0,1,2025-04-29 23:04:19.043000
37011,24,1,0,1,2025-04-29 23:04:19.043000
37015,25,1,0,1,2025-04-29 23:04:19.043000
37015,27,1,0,1,2025-04-29 23:04:19.043000
37020,25,1,64,1,2025-04-29 23:04:17.367000
37020,25,2,14,1,2025-04-29 23:04:17.367000
37020,26,1,64,1,2025-04-29 23:04:17.367000
37020,26,2,14,1,2025-04-29 23:04:17.367000
37022,30,1,0,1,2025-04-29 23:04:23.943000
37027,19,1,9,1,2025-04-29 23:04:17.370000
37027,20,1,9,1,2025-04-29 23:04:17.370000
37031,35,1,0,1,2025-04-29 23:04:15.327000
37033,30,1,0,1,2025-04-29 23:04:15.330000
37054,21,1,0,1,2025-04-29 23:04:17.370000
37054,22,1,0,1,2025-04-29 23:04:17.370000
37062,22,1,0,1,2025-04-29 23:04:17.370000
37062,24,1,0,1,2025-04-29 23:04:17.370000
37062,25,1,0,1,2025-04-29 23:04:17.370000
37066,28,1,0,1,2025-04-29 23:04:17.373000
37066,31,1,0,1,2025-04-29 23:04:17.373000
37068,22,1,0,1,2025-04-29 23:04:17.373000
37068,23,1,0,1,2025-04-29 23:04:17.373000
37070,25,1,0,1,2025-04-29 23:04:17.377000
37070,26,1,0,1,2025-04-29 23:04:17.377000
37072,22,1,0,1,2025-04-29 23:04:17.377000
37072,24,1,0,1,2025-04-29 23:04:17.377000
37072,25,1,0,1,2025-04-29 23:04:17.377000
37086,26,1,0,1,2025-04-29 23:04:17.380000
37086,27,1,0,1,2025-04-29 23:04:17.380000
37088,21,1,0,1,2025-04-29 23:04:17.380000
37088,22,1,0,1,2025-04-29 23:04:17.380000
37126,21,1,0,1,2025-04-29 23:04:19.530000
37126,22,1,0,1,2025-04-29 23:04:19.530000
37130,21,1,0,1,2025-04-29 23:04:19.537000
37166,22,1,12,1,2025-04-29 23:04:16.780000
37166,22,2,131,1,2025-04-29 23:04:16.780000
37166,22,3,232,1,2025-04-29 23:04:16.780000
37166,22,4,217,1,2025-04-29 23:04:16.783000
37166,22,5,47,1,2025-04-29 23:04:16.783000
37166,22,6,139,1,2025-04-29 23:04:16.787000
37166,23,1,12,1,2025-04-29 23:04:16.780000
37166,23,2,131,1,2025-04-29 23:04:16.780000
37166,23,3,232,1,2025-04-29 23:04:16.780000
37166,23,4,217,1,2025-04-29 23:04:16.783000
37166,23,5,47,1,2025-04-29 23:04:16.783000
37166,23,6,139,1,2025-04-29 23:04:16.787000
37176,57,1,0,1,2025-04-29 23:04:23.943000
37199,14,1,0,1,2025-04-29 23:04:19.043000
37199,16,1,0,1,2025-04-29 23:04:19.043000
37205,15,1,0,1,2025-04-29 23:04:19.047000
37210,19,1,0,1,2025-04-29 23:04:19.047000
37210,21,1,0,1,2025-04-29 23:04:19.047000
37216,23,1,0,1,2025-04-29 23:04:19.047000
37228,24,1,131,1,2025-04-29 23:04:19.067000
37228,24,2,232,1,2025-04-29 23:04:19.070000
37228,24,3,217,1,2025-04-29 23:04:19.070000
37228,24,4,47,1,2025-04-29 23:04:19.070000
37228,24,5,315,1,2025-04-29 23:04:19.073000
37244,39,1,9,1,2025-04-29 23:04:23.410000
37244,39,2,60,1,2025-04-29 23:04:23.410000
37244,39,4,239,1,2025-05-07 13:19:34.733000
37254,15,1,0,1,2025-04-29 23:04:19.543000
37254,16,1,0,1,2025-04-29 23:04:19.543000
37260,27,1,0,1,2025-04-29 23:04:15.333000
37264,21,1,0,1,2025-04-29 23:04:15.337000
37281,22,1,176,1,2025-04-29 23:04:17.380000
37281,22,2,177,1,2025-04-29 23:04:17.383000
37281,23,1,176,1,2025-04-29 23:04:17.380000
37281,23,2,177,1,2025-04-29 23:04:17.383000
37283,16,1,0,1,2025-04-29 23:04:17.383000
37283,22,1,0,1,2025-04-29 23:04:17.383000
37283,23,1,0,1,2025-04-29 23:04:17.383000
37293,27,1,17,1,2025-04-29 23:04:17.387000
37293,27,2,320,1,2025-04-29 23:04:17.387000
37293,28,1,17,1,2025-04-29 23:04:17.387000
37293,28,2,320,1,2025-04-29 23:04:17.387000
37295,21,1,0,1,2025-04-29 23:04:17.390000
37295,22,1,0,1,2025-04-29 23:04:17.390000
37299,29,1,0,1,2025-04-29 23:04:17.393000
37299,30,1,0,1,2025-04-29 23:04:17.393000
37311,20,1,0,1,2025-04-29 23:04:17.393000
37311,21,1,0,1,2025-04-29 23:04:17.393000
37313,25,1,0,1,2025-04-29 23:04:17.400000
37313,27,1,0,1,2025-04-29 23:04:17.400000
37313,28,1,0,1,2025-04-29 23:04:17.400000
37352,24,1,0,1,2025-04-29 23:04:19.553000
37352,25,1,0,1,2025-04-29 23:04:19.553000
37356,16,1,0,1,2025-05-02 16:41:00.570000
37356,17,1,0,1,2025-05-02 16:41:00.570000
37360,17,1,240,1,2025-04-29 23:04:17.400000
37360,21,1,240,1,2025-04-29 23:04:17.403000
37360,22,1,240,1,2025-04-29 23:04:17.403000
37371,42,1,1,1,2025-04-29 23:04:23.287000
37373,37,1,176,1,2025-04-29 23:04:17.403000
37373,37,2,177,1,2025-04-29 23:04:17.403000
37373,41,1,176,1,2025-04-29 23:04:17.407000
37373,41,2,177,1,2025-04-29 23:04:17.407000
37379,37,1,263,1,2025-04-29 23:04:23.943000
37379,42,1,263,1,2025-04-29 23:04:23.950000
37387,25,1,0,1,2025-04-29 23:04:23.950000
37398,21,1,1,1,2025-04-29 23:04:16.787000
37421,24,1,177,1,2025-04-29 23:04:23.340000
37421,24,2,263,1,2025-04-29 23:04:23.340000
37421,32,1,177,1,2025-04-29 23:04:23.360000
37421,32,2,263,1,2025-04-29 23:04:23.360000
37421,35,1,0,1,2025-12-17 19:22:00.783000
37421,36,1,0,1,2025-12-17 19:22:00.783000
37421,37,1,0,1,2025-12-17 19:22:00.783000
37475,17,1,156,1,2025-04-29 23:04:23.127000
37475,17,2,55,1,2025-04-29 23:04:23.130000
37475,17,3,194,1,2025-04-29 23:04:23.137000
37475,18,1,156,1,2025-04-29 23:04:23.127000
37475,18,2,55,1,2025-04-29 23:04:23.130000
37475,18,3,194,1,2025-04-29 23:04:23.137000
37502,18,1,156,1,2025-04-29 23:04:17.410000
37502,18,2,55,1,2025-04-29 23:04:17.410000
37502,18,3,194,1,2025-04-29 23:04:17.410000
37502,21,1,156,1,2025-04-29 23:04:17.413000
37502,21,2,55,1,2025-04-29 23:04:17.413000
37502,21,3,194,1,2025-04-29 23:04:17.417000
37504,16,1,156,1,2025-04-29 23:04:17.417000
37504,16,2,55,1,2025-04-29 23:04:17.420000
37504,16,3,194,1,2025-04-29 23:04:17.420000
37504,17,1,156,1,2025-04-29 23:04:17.417000
37504,17,2,55,1,2025-04-29 23:04:17.420000
37504,17,3,194,1,2025-04-29 23:04:17.420000
37531,20,1,0,1,2025-04-29 23:04:23.950000
37535,18,1,0,1,2025-04-29 23:04:23.763000
37535,19,1,0,1,2025-04-29 23:04:23.763000
37537,18,1,156,1,2025-04-29 23:04:19.073000
37537,18,2,55,1,2025-04-29 23:04:19.077000
37537,18,3,194,1,2025-04-29 23:04:19.077000
37537,20,1,156,1,2025-04-29 23:04:19.073000
37537,20,2,55,1,2025-04-29 23:04:19.077000
37537,20,3,194,1,2025-04-29 23:04:19.077000
37539,17,1,0,1,2025-04-29 23:04:19.080000
37547,17,1,0,1,2025-04-29 23:04:17.427000
37547,21,1,0,1,2025-04-29 23:04:17.427000
37547,22,1,0,1,2025-04-29 23:04:17.427000
37549,17,1,0,1,2025-04-29 23:04:17.427000
37549,21,1,0,1,2025-04-29 23:04:17.427000
37549,22,1,0,1,2025-04-29 23:04:17.427000
37561,15,1,0,1,2025-04-29 23:04:16.787000
37561,20,1,0,1,2025-04-29 23:04:16.793000
37564,9,1,156,1,2019-01-04 00:52:01.297000
37564,9,2,55,1,2019-01-04 00:52:19.970000
37564,9,3,194,1,2019-01-04 00:52:31.927000
37564,12,1,156,1,2025-04-29 23:04:16.793000
37564,12,2,55,1,2025-04-29 23:04:16.797000
37564,12,3,194,1,2025-04-29 23:04:16.797000
37575,21,1,156,1,2025-04-29 23:04:19.573000
37575,21,2,194,1,2025-04-29 23:04:19.580000
37575,22,1,156,1,2025-04-29 23:04:19.573000
37575,22,2,194,1,2025-04-29 23:04:19.580000
37578,28,1,0,1,2025-04-29 23:04:19.583000
37578,29,1,0,1,2025-04-29 23:04:19.583000
37578,30,1,0,1,2025-04-29 23:04:19.583000
37581,24,1,0,1,2025-04-29 23:04:23.950000
37598,20,1,0,1,2025-04-29 23:04:19.587000
37598,21,1,0,1,2025-04-29 23:04:19.587000
37602,15,1,0,1,2025-04-29 23:04:23.953000
37602,18,1,0,1,2025-04-29 23:04:23.953000
37606,17,1,198,1,2025-04-30 16:32:25.780000
37606,17,2,372,2,2025-04-30 16:32:25.790000
37606,18,1,198,1,2025-04-30 16:32:25.780000
37606,18,2,372,2,2025-04-30 16:32:25.790000
37608,18,1,0,1,2025-04-29 23:04:19.587000
37608,19,1,0,1,2025-04-29 23:04:19.587000
37608,21,1,0,1,2025-04-29 23:04:19.587000
37608,22,1,0,1,2025-04-29 23:04:19.587000
37616,15,1,0,1,2025-04-29 23:04:17.430000
37616,16,1,0,1,2025-04-29 23:04:17.430000
37618,15,1,0,1,2025-04-29 23:04:17.430000
37618,16,1,0,1,2025-04-29 23:04:17.430000
37620,15,1,0,1,2025-04-29 23:04:17.433000
37620,16,1,0,1,2025-04-29 23:04:17.433000
37622,15,1,0,1,2025-04-29 23:04:17.433000
37622,17,1,0,1,2025-04-29 23:04:17.433000
37622,18,1,0,1,2025-04-29 23:04:17.433000
37628,21,1,253,1,2025-04-29 23:04:17.437000
37628,24,1,253,1,2025-04-29 23:04:17.437000
37630,20,1,253,1,2025-04-29 23:04:17.440000
37630,21,1,253,1,2025-04-29 23:04:17.440000
37632,26,1,240,1,2025-04-29 23:04:23.953000
37633,26,1,16,1,2025-04-29 23:04:23.957000
37638,31,1,0,1,2025-04-29 23:04:23.960000
37641,16,1,11,1,2025-04-29 23:04:23.963000
37641,16,2,283,1,2025-04-29 23:04:23.963000
37641,16,3,284,1,2025-04-29 23:04:23.967000
37642,18,4,135,1,2025-04-29 23:04:23.970000
37642,18,5,15,1,2025-04-29 23:04:23.973000
37642,18,6,11,1,2025-04-29 23:04:23.973000
37643,24,1,171,1,2025-04-29 23:04:23.973000
37644,22,1,0,1,2025-04-29 23:04:23.977000
37663,20,1,0,1,2025-04-30 19:08:30.617000
37725,44,1,0,1,2025-04-29 23:04:15.340000
37729,24,1,0,1,2025-04-29 23:04:17.440000
37729,25,1,0,1,2025-04-29 23:04:17.440000
37738,22,1,0,1,2025-04-29 23:04:17.443000
37738,23,1,0,1,2025-04-29 23:04:17.443000
37748,28,1,0,1,2025-04-29 23:04:17.443000
37748,30,1,0,1,2025-04-29 23:04:17.443000
37748,31,1,0,1,2025-04-29 23:04:17.443000
37750,29,1,0,1,2025-04-29 23:04:17.443000
37750,31,1,0,1,2025-04-29 23:04:17.443000
37750,32,1,0,1,2025-04-29 23:04:17.443000
37761,22,1,0,1,2025-04-29 23:04:23.980000
37761,23,1,0,1,2025-04-29 23:04:23.980000
37772,14,1,0,1,2025-04-29 23:04:19.083000
37774,15,1,371,1,2025-04-29 23:04:23.980000
37779,16,1,0,1,2025-04-29 23:04:23.983000
37790,19,1,0,1,2025-04-29 23:04:19.590000
37790,20,1,0,1,2025-04-29 23:04:19.590000
37790,21,1,0,1,2025-04-29 23:04:19.590000
37792,16,1,152,1,2025-04-29 23:04:23.290000
37792,16,2,268,1,2025-04-29 23:04:23.293000
37794,23,1,0,1,2025-04-29 23:04:15.340000
37798,13,1,152,1,2025-04-29 23:04:16.800000
37798,13,2,268,1,2025-04-29 23:04:16.800000
37800,19,1,266,1,2025-04-29 23:04:16.800000
37800,19,2,155,1,2025-04-29 23:04:16.803000
37810,17,1,198,1,2025-04-29 23:04:23.190000
37810,17,2,372,1,2025-04-29 23:04:23.197000
37810,20,1,198,1,2025-04-29 23:04:23.190000
37810,20,2,372,1,2025-04-29 23:04:23.197000
37810,25,1,198,1,2025-04-29 23:04:23.190000
37810,25,2,372,1,2025-04-29 23:04:23.197000
37810,26,1,198,1,2025-04-29 23:04:23.190000
37810,26,2,372,1,2025-04-29 23:04:23.197000
37822,18,1,0,1,2025-04-29 23:04:17.447000
37822,19,1,0,1,2025-04-29 23:04:17.447000
37824,18,1,0,1,2025-04-29 23:04:17.447000
37824,19,1,0,1,2025-04-29 23:04:17.447000
37826,28,1,313,1,2025-04-29 23:04:23.987000
37832,22,1,0,1,2025-04-29 23:04:19.590000
37832,23,1,0,1,2025-04-29 23:04:19.590000
37848,18,1,0,1,2025-04-29 23:04:23.990000
37857,20,1,0,1,2025-04-29 23:04:15.343000
37863,25,1,0,1,2025-04-29 23:04:23.990000
37870,19,1,372,1,2025-04-29 23:04:15.347000
37873,14,1,12,1,2025-04-29 23:04:23.990000
37873,18,1,12,1,2025-04-29 23:04:23.993000
37887,24,1,0,1,2025-04-29 23:04:17.447000
37887,25,1,0,1,2025-04-29 23:04:17.447000
37891,23,1,0,1,2025-04-29 23:04:17.450000
37891,24,1,0,1,2025-04-29 23:04:17.450000
37893,30,1,201,1,2025-04-29 23:04:23.297000
37897,15,1,372,1,2025-04-29 23:04:17.450000
37897,17,1,372,1,2025-04-29 23:04:17.450000
37897,18,1,372,1,2025-04-29 23:04:17.450000
37899,13,1,372,1,2025-04-29 23:04:17.450000
37899,14,1,372,1,2025-04-29 23:04:17.450000
37903,18,1,372,1,2025-04-29 23:04:19.590000
37905,17,1,0,1,2025-04-29 23:04:19.593000
37905,18,1,0,1,2025-04-29 23:04:19.593000
37913,15,1,0,1,2025-04-30 19:09:40.723000
37913,17,1,0,1,2025-04-30 19:09:40.723000
37919,12,1,0,1,2025-04-29 23:04:19.087000
37921,16,1,372,1,2025-04-29 23:04:19.090000
37921,18,1,372,1,2025-04-29 23:04:19.090000
38014,8,1,0,1,2025-04-29 23:04:22.987000
38014,9,1,0,1,2025-04-29 23:04:22.987000
38016,21,1,0,1,2025-04-29 23:04:19.597000
38018,18,1,0,1,2025-04-29 23:04:19.090000
38026,28,1,0,1,2025-04-29 23:04:23.993000
38033,13,1,313,1,2025-04-29 23:04:23.993000
38043,14,1,372,1,2025-04-29 23:04:15.353000
38045,17,1,372,1,2025-04-29 23:04:15.353000
38047,13,1,372,1,2025-04-29 23:04:15.357000
38051,17,1,0,1,2025-04-29 23:04:15.360000
38065,11,1,372,1,2025-04-29 23:04:19.597000
38065,12,1,372,1,2025-04-29 23:04:19.597000
38067,12,1,372,1,2025-04-29 23:04:19.600000
38067,13,1,372,1,2025-04-29 23:04:19.600000
38070,11,1,372,1,2025-04-29 23:04:19.603000
38070,12,1,372,1,2025-04-29 23:04:19.603000
38111,10,1,0,1,2025-04-29 23:04:19.607000
38119,10,1,372,1,2025-04-29 23:04:17.453000
38119,11,1,372,1,2025-04-29 23:04:17.453000
38121,10,1,372,1,2025-04-29 23:04:17.457000
38121,11,1,372,1,2025-04-29 23:04:17.457000
38123,11,1,372,1,2025-04-29 23:04:17.457000
38123,12,1,372,1,2025-04-29 23:04:17.457000
38125,10,1,372,1,2025-04-29 23:04:17.460000
38125,11,1,372,1,2025-04-29 23:04:17.460000
38151,6,1,0,1,2025-04-29 23:04:17.460000
38151,8,1,0,1,2025-04-29 23:04:17.460000
38151,9,1,0,1,2025-04-29 23:04:17.460000
38153,7,1,0,1,2025-04-29 23:04:17.460000
38153,8,1,0,1,2025-04-29 23:04:17.460000
38158,9,1,372,1,2025-04-29 23:04:19.093000
38168,11,1,372,1,2025-04-29 23:04:19.100000
38176,11,1,372,1,2025-04-29 23:04:19.103000
38176,13,1,372,1,2025-04-29 23:04:19.103000
38178,9,1,0,1,2025-04-29 23:04:19.103000
38178,11,1,0,1,2025-04-29 23:04:19.103000
38201,21,1,0,1,2025-04-29 23:04:19.607000
38201,22,1,0,1,2025-04-29 23:04:19.607000
38201,25,1,0,1,2025-04-29 23:04:19.607000
38211,15,1,0,1,2025-04-29 23:04:19.107000
38211,17,1,0,1,2025-04-29 23:04:19.107000
38213,11,1,0,1,2025-04-29 23:04:19.110000
38213,13,1,0,1,2025-04-29 23:04:19.110000
38223,19,1,0,1,2025-04-29 23:04:23.300000
38227,19,1,0,1,2025-04-29 23:04:16.803000
38229,27,1,0,1,2025-04-29 23:04:23.303000
38231,19,1,201,1,2025-04-29 23:04:16.807000
38233,6,1,0,1,2025-04-29 23:04:16.807000
38238,13,1,0,1,2025-04-29 23:04:15.360000
38240,26,1,0,1,2025-04-29 23:04:15.363000
38249,21,1,0,1,2025-04-29 23:04:19.613000
38249,22,1,0,1,2025-04-29 23:04:19.613000
38268,10,1,0,1,2025-04-29 23:04:19.613000
38268,11,1,0,1,2025-04-29 23:04:19.613000
38274,10,1,0,1,2025-04-29 23:04:15.367000
38276,8,1,240,1,2025-04-29 23:04:23.997000
38276,8,2,226,1,2025-04-29 23:04:24
38276,8,3,330,1,2025-04-29 23:04:24
38276,12,1,240,1,2025-04-29 23:04:24
38276,12,2,226,1,2025-04-29 23:04:24.003000
38276,12,3,330,1,2025-04-29 23:04:24.007000
38278,35,1,176,2,2025-04-30 17:17:43.463000
38284,12,1,0,1,2025-04-29 23:04:19.617000
38284,13,1,0,1,2025-04-29 23:04:19.617000
38288,10,1,0,1,2025-04-29 23:04:19.617000
38288,11,1,0,1,2025-04-29 23:04:19.617000
38292,17,1,0,1,2025-04-29 23:04:15.367000
38294,22,1,333,1,2025-04-29 23:04:15.370000
38294,24,1,333,1,2025-04-29 23:04:15.370000
38299,22,1,0,1,2025-04-29 23:04:17.463000
38299,25,1,0,1,2025-04-29 23:04:17.463000
38299,26,1,0,1,2025-04-29 23:04:17.463000
38301,22,1,0,1,2025-04-29 23:04:17.463000
38301,25,1,0,1,2025-04-29 23:04:17.463000
38301,26,1,0,1,2025-04-29 23:04:17.463000
38303,12,1,0,1,2025-04-29 23:04:19.617000
38303,13,1,0,1,2025-04-29 23:04:19.617000
38307,13,1,0,1,2025-04-29 23:04:19.620000
38307,14,1,0,1,2025-04-29 23:04:19.620000
38310,7,1,0,1,2025-04-29 23:04:17.463000
38310,11,1,0,1,2025-04-29 23:04:17.467000
38312,4,1,0,1,2025-04-29 23:04:17.467000
38312,5,1,0,1,2025-04-29 23:04:17.467000
38327,9,1,0,1,2025-04-29 23:04:17.467000
38327,10,1,0,1,2025-04-29 23:04:17.467000
38329,9,1,0,1,2025-04-29 23:04:17.470000
38329,10,1,0,1,2025-04-29 23:04:17.470000
38331,24,1,0,1,2025-04-29 23:04:17.470000
38331,25,1,0,1,2025-04-29 23:04:17.470000
38333,19,1,0,1,2025-04-29 23:04:17.470000
38333,20,1,0,1,2025-04-29 23:04:17.470000
38335,11,1,333,1,2025-04-29 23:04:17.473000
38335,13,1,333,1,2025-04-29 23:04:17.473000
38335,15,1,333,1,2025-04-29 23:04:17.473000
38335,16,1,333,1,2025-04-29 23:04:17.473000
38337,13,1,333,1,2025-04-29 23:04:17.473000
38337,15,1,333,1,2025-04-29 23:04:17.473000
38337,16,1,333,1,2025-04-29 23:04:17.473000
38339,16,1,0,1,2025-04-29 23:04:17.477000
38339,17,1,0,1,2025-04-29 23:04:17.477000
38341,13,1,0,1,2025-04-29 23:04:17.477000
38341,14,1,0,1,2025-04-29 23:04:17.477000
38351,8,1,0,1,2025-04-29 23:04:17.480000
38351,9,1,0,1,2025-04-29 23:04:17.480000
38353,8,1,0,1,2025-04-29 23:04:17.480000
38353,9,1,0,1,2025-04-29 23:04:17.480000
38367,28,1,0,1,2025-04-29 23:04:23.123000
38367,31,1,0,1,2025-07-12 22:36:25.673000
38367,32,1,0,1,2025-07-12 22:36:25.673000
38371,12,1,0,1,2025-04-29 23:04:23.423000
38371,13,1,0,1,2025-04-29 23:04:23.423000
38378,22,1,0,1,2025-04-29 23:04:19.623000
38378,25,1,0,1,2025-10-07 16:26:56.953000
38378,26,1,0,1,2025-10-07 16:26:56.953000
38385,40,1,240,1,2025-04-29 23:04:23.313000
38385,40,2,226,1,2025-04-29 23:04:23.323000
38385,40,3,330,1,2025-04-29 23:04:23.333000
38387,7,1,240,1,2025-04-29 23:04:23.207000
38387,7,2,226,1,2025-04-29 23:04:23.210000
38387,7,3,330,1,2025-04-29 23:04:23.217000
38387,8,1,240,1,2025-04-29 23:04:23.207000
38387,8,2,226,1,2025-04-29 23:04:23.210000
38387,8,3,330,1,2025-04-29 23:04:23.217000
38394,11,1,333,1,2025-04-29 23:04:19.623000
38394,13,1,333,1,2025-04-29 23:04:19.623000
38396,18,1,177,1,2025-04-29 23:04:16.807000
38396,18,2,263,1,2025-04-29 23:04:16.810000
38396,18,3,211,1,2025-04-29 23:04:16.810000
38396,18,4,292,1,2025-04-29 23:04:16.813000
38396,18,5,298,1,2025-04-29 23:04:16.813000
38396,18,6,271,1,2025-04-29 23:04:16.817000
38396,25,1,177,1,2025-04-29 23:04:16.883000
38396,25,2,263,1,2025-04-29 23:04:16.883000
38396,25,3,211,1,2025-04-29 23:04:16.887000
38396,25,4,292,1,2025-04-29 23:04:16.887000
38396,25,5,298,1,2025-04-29 23:04:16.890000
38396,25,6,271,1,2025-04-29 23:04:16.890000
38398,6,1,240,1,2025-04-29 23:04:16.890000
38398,6,2,226,1,2025-04-29 23:04:16.893000
38398,6,3,330,1,2025-04-29 23:04:16.897000
38429,9,1,0,1,2025-04-29 23:04:19.110000
38433,9,1,0,1,2025-04-29 23:04:19.110000
38435,12,1,333,1,2025-04-29 23:04:19.113000
38435,14,1,333,1,2025-04-29 23:04:19.113000
38435,15,1,333,1,2025-04-29 23:04:19.113000
38441,15,1,0,1,2025-04-29 23:04:19.113000
38443,11,1,0,1,2025-04-29 23:04:19.117000
38495,7,1,279,1,2025-04-29 23:04:23.333000
38506,3,1,279,1,2025-04-29 23:04:16.897000
38528,7,1,240,1,2025-04-29 23:04:19.117000
38528,7,2,226,1,2025-04-29 23:04:19.120000
38528,7,3,330,1,2025-04-29 23:04:19.120000
38528,9,1,240,1,2025-04-29 23:04:19.117000
38528,9,2,226,1,2025-04-29 23:04:19.120000
38528,9,3,330,1,2025-04-29 23:04:19.120000
38549,12,1,0,1,2025-04-29 23:04:24.010000
38549,17,1,0,1,2025-10-07 12:20:15.633000
38551,14,1,0,1,2025-04-29 23:04:24.010000
38566,11,1,0,1,2025-04-29 23:04:15.373000
38568,10,1,112,1,2025-04-29 23:04:15.377000
38571,8,1,281,1,2025-04-29 23:04:22.977000
38571,9,1,281,1,2025-04-29 23:04:22.977000
38576,12,1,372,1,2025-04-29 23:04:15.380000
38576,14,1,372,1,2025-04-29 23:04:15.380000
38582,9,1,0,1,2025-04-29 23:04:19.627000
38582,10,1,0,1,2025-04-29 23:04:19.627000
38582,11,1,0,1,2025-04-29 23:04:19.627000
38584,12,1,0,1,2025-04-29 23:04:19.627000
38584,14,1,0,1,2025-04-29 23:04:19.627000
38584,15,1,0,1,2025-04-29 23:04:19.627000
38586,10,1,372,1,2025-04-29 23:04:19.630000
38586,13,1,372,1,2025-04-29 23:04:19.630000
38613,11,1,176,1,2025-04-29 23:04:17.480000
38613,14,1,176,1,2025-04-29 23:04:17.480000
38613,15,1,176,1,2025-04-29 23:04:17.480000
38613,16,1,176,1,2025-04-29 23:04:17.480000
38615,11,1,176,1,2025-04-29 23:04:17.483000
38615,13,1,176,1,2025-04-29 23:04:17.483000
38615,14,1,176,1,2025-04-29 23:04:17.483000
38617,31,1,190,1,2025-04-29 23:04:23.340000
38617,31,2,223,1,2025-04-29 23:04:23.340000
38617,31,3,222,1,2025-04-29 23:04:23.347000
38623,17,1,0,1,2025-04-29 23:04:23.240000
38623,20,1,0,1,2025-04-29 23:04:23.240000
38623,21,1,0,1,2025-04-29 23:04:23.240000
38629,5,1,112,1,2025-04-29 23:04:17.483000
38643,7,1,0,1,2025-04-29 23:04:17.487000
38643,8,1,0,1,2025-04-29 23:04:17.487000
38645,7,1,0,1,2025-04-29 23:04:17.487000
38645,8,1,0,1,2025-04-29 23:04:17.487000
38647,11,1,372,1,2025-04-29 23:04:17.490000
38647,12,1,372,1,2025-04-29 23:04:17.490000
38647,14,1,372,1,2025-04-29 23:04:17.490000
38649,12,1,372,1,2025-04-29 23:04:17.490000
38649,13,1,372,1,2025-04-29 23:04:17.490000
38657,15,1,0,1,2025-04-29 23:04:17.493000
38657,17,1,0,1,2025-04-29 23:04:17.493000
38657,20,1,0,1,2025-04-29 23:04:17.493000
38657,21,1,0,1,2025-04-29 23:04:17.493000
38659,11,1,0,1,2025-04-29 23:04:17.493000
38659,13,1,0,1,2025-04-29 23:04:17.493000
38659,17,1,0,1,2025-04-29 23:04:17.493000
38659,18,1,0,1,2025-04-29 23:04:17.493000
38662,14,1,0,1,2025-04-29 23:04:19.633000
38662,15,1,0,1,2025-04-29 23:04:19.633000
38662,18,1,0,1,2025-04-29 23:04:19.633000
38664,26,1,222,1,2025-04-29 23:04:16.900000
38664,26,2,190,1,2025-04-29 23:04:16.900000
38664,26,3,223,1,2025-04-29 23:04:16.900000
38667,3,1,176,1,2025-04-29 23:04:22.980000
38667,4,1,176,1,2025-04-29 23:04:22.980000
38671,6,1,112,1,2025-04-29 23:04:17.493000
38678,9,1,0,1,2025-04-29 23:04:19.123000
38678,11,1,0,1,2025-04-29 23:04:19.123000
38680,7,1,112,1,2025-04-29 23:04:19.123000
38682,10,1,152,1,2025-04-29 23:04:19.127000
38682,10,2,268,1,2025-04-29 23:04:19.127000
38682,13,1,0,1,2025-10-13 19:55:39.663000
38684,8,1,372,1,2025-04-29 23:04:19.130000
38684,10,1,372,1,2025-04-29 23:04:19.130000
38686,14,1,98,1,2025-04-29 23:04:19.130000
38686,14,2,251,1,2025-04-29 23:04:19.133000
38686,14,3,222,1,2025-04-29 23:04:19.137000
38686,16,1,98,1,2025-04-29 23:04:19.130000
38686,16,2,251,1,2025-04-29 23:04:19.133000
38686,16,3,222,1,2025-04-29 23:04:19.137000
38686,18,1,98,1,2025-04-29 23:04:19.130000
38686,18,2,251,1,2025-04-29 23:04:19.133000
38686,18,3,222,1,2025-04-29 23:04:19.137000
38694,10,1,0,1,2025-04-29 23:04:19.633000
38694,12,1,0,1,2025-04-29 23:04:19.633000
38700,4,1,0,1,2025-04-29 23:04:17.497000
38700,5,1,0,1,2025-04-29 23:04:17.497000
38705,7,1,0,1,2025-04-29 23:04:17.497000
38705,13,1,0,1,2025-10-15 00:24:46.403000
38705,14,1,0,1,2025-10-15 00:24:46.403000
38707,8,1,0,1,2025-04-29 23:04:17.497000
38707,12,1,0,1,2025-10-15 00:26:34.230000
38707,13,1,0,1,2025-10-15 00:26:34.230000
38709,4,1,0,1,2025-04-29 23:04:17.500000
38709,5,1,0,1,2025-04-29 23:04:17.500000
38712,16,1,0,1,2025-04-29 23:04:23.367000
38712,18,1,0,1,2025-04-29 23:04:23.373000
38720,6,1,263,1,2025-04-29 23:04:16.903000
38726,14,1,0,1,2025-04-29 23:04:16.910000
38726,15,1,0,1,2025-04-29 23:04:16.913000
38726,17,1,0,1,2025-04-29 23:04:16.917000
38737,13,1,0,1,2025-04-29 23:04:24.013000
38737,19,1,0,1,2025-04-29 23:04:24.013000
38743,15,1,0,1,2025-04-29 23:04:24.013000
38745,17,1,217,1,2025-04-29 23:04:24.017000
38747,9,1,0,1,2025-04-29 23:04:24.017000
38755,6,1,281,1,2025-04-29 23:04:24.020000
38765,23,1,11,1,2025-04-29 23:04:24.020000
38765,23,2,15,1,2025-04-29 23:04:24.023000
38765,23,3,176,1,2025-04-29 23:04:24.023000
38765,25,1,11,1,2025-04-29 23:04:24.020000
38765,25,2,15,1,2025-04-29 23:04:24.023000
38765,25,3,176,1,2025-04-29 23:04:24.023000
38765,27,1,11,1,2025-04-29 23:04:24.020000
38765,27,2,15,1,2025-04-29 23:04:24.023000
38765,27,3,176,1,2025-04-29 23:04:24.023000
38769,14,1,176,1,2025-04-29 23:04:24.023000
38771,17,1,176,2,2025-05-02 14:47:22.563000
38771,18,1,176,2,2025-05-02 14:47:22.563000
38773,24,1,11,1,2025-04-29 23:04:19.637000
38773,24,2,15,1,2025-04-29 23:04:19.640000
38773,24,3,176,1,2025-04-29 23:04:19.640000
38773,26,1,11,1,2025-04-29 23:04:19.637000
38773,26,2,15,1,2025-04-29 23:04:19.640000
38773,26,3,176,1,2025-04-29 23:04:19.640000
38773,27,1,11,1,2025-04-29 23:04:19.637000
38773,27,2,15,1,2025-04-29 23:04:19.640000
38773,27,3,176,1,2025-04-29 23:04:19.640000
38773,30,1,11,1,2025-04-29 23:04:19.637000
38773,30,2,15,1,2025-04-29 23:04:19.640000
38773,30,3,176,1,2025-04-29 23:04:19.640000
38773,31,1,11,1,2025-04-29 23:04:19.637000
38773,31,2,15,1,2025-04-29 23:04:19.640000
38773,31,3,176,1,2025-04-29 23:04:19.640000
38773,32,1,11,1,2025-04-29 23:04:19.637000
38773,32,2,15,1,2025-04-29 23:04:19.640000
38773,32,3,176,1,2025-04-29 23:04:19.640000
38775,10,1,0,1,2025-04-29 23:04:24.027000
38777,7,1,281,1,2025-04-29 23:04:19.640000
38779,4,1,372,1,2025-04-29 23:04:15.383000
38786,4,1,0,1,2025-04-29 23:04:24.027000
38786,10,1,0,1,2025-04-29 23:04:24.030000
38792,6,1,0,1,2025-04-29 23:04:24.030000
38801,20,1,11,1,2025-04-29 23:04:17.500000
38801,20,2,15,1,2025-04-29 23:04:17.500000
38801,20,3,176,1,2025-04-29 23:04:17.503000
38801,22,1,11,1,2025-04-29 23:04:17.500000
38801,22,2,15,1,2025-04-29 23:04:17.500000
38801,22,3,176,1,2025-04-29 23:04:17.503000
38801,23,1,11,1,2025-04-29 23:04:17.500000
38801,23,2,15,1,2025-04-29 23:04:17.500000
38801,23,3,176,1,2025-04-29 23:04:17.503000
38803,16,1,11,1,2025-04-29 23:04:17.503000
38803,16,2,15,1,2025-04-29 23:04:17.507000
38803,16,3,176,1,2025-04-29 23:04:17.507000
38803,17,1,11,1,2025-04-29 23:04:17.503000
38803,17,2,15,1,2025-04-29 23:04:17.507000
38803,17,3,176,1,2025-04-29 23:04:17.507000
38805,7,1,81,1,2025-04-29 23:04:16.917000
38805,7,2,281,1,2025-04-29 23:04:16.920000
38807,7,1,281,1,2025-04-29 23:04:23.373000
38807,7,2,81,1,2025-04-29 23:04:23.380000
38809,6,1,0,1,2025-04-29 23:04:23.383000
38809,30,1,0,1,2025-04-29 23:04:23.413000
38812,7,1,81,1,2025-04-29 23:04:23.420000
38814,3,1,372,1,2025-04-29 23:04:17.507000
38814,4,1,372,1,2025-04-29 23:04:17.507000
38816,3,1,372,1,2025-04-29 23:04:17.510000
38816,5,1,372,1,2025-04-29 23:04:17.510000
38816,6,1,372,1,2025-04-29 23:04:17.510000
38822,7,1,372,1,2025-04-29 23:04:19.643000
38822,8,1,372,1,2025-04-29 23:04:19.643000
38824,9,1,281,1,2025-04-29 23:04:17.510000
38824,10,1,281,1,2025-04-29 23:04:17.510000
38826,7,1,281,1,2025-04-29 23:04:17.513000
38826,8,1,281,1,2025-04-29 23:04:17.513000
38835,6,1,372,1,2025-04-29 23:04:19.137000
38835,8,1,372,1,2025-04-29 23:04:19.137000
38837,7,1,281,1,2025-04-29 23:04:19.140000
38839,9,1,0,1,2025-04-29 23:04:19.140000
38839,12,1,0,1,2025-04-29 23:04:19.140000
38841,16,1,11,1,2025-04-29 23:04:19.143000
38841,16,2,15,1,2025-04-29 23:04:19.143000
38841,16,3,176,1,2025-04-29 23:04:19.143000
38841,18,1,11,1,2025-04-29 23:04:19.143000
38841,18,2,15,1,2025-04-29 23:04:19.143000
38841,18,3,176,1,2025-04-29 23:04:19.143000
38841,20,1,11,1,2025-04-29 23:04:19.143000
38841,20,2,15,1,2025-04-29 23:04:19.143000
38841,20,3,176,1,2025-04-29 23:04:19.143000
38902,11,1,131,1,2025-04-29 23:04:17.513000
38902,11,2,232,1,2025-04-29 23:04:17.517000
38902,11,3,217,1,2025-04-29 23:04:17.517000
38902,11,4,47,1,2025-04-29 23:04:17.520000
38902,11,5,139,1,2025-04-29 23:04:17.520000
38902,11,6,315,1,2025-04-29 23:04:17.520000
38902,12,1,131,1,2025-04-29 23:04:17.513000
38902,12,2,232,1,2025-04-29 23:04:17.517000
38902,12,3,217,1,2025-04-29 23:04:17.517000
38902,12,4,47,1,2025-04-29 23:04:17.520000
38902,12,5,139,1,2025-04-29 23:04:17.520000
38902,12,6,315,1,2025-04-29 23:04:17.520000
38904,10,1,131,1,2025-04-29 23:04:17.523000
38904,10,2,232,1,2025-04-29 23:04:17.523000
38904,10,3,217,1,2025-04-29 23:04:17.527000
38904,10,4,47,1,2025-04-29 23:04:17.527000
38904,10,5,139,1,2025-04-29 23:04:17.530000
38904,10,6,315,1,2025-04-29 23:04:17.530000
38904,11,1,131,1,2025-04-29 23:04:17.523000
38904,11,2,232,1,2025-04-29 23:04:17.523000
38904,11,3,217,1,2025-04-29 23:04:17.527000
38904,11,4,47,1,2025-04-29 23:04:17.527000
38904,11,5,139,1,2025-04-29 23:04:17.530000
38904,11,6,315,1,2025-04-29 23:04:17.530000
38914,20,1,64,1,2025-04-29 23:04:16.920000
38914,20,2,69,1,2025-04-29 23:04:16.920000
38914,20,3,129,1,2025-04-29 23:04:16.923000
38916,8,1,0,1,2025-04-29 23:04:23.420000
38918,8,1,0,1,2025-04-29 23:04:16.923000
38920,11,1,0,1,2025-04-29 23:04:19.647000
38920,15,1,0,1,2025-04-29 23:04:19.647000
38920,16,1,0,1,2025-04-29 23:04:19.647000
38926,23,1,60,1,2025-04-29 23:04:16.927000
38926,23,2,213,1,2025-04-29 23:04:16.927000
38926,23,3,9,1,2025-04-29 23:04:16.930000
38926,23,4,239,1,2025-04-29 23:04:16.930000
38937,6,1,217,1,2025-04-29 23:04:23.580000
38937,7,1,217,1,2025-04-29 23:04:23.580000
38953,16,1,0,1,2025-04-29 23:04:18.297000
38955,24,1,0,1,2025-04-29 23:04:18.297000
38966,5,1,372,1,2025-04-29 23:04:15.387000
38968,4,1,101,1,2025-04-29 23:04:23.730000
38968,4,2,372,1,2025-04-29 23:04:23.730000
38968,5,1,101,1,2025-04-29 23:04:23.730000
38968,5,2,372,1,2025-04-29 23:04:23.730000
38970,8,1,0,1,2025-04-29 23:04:24.030000
38972,8,1,372,1,2025-04-29 23:04:17.530000
38972,9,1,372,1,2025-04-29 23:04:17.530000
38974,8,1,372,1,2025-04-29 23:04:17.533000
38974,9,1,372,1,2025-04-29 23:04:17.533000
38985,17,1,0,1,2025-04-29 23:04:15.390000
38988,18,1,53,1,2025-04-29 23:04:15.430000
38988,18,2,352,1,2025-04-29 23:04:15.430000
38988,18,3,361,1,2025-04-29 23:04:15.433000
38988,18,4,365,1,2025-04-29 23:04:15.433000
38988,18,5,369,1,2025-04-29 23:04:15.437000
38988,18,6,335,1,2025-04-29 23:04:15.440000
38992,14,1,0,1,2025-04-29 23:04:19.647000
38994,14,1,0,1,2025-04-29 23:04:24.033000
38994,18,1,0,1,2025-04-29 23:04:24.033000
38994,20,1,0,1,2025-04-29 23:04:24.033000
38997,11,1,0,1,2025-04-29 23:04:19.650000
38997,12,1,0,1,2025-04-29 23:04:19.650000
39001,13,1,53,1,2025-04-29 23:04:17.553000
39001,13,2,352,1,2025-04-29 23:04:17.557000
39001,13,3,361,1,2025-04-29 23:04:17.557000
39001,13,4,365,1,2025-04-29 23:04:17.560000
39001,13,5,369,1,2025-04-29 23:04:17.560000
39001,13,6,335,1,2025-04-29 23:04:17.560000
39001,15,1,53,1,2025-04-29 23:04:17.553000
39001,15,2,352,1,2025-04-29 23:04:17.557000
39001,15,3,361,1,2025-04-29 23:04:17.557000
39001,15,4,365,1,2025-04-29 23:04:17.560000
39001,15,5,369,1,2025-04-29 23:04:17.560000
39001,15,6,335,1,2025-04-29 23:04:17.560000
39001,16,1,53,1,2025-04-29 23:04:17.553000
39001,16,2,352,1,2025-04-29 23:04:17.557000
39001,16,3,361,1,2025-04-29 23:04:17.557000
39001,16,4,365,1,2025-04-29 23:04:17.560000
39001,16,5,369,1,2025-04-29 23:04:17.560000
39001,16,6,335,1,2025-04-29 23:04:17.560000
39003,12,1,53,1,2025-04-29 23:04:17.583000
39003,12,2,352,1,2025-04-29 23:04:17.583000
39003,12,3,361,1,2025-04-29 23:04:17.587000
39003,12,4,365,1,2025-04-29 23:04:17.587000
39003,12,5,369,1,2025-04-29 23:04:17.590000
39003,12,6,335,1,2025-04-29 23:04:17.590000
39003,14,1,53,1,2025-04-29 23:04:17.583000
39003,14,2,352,1,2025-04-29 23:04:17.583000
39003,14,3,361,1,2025-04-29 23:04:17.587000
39003,14,4,365,1,2025-04-29 23:04:17.587000
39003,14,5,369,1,2025-04-29 23:04:17.590000
39003,14,6,335,1,2025-04-29 23:04:17.590000
39003,15,1,53,1,2025-04-29 23:04:17.583000
39003,15,2,352,1,2025-04-29 23:04:17.583000
39003,15,3,361,1,2025-04-29 23:04:17.587000
39003,15,4,365,1,2025-04-29 23:04:17.587000
39003,15,5,369,1,2025-04-29 23:04:17.590000
39003,15,6,335,1,2025-04-29 23:04:17.590000
39005,8,1,0,1,2025-04-29 23:04:17.593000
39005,9,1,0,1,2025-04-29 23:04:17.593000
39007,9,1,0,1,2025-04-29 23:04:17.593000
39007,10,1,0,1,2025-04-29 23:04:17.593000
39015,12,1,0,1,2025-04-29 23:04:19.650000
39015,15,1,0,1,2025-04-29 23:04:19.650000
39015,16,1,0,1,2025-04-29 23:04:19.650000
39017,9,2,372,1,2025-04-29 23:04:19.653000
39017,10,2,372,1,2025-04-29 23:04:19.653000
39023,23,1,217,1,2025-04-29 23:04:19.660000
39027,5,1,0,1,2025-04-29 23:04:23.600000
39027,6,1,0,1,2025-04-29 23:04:23.600000
39027,7,1,0,1,2025-04-29 23:04:23.600000
39027,8,1,0,1,2025-04-29 23:04:23.600000
39036,15,1,0,1,2025-04-29 23:04:23.050000
39036,20,1,0,1,2025-04-29 23:04:23.050000
39036,23,1,0,1,2025-04-29 23:04:23.050000
39036,24,1,0,1,2025-04-29 23:04:23.050000
39038,13,1,53,1,2025-04-29 23:04:19.683000
39038,13,2,352,1,2025-04-29 23:04:19.683000
39038,13,3,361,1,2025-04-29 23:04:19.687000
39038,13,4,365,1,2025-04-29 23:04:19.690000
39038,13,5,369,1,2025-04-29 23:04:19.690000
39038,13,6,335,1,2025-04-29 23:04:19.693000
39038,14,1,53,1,2025-04-29 23:04:19.683000
39038,14,2,352,1,2025-04-29 23:04:19.683000
39038,14,3,361,1,2025-04-29 23:04:19.687000
39038,14,4,365,1,2025-04-29 23:04:19.690000
39038,14,5,369,1,2025-04-29 23:04:19.690000
39038,14,6,335,1,2025-04-29 23:04:19.693000
39040,6,1,372,1,2025-04-29 23:04:19.147000
39040,8,1,372,1,2025-04-29 23:04:19.147000
39042,7,1,0,1,2025-04-29 23:04:19.150000
39044,13,1,53,1,2025-04-29 23:04:19.173000
39044,13,2,352,1,2025-04-29 23:04:19.173000
39044,13,3,361,1,2025-04-29 23:04:19.177000
39044,13,4,365,1,2025-04-29 23:04:19.180000
39044,13,5,369,1,2025-04-29 23:04:19.180000
39044,13,6,335,1,2025-04-29 23:04:19.183000
39044,15,1,53,1,2025-04-29 23:04:19.173000
39044,15,2,352,1,2025-04-29 23:04:19.173000
39044,15,3,361,1,2025-04-29 23:04:19.177000
39044,15,4,365,1,2025-04-29 23:04:19.180000
39044,15,5,369,1,2025-04-29 23:04:19.180000
39044,15,6,335,1,2025-04-29 23:04:19.183000
39051,10,1,64,1,2025-04-29 23:04:19.183000
39051,10,2,14,1,2025-04-29 23:04:19.187000
39051,10,3,129,1,2025-04-29 23:04:19.187000
39051,10,4,338,1,2025-04-29 23:04:19.190000
39054,11,1,0,1,2025-04-29 23:04:19.190000
39054,13,1,0,1,2025-04-29 23:04:19.190000
39054,15,1,0,1,2025-04-29 23:04:19.190000
39054,17,1,0,1,2025-04-29 23:04:19.190000
39058,16,1,217,1,2025-04-29 23:04:17.597000
39058,17,1,217,1,2025-04-29 23:04:17.597000
39060,15,1,217,1,2025-04-29 23:04:17.603000
39060,16,1,217,1,2025-04-29 23:04:17.603000
39063,11,1,333,1,2025-04-29 23:04:23.420000
39063,11,2,372,1,2025-04-29 23:04:23.423000
39068,13,1,217,1,2025-04-29 23:04:23.423000
39068,19,1,217,1,2025-04-29 23:04:23.437000
39068,21,1,217,1,2025-04-29 23:04:23.437000
39071,9,1,217,1,2025-04-29 23:04:16.930000
39071,14,1,217,1,2025-04-29 23:04:16.940000
39071,16,1,217,1,2025-04-29 23:04:16.940000
39073,4,1,333,1,2025-04-29 23:04:16.940000
39073,4,2,372,1,2025-04-29 23:04:16.943000
39075,14,1,176,1,2025-04-29 23:04:23.427000
39075,15,1,176,1,2025-04-29 23:04:23.427000
39080,4,1,110,1,2025-04-29 23:04:24.037000
39080,4,2,238,1,2025-04-29 23:04:24.037000
39082,6,1,0,1,2025-04-29 23:04:23.440000
39084,5,1,0,1,2025-04-29 23:04:16.943000
39086,10,1,0,1,2025-04-29 23:04:24.040000
39116,5,1,0,1,2025-04-29 23:04:17.603000
39116,6,1,0,1,2025-04-29 23:04:17.603000
39118,5,1,0,1,2025-04-29 23:04:17.607000
39118,6,1,0,1,2025-04-29 23:04:17.607000
39121,9,1,263,1,2025-04-29 23:04:24.043000
39122,3,1,281,1,2025-04-29 23:04:22.957000
39128,10,2,366,1,2025-04-29 23:04:24.047000
39128,15,1,366,1,2025-04-29 23:04:24.050000
39139,4,1,0,1,2025-04-29 23:04:22.817000
39139,5,1,0,1,2025-04-29 23:04:22.817000
39189,7,1,0,1,2025-04-29 23:04:23.373000
39189,8,1,0,1,2025-04-29 23:04:23.373000
39226,9,1,198,1,2025-04-29 23:04:23.423000
39226,12,1,198,1,2025-04-29 23:04:23.423000
39226,13,1,198,1,2025-04-29 23:04:23.423000
39230,6,1,372,1,2025-04-29 23:04:17.610000
39230,7,1,372,1,2025-04-29 23:04:17.610000
39232,5,1,372,1,2025-04-29 23:04:17.617000
39232,6,1,372,1,2025-04-29 23:04:17.617000
39237,10,1,322,1,2025-04-29 23:04:24.050000
39240,7,1,0,1,2025-04-29 23:04:17.620000
39240,8,1,0,1,2025-04-29 23:04:17.620000
39240,11,1,0,1,2025-04-29 23:04:17.620000
39240,13,1,0,1,2025-04-29 23:04:17.620000
39240,15,1,0,1,2025-04-29 23:04:17.620000
39242,7,1,0,1,2025-04-29 23:04:17.620000
39242,8,1,0,1,2025-04-29 23:04:17.620000
39256,7,1,0,1,2025-04-29 23:04:15.443000
39258,12,1,171,1,2025-04-29 23:04:24.053000
39260,5,1,0,1,2025-04-29 23:04:24.053000
39262,7,1,0,1,2025-04-29 23:04:17.623000
39262,8,1,0,1,2025-04-29 23:04:17.623000
39264,7,1,0,1,2025-04-29 23:04:17.627000
39264,8,1,0,1,2025-04-29 23:04:17.627000
39266,3,1,0,1,2025-04-29 23:04:24.057000
39268,7,1,256,1,2025-04-29 23:04:24.057000
39270,8,1,366,1,2025-04-29 23:04:24.057000
39270,8,2,1,1,2025-04-29 23:04:24.060000
39276,8,1,0,1,2025-04-29 23:04:19.697000
39276,9,1,0,1,2025-04-29 23:04:19.697000
39284,11,1,152,1,2025-04-29 23:04:19.700000
39284,11,2,268,1,2025-04-29 23:04:19.700000
39284,12,1,152,1,2025-04-29 23:04:19.700000
39284,12,2,268,1,2025-04-29 23:04:19.700000
39297,3,1,0,1,2025-04-29 23:04:23.530000
39297,6,1,0,1,2025-07-13 17:10:24.690000
39297,7,1,0,1,2025-07-13 17:10:24.690000
39314,7,1,158,1,2025-04-29 23:04:23.490000
39314,11,1,158,1,2025-07-13 17:03:09.093000
39314,12,1,158,1,2025-07-13 17:03:09.093000
39345,3,1,0,1,2025-04-29 23:04:15.443000
39356,5,1,0,1,2025-04-29 23:04:19.197000
39365,131,1,198,1,2025-04-29 23:04:23.443000
39365,131,2,281,1,2025-04-29 23:04:23.447000
39365,131,3,372,1,2025-04-29 23:04:23.450000
39365,149,1,281,7,2024-12-11 19:24:34.440000
39365,149,2,198,1,2024-12-11 19:24:47.607000
39365,149,3,372,2,2024-12-11 19:24:59.743000
39367,28,1,198,1,2025-04-29 23:04:16.947000
39367,28,2,281,1,2025-04-29 23:04:16.947000
39367,28,3,372,1,2025-04-29 23:04:16.950000
39367,41,1,281,7,2024-12-11 19:24:34.440000
39367,41,2,198,1,2024-12-11 19:24:47.607000
39367,41,3,372,2,2024-12-11 19:24:59.743000
39373,3,1,0,1,2025-04-29 23:04:17.627000
39373,5,1,0,1,2025-04-29 23:04:17.627000
39373,6,1,0,1,2025-04-29 23:04:17.627000
39375,3,1,0,1,2025-04-29 23:04:17.630000
39375,4,1,0,1,2025-04-29 23:04:17.630000
39383,11,1,0,1,2025-04-29 23:04:19.703000
39383,12,1,0,1,2025-04-29 23:04:19.703000
39383,13,1,0,1,2025-04-29 23:04:19.703000
39385,6,1,0,1,2025-04-29 23:04:24.060000
39387,8,1,0,1,2025-04-29 23:04:24.063000
39389,4,1,0,1,2025-04-29 23:04:19.703000
39389,5,1,0,1,2025-04-29 23:04:19.703000
39389,6,1,0,1,2025-04-29 23:04:19.703000
39391,6,1,0,1,2025-04-29 23:04:24.063000
39391,9,1,0,1,2025-04-29 23:04:24.063000
39396,3,1,366,1,2025-04-29 23:04:17.630000
39396,3,2,1,1,2025-04-29 23:04:17.633000
39396,6,1,366,1,2025-04-29 23:04:17.630000
39396,6,2,1,1,2025-04-29 23:04:17.633000
39396,7,1,366,1,2025-04-29 23:04:17.630000
39396,7,2,1,1,2025-04-29 23:04:17.633000
39398,3,1,366,1,2025-04-29 23:04:17.633000
39398,3,2,1,1,2025-04-29 23:04:17.637000
39398,5,1,366,1,2025-04-29 23:04:17.633000
39398,5,2,1,1,2025-04-29 23:04:17.637000
39398,6,1,366,1,2025-04-29 23:04:17.633000
39398,6,2,1,1,2025-04-29 23:04:17.637000
39400,8,1,0,1,2025-04-29 23:04:24.067000
39402,14,1,0,1,2025-04-29 23:04:24.067000
39420,4,1,177,1,2025-04-29 23:04:24.067000
39424,6,1,0,1,2025-04-29 23:04:15.447000
39427,5,1,0,1,2025-04-29 23:04:19.707000
39427,6,1,0,1,2025-04-29 23:04:19.707000
39427,7,1,0,1,2025-04-29 23:04:19.707000
39434,6,1,366,1,2025-04-29 23:04:19.710000
39434,6,2,1,1,2025-04-29 23:04:19.710000
39434,7,1,366,1,2025-04-29 23:04:19.710000
39434,7,2,1,1,2025-04-29 23:04:19.710000
39434,8,1,366,1,2025-04-29 23:04:19.710000
39434,8,2,1,1,2025-04-29 23:04:19.710000
39455,6,1,0,1,2025-04-29 23:04:23.603000
39455,7,1,0,1,2025-04-29 23:04:23.603000
39462,4,1,0,1,2025-04-29 23:04:17.637000
39462,8,1,0,1,2025-04-29 23:04:17.637000
39462,9,1,0,1,2025-04-29 23:04:17.637000
39464,4,1,0,1,2025-04-29 23:04:17.640000
39464,7,1,0,1,2025-04-29 23:04:17.640000
39464,8,1,0,1,2025-04-29 23:04:17.640000
39467,6,2,0,1,2025-07-02 15:23:26.230000
39467,8,2,0,1,2025-07-02 15:23:26.230000
39467,9,2,0,1,2025-07-02 15:23:26.230000
39469,6,2,0,1,2025-07-02 15:26:13.860000
39469,8,2,0,1,2025-07-02 15:26:13.860000
39469,9,2,0,1,2025-07-02 15:26:13.860000
39475,7,1,0,1,2025-04-29 23:04:19.200000
39477,7,1,366,1,2025-04-29 23:04:19.200000
39477,7,2,1,1,2025-04-29 23:04:19.200000
39479,5,1,0,1,2025-04-30 19:10:48.440000
39481,7,1,0,1,2025-04-29 23:04:19.207000
39481,8,1,0,1,2025-04-29 23:04:19.207000
39490,7,1,179,1,2025-04-29 23:04:23.567000
39492,7,1,179,1,2025-04-29 23:04:17
39506,3,1,64,1,2025-04-29 23:04:19.713000
39506,3,2,14,1,2025-04-29 23:04:19.713000
39506,3,3,129,1,2025-04-29 23:04:19.717000
39506,3,4,338,1,2025-04-29 23:04:19.717000
39506,6,1,64,1,2025-04-29 23:04:19.713000
39506,6,2,14,1,2025-04-29 23:04:19.713000
39506,6,3,129,1,2025-04-29 23:04:19.717000
39506,6,4,338,1,2025-04-29 23:04:19.717000
39513,3,1,1,1,2025-04-29 23:04:22.813000
39513,3,2,366,1,2025-04-29 23:04:22.817000
39513,4,1,1,1,2025-04-29 23:04:22.813000
39513,4,2,366,1,2025-04-29 23:04:22.817000
39521,7,1,211,1,2025-04-29 23:04:19.720000
39521,7,2,323,1,2025-04-29 23:04:19.720000
39521,7,3,356,1,2025-04-29 23:04:19.723000
39521,7,4,331,1,2025-04-29 23:04:19.723000
39521,7,5,298,1,2025-04-29 23:04:19.727000
39521,7,6,294,1,2025-04-29 23:04:19.730000
39521,7,7,331,1,2025-04-29 23:04:19.730000
39521,7,8,323,1,2025-04-29 23:04:19.733000
39521,8,1,211,1,2025-04-29 23:04:19.720000
39521,8,2,323,1,2025-04-29 23:04:19.720000
39521,8,3,356,1,2025-04-29 23:04:19.723000
39521,8,4,331,1,2025-04-29 23:04:19.723000
39521,8,5,298,1,2025-04-29 23:04:19.727000
39521,8,6,294,1,2025-04-29 23:04:19.730000
39521,8,7,331,1,2025-04-29 23:04:19.730000
39521,8,8,323,1,2025-04-29 23:04:19.733000
39529,5,1,0,1,2025-04-30 19:11:59.073000
39543,5,1,249,1,2025-04-29 23:04:24.070000
39553,21,1,0,1,2025-04-29 23:04:24.077000
39553,24,1,0,1,2025-04-29 23:04:24.077000
39573,3,1,147,1,2025-04-29 23:04:24.080000
39575,4,1,366,1,2025-04-29 23:04:19.733000
39575,4,2,217,1,2025-04-29 23:04:19.737000
39583,3,1,0,1,2025-04-29 23:04:15.447000
39585,4,1,0,1,2025-04-29 23:04:19.737000
39585,5,1,0,1,2025-04-29 23:04:19.737000
39589,3,1,0,1,2025-04-29 23:04:17.643000
39589,4,1,0,1,2025-04-29 23:04:17.643000
39591,11,1,0,1,2025-04-29 23:04:18.300000
39594,3,1,0,1,2025-04-29 23:04:17.647000
39594,5,1,0,1,2025-04-29 23:04:17.647000
39594,6,1,0,1,2025-04-29 23:04:17.647000
39611,4,1,29,1,2025-04-29 23:04:23.753000
39611,4,2,28,1,2025-04-29 23:04:23.753000
39611,5,1,29,1,2025-04-29 23:04:23.753000
39611,5,2,28,1,2025-04-29 23:04:23.753000
39614,3,1,0,1,2025-04-29 23:04:19.210000
39614,5,1,0,1,2025-04-29 23:04:19.210000
39616,4,1,0,1,2025-04-29 23:04:19.740000
39616,5,1,0,1,2025-04-29 23:04:19.740000
39624,3,1,0,1,2025-04-29 23:04:19.210000
39624,5,1,0,1,2025-04-29 23:04:19.210000
39636,4,1,0,1,2025-04-29 23:04:15.450000
39642,6,1,0,1,2025-04-29 23:04:17.647000
39642,10,1,0,1,2025-04-29 23:04:17.647000
39642,11,1,0,1,2025-04-29 23:04:17.647000
39644,6,1,0,1,2025-04-29 23:04:17.647000
39644,11,1,0,1,2025-04-29 23:04:17.647000
39644,12,1,0,1,2025-04-29 23:04:17.647000
39646,7,1,0,1,2025-04-29 23:04:15.450000
39648,4,1,0,1,2025-04-29 23:04:19.740000
39650,6,1,0,1,2025-04-29 23:04:19.743000
39650,7,1,0,1,2025-04-29 23:04:19.743000
39654,3,1,0,1,2025-04-29 23:04:15.453000
39656,9,1,373,1,2025-04-29 23:04:19.743000
39658,4,1,0,1,2025-04-29 23:04:19.747000
39658,5,1,0,1,2025-04-29 23:04:19.747000
39662,5,1,373,1,2025-04-29 23:04:23.750000
39662,6,1,373,1,2025-04-29 23:04:23.750000
39671,5,1,373,1,2025-04-29 23:04:24.080000
39678,4,1,0,1,2025-04-29 23:04:17.650000
39678,5,1,0,1,2025-04-29 23:04:17.650000
39680,4,1,0,1,2025-04-29 23:04:17.650000
39680,5,1,0,1,2025-04-29 23:04:17.650000
39682,7,1,0,1,2025-04-29 23:04:17.653000
39682,8,1,0,1,2025-04-29 23:04:17.653000
39684,6,1,0,1,2025-04-29 23:04:17.657000
39684,7,1,0,1,2025-04-29 23:04:17.657000
39686,3,1,0,1,2025-04-29 23:04:17.657000
39686,4,1,0,1,2025-04-29 23:04:17.657000
39688,3,1,0,1,2025-04-29 23:04:17.660000
39688,4,1,0,1,2025-04-29 23:04:17.660000
39709,3,1,0,1,2025-04-29 23:04:19.213000
39711,3,1,0,1,2025-04-29 23:04:19.213000
39711,5,1,0,1,2025-04-29 23:04:19.213000
39713,5,1,373,1,2025-04-29 23:04:19.217000
39713,7,1,373,1,2025-04-29 23:04:19.217000
39720,5,1,0,1,2025-04-29 23:04:19.220000
39720,7,1,0,1,2025-04-29 23:04:19.220000
39726,3,1,0,1,2025-04-29 23:04:23.270000
39726,4,1,0,1,2025-04-29 23:04:23.270000
39741,8,1,0,1,2025-04-29 23:04:19.747000
39758,13,1,0,1,2025-04-29 23:04:17.663000
39758,14,1,0,1,2025-04-29 23:04:17.663000
39762,8,1,0,1,2025-04-29 23:04:17.673000
39762,9,1,0,1,2025-04-29 23:04:17.673000
39770,13,1,0,1,2025-04-29 23:04:22.957000
39770,15,1,0,1,2025-04-29 23:04:22.957000
39773,7,1,0,1,2025-04-29 23:04:24.080000
39780,3,1,16,1,2025-04-29 23:04:24.083000
39780,5,1,16,1,2025-04-29 23:04:24.083000
39788,7,1,0,1,2025-04-29 23:04:19.220000
39788,9,1,0,1,2025-04-30 19:12:50.040000
39788,11,1,0,1,2025-04-30 19:12:50.040000
39793,46,1,0,1,2025-04-29 23:04:23.567000
39793,47,1,0,1,2025-04-29 23:04:23.573000
39797,11,1,0,1,2025-04-29 23:04:24.083000
39797,13,1,0,1,2025-04-29 23:04:24.083000
39799,15,1,0,1,2025-04-29 23:04:17.003000
39799,16,1,0,1,2025-04-29 23:04:17.003000
39802,8,1,0,1,2025-04-29 23:04:19.757000
39810,5,1,0,1,2025-04-29 23:04:17.680000
39810,8,1,0,1,2025-04-29 23:04:17.683000
39810,12,1,0,1,2025-04-29 23:04:17.683000
39810,13,1,0,1,2025-04-29 23:04:17.683000
39812,5,1,0,1,2025-04-29 23:04:17.687000
39812,8,1,0,1,2025-04-29 23:04:17.690000
39812,13,1,0,1,2025-04-29 23:04:17.690000
39812,14,1,0,1,2025-04-29 23:04:17.690000
39832,11,1,0,1,2025-04-29 23:04:22.857000
39832,13,1,0,1,2025-04-29 23:04:22.857000
39832,15,1,0,1,2025-04-29 23:04:22.857000
39835,10,1,0,1,2025-04-29 23:04:23.180000
39836,6,1,0,1,2025-12-29 15:42:01.307000
39836,8,1,0,1,2025-12-29 15:42:01.307000
39840,14,1,176,1,2025-04-29 23:04:19.760000
39849,3,1,0,1,2025-04-29 23:04:24.090000
39851,15,1,176,1,2025-04-29 23:04:24.093000
39853,3,1,16,1,2025-04-29 23:04:24.093000
39856,3,1,0,1,2025-04-29 23:04:19.053000
39857,5,1,0,1,2025-12-29 21:40:19.990000
39857,7,1,0,1,2025-12-29 21:40:19.990000
39858,4,1,0,1,2025-04-29 23:04:19.270000
39859,4,1,0,1,2025-04-29 23:04:19.273000
39863,9,1,176,1,2025-04-29 23:04:22.833000
39863,10,1,176,1,2025-04-29 23:04:22.833000
39877,4,1,366,1,2025-04-29 23:04:17.007000
39879,10,1,366,1,2025-04-29 23:04:23.577000
39881,8,1,176,1,2025-04-29 23:04:17.693000
39881,9,1,176,1,2025-04-29 23:04:17.693000
39883,8,1,176,1,2025-04-29 23:04:17.700000
39883,9,1,176,1,2025-04-29 23:04:17.700000
39905,3,1,60,1,2025-04-29 23:04:19.230000
39905,3,2,9,1,2025-04-29 23:04:19.230000
39905,3,3,239,1,2025-04-29 23:04:19.233000
39905,3,4,213,1,2025-04-29 23:04:19.233000
39905,5,1,60,1,2025-04-29 23:04:19.230000
39905,5,2,9,1,2025-04-29 23:04:19.230000
39905,5,3,239,1,2025-04-29 23:04:19.233000
39905,5,4,213,1,2025-04-29 23:04:19.233000
39907,3,1,9,1,2025-04-29 23:04:19.237000
39907,3,2,239,1,2025-04-29 23:04:19.237000
39908,2,1,0,1,2025-04-29 23:04:18.860000
39909,4,1,0,1,2025-12-18 18:35:22.830000
39909,5,1,0,1,2025-12-18 18:35:22.830000
39909,6,1,0,1,2025-12-18 18:35:22.830000
39911,7,1,0,1,2025-04-29 23:04:19.240000
39913,7,1,0,1,2025-04-29 23:04:19.247000
39919,5,1,0,1,2025-06-27 15:20:41.227000
39923,6,1,0,1,2025-06-27 16:16:26.427000
39923,9,1,0,1,2025-06-27 16:16:26.427000
39923,13,1,0,1,2025-06-27 16:16:26.427000
39923,14,1,0,1,2025-06-27 16:16:26.427000
39927,5,1,0,1,2025-06-27 16:18:25.813000
39927,7,1,0,1,2025-06-27 16:18:25.813000
39927,10,1,0,1,2025-06-27 16:18:25.813000
39927,11,1,0,1,2025-06-27 16:18:25.813000
39933,5,1,0,1,2025-04-29 23:04:15.453000
39935,8,1,0,1,2025-04-29 23:04:15.453000
39936,14,1,0,1,2025-04-29 23:04:18.090000
39938,4,1,0,1,2025-06-24 17:18:31.897000
39938,5,1,0,1,2025-06-24 17:18:31.897000
39940,7,1,0,1,2025-06-24 17:21:10.193000
39940,9,1,0,1,2025-06-24 17:21:10.193000
39940,10,1,0,1,2025-06-24 17:21:10.193000
39942,5,1,0,1,2025-04-29 23:04:24.097000
39944,6,1,0,1,2025-06-04 13:50:11.910000
39944,7,1,0,1,2025-06-04 13:50:11.910000
39946,7,1,0,1,2025-06-04 13:59:16.173000
39946,8,1,0,1,2025-06-04 13:59:16.173000
39948,6,1,0,1,2025-06-04 12:53:29.743000
39948,7,1,0,1,2025-06-04 12:53:29.743000
39950,6,1,0,1,2025-06-04 12:55:12.913000
39950,7,1,0,1,2025-06-04 12:55:12.913000
39956,5,1,0,1,2025-04-29 23:04:24.097000
39958,4,1,0,1,2025-04-29 23:04:19.763000
39960,3,1,0,1,2025-04-29 23:04:17.703000
39960,4,1,0,1,2025-04-29 23:04:17.703000
39962,3,1,0,1,2025-04-29 23:04:17.707000
39962,4,1,0,1,2025-04-29 23:04:17.707000
39987,4,1,0,1,2025-05-28 17:11:21.410000
39989,4,1,0,1,2025-05-28 18:04:21.570000
39995,5,1,333,1,2025-04-29 23:04:23.580000
39995,6,1,333,1,2025-04-29 23:04:23.580000
40000,3,1,0,1,2025-06-26 18:49:47.017000
40000,4,1,0,1,2025-06-26 18:49:47.017000
40022,3,1,0,1,2025-06-27 18:02:39.323000
40025,8,1,0,1,2025-04-29 23:04:16.457000
40037,4,1,0,1,2025-04-29 23:04:22.860000
40046,3,1,155,1,2025-06-20 12:46:48.300000
40046,3,2,266,1,2025-06-20 12:47:08.403000
40048,5,1,155,1,2025-06-20 12:46:48.300000
40048,5,2,266,1,2025-06-20 12:47:08.403000
40048,6,1,155,1,2025-06-20 12:46:48.300000
40048,6,2,266,1,2025-06-20 12:47:08.403000
40050,5,1,155,1,2025-09-02 20:43:08.787000
40050,6,1,155,1,2025-09-02 20:43:08.787000
40052,4,1,155,1,2025-09-02 20:59:14.883000
40052,5,1,155,1,2025-09-02 20:59:14.883000
40056,3,1,155,1,2025-09-03 10:56:29.950000
40056,3,2,266,1,2025-09-03 10:57:10.507000
40057,9,1,112,1,2025-04-29 23:04:16.657000
40058,7,1,112,3,2026-07-08 13:01:01.317000
40059,8,1,112,1,2025-04-29 23:04:20.310000
40060,6,1,112,3,2026-05-08 19:31:59.103000
40061,7,1,112,1,2025-04-29 23:04:20.350000
40062,6,1,112,3,2026-05-08 20:08:37.910000
40139,7,1,155,1,2025-04-29 23:04:19.227000
40140,6,1,0,1,2026-07-08 13:27:16.357000
40141,4,1,0,1,2025-04-29 23:04:16.697000
40143,8,1,0,1,2025-04-29 23:04:20.380000
40167,12,1,0,1,2025-04-29 23:04:23.720000
40168,3,1,0,1,2026-01-08 13:13:21.370000
40168,8,1,0,1,2025-10-23 15:00:57.057000
40168,9,1,0,1,2025-10-23 15:00:57.057000
40173,4,1,0,1,2025-04-29 23:04:19.293000
40174,4,1,0,1,2025-04-29 23:04:19.323000
40175,4,1,0,1,2025-04-29 23:04:20.410000
40176,4,1,0,1,2026-01-09 16:38:12.820000
40176,7,1,0,1,2026-01-09 16:38:12.820000
40178,3,1,0,1,2025-04-29 23:04:19.240000
40179,3,1,0,1,2026-01-08 13:18:40.310000
40179,5,1,0,1,2026-01-08 13:18:40.310000
40179,7,1,0,1,2026-01-08 13:18:40.310000
40183,9,1,0,1,2025-05-06 14:59:41.550000
40184,7,1,0,1,2025-04-29 23:04:19.527000
40185,7,1,0,1,2025-04-29 23:04:19.590000
40186,8,1,0,1,2025-07-01 13:52:35.423000
40187,3,1,0,1,2026-06-19 13:01:01.473000
40188,6,1,0,1,2025-05-08 21:09:11.893000
40189,4,1,0,1,2026-01-09 21:19:04.963000
40189,10,1,0,1,2026-01-09 21:19:04.963000
40192,3,1,0,1,2025-05-07 19:30:51.230000
40193,5,1,0,1,2025-10-23 15:00:57.057000
40193,9,1,0,1,2025-10-23 15:00:57.057000
40194,3,1,0,1,2025-05-08 14:49:33.133000
40195,3,1,155,1,2025-05-13 16:01:34.603000
40195,3,2,266,1,2025-05-13 16:02:05.823000
40196,4,1,0,1,2025-08-22 14:17:54.937000
40197,4,1,0,1,2026-06-19 13:13:18.453000
40198,5,1,0,1,2025-08-21 18:33:51.843000
40199,4,1,0,1,2026-06-19 12:19:17.577000
40204,9,1,0,1,2025-05-27 16:12:55.643000
40205,8,1,0,1,2026-05-14 14:29:05.857000
40208,6,1,0,1,2025-07-17 15:14:21.807000
40209,8,1,0,1,2025-08-18 13:57:13.653000
40221,4,1,0,1,2025-08-22 13:35:57.597000
40223,5,1,0,1,2025-09-18 15:24:26.603000
40224,3,1,375,1,2025-11-24 14:25:39.147000
40225,6,1,0,1,2025-08-21 18:33:09.473000
40227,5,1,201,11,2025-06-26 14:18:47.117000
40227,5,2,371,1,2025-06-26 14:19:03.527000
40228,4,1,201,11,2026-02-02 16:57:24.503000
40228,4,2,371,1,2026-02-02 16:57:40.400000
40231,6,1,0,1,2025-09-18 15:28:34.653000
40232,5,1,0,1,2026-01-08 13:12:28.997000
40237,6,1,0,1,2025-07-01 16:36:41.263000
40241,4,1,0,1,2025-08-22 13:57:45.267000
40243,17,1,179,2,2025-07-10 11:39:23.907000
40244,4,1,179,2,2026-04-08 13:20:17.860000
40245,3,1,0,1,2025-07-10 11:32:41.713000
40247,8,1,190,3,2025-07-16 16:32:22.427000
40247,8,2,223,2,2025-07-16 16:32:22.430000
40248,2,2,112,3,2025-07-14 12:04:41.850000
40249,5,1,112,3,2026-07-01 15:03:00.047000
40250,2,1,0,1,2025-07-11 14:59:03.637000
40254,6,1,179,2,2025-07-18 13:03:30.853000
40255,6,1,179,2,2026-04-08 13:20:17.860000
40256,6,1,179,2,2025-07-21 13:34:54.947000
40257,7,1,179,2,2026-04-08 13:20:17.860000
40258,4,1,0,1,2025-08-21 18:32:21.070000
40260,5,1,11,2,2025-07-25 12:40:00.980000
40260,5,2,135,1,2025-07-25 12:40:21.047000
40260,5,3,15,1,2025-07-25 12:40:31.690000
40262,8,1,11,2,2025-07-31 12:27:41.470000
40262,8,2,135,1,2025-07-31 12:28:17.190000
40262,8,3,15,1,2025-07-31 12:28:37.973000
40264,7,1,0,1,2025-09-16 18:37:03.947000
40266,5,1,11,2,2025-09-18 15:04:54.227000
40266,5,2,15,1,2025-09-18 15:05:12.693000
40266,5,3,135,1,2025-09-18 15:05:25.540000
40268,6,1,0,1,2025-09-18 15:46:43.847000
40269,12,1,190,4,2025-08-22 15:21:00.370000
40269,12,2,321,1,2025-08-22 15:21:15.313000
40270,19,1,0,1,2025-08-22 13:21:02.010000
40271,3,1,0,1,2025-08-07 14:35:46.277000
40272,3,1,0,1,2026-06-18 15:17:39.917000
40273,5,1,0,1,2025-08-08 17:29:33.733000
40275,8,1,165,1,2025-08-08 17:04:54.203000
40275,8,2,12,4,2025-08-08 17:05:07.713000
40275,8,3,263,3,2025-08-08 17:05:25.907000
40275,8,4,164,1,2025-08-08 17:05:37.423000
40275,8,5,204,2,2025-08-08 17:05:52.620000
40276,7,2,12,4,2026-03-27 18:31:18.870000
40276,7,3,204,2,2026-03-27 18:31:18.873000
40276,7,4,165,1,2026-03-27 18:31:18.877000
40276,7,5,164,1,2026-03-27 18:31:18.880000
40276,7,6,263,3,2026-03-27 18:31:18.880000
40277,4,1,0,1,2025-08-08 17:29:55.027000
40279,6,1,0,1,2025-09-18 18:58:16.527000
40288,7,1,12,4,2025-09-03 13:17:16.757000
40288,7,2,204,2,2025-09-03 13:17:16.760000
40288,7,3,165,1,2025-09-03 13:17:16.763000
40288,7,4,164,1,2025-09-03 13:17:16.767000
40288,7,5,263,3,2025-09-03 13:17:16.770000
40289,6,1,12,4,2026-03-27 18:32:43.893000
40289,6,2,204,2,2026-03-27 18:32:43.897000
40289,6,3,165,1,2026-03-27 18:32:43.900000
40289,6,4,164,1,2026-03-27 18:32:43.900000
40289,6,5,263,3,2026-03-27 18:32:43.903000
40299,2,1,11,2,2025-09-11 19:03:41.343000
40299,2,2,15,1,2025-09-11 19:03:59.607000
40299,2,3,135,1,2025-09-11 19:04:16.587000
40301,7,1,0,1,2025-09-14 23:39:17.397000
40302,2,1,0,1,2026-05-21 19:05:32.510000
40302,3,1,0,1,2026-05-21 19:05:32.510000
40310,20,1,11,2,2026-02-13 18:40:45.803000
40310,20,2,217,6,2026-02-13 18:40:45.807000
40310,20,3,15,1,2026-02-13 18:40:45.810000
40314,11,1,11,2,2026-02-13 18:41:51.327000
40314,11,2,217,6,2026-02-13 18:41:51.330000
40314,11,3,15,1,2026-02-13 18:41:51.333000
40323,7,1,0,1,2026-01-09 13:41:13.510000
40325,4,1,155,1,2026-01-26 16:59:17.987000
40325,4,2,187,1,2026-01-26 16:59:40.360000
40325,4,3,266,1,2026-01-26 16:59:56.340000
40325,4,4,161,1,2026-01-26 17:00:16.367000
40327,4,1,155,1,2025-12-15 15:57:13.963000
40327,4,2,266,1,2025-12-15 15:57:27.963000
40327,4,3,187,1,2025-12-15 15:57:39.320000
40327,4,4,161,1,2025-12-15 15:57:48.947000
40329,5,1,0,1,2026-01-08 15:32:03.193000
40331,7,1,0,1,2026-01-16 23:45:28.870000
40333,7,1,0,1,2026-01-08 19:42:20.450000
40334,2,1,322,1,2026-05-21 19:52:56.810000
40334,3,1,322,1,2026-05-21 19:52:56.810000
40340,3,1,0,1,2026-01-22 17:30:00.240000
40342,2,1,0,1,2026-01-22 19:14:23.407000
40344,12,1,190,4,2026-01-23 21:55:00.570000
40344,12,2,219,2,2026-01-23 21:55:13.303000
40344,12,3,376,1,2026-01-23 21:55:24.123000
40345,10,1,190,4,2026-01-26 19:20:04.733000
40345,10,2,219,2,2026-01-26 19:20:16.797000
40345,10,3,376,1,2026-01-26 19:20:32.717000
40350,15,1,0,1,2026-03-27 15:27:20.680000
40351,3,1,0,1,2026-03-27 15:33:06.510000
40352,6,1,0,1,2026-03-27 13:54:45.170000
40353,6,1,0,1,2026-03-27 13:28:46.250000
40354,4,1,0,1,2026-03-27 13:44:19.023000
40355,8,1,0,1,2026-05-12 00:05:03.680000
40357,4,1,0,1,2026-03-27 12:59:29.683000
40358,4,1,0,1,2026-05-11 15:24:23.260000
40362,4,1,0,1,2026-05-14 12:28:52.203000
40366,3,1,0,1,2026-05-14 14:30:43.170000
40376,6,1,0,1,2026-04-16 11:38:02.907000
40377,27,1,0,1,2026-05-08 16:24:11.197000
40379,8,1,0,1,2026-05-08 16:28:15.940000
40381,4,1,0,1,2026-03-27 12:39:54.573000
40384,5,1,0,1,2026-05-13 15:14:30.523000
40386,6,1,0,1,2026-05-11 23:55:54.370000
40391,25,1,11,2,2026-07-02 16:06:03.457000
40391,25,2,176,2,2026-07-02 16:06:15.443000
40391,25,3,15,1,2026-07-02 16:06:39.110000
40402,7,1,0,1,2026-07-16 20:15:12.180000
40403,11,5,169,2,2026-07-15 13:18:53.097000
40403,11,6,312,1,2026-07-15 13:19:05.610000
40403,11,7,47,1,2026-07-15 13:19:26.493000
40403,11,8,190,4,2026-07-15 13:19:40.733000
40404,7,1,11,2,2026-07-02 16:07:01.803000
40404,7,2,176,2,2026-07-02 16:07:10.767000
40404,7,3,15,1,2026-07-02 16:07:36.867000
