lcd_id,lcd_version,contractor_id,contractor_type_id,contractor_version,last_updated
33252,29,368,12,1,2020-06-19 22:52:07.913000
33252,29,369,12,1,2020-06-19 22:52:07.913000
33252,29,370,12,1,2020-06-19 22:52:07.913000
33252,29,371,12,1,2020-06-19 22:52:07.913000
33252,29,372,12,1,2020-06-19 22:52:07.913000
33261,40,368,12,1,2021-05-21 14:22:14.300000
33261,40,369,12,1,2021-05-21 14:22:14.300000
33261,40,370,12,1,2021-05-21 14:22:14.300000
33261,40,371,12,1,2021-05-21 14:22:14.300000
33261,40,372,12,1,2021-05-21 14:22:14.300000
33267,17,368,12,1,2019-11-21 23:30:59.287000
33267,17,369,12,1,2019-11-21 23:30:59.287000
33267,17,370,12,1,2019-11-21 23:30:59.287000
33267,17,371,12,1,2019-11-21 23:30:59.287000
33267,17,372,12,1,2019-11-21 23:30:59.287000
33274,43,368,12,1,2025-09-19 13:08:10.673000
33274,43,369,12,1,2025-09-19 13:08:10.673000
33274,43,370,12,1,2025-09-19 13:08:10.673000
33274,43,371,12,1,2025-09-19 13:08:10.673000
33274,43,372,12,1,2025-09-19 13:08:10.673000
33312,40,139,10,2,2025-09-23 19:55:07.567000
33312,40,140,10,2,2025-09-23 19:55:07.567000
33312,40,388,10,1,2025-09-23 19:55:07.567000
33312,40,389,10,1,2025-09-23 19:55:07.567000
33317,34,139,10,2,2025-03-27 12:50:40.197000
33317,34,140,10,2,2025-03-27 12:50:40.197000
33317,34,388,10,1,2025-03-27 12:50:40.197000
33317,34,389,10,1,2025-03-27 12:50:40.197000
33318,63,139,10,2,2025-12-04 18:13:27.210000
33318,63,140,10,2,2025-12-04 18:13:27.210000
33318,63,388,10,1,2025-12-04 18:13:27.210000
33318,63,389,10,1,2025-12-04 18:13:27.210000
33369,26,139,10,2,2020-02-28 20:03:20.573000
33369,26,140,10,2,2020-02-28 20:03:20.573000
33369,26,388,10,1,2020-02-28 20:03:20.573000
33369,26,389,10,1,2020-02-28 20:03:20.573000
33370,58,139,10,2,2026-02-12 16:12:15.113000
33370,58,140,10,2,2026-02-12 16:12:15.113000
33370,58,388,10,1,2026-02-12 16:12:15.113000
33370,58,389,10,1,2026-02-12 16:12:15.113000
33393,10,503,11,1,2026-07-14 18:56:12.040000
33393,10,518,13,1,2026-07-14 18:56:12.040000
33394,55,500,8,1,2026-07-16 17:06:03.583000
33394,55,501,8,1,2026-07-16 17:06:03.583000
33394,55,502,8,1,2026-07-16 17:06:03.583000
33394,55,504,9,1,2026-07-16 17:06:03.583000
33394,55,505,9,1,2026-07-16 17:06:03.583000
33394,55,506,9,1,2026-07-16 17:06:03.583000
33394,55,507,13,1,2026-07-16 17:06:03.583000
33394,55,508,13,1,2026-07-16 17:06:03.583000
33394,55,509,13,1,2026-07-16 17:06:03.583000
33394,55,510,13,1,2026-07-16 17:06:03.583000
33394,55,511,13,1,2026-07-16 17:06:03.583000
33394,55,512,13,1,2026-07-16 17:06:03.583000
33394,55,513,13,1,2026-07-16 17:06:03.583000
33394,55,514,13,1,2026-07-16 17:06:03.583000
33394,55,515,13,1,2026-07-16 17:06:03.583000
33394,55,516,13,1,2026-07-16 17:06:03.583000
33394,55,517,13,1,2026-07-16 17:06:03.583000
33394,55,519,13,1,2026-07-16 17:06:03.583000
33394,55,520,13,1,2026-07-16 17:06:03.583000
33394,55,521,13,1,2026-07-16 17:06:03.583000
33394,55,522,13,1,2026-07-16 17:06:03.583000
33394,55,523,13,1,2026-07-16 17:06:03.583000
33396,11,500,8,1,2026-07-14 20:41:57.727000
33396,11,501,8,1,2026-07-14 20:41:57.727000
33396,11,502,8,1,2026-07-14 20:41:57.727000
33396,11,504,9,1,2026-07-14 20:41:57.727000
33396,11,505,9,1,2026-07-14 20:41:57.727000
33396,11,506,9,1,2026-07-14 20:41:57.727000
33396,11,507,13,1,2026-07-14 20:41:57.727000
33396,11,508,13,1,2026-07-14 20:41:57.727000
33396,11,509,13,1,2026-07-14 20:41:57.727000
33396,11,510,13,1,2026-07-14 20:41:57.727000
33396,11,511,13,1,2026-07-14 20:41:57.727000
33396,11,512,13,1,2026-07-14 20:41:57.727000
33396,11,513,13,1,2026-07-14 20:41:57.727000
33396,11,514,13,1,2026-07-14 20:41:57.727000
33396,11,515,13,1,2026-07-14 20:41:57.727000
33396,11,516,13,1,2026-07-14 20:41:57.727000
33396,11,517,13,1,2026-07-14 20:41:57.727000
33396,11,519,13,1,2026-07-14 20:41:57.727000
33396,11,520,13,1,2026-07-14 20:41:57.727000
33396,11,521,13,1,2026-07-14 20:41:57.727000
33396,11,522,13,1,2026-07-14 20:41:57.727000
33396,11,523,13,1,2026-07-14 20:41:57.727000
33398,40,500,8,1,2026-07-16 17:54:30.043000
33398,40,501,8,1,2026-07-16 17:54:30.043000
33398,40,502,8,1,2026-07-16 17:54:30.043000
33398,40,504,9,1,2026-07-16 17:54:30.043000
33398,40,505,9,1,2026-07-16 17:54:30.043000
33398,40,506,9,1,2026-07-16 17:54:30.043000
33398,40,507,13,1,2026-07-16 17:54:30.043000
33398,40,508,13,1,2026-07-16 17:54:30.043000
33398,40,509,13,1,2026-07-16 17:54:30.043000
33398,40,510,13,1,2026-07-16 17:54:30.043000
33398,40,511,13,1,2026-07-16 17:54:30.043000
33398,40,512,13,1,2026-07-16 17:54:30.043000
33398,40,513,13,1,2026-07-16 17:54:30.043000
33398,40,514,13,1,2026-07-16 17:54:30.043000
33398,40,515,13,1,2026-07-16 17:54:30.043000
33398,40,516,13,1,2026-07-16 17:54:30.043000
33398,40,517,13,1,2026-07-16 17:54:30.043000
33398,40,519,13,1,2026-07-16 17:54:30.043000
33398,40,520,13,1,2026-07-16 17:54:30.043000
33398,40,521,13,1,2026-07-16 17:54:30.043000
33398,40,522,13,1,2026-07-16 17:54:30.043000
33398,40,523,13,1,2026-07-16 17:54:30.043000
33399,15,500,8,1,2026-07-14 20:41:55.513000
33399,15,501,8,1,2026-07-14 20:41:55.513000
33399,15,502,8,1,2026-07-14 20:41:55.513000
33399,15,504,9,1,2026-07-14 20:41:55.513000
33399,15,505,9,1,2026-07-14 20:41:55.513000
33399,15,506,9,1,2026-07-14 20:41:55.513000
33399,15,507,13,1,2026-07-14 20:41:55.513000
33399,15,508,13,1,2026-07-14 20:41:55.513000
33399,15,509,13,1,2026-07-14 20:41:55.513000
33399,15,510,13,1,2026-07-14 20:41:55.513000
33399,15,511,13,1,2026-07-14 20:41:55.513000
33399,15,512,13,1,2026-07-14 20:41:55.513000
33399,15,513,13,1,2026-07-14 20:41:55.513000
33399,15,514,13,1,2026-07-14 20:41:55.513000
33399,15,515,13,1,2026-07-14 20:41:55.513000
33399,15,516,13,1,2026-07-14 20:41:55.513000
33399,15,517,13,1,2026-07-14 20:41:55.513000
33399,15,519,13,1,2026-07-14 20:41:55.513000
33399,15,520,13,1,2026-07-14 20:41:55.513000
33399,15,521,13,1,2026-07-14 20:41:55.513000
33399,15,522,13,1,2026-07-14 20:41:55.513000
33399,15,523,13,1,2026-07-14 20:41:55.513000
33405,25,368,12,1,2020-06-19 22:57:32.487000
33405,25,369,12,1,2020-06-19 22:57:32.487000
33405,25,370,12,1,2020-06-19 22:57:32.487000
33405,25,371,12,1,2020-06-19 22:57:32.487000
33405,25,372,12,1,2020-06-19 22:57:32.487000
33411,29,368,12,1,2019-10-02 20:01:24.527000
33411,29,369,12,1,2019-10-02 20:01:24.527000
33411,29,370,12,1,2019-10-02 20:01:24.527000
33411,29,371,12,1,2019-10-02 20:01:24.527000
33411,29,372,12,1,2019-10-02 20:01:24.527000
33417,40,378,13,1,2021-04-05 19:41:21.933000
33417,40,379,13,1,2021-04-05 19:41:21.933000
33417,40,380,13,1,2021-04-05 19:41:21.933000
33417,40,381,13,1,2021-04-05 19:41:21.933000
33417,40,394,12,1,2021-04-05 19:41:21.933000
33417,40,395,12,1,2021-04-05 19:41:21.933000
33417,40,396,12,1,2021-04-05 19:41:21.933000
33420,41,374,13,1,2021-02-25 14:46:39.370000
33420,41,375,13,1,2021-02-25 14:46:39.370000
33420,41,376,13,1,2021-02-25 14:46:39.370000
33420,41,377,13,1,2021-02-25 14:46:39.370000
33420,41,378,13,1,2021-02-25 14:46:39.370000
33420,41,379,13,1,2021-02-25 14:46:39.370000
33420,41,380,13,1,2021-02-25 14:46:39.370000
33420,41,381,13,1,2021-02-25 14:46:39.370000
33420,41,391,12,1,2021-02-25 14:46:39.370000
33420,41,392,12,1,2021-02-25 14:46:39.370000
33420,41,393,12,1,2021-02-25 14:46:39.370000
33420,41,394,12,1,2021-02-25 14:46:39.370000
33420,41,395,12,1,2021-02-25 14:46:39.370000
33420,41,396,12,1,2021-02-25 14:46:39.370000
33423,58,374,13,1,2025-06-20 13:43:45.463000
33423,58,375,13,1,2025-06-20 13:43:45.463000
33423,58,376,13,1,2025-06-20 13:43:45.463000
33423,58,377,13,1,2025-06-20 13:43:45.463000
33423,58,378,13,1,2025-06-20 13:43:45.463000
33423,58,379,13,1,2025-06-20 13:43:45.463000
33423,58,380,13,1,2025-06-20 13:43:45.463000
33423,58,381,13,1,2025-06-20 13:43:45.463000
33423,58,391,12,1,2025-06-20 13:43:45.463000
33423,58,392,12,1,2025-06-20 13:43:45.463000
33423,58,393,12,1,2025-06-20 13:43:45.463000
33423,58,394,12,1,2025-06-20 13:43:45.463000
33423,58,395,12,1,2025-06-20 13:43:45.463000
33423,58,396,12,1,2025-06-20 13:43:45.463000
33428,53,374,13,1,2021-07-23 13:55:57.220000
33428,53,375,13,1,2021-07-23 13:55:57.220000
33428,53,376,13,1,2021-07-23 13:55:57.220000
33428,53,377,13,1,2021-07-23 13:55:57.220000
33428,53,378,13,1,2021-07-23 13:55:57.220000
33428,53,379,13,1,2021-07-23 13:55:57.220000
33428,53,380,13,1,2021-07-23 13:55:57.220000
33428,53,381,13,1,2021-07-23 13:55:57.220000
33428,53,391,12,1,2021-07-23 13:55:57.220000
33428,53,392,12,1,2021-07-23 13:55:57.220000
33428,53,393,12,1,2021-07-23 13:55:57.220000
33428,53,394,12,1,2021-07-23 13:55:57.220000
33428,53,395,12,1,2021-07-23 13:55:57.220000
33428,53,396,12,1,2021-07-23 13:55:57.220000
33431,59,378,13,1,2025-09-12 14:31:46.247000
33431,59,379,13,1,2025-09-12 14:31:46.247000
33431,59,380,13,1,2025-09-12 14:31:46.247000
33431,59,381,13,1,2025-09-12 14:31:46.247000
33431,59,394,12,1,2025-09-12 14:31:46.247000
33431,59,395,12,1,2025-09-12 14:31:46.247000
33431,59,396,12,1,2025-09-12 14:31:46.247000
33436,38,378,13,1,2023-11-10 13:33:12.917000
33436,38,379,13,1,2023-11-10 13:33:12.917000
33436,38,380,13,1,2023-11-10 13:33:12.917000
33436,38,381,13,1,2023-11-10 13:33:12.917000
33436,38,394,12,1,2023-11-10 13:33:12.917000
33436,38,395,12,1,2023-11-10 13:33:12.917000
33436,38,396,12,1,2023-11-10 13:33:12.917000
33438,47,378,13,1,2024-07-12 13:09:21.303000
33438,47,379,13,1,2024-07-12 13:09:21.303000
33438,47,380,13,1,2024-07-12 13:09:21.303000
33438,47,381,13,1,2024-07-12 13:09:21.303000
33438,47,394,12,1,2024-07-12 13:09:21.303000
33438,47,395,12,1,2024-07-12 13:09:21.303000
33438,47,396,12,1,2024-07-12 13:09:21.303000
33444,42,378,13,1,2024-12-23 14:14:07.780000
33444,42,379,13,1,2024-12-23 14:14:07.780000
33444,42,380,13,1,2024-12-23 14:14:07.780000
33444,42,381,13,1,2024-12-23 14:14:07.780000
33444,42,394,12,1,2024-12-23 14:14:07.780000
33444,42,395,12,1,2024-12-23 14:14:07.780000
33444,42,396,12,1,2024-12-23 14:14:07.780000
33445,79,374,13,1,2025-10-17 13:31:43.953000
33445,79,375,13,1,2025-10-17 13:31:43.953000
33445,79,376,13,1,2025-10-17 13:31:43.953000
33445,79,377,13,1,2025-10-17 13:31:43.953000
33445,79,378,13,1,2025-10-17 13:31:43.953000
33445,79,379,13,1,2025-10-17 13:31:43.953000
33445,79,380,13,1,2025-10-17 13:31:43.953000
33445,79,381,13,1,2025-10-17 13:31:43.953000
33445,79,391,12,1,2025-10-17 13:31:43.953000
33445,79,392,12,1,2025-10-17 13:31:43.953000
33445,79,393,12,1,2025-10-17 13:31:43.953000
33445,79,394,12,1,2025-10-17 13:31:43.953000
33445,79,395,12,1,2025-10-17 13:31:43.953000
33445,79,396,12,1,2025-10-17 13:31:43.953000
33446,47,378,13,1,2021-06-18 14:58:02.380000
33446,47,379,13,1,2021-06-18 14:58:02.380000
33446,47,380,13,1,2021-06-18 14:58:02.380000
33446,47,381,13,1,2021-06-18 14:58:02.380000
33446,47,394,12,1,2021-06-18 14:58:02.380000
33446,47,395,12,1,2021-06-18 14:58:02.380000
33446,47,396,12,1,2021-06-18 14:58:02.380000
33447,48,378,13,1,2024-09-10 13:47:08.327000
33447,48,379,13,1,2024-09-10 13:47:08.327000
33447,48,380,13,1,2024-09-10 13:47:08.327000
33447,48,381,13,1,2024-09-10 13:47:08.327000
33447,48,394,12,1,2024-09-10 13:47:08.327000
33447,48,395,12,1,2024-09-10 13:47:08.327000
33447,48,396,12,1,2024-09-10 13:47:08.327000
33449,36,378,13,1,2019-11-09 15:55:38.667000
33449,36,379,13,1,2019-11-09 15:55:38.667000
33449,36,380,13,1,2019-11-09 15:55:38.667000
33449,36,381,13,1,2019-11-09 15:55:38.667000
33449,36,394,12,1,2019-11-09 15:55:38.667000
33449,36,395,12,1,2019-11-09 15:55:38.667000
33449,36,396,12,1,2019-11-09 15:55:38.667000
33455,31,378,13,1,2021-09-03 12:52:54.617000
33455,31,379,13,1,2021-09-03 12:52:54.617000
33455,31,380,13,1,2021-09-03 12:52:54.617000
33455,31,381,13,1,2021-09-03 12:52:54.617000
33455,31,394,12,1,2021-09-03 12:52:54.617000
33455,31,395,12,1,2021-09-03 12:52:54.617000
33455,31,396,12,1,2021-09-03 12:52:54.617000
33456,71,374,13,1,2023-06-05 14:08:41.103000
33456,71,375,13,1,2023-06-05 14:08:41.103000
33456,71,376,13,1,2023-06-05 14:08:41.103000
33456,71,377,13,1,2023-06-05 14:08:41.103000
33456,71,378,13,1,2023-06-05 14:08:41.103000
33456,71,379,13,1,2023-06-05 14:08:41.103000
33456,71,380,13,1,2023-06-05 14:08:41.103000
33456,71,381,13,1,2023-06-05 14:08:41.103000
33456,71,391,12,1,2023-06-05 14:08:41.103000
33456,71,392,12,1,2023-06-05 14:08:41.103000
33456,71,393,12,1,2023-06-05 14:08:41.103000
33456,71,394,12,1,2023-06-05 14:08:41.103000
33456,71,395,12,1,2023-06-05 14:08:41.103000
33456,71,396,12,1,2023-06-05 14:08:41.103000
33457,61,374,13,1,2023-03-14 13:39:27.203000
33457,61,375,13,1,2023-03-14 13:39:27.203000
33457,61,376,13,1,2023-03-14 13:39:27.203000
33457,61,377,13,1,2023-03-14 13:39:27.203000
33457,61,378,13,1,2023-03-14 13:39:27.203000
33457,61,379,13,1,2023-03-14 13:39:27.203000
33457,61,380,13,1,2023-03-14 13:39:27.203000
33457,61,381,13,1,2023-03-14 13:39:27.203000
33457,61,391,12,1,2023-03-14 13:39:27.203000
33457,61,392,12,1,2023-03-14 13:39:27.203000
33457,61,393,12,1,2023-03-14 13:39:27.203000
33457,61,394,12,1,2023-03-14 13:39:27.203000
33457,61,395,12,1,2023-03-14 13:39:27.203000
33457,61,396,12,1,2023-03-14 13:39:27.203000
33459,46,374,13,1,2026-06-03 14:18:38.663000
33459,46,375,13,1,2026-06-03 14:18:38.663000
33459,46,376,13,1,2026-06-03 14:18:38.663000
33459,46,377,13,1,2026-06-03 14:18:38.663000
33459,46,378,13,1,2026-06-03 14:18:38.663000
33459,46,379,13,1,2026-06-03 14:18:38.663000
33459,46,380,13,1,2026-06-03 14:18:38.663000
33459,46,381,13,1,2026-06-03 14:18:38.663000
33459,46,391,12,1,2026-06-03 14:18:38.663000
33459,46,392,12,1,2026-06-03 14:18:38.663000
33459,46,393,12,1,2026-06-03 14:18:38.663000
33459,46,394,12,1,2026-06-03 14:18:38.663000
33459,46,395,12,1,2026-06-03 14:18:38.663000
33459,46,396,12,1,2026-06-03 14:18:38.663000
33461,64,378,13,1,2024-03-01 14:55:00.403000
33461,64,379,13,1,2024-03-01 14:55:00.403000
33461,64,380,13,1,2024-03-01 14:55:00.403000
33461,64,381,13,1,2024-03-01 14:55:00.403000
33461,64,394,12,1,2024-03-01 14:55:00.403000
33461,64,395,12,1,2024-03-01 14:55:00.403000
33461,64,396,12,1,2024-03-01 14:55:00.403000
33467,49,374,13,1,2023-05-01 14:04:49.260000
33467,49,375,13,1,2023-05-01 14:04:49.260000
33467,49,376,13,1,2023-05-01 14:04:49.260000
33467,49,377,13,1,2023-05-01 14:04:49.260000
33467,49,378,13,1,2023-05-01 14:04:49.260000
33467,49,379,13,1,2023-05-01 14:04:49.260000
33467,49,380,13,1,2023-05-01 14:04:49.260000
33467,49,381,13,1,2023-05-01 14:04:49.260000
33467,49,391,12,1,2023-05-01 14:04:49.260000
33467,49,392,12,1,2023-05-01 14:04:49.260000
33467,49,393,12,1,2023-05-01 14:04:49.260000
33467,49,394,12,1,2023-05-01 14:04:49.260000
33467,49,395,12,1,2023-05-01 14:04:49.260000
33467,49,396,12,1,2023-05-01 14:04:49.260000
33557,48,500,8,1,2026-07-14 20:41:54.743000
33557,48,501,8,1,2026-07-14 20:41:54.743000
33557,48,502,8,1,2026-07-14 20:41:54.743000
33557,48,504,9,1,2026-07-14 20:41:54.743000
33557,48,505,9,1,2026-07-14 20:41:54.743000
33557,48,506,9,1,2026-07-14 20:41:54.743000
33557,48,507,13,1,2026-07-14 20:41:54.743000
33557,48,508,13,1,2026-07-14 20:41:54.743000
33557,48,509,13,1,2026-07-14 20:41:54.743000
33557,48,510,13,1,2026-07-14 20:41:54.743000
33557,48,511,13,1,2026-07-14 20:41:54.743000
33557,48,512,13,1,2026-07-14 20:41:54.743000
33557,48,513,13,1,2026-07-14 20:41:54.743000
33557,48,514,13,1,2026-07-14 20:41:54.743000
33557,48,515,13,1,2026-07-14 20:41:54.743000
33557,48,516,13,1,2026-07-14 20:41:54.743000
33557,48,517,13,1,2026-07-14 20:41:54.743000
33557,48,519,13,1,2026-07-14 20:41:54.743000
33557,48,520,13,1,2026-07-14 20:41:54.743000
33557,48,521,13,1,2026-07-14 20:41:54.743000
33557,48,522,13,1,2026-07-14 20:41:54.743000
33557,48,523,13,1,2026-07-14 20:41:54.743000
33558,33,500,8,1,2026-07-14 20:41:54.943000
33558,33,501,8,1,2026-07-14 20:41:54.943000
33558,33,502,8,1,2026-07-14 20:41:54.943000
33558,33,504,9,1,2026-07-14 20:41:54.943000
33558,33,505,9,1,2026-07-14 20:41:54.943000
33558,33,506,9,1,2026-07-14 20:41:54.943000
33558,33,507,13,1,2026-07-14 20:41:54.943000
33558,33,508,13,1,2026-07-14 20:41:54.943000
33558,33,509,13,1,2026-07-14 20:41:54.943000
33558,33,510,13,1,2026-07-14 20:41:54.943000
33558,33,511,13,1,2026-07-14 20:41:54.943000
33558,33,512,13,1,2026-07-14 20:41:54.943000
33558,33,513,13,1,2026-07-14 20:41:54.943000
33558,33,514,13,1,2026-07-14 20:41:54.943000
33558,33,515,13,1,2026-07-14 20:41:54.943000
33558,33,516,13,1,2026-07-14 20:41:54.943000
33558,33,517,13,1,2026-07-14 20:41:54.943000
33558,33,519,13,1,2026-07-14 20:41:54.943000
33558,33,520,13,1,2026-07-14 20:41:54.943000
33558,33,521,13,1,2026-07-14 20:41:54.943000
33558,33,522,13,1,2026-07-14 20:41:54.943000
33558,33,523,13,1,2026-07-14 20:41:54.943000
33559,29,500,8,1,2026-07-14 20:41:54.827000
33559,29,501,8,1,2026-07-14 20:41:54.827000
33559,29,502,8,1,2026-07-14 20:41:54.827000
33559,29,504,9,1,2026-07-14 20:41:54.827000
33559,29,505,9,1,2026-07-14 20:41:54.827000
33559,29,506,9,1,2026-07-14 20:41:54.827000
33559,29,507,13,1,2026-07-14 20:41:54.827000
33559,29,508,13,1,2026-07-14 20:41:54.827000
33559,29,509,13,1,2026-07-14 20:41:54.827000
33559,29,510,13,1,2026-07-14 20:41:54.827000
33559,29,511,13,1,2026-07-14 20:41:54.827000
33559,29,512,13,1,2026-07-14 20:41:54.827000
33559,29,513,13,1,2026-07-14 20:41:54.827000
33559,29,514,13,1,2026-07-14 20:41:54.827000
33559,29,515,13,1,2026-07-14 20:41:54.827000
33559,29,516,13,1,2026-07-14 20:41:54.827000
33559,29,517,13,1,2026-07-14 20:41:54.827000
33559,29,519,13,1,2026-07-14 20:41:54.827000
33559,29,520,13,1,2026-07-14 20:41:54.827000
33559,29,521,13,1,2026-07-14 20:41:54.827000
33559,29,522,13,1,2026-07-14 20:41:54.827000
33559,29,523,13,1,2026-07-14 20:41:54.827000
33560,36,500,8,1,2026-07-14 20:41:54.883000
33560,36,501,8,1,2026-07-14 20:41:54.883000
33560,36,502,8,1,2026-07-14 20:41:54.883000
33560,36,504,9,1,2026-07-14 20:41:54.883000
33560,36,505,9,1,2026-07-14 20:41:54.883000
33560,36,506,9,1,2026-07-14 20:41:54.883000
33560,36,507,13,1,2026-07-14 20:41:54.883000
33560,36,508,13,1,2026-07-14 20:41:54.883000
33560,36,509,13,1,2026-07-14 20:41:54.883000
33560,36,510,13,1,2026-07-14 20:41:54.883000
33560,36,511,13,1,2026-07-14 20:41:54.883000
33560,36,512,13,1,2026-07-14 20:41:54.883000
33560,36,513,13,1,2026-07-14 20:41:54.883000
33560,36,514,13,1,2026-07-14 20:41:54.883000
33560,36,515,13,1,2026-07-14 20:41:54.883000
33560,36,516,13,1,2026-07-14 20:41:54.883000
33560,36,517,13,1,2026-07-14 20:41:54.883000
33560,36,519,13,1,2026-07-14 20:41:54.883000
33560,36,520,13,1,2026-07-14 20:41:54.883000
33560,36,521,13,1,2026-07-14 20:41:54.883000
33560,36,522,13,1,2026-07-14 20:41:54.883000
33560,36,523,13,1,2026-07-14 20:41:54.883000
33563,27,500,8,1,2026-07-14 20:41:56.020000
33563,27,501,8,1,2026-07-14 20:41:56.020000
33563,27,502,8,1,2026-07-14 20:41:56.020000
33563,27,504,9,1,2026-07-14 20:41:56.020000
33563,27,505,9,1,2026-07-14 20:41:56.020000
33563,27,506,9,1,2026-07-14 20:41:56.020000
33563,27,507,13,1,2026-07-14 20:41:56.020000
33563,27,508,13,1,2026-07-14 20:41:56.020000
33563,27,509,13,1,2026-07-14 20:41:56.020000
33563,27,510,13,1,2026-07-14 20:41:56.020000
33563,27,511,13,1,2026-07-14 20:41:56.020000
33563,27,512,13,1,2026-07-14 20:41:56.020000
33563,27,513,13,1,2026-07-14 20:41:56.020000
33563,27,514,13,1,2026-07-14 20:41:56.020000
33563,27,515,13,1,2026-07-14 20:41:56.020000
33563,27,516,13,1,2026-07-14 20:41:56.020000
33563,27,517,13,1,2026-07-14 20:41:56.020000
33563,27,519,13,1,2026-07-14 20:41:56.020000
33563,27,520,13,1,2026-07-14 20:41:56.020000
33563,27,521,13,1,2026-07-14 20:41:56.020000
33563,27,522,13,1,2026-07-14 20:41:56.020000
33563,27,523,13,1,2026-07-14 20:41:56.020000
33567,28,500,8,1,2026-07-14 20:41:57.053000
33567,28,501,8,1,2026-07-14 20:41:57.053000
33567,28,502,8,1,2026-07-14 20:41:57.053000
33567,28,504,9,1,2026-07-14 20:41:57.053000
33567,28,505,9,1,2026-07-14 20:41:57.053000
33567,28,506,9,1,2026-07-14 20:41:57.053000
33567,28,507,13,1,2026-07-14 20:41:57.053000
33567,28,508,13,1,2026-07-14 20:41:57.053000
33567,28,509,13,1,2026-07-14 20:41:57.053000
33567,28,510,13,1,2026-07-14 20:41:57.053000
33567,28,511,13,1,2026-07-14 20:41:57.053000
33567,28,512,13,1,2026-07-14 20:41:57.053000
33567,28,513,13,1,2026-07-14 20:41:57.053000
33567,28,514,13,1,2026-07-14 20:41:57.053000
33567,28,515,13,1,2026-07-14 20:41:57.053000
33567,28,516,13,1,2026-07-14 20:41:57.053000
33567,28,517,13,1,2026-07-14 20:41:57.053000
33567,28,519,13,1,2026-07-14 20:41:57.053000
33567,28,520,13,1,2026-07-14 20:41:57.053000
33567,28,521,13,1,2026-07-14 20:41:57.053000
33567,28,522,13,1,2026-07-14 20:41:57.053000
33567,28,523,13,1,2026-07-14 20:41:57.053000
33569,32,500,8,1,2026-07-14 20:41:57.467000
33569,32,501,8,1,2026-07-14 20:41:57.467000
33569,32,502,8,1,2026-07-14 20:41:57.467000
33569,32,504,9,1,2026-07-14 20:41:57.467000
33569,32,505,9,1,2026-07-14 20:41:57.467000
33569,32,506,9,1,2026-07-14 20:41:57.467000
33569,32,507,13,1,2026-07-14 20:41:57.467000
33569,32,508,13,1,2026-07-14 20:41:57.467000
33569,32,509,13,1,2026-07-14 20:41:57.467000
33569,32,510,13,1,2026-07-14 20:41:57.467000
33569,32,511,13,1,2026-07-14 20:41:57.467000
33569,32,512,13,1,2026-07-14 20:41:57.467000
33569,32,513,13,1,2026-07-14 20:41:57.467000
33569,32,514,13,1,2026-07-14 20:41:57.467000
33569,32,515,13,1,2026-07-14 20:41:57.467000
33569,32,516,13,1,2026-07-14 20:41:57.467000
33569,32,517,13,1,2026-07-14 20:41:57.467000
33569,32,519,13,1,2026-07-14 20:41:57.467000
33569,32,520,13,1,2026-07-14 20:41:57.467000
33569,32,521,13,1,2026-07-14 20:41:57.467000
33569,32,522,13,1,2026-07-14 20:41:57.467000
33569,32,523,13,1,2026-07-14 20:41:57.467000
33573,25,500,8,1,2026-07-14 20:41:54.510000
33573,25,501,8,1,2026-07-14 20:41:54.510000
33573,25,502,8,1,2026-07-14 20:41:54.510000
33573,25,504,9,1,2026-07-14 20:41:54.510000
33573,25,505,9,1,2026-07-14 20:41:54.510000
33573,25,506,9,1,2026-07-14 20:41:54.510000
33573,25,507,13,1,2026-07-14 20:41:54.510000
33573,25,508,13,1,2026-07-14 20:41:54.510000
33573,25,509,13,1,2026-07-14 20:41:54.510000
33573,25,510,13,1,2026-07-14 20:41:54.510000
33573,25,511,13,1,2026-07-14 20:41:54.510000
33573,25,512,13,1,2026-07-14 20:41:54.510000
33573,25,513,13,1,2026-07-14 20:41:54.510000
33573,25,514,13,1,2026-07-14 20:41:54.510000
33573,25,515,13,1,2026-07-14 20:41:54.510000
33573,25,516,13,1,2026-07-14 20:41:54.510000
33573,25,517,13,1,2026-07-14 20:41:54.510000
33573,25,519,13,1,2026-07-14 20:41:54.510000
33573,25,520,13,1,2026-07-14 20:41:54.510000
33573,25,521,13,1,2026-07-14 20:41:54.510000
33573,25,522,13,1,2026-07-14 20:41:54.510000
33573,25,523,13,1,2026-07-14 20:41:54.510000
33574,38,500,8,1,2026-07-14 20:41:59.280000
33574,38,501,8,1,2026-07-14 20:41:59.280000
33574,38,502,8,1,2026-07-14 20:41:59.280000
33574,38,504,9,1,2026-07-14 20:41:59.280000
33574,38,505,9,1,2026-07-14 20:41:59.280000
33574,38,506,9,1,2026-07-14 20:41:59.280000
33574,38,507,13,1,2026-07-14 20:41:59.280000
33574,38,508,13,1,2026-07-14 20:41:59.280000
33574,38,509,13,1,2026-07-14 20:41:59.280000
33574,38,510,13,1,2026-07-14 20:41:59.280000
33574,38,511,13,1,2026-07-14 20:41:59.280000
33574,38,512,13,1,2026-07-14 20:41:59.280000
33574,38,513,13,1,2026-07-14 20:41:59.280000
33574,38,514,13,1,2026-07-14 20:41:59.280000
33574,38,515,13,1,2026-07-14 20:41:59.280000
33574,38,516,13,1,2026-07-14 20:41:59.280000
33574,38,517,13,1,2026-07-14 20:41:59.280000
33574,38,519,13,1,2026-07-14 20:41:59.280000
33574,38,520,13,1,2026-07-14 20:41:59.280000
33574,38,521,13,1,2026-07-14 20:41:59.280000
33574,38,522,13,1,2026-07-14 20:41:59.280000
33574,38,523,13,1,2026-07-14 20:41:59.280000
33575,44,500,8,1,2026-07-14 20:41:59.103000
33575,44,501,8,1,2026-07-14 20:41:59.103000
33575,44,502,8,1,2026-07-14 20:41:59.103000
33575,44,504,9,1,2026-07-14 20:41:59.103000
33575,44,505,9,1,2026-07-14 20:41:59.103000
33575,44,506,9,1,2026-07-14 20:41:59.103000
33575,44,507,13,1,2026-07-14 20:41:59.103000
33575,44,508,13,1,2026-07-14 20:41:59.103000
33575,44,509,13,1,2026-07-14 20:41:59.103000
33575,44,510,13,1,2026-07-14 20:41:59.103000
33575,44,511,13,1,2026-07-14 20:41:59.103000
33575,44,512,13,1,2026-07-14 20:41:59.103000
33575,44,513,13,1,2026-07-14 20:41:59.103000
33575,44,514,13,1,2026-07-14 20:41:59.103000
33575,44,515,13,1,2026-07-14 20:41:59.103000
33575,44,516,13,1,2026-07-14 20:41:59.103000
33575,44,517,13,1,2026-07-14 20:41:59.103000
33575,44,519,13,1,2026-07-14 20:41:59.103000
33575,44,520,13,1,2026-07-14 20:41:59.103000
33575,44,521,13,1,2026-07-14 20:41:59.103000
33575,44,522,13,1,2026-07-14 20:41:59.103000
33575,44,523,13,1,2026-07-14 20:41:59.103000
33576,24,500,8,1,2026-07-14 20:41:59.047000
33576,24,501,8,1,2026-07-14 20:41:59.047000
33576,24,502,8,1,2026-07-14 20:41:59.047000
33576,24,504,9,1,2026-07-14 20:41:59.047000
33576,24,505,9,1,2026-07-14 20:41:59.047000
33576,24,506,9,1,2026-07-14 20:41:59.047000
33576,24,507,13,1,2026-07-14 20:41:59.047000
33576,24,508,13,1,2026-07-14 20:41:59.047000
33576,24,509,13,1,2026-07-14 20:41:59.047000
33576,24,510,13,1,2026-07-14 20:41:59.047000
33576,24,511,13,1,2026-07-14 20:41:59.047000
33576,24,512,13,1,2026-07-14 20:41:59.047000
33576,24,513,13,1,2026-07-14 20:41:59.047000
33576,24,514,13,1,2026-07-14 20:41:59.047000
33576,24,515,13,1,2026-07-14 20:41:59.047000
33576,24,516,13,1,2026-07-14 20:41:59.047000
33576,24,517,13,1,2026-07-14 20:41:59.047000
33576,24,519,13,1,2026-07-14 20:41:59.047000
33576,24,520,13,1,2026-07-14 20:41:59.047000
33576,24,521,13,1,2026-07-14 20:41:59.047000
33576,24,522,13,1,2026-07-14 20:41:59.047000
33576,24,523,13,1,2026-07-14 20:41:59.047000
33577,44,500,8,1,2026-07-14 20:41:58.827000
33577,44,501,8,1,2026-07-14 20:41:58.827000
33577,44,502,8,1,2026-07-14 20:41:58.827000
33577,44,504,9,1,2026-07-14 20:41:58.827000
33577,44,505,9,1,2026-07-14 20:41:58.827000
33577,44,506,9,1,2026-07-14 20:41:58.827000
33577,44,507,13,1,2026-07-14 20:41:58.827000
33577,44,508,13,1,2026-07-14 20:41:58.827000
33577,44,509,13,1,2026-07-14 20:41:58.827000
33577,44,510,13,1,2026-07-14 20:41:58.827000
33577,44,511,13,1,2026-07-14 20:41:58.827000
33577,44,512,13,1,2026-07-14 20:41:58.827000
33577,44,513,13,1,2026-07-14 20:41:58.827000
33577,44,514,13,1,2026-07-14 20:41:58.827000
33577,44,515,13,1,2026-07-14 20:41:58.827000
33577,44,516,13,1,2026-07-14 20:41:58.827000
33577,44,517,13,1,2026-07-14 20:41:58.827000
33577,44,519,13,1,2026-07-14 20:41:58.827000
33577,44,520,13,1,2026-07-14 20:41:58.827000
33577,44,521,13,1,2026-07-14 20:41:58.827000
33577,44,522,13,1,2026-07-14 20:41:58.827000
33577,44,523,13,1,2026-07-14 20:41:58.827000
33578,18,500,8,1,2026-07-14 20:41:58.767000
33578,18,501,8,1,2026-07-14 20:41:58.767000
33578,18,502,8,1,2026-07-14 20:41:58.767000
33578,18,504,9,1,2026-07-14 20:41:58.767000
33578,18,505,9,1,2026-07-14 20:41:58.767000
33578,18,506,9,1,2026-07-14 20:41:58.767000
33578,18,507,13,1,2026-07-14 20:41:58.767000
33578,18,508,13,1,2026-07-14 20:41:58.767000
33578,18,509,13,1,2026-07-14 20:41:58.767000
33578,18,510,13,1,2026-07-14 20:41:58.767000
33578,18,511,13,1,2026-07-14 20:41:58.767000
33578,18,512,13,1,2026-07-14 20:41:58.767000
33578,18,513,13,1,2026-07-14 20:41:58.767000
33578,18,514,13,1,2026-07-14 20:41:58.767000
33578,18,515,13,1,2026-07-14 20:41:58.767000
33578,18,516,13,1,2026-07-14 20:41:58.767000
33578,18,517,13,1,2026-07-14 20:41:58.767000
33578,18,519,13,1,2026-07-14 20:41:58.767000
33578,18,520,13,1,2026-07-14 20:41:58.767000
33578,18,521,13,1,2026-07-14 20:41:58.767000
33578,18,522,13,1,2026-07-14 20:41:58.767000
33578,18,523,13,1,2026-07-14 20:41:58.767000
33579,39,500,8,1,2026-07-14 20:41:58.707000
33579,39,501,8,1,2026-07-14 20:41:58.707000
33579,39,502,8,1,2026-07-14 20:41:58.707000
33579,39,504,9,1,2026-07-14 20:41:58.707000
33579,39,505,9,1,2026-07-14 20:41:58.707000
33579,39,506,9,1,2026-07-14 20:41:58.707000
33579,39,507,13,1,2026-07-14 20:41:58.707000
33579,39,508,13,1,2026-07-14 20:41:58.707000
33579,39,509,13,1,2026-07-14 20:41:58.707000
33579,39,510,13,1,2026-07-14 20:41:58.707000
33579,39,511,13,1,2026-07-14 20:41:58.707000
33579,39,512,13,1,2026-07-14 20:41:58.707000
33579,39,513,13,1,2026-07-14 20:41:58.707000
33579,39,514,13,1,2026-07-14 20:41:58.707000
33579,39,515,13,1,2026-07-14 20:41:58.707000
33579,39,516,13,1,2026-07-14 20:41:58.707000
33579,39,517,13,1,2026-07-14 20:41:58.707000
33579,39,519,13,1,2026-07-14 20:41:58.707000
33579,39,520,13,1,2026-07-14 20:41:58.707000
33579,39,521,13,1,2026-07-14 20:41:58.707000
33579,39,522,13,1,2026-07-14 20:41:58.707000
33579,39,523,13,1,2026-07-14 20:41:58.707000
33580,41,500,8,1,2026-07-14 20:41:58.397000
33580,41,501,8,1,2026-07-14 20:41:58.397000
33580,41,502,8,1,2026-07-14 20:41:58.397000
33580,41,504,9,1,2026-07-14 20:41:58.397000
33580,41,505,9,1,2026-07-14 20:41:58.397000
33580,41,506,9,1,2026-07-14 20:41:58.397000
33580,41,507,13,1,2026-07-14 20:41:58.397000
33580,41,508,13,1,2026-07-14 20:41:58.397000
33580,41,509,13,1,2026-07-14 20:41:58.397000
33580,41,510,13,1,2026-07-14 20:41:58.397000
33580,41,511,13,1,2026-07-14 20:41:58.397000
33580,41,512,13,1,2026-07-14 20:41:58.397000
33580,41,513,13,1,2026-07-14 20:41:58.397000
33580,41,514,13,1,2026-07-14 20:41:58.397000
33580,41,515,13,1,2026-07-14 20:41:58.397000
33580,41,516,13,1,2026-07-14 20:41:58.397000
33580,41,517,13,1,2026-07-14 20:41:58.397000
33580,41,519,13,1,2026-07-14 20:41:58.397000
33580,41,520,13,1,2026-07-14 20:41:58.397000
33580,41,521,13,1,2026-07-14 20:41:58.397000
33580,41,522,13,1,2026-07-14 20:41:58.397000
33580,41,523,13,1,2026-07-14 20:41:58.397000
33583,21,368,12,1,2019-10-02 19:21:51.843000
33583,21,369,12,1,2019-10-02 19:21:51.843000
33583,21,370,12,1,2019-10-02 19:21:51.843000
33583,21,371,12,1,2019-10-02 19:21:51.843000
33583,21,372,12,1,2019-10-02 19:21:51.843000
33585,34,500,8,1,2026-07-14 20:41:54.677000
33585,34,501,8,1,2026-07-14 20:41:54.677000
33585,34,502,8,1,2026-07-14 20:41:54.677000
33585,34,504,9,1,2026-07-14 20:41:54.677000
33585,34,505,9,1,2026-07-14 20:41:54.677000
33585,34,506,9,1,2026-07-14 20:41:54.677000
33585,34,507,13,1,2026-07-14 20:41:54.677000
33585,34,508,13,1,2026-07-14 20:41:54.677000
33585,34,509,13,1,2026-07-14 20:41:54.677000
33585,34,510,13,1,2026-07-14 20:41:54.677000
33585,34,511,13,1,2026-07-14 20:41:54.677000
33585,34,512,13,1,2026-07-14 20:41:54.677000
33585,34,513,13,1,2026-07-14 20:41:54.677000
33585,34,514,13,1,2026-07-14 20:41:54.677000
33585,34,515,13,1,2026-07-14 20:41:54.677000
33585,34,516,13,1,2026-07-14 20:41:54.677000
33585,34,517,13,1,2026-07-14 20:41:54.677000
33585,34,519,13,1,2026-07-14 20:41:54.677000
33585,34,520,13,1,2026-07-14 20:41:54.677000
33585,34,521,13,1,2026-07-14 20:41:54.677000
33585,34,522,13,1,2026-07-14 20:41:54.677000
33585,34,523,13,1,2026-07-14 20:41:54.677000
33591,19,500,8,1,2026-07-16 17:26:30.167000
33591,19,501,8,1,2026-07-16 17:26:30.167000
33591,19,502,8,1,2026-07-16 17:26:30.167000
33591,19,504,9,1,2026-07-16 17:26:30.167000
33591,19,505,9,1,2026-07-16 17:26:30.167000
33591,19,506,9,1,2026-07-16 17:26:30.167000
33591,19,507,13,1,2026-07-16 17:26:30.167000
33591,19,508,13,1,2026-07-16 17:26:30.167000
33591,19,509,13,1,2026-07-16 17:26:30.167000
33591,19,510,13,1,2026-07-16 17:26:30.167000
33591,19,511,13,1,2026-07-16 17:26:30.167000
33591,19,512,13,1,2026-07-16 17:26:30.167000
33591,19,513,13,1,2026-07-16 17:26:30.167000
33591,19,514,13,1,2026-07-16 17:26:30.167000
33591,19,515,13,1,2026-07-16 17:26:30.167000
33591,19,516,13,1,2026-07-16 17:26:30.167000
33591,19,517,13,1,2026-07-16 17:26:30.167000
33591,19,519,13,1,2026-07-16 17:26:30.167000
33591,19,520,13,1,2026-07-16 17:26:30.167000
33591,19,521,13,1,2026-07-16 17:26:30.167000
33591,19,522,13,1,2026-07-16 17:26:30.167000
33591,19,523,13,1,2026-07-16 17:26:30.167000
33609,14,368,12,1,2020-12-31 15:54:33.577000
33609,14,369,12,1,2020-12-31 15:54:33.577000
33609,14,370,12,1,2020-12-31 15:54:33.577000
33609,14,371,12,1,2020-12-31 15:54:33.577000
33609,14,372,12,1,2020-12-31 15:54:33.577000
33610,70,139,10,2,2026-06-19 14:02:57.020000
33610,70,140,10,2,2026-06-19 14:02:57.020000
33610,70,388,10,1,2026-06-19 14:02:57.020000
33610,70,389,10,1,2026-06-19 14:02:57.020000
33611,25,139,10,2,2021-06-18 15:48:24.813000
33611,25,140,10,2,2021-06-18 15:48:24.813000
33611,25,388,10,1,2021-06-18 15:48:24.813000
33611,25,389,10,1,2021-06-18 15:48:24.813000
33612,26,139,10,2,2023-12-07 16:05:12.940000
33612,26,140,10,2,2023-12-07 16:05:12.940000
33612,26,388,10,1,2023-12-07 16:05:12.940000
33612,26,389,10,1,2023-12-07 16:05:12.940000
33614,27,500,8,1,2026-07-14 20:41:55.453000
33614,27,501,8,1,2026-07-14 20:41:55.453000
33614,27,502,8,1,2026-07-14 20:41:55.453000
33614,27,504,9,1,2026-07-14 20:41:55.453000
33614,27,505,9,1,2026-07-14 20:41:55.453000
33614,27,506,9,1,2026-07-14 20:41:55.453000
33614,27,507,13,1,2026-07-14 20:41:55.453000
33614,27,508,13,1,2026-07-14 20:41:55.453000
33614,27,509,13,1,2026-07-14 20:41:55.453000
33614,27,510,13,1,2026-07-14 20:41:55.453000
33614,27,511,13,1,2026-07-14 20:41:55.453000
33614,27,512,13,1,2026-07-14 20:41:55.453000
33614,27,513,13,1,2026-07-14 20:41:55.453000
33614,27,514,13,1,2026-07-14 20:41:55.453000
33614,27,515,13,1,2026-07-14 20:41:55.453000
33614,27,516,13,1,2026-07-14 20:41:55.453000
33614,27,517,13,1,2026-07-14 20:41:55.453000
33614,27,519,13,1,2026-07-14 20:41:55.453000
33614,27,520,13,1,2026-07-14 20:41:55.453000
33614,27,521,13,1,2026-07-14 20:41:55.453000
33614,27,522,13,1,2026-07-14 20:41:55.453000
33614,27,523,13,1,2026-07-14 20:41:55.453000
33616,11,500,8,1,2026-07-14 20:41:57.110000
33616,11,501,8,1,2026-07-14 20:41:57.110000
33616,11,502,8,1,2026-07-14 20:41:57.110000
33616,11,504,9,1,2026-07-14 20:41:57.110000
33616,11,505,9,1,2026-07-14 20:41:57.110000
33616,11,506,9,1,2026-07-14 20:41:57.110000
33616,11,507,13,1,2026-07-14 20:41:57.110000
33616,11,508,13,1,2026-07-14 20:41:57.110000
33616,11,509,13,1,2026-07-14 20:41:57.110000
33616,11,510,13,1,2026-07-14 20:41:57.110000
33616,11,511,13,1,2026-07-14 20:41:57.110000
33616,11,512,13,1,2026-07-14 20:41:57.110000
33616,11,513,13,1,2026-07-14 20:41:57.110000
33616,11,514,13,1,2026-07-14 20:41:57.110000
33616,11,515,13,1,2026-07-14 20:41:57.110000
33616,11,516,13,1,2026-07-14 20:41:57.110000
33616,11,517,13,1,2026-07-14 20:41:57.110000
33616,11,519,13,1,2026-07-14 20:41:57.110000
33616,11,520,13,1,2026-07-14 20:41:57.110000
33616,11,521,13,1,2026-07-14 20:41:57.110000
33616,11,522,13,1,2026-07-14 20:41:57.110000
33616,11,523,13,1,2026-07-14 20:41:57.110000
33618,23,368,12,1,2019-11-22 00:16:59.890000
33618,23,369,12,1,2019-11-22 00:16:59.890000
33618,23,370,12,1,2019-11-22 00:16:59.890000
33618,23,371,12,1,2019-11-22 00:16:59.890000
33618,23,372,12,1,2019-11-22 00:16:59.890000
33619,25,500,8,1,2026-07-14 20:41:56.790000
33619,25,501,8,1,2026-07-14 20:41:56.790000
33619,25,502,8,1,2026-07-14 20:41:56.790000
33619,25,504,9,1,2026-07-14 20:41:56.790000
33619,25,505,9,1,2026-07-14 20:41:56.790000
33619,25,506,9,1,2026-07-14 20:41:56.790000
33619,25,507,13,1,2026-07-14 20:41:56.790000
33619,25,508,13,1,2026-07-14 20:41:56.790000
33619,25,509,13,1,2026-07-14 20:41:56.790000
33619,25,510,13,1,2026-07-14 20:41:56.790000
33619,25,511,13,1,2026-07-14 20:41:56.790000
33619,25,512,13,1,2026-07-14 20:41:56.790000
33619,25,513,13,1,2026-07-14 20:41:56.790000
33619,25,514,13,1,2026-07-14 20:41:56.790000
33619,25,515,13,1,2026-07-14 20:41:56.790000
33619,25,516,13,1,2026-07-14 20:41:56.790000
33619,25,517,13,1,2026-07-14 20:41:56.790000
33619,25,519,13,1,2026-07-14 20:41:56.790000
33619,25,520,13,1,2026-07-14 20:41:56.790000
33619,25,521,13,1,2026-07-14 20:41:56.790000
33619,25,522,13,1,2026-07-14 20:41:56.790000
33619,25,523,13,1,2026-07-14 20:41:56.790000
33621,16,500,8,1,2026-07-14 20:41:56.983000
33621,16,501,8,1,2026-07-14 20:41:56.983000
33621,16,502,8,1,2026-07-14 20:41:56.983000
33621,16,504,9,1,2026-07-14 20:41:56.983000
33621,16,505,9,1,2026-07-14 20:41:56.983000
33621,16,506,9,1,2026-07-14 20:41:56.983000
33621,16,507,13,1,2026-07-14 20:41:56.983000
33621,16,508,13,1,2026-07-14 20:41:56.983000
33621,16,509,13,1,2026-07-14 20:41:56.983000
33621,16,510,13,1,2026-07-14 20:41:56.983000
33621,16,511,13,1,2026-07-14 20:41:56.983000
33621,16,512,13,1,2026-07-14 20:41:56.983000
33621,16,513,13,1,2026-07-14 20:41:56.983000
33621,16,514,13,1,2026-07-14 20:41:56.983000
33621,16,515,13,1,2026-07-14 20:41:56.983000
33621,16,516,13,1,2026-07-14 20:41:56.983000
33621,16,517,13,1,2026-07-14 20:41:56.983000
33621,16,519,13,1,2026-07-14 20:41:56.983000
33621,16,520,13,1,2026-07-14 20:41:56.983000
33621,16,521,13,1,2026-07-14 20:41:56.983000
33621,16,522,13,1,2026-07-14 20:41:56.983000
33621,16,523,13,1,2026-07-14 20:41:56.983000
33622,36,500,8,1,2026-07-14 20:41:57.270000
33622,36,501,8,1,2026-07-14 20:41:57.270000
33622,36,502,8,1,2026-07-14 20:41:57.270000
33622,36,504,9,1,2026-07-14 20:41:57.270000
33622,36,505,9,1,2026-07-14 20:41:57.270000
33622,36,506,9,1,2026-07-14 20:41:57.270000
33622,36,507,13,1,2026-07-14 20:41:57.270000
33622,36,508,13,1,2026-07-14 20:41:57.270000
33622,36,509,13,1,2026-07-14 20:41:57.270000
33622,36,510,13,1,2026-07-14 20:41:57.270000
33622,36,511,13,1,2026-07-14 20:41:57.270000
33622,36,512,13,1,2026-07-14 20:41:57.270000
33622,36,513,13,1,2026-07-14 20:41:57.270000
33622,36,514,13,1,2026-07-14 20:41:57.270000
33622,36,515,13,1,2026-07-14 20:41:57.270000
33622,36,516,13,1,2026-07-14 20:41:57.270000
33622,36,517,13,1,2026-07-14 20:41:57.270000
33622,36,519,13,1,2026-07-14 20:41:57.270000
33622,36,520,13,1,2026-07-14 20:41:57.270000
33622,36,521,13,1,2026-07-14 20:41:57.270000
33622,36,522,13,1,2026-07-14 20:41:57.270000
33622,36,523,13,1,2026-07-14 20:41:57.270000
33623,26,500,8,1,2026-07-14 20:41:57.403000
33623,26,501,8,1,2026-07-14 20:41:57.403000
33623,26,502,8,1,2026-07-14 20:41:57.403000
33623,26,504,9,1,2026-07-14 20:41:57.403000
33623,26,505,9,1,2026-07-14 20:41:57.403000
33623,26,506,9,1,2026-07-14 20:41:57.403000
33623,26,507,13,1,2026-07-14 20:41:57.403000
33623,26,508,13,1,2026-07-14 20:41:57.403000
33623,26,509,13,1,2026-07-14 20:41:57.403000
33623,26,510,13,1,2026-07-14 20:41:57.403000
33623,26,511,13,1,2026-07-14 20:41:57.403000
33623,26,512,13,1,2026-07-14 20:41:57.403000
33623,26,513,13,1,2026-07-14 20:41:57.403000
33623,26,514,13,1,2026-07-14 20:41:57.403000
33623,26,515,13,1,2026-07-14 20:41:57.403000
33623,26,516,13,1,2026-07-14 20:41:57.403000
33623,26,517,13,1,2026-07-14 20:41:57.403000
33623,26,519,13,1,2026-07-14 20:41:57.403000
33623,26,520,13,1,2026-07-14 20:41:57.403000
33623,26,521,13,1,2026-07-14 20:41:57.403000
33623,26,522,13,1,2026-07-14 20:41:57.403000
33623,26,523,13,1,2026-07-14 20:41:57.403000
33624,34,500,8,1,2026-07-14 20:41:57.850000
33624,34,501,8,1,2026-07-14 20:41:57.850000
33624,34,502,8,1,2026-07-14 20:41:57.850000
33624,34,504,9,1,2026-07-14 20:41:57.850000
33624,34,505,9,1,2026-07-14 20:41:57.850000
33624,34,506,9,1,2026-07-14 20:41:57.850000
33624,34,507,13,1,2026-07-14 20:41:57.850000
33624,34,508,13,1,2026-07-14 20:41:57.850000
33624,34,509,13,1,2026-07-14 20:41:57.850000
33624,34,510,13,1,2026-07-14 20:41:57.850000
33624,34,511,13,1,2026-07-14 20:41:57.850000
33624,34,512,13,1,2026-07-14 20:41:57.850000
33624,34,513,13,1,2026-07-14 20:41:57.850000
33624,34,514,13,1,2026-07-14 20:41:57.850000
33624,34,515,13,1,2026-07-14 20:41:57.850000
33624,34,516,13,1,2026-07-14 20:41:57.850000
33624,34,517,13,1,2026-07-14 20:41:57.850000
33624,34,519,13,1,2026-07-14 20:41:57.850000
33624,34,520,13,1,2026-07-14 20:41:57.850000
33624,34,521,13,1,2026-07-14 20:41:57.850000
33624,34,522,13,1,2026-07-14 20:41:57.850000
33624,34,523,13,1,2026-07-14 20:41:57.850000
33626,45,500,8,1,2026-07-14 20:41:57.907000
33626,45,501,8,1,2026-07-14 20:41:57.907000
33626,45,502,8,1,2026-07-14 20:41:57.907000
33626,45,504,9,1,2026-07-14 20:41:57.907000
33626,45,505,9,1,2026-07-14 20:41:57.907000
33626,45,506,9,1,2026-07-14 20:41:57.907000
33626,45,507,13,1,2026-07-14 20:41:57.907000
33626,45,508,13,1,2026-07-14 20:41:57.907000
33626,45,509,13,1,2026-07-14 20:41:57.907000
33626,45,510,13,1,2026-07-14 20:41:57.907000
33626,45,511,13,1,2026-07-14 20:41:57.907000
33626,45,512,13,1,2026-07-14 20:41:57.907000
33626,45,513,13,1,2026-07-14 20:41:57.907000
33626,45,514,13,1,2026-07-14 20:41:57.907000
33626,45,515,13,1,2026-07-14 20:41:57.907000
33626,45,516,13,1,2026-07-14 20:41:57.907000
33626,45,517,13,1,2026-07-14 20:41:57.907000
33626,45,519,13,1,2026-07-14 20:41:57.907000
33626,45,520,13,1,2026-07-14 20:41:57.907000
33626,45,521,13,1,2026-07-14 20:41:57.907000
33626,45,522,13,1,2026-07-14 20:41:57.907000
33626,45,523,13,1,2026-07-14 20:41:57.907000
33627,90,500,8,1,2026-07-14 20:41:56.733000
33627,90,501,8,1,2026-07-14 20:41:56.733000
33627,90,502,8,1,2026-07-14 20:41:56.733000
33627,90,504,9,1,2026-07-14 20:41:56.733000
33627,90,505,9,1,2026-07-14 20:41:56.733000
33627,90,506,9,1,2026-07-14 20:41:56.733000
33627,90,507,13,1,2026-07-14 20:41:56.733000
33627,90,508,13,1,2026-07-14 20:41:56.733000
33627,90,509,13,1,2026-07-14 20:41:56.733000
33627,90,510,13,1,2026-07-14 20:41:56.733000
33627,90,511,13,1,2026-07-14 20:41:56.733000
33627,90,512,13,1,2026-07-14 20:41:56.733000
33627,90,513,13,1,2026-07-14 20:41:56.733000
33627,90,514,13,1,2026-07-14 20:41:56.733000
33627,90,515,13,1,2026-07-14 20:41:56.733000
33627,90,516,13,1,2026-07-14 20:41:56.733000
33627,90,517,13,1,2026-07-14 20:41:56.733000
33627,90,519,13,1,2026-07-14 20:41:56.733000
33627,90,520,13,1,2026-07-14 20:41:56.733000
33627,90,521,13,1,2026-07-14 20:41:56.733000
33627,90,522,13,1,2026-07-14 20:41:56.733000
33627,90,523,13,1,2026-07-14 20:41:56.733000
33628,34,500,8,1,2026-07-14 20:41:57.330000
33628,34,501,8,1,2026-07-14 20:41:57.330000
33628,34,502,8,1,2026-07-14 20:41:57.330000
33628,34,504,9,1,2026-07-14 20:41:57.330000
33628,34,505,9,1,2026-07-14 20:41:57.330000
33628,34,506,9,1,2026-07-14 20:41:57.330000
33628,34,507,13,1,2026-07-14 20:41:57.330000
33628,34,508,13,1,2026-07-14 20:41:57.330000
33628,34,509,13,1,2026-07-14 20:41:57.330000
33628,34,510,13,1,2026-07-14 20:41:57.330000
33628,34,511,13,1,2026-07-14 20:41:57.330000
33628,34,512,13,1,2026-07-14 20:41:57.330000
33628,34,513,13,1,2026-07-14 20:41:57.330000
33628,34,514,13,1,2026-07-14 20:41:57.330000
33628,34,515,13,1,2026-07-14 20:41:57.330000
33628,34,516,13,1,2026-07-14 20:41:57.330000
33628,34,517,13,1,2026-07-14 20:41:57.330000
33628,34,519,13,1,2026-07-14 20:41:57.330000
33628,34,520,13,1,2026-07-14 20:41:57.330000
33628,34,521,13,1,2026-07-14 20:41:57.330000
33628,34,522,13,1,2026-07-14 20:41:57.330000
33628,34,523,13,1,2026-07-14 20:41:57.330000
33630,28,500,8,1,2026-07-14 20:41:55.393000
33630,28,501,8,1,2026-07-14 20:41:55.393000
33630,28,502,8,1,2026-07-14 20:41:55.393000
33630,28,504,9,1,2026-07-14 20:41:55.393000
33630,28,505,9,1,2026-07-14 20:41:55.393000
33630,28,506,9,1,2026-07-14 20:41:55.393000
33630,28,507,13,1,2026-07-14 20:41:55.393000
33630,28,508,13,1,2026-07-14 20:41:55.393000
33630,28,509,13,1,2026-07-14 20:41:55.393000
33630,28,510,13,1,2026-07-14 20:41:55.393000
33630,28,511,13,1,2026-07-14 20:41:55.393000
33630,28,512,13,1,2026-07-14 20:41:55.393000
33630,28,513,13,1,2026-07-14 20:41:55.393000
33630,28,514,13,1,2026-07-14 20:41:55.393000
33630,28,515,13,1,2026-07-14 20:41:55.393000
33630,28,516,13,1,2026-07-14 20:41:55.393000
33630,28,517,13,1,2026-07-14 20:41:55.393000
33630,28,519,13,1,2026-07-14 20:41:55.393000
33630,28,520,13,1,2026-07-14 20:41:55.393000
33630,28,521,13,1,2026-07-14 20:41:55.393000
33630,28,522,13,1,2026-07-14 20:41:55.393000
33630,28,523,13,1,2026-07-14 20:41:55.393000
33631,52,500,8,1,2026-07-14 20:41:57.210000
33631,52,501,8,1,2026-07-14 20:41:57.210000
33631,52,502,8,1,2026-07-14 20:41:57.210000
33631,52,504,9,1,2026-07-14 20:41:57.210000
33631,52,505,9,1,2026-07-14 20:41:57.210000
33631,52,506,9,1,2026-07-14 20:41:57.210000
33631,52,507,13,1,2026-07-14 20:41:57.210000
33631,52,508,13,1,2026-07-14 20:41:57.210000
33631,52,509,13,1,2026-07-14 20:41:57.210000
33631,52,510,13,1,2026-07-14 20:41:57.210000
33631,52,511,13,1,2026-07-14 20:41:57.210000
33631,52,512,13,1,2026-07-14 20:41:57.210000
33631,52,513,13,1,2026-07-14 20:41:57.210000
33631,52,514,13,1,2026-07-14 20:41:57.210000
33631,52,515,13,1,2026-07-14 20:41:57.210000
33631,52,516,13,1,2026-07-14 20:41:57.210000
33631,52,517,13,1,2026-07-14 20:41:57.210000
33631,52,519,13,1,2026-07-14 20:41:57.210000
33631,52,520,13,1,2026-07-14 20:41:57.210000
33631,52,521,13,1,2026-07-14 20:41:57.210000
33631,52,522,13,1,2026-07-14 20:41:57.210000
33631,52,523,13,1,2026-07-14 20:41:57.210000
33632,83,500,8,1,2026-07-14 20:41:57.977000
33632,83,501,8,1,2026-07-14 20:41:57.977000
33632,83,502,8,1,2026-07-14 20:41:57.977000
33632,83,504,9,1,2026-07-14 20:41:57.977000
33632,83,505,9,1,2026-07-14 20:41:57.977000
33632,83,506,9,1,2026-07-14 20:41:57.977000
33632,83,507,13,1,2026-07-14 20:41:57.977000
33632,83,508,13,1,2026-07-14 20:41:57.977000
33632,83,509,13,1,2026-07-14 20:41:57.977000
33632,83,510,13,1,2026-07-14 20:41:57.977000
33632,83,511,13,1,2026-07-14 20:41:57.977000
33632,83,512,13,1,2026-07-14 20:41:57.977000
33632,83,513,13,1,2026-07-14 20:41:57.977000
33632,83,514,13,1,2026-07-14 20:41:57.977000
33632,83,515,13,1,2026-07-14 20:41:57.977000
33632,83,516,13,1,2026-07-14 20:41:57.977000
33632,83,517,13,1,2026-07-14 20:41:57.977000
33632,83,519,13,1,2026-07-14 20:41:57.977000
33632,83,520,13,1,2026-07-14 20:41:57.977000
33632,83,521,13,1,2026-07-14 20:41:57.977000
33632,83,522,13,1,2026-07-14 20:41:57.977000
33632,83,523,13,1,2026-07-14 20:41:57.977000
33633,50,500,8,1,2026-07-14 20:41:56.143000
33633,50,501,8,1,2026-07-14 20:41:56.143000
33633,50,502,8,1,2026-07-14 20:41:56.143000
33633,50,504,9,1,2026-07-14 20:41:56.143000
33633,50,505,9,1,2026-07-14 20:41:56.143000
33633,50,506,9,1,2026-07-14 20:41:56.143000
33633,50,507,13,1,2026-07-14 20:41:56.143000
33633,50,508,13,1,2026-07-14 20:41:56.143000
33633,50,509,13,1,2026-07-14 20:41:56.143000
33633,50,510,13,1,2026-07-14 20:41:56.143000
33633,50,511,13,1,2026-07-14 20:41:56.143000
33633,50,512,13,1,2026-07-14 20:41:56.143000
33633,50,513,13,1,2026-07-14 20:41:56.143000
33633,50,514,13,1,2026-07-14 20:41:56.143000
33633,50,515,13,1,2026-07-14 20:41:56.143000
33633,50,516,13,1,2026-07-14 20:41:56.143000
33633,50,517,13,1,2026-07-14 20:41:56.143000
33633,50,519,13,1,2026-07-14 20:41:56.143000
33633,50,520,13,1,2026-07-14 20:41:56.143000
33633,50,521,13,1,2026-07-14 20:41:56.143000
33633,50,522,13,1,2026-07-14 20:41:56.143000
33633,50,523,13,1,2026-07-14 20:41:56.143000
33636,53,500,8,1,2026-07-14 20:41:58.103000
33636,53,501,8,1,2026-07-14 20:41:58.103000
33636,53,502,8,1,2026-07-14 20:41:58.103000
33636,53,504,9,1,2026-07-14 20:41:58.103000
33636,53,505,9,1,2026-07-14 20:41:58.103000
33636,53,506,9,1,2026-07-14 20:41:58.103000
33636,53,507,13,1,2026-07-14 20:41:58.103000
33636,53,508,13,1,2026-07-14 20:41:58.103000
33636,53,509,13,1,2026-07-14 20:41:58.103000
33636,53,510,13,1,2026-07-14 20:41:58.103000
33636,53,511,13,1,2026-07-14 20:41:58.103000
33636,53,512,13,1,2026-07-14 20:41:58.103000
33636,53,513,13,1,2026-07-14 20:41:58.103000
33636,53,514,13,1,2026-07-14 20:41:58.103000
33636,53,515,13,1,2026-07-14 20:41:58.103000
33636,53,516,13,1,2026-07-14 20:41:58.103000
33636,53,517,13,1,2026-07-14 20:41:58.103000
33636,53,519,13,1,2026-07-14 20:41:58.103000
33636,53,520,13,1,2026-07-14 20:41:58.103000
33636,53,521,13,1,2026-07-14 20:41:58.103000
33636,53,522,13,1,2026-07-14 20:41:58.103000
33636,53,523,13,1,2026-07-14 20:41:58.103000
33641,21,139,10,2,2020-02-14 15:56:28.700000
33641,21,140,10,2,2020-02-14 15:56:28.700000
33641,21,388,10,1,2020-02-14 15:56:28.700000
33641,21,389,10,1,2020-02-14 15:56:28.700000
33642,26,139,10,2,2021-03-12 14:27:15.717000
33642,26,140,10,2,2021-03-12 14:27:15.717000
33642,26,388,10,1,2021-03-12 14:27:15.717000
33642,26,389,10,1,2021-03-12 14:27:15.717000
33671,48,368,12,1,2021-01-29 19:04:07.927000
33671,48,369,12,1,2021-01-29 19:04:07.927000
33671,48,370,12,1,2021-01-29 19:04:07.927000
33671,48,371,12,1,2021-01-29 19:04:07.927000
33671,48,372,12,1,2021-01-29 19:04:07.927000
33674,10,368,12,1,2019-11-21 23:26:34.350000
33674,10,369,12,1,2019-11-21 23:26:34.350000
33674,10,370,12,1,2019-11-21 23:26:34.350000
33674,10,371,12,1,2019-11-21 23:26:34.350000
33674,10,372,12,1,2019-11-21 23:26:34.350000
33686,43,139,10,2,2026-04-03 00:24:14.240000
33686,43,140,10,2,2026-04-03 00:24:14.240000
33686,43,388,10,1,2026-04-03 00:24:14.240000
33686,43,389,10,1,2026-04-03 00:24:14.240000
33689,17,368,12,1,2019-11-22 00:19:53.910000
33689,17,369,12,1,2019-11-22 00:19:53.910000
33689,17,370,12,1,2019-11-22 00:19:53.910000
33689,17,371,12,1,2019-11-22 00:19:53.910000
33689,17,372,12,1,2019-11-22 00:19:53.910000
33690,20,139,10,2,2020-02-13 15:00:35.887000
33690,20,140,10,2,2020-02-13 15:00:35.887000
33690,20,388,10,1,2020-02-13 15:00:35.887000
33690,20,389,10,1,2020-02-13 15:00:35.887000
33692,21,139,10,2,2021-03-11 17:42:07.470000
33692,21,140,10,2,2021-03-11 17:42:07.470000
33692,21,388,10,1,2021-03-11 17:42:07.470000
33692,21,389,10,1,2021-03-11 17:42:07.470000
33693,28,368,12,1,2023-12-08 14:07:06.767000
33693,28,369,12,1,2023-12-08 14:07:06.767000
33693,28,370,12,1,2023-12-08 14:07:06.767000
33693,28,371,12,1,2023-12-08 14:07:06.767000
33693,28,372,12,1,2023-12-08 14:07:06.767000
33695,26,368,12,1,2019-11-21 23:54:12.830000
33695,26,369,12,1,2019-11-21 23:54:12.830000
33695,26,370,12,1,2019-11-21 23:54:12.830000
33695,26,371,12,1,2019-11-21 23:54:12.830000
33695,26,372,12,1,2019-11-21 23:54:12.830000
33718,52,139,10,2,2023-12-07 15:39:56.367000
33718,52,140,10,2,2023-12-07 15:39:56.367000
33718,52,388,10,1,2023-12-07 15:39:56.367000
33718,52,389,10,1,2023-12-07 15:39:56.367000
33733,19,139,10,2,2020-02-13 15:03:55.280000
33733,19,140,10,2,2020-02-13 15:03:55.280000
33733,19,388,10,1,2020-02-13 15:03:55.280000
33733,19,389,10,1,2020-02-13 15:03:55.280000
33735,19,139,10,2,2020-02-13 15:07:16.533000
33735,19,140,10,2,2020-02-13 15:07:16.533000
33735,19,388,10,1,2020-02-13 15:07:16.533000
33735,19,389,10,1,2020-02-13 15:07:16.533000
33736,20,139,10,2,2020-02-13 15:23:53.833000
33736,20,140,10,2,2020-02-13 15:23:53.833000
33736,20,388,10,1,2020-02-13 15:23:53.833000
33736,20,389,10,1,2020-02-13 15:23:53.833000
33737,20,139,10,2,2020-02-14 15:06:48.650000
33737,20,140,10,2,2020-02-14 15:06:48.650000
33737,20,388,10,1,2020-02-14 15:06:48.650000
33737,20,389,10,1,2020-02-14 15:06:48.650000
33738,18,139,10,2,2020-02-14 15:20:13.007000
33738,18,140,10,2,2020-02-14 15:20:13.007000
33738,18,388,10,1,2020-02-14 15:20:13.007000
33738,18,389,10,1,2020-02-14 15:20:13.007000
33739,23,139,10,2,2025-10-23 15:41:54.460000
33739,23,140,10,2,2025-10-23 15:41:54.460000
33739,23,388,10,1,2025-10-23 15:41:54.460000
33739,23,389,10,1,2025-10-23 15:41:54.460000
33751,43,368,12,1,2022-01-28 19:43:29.587000
33751,43,369,12,1,2022-01-28 19:43:29.587000
33751,43,370,12,1,2022-01-28 19:43:29.587000
33751,43,371,12,1,2022-01-28 19:43:29.587000
33751,43,372,12,1,2022-01-28 19:43:29.587000
33756,23,368,12,1,2019-10-02 20:15:41.270000
33756,23,369,12,1,2019-10-02 20:15:41.270000
33756,23,370,12,1,2019-10-02 20:15:41.270000
33756,23,371,12,1,2019-10-02 20:15:41.270000
33756,23,372,12,1,2019-10-02 20:15:41.270000
33766,25,368,12,1,2019-11-21 23:29:39.467000
33766,25,369,12,1,2019-11-21 23:29:39.467000
33766,25,370,12,1,2019-11-21 23:29:39.467000
33766,25,371,12,1,2019-11-21 23:29:39.467000
33766,25,372,12,1,2019-11-21 23:29:39.467000
33771,42,368,12,1,2020-10-23 11:48:42.623000
33771,42,369,12,1,2020-10-23 11:48:42.623000
33771,42,370,12,1,2020-10-23 11:48:42.623000
33771,42,371,12,1,2020-10-23 11:48:42.623000
33771,42,372,12,1,2020-10-23 11:48:42.623000
33774,15,368,12,1,2019-12-06 14:18:22.077000
33774,15,369,12,1,2019-12-06 14:18:22.077000
33774,15,370,12,1,2019-12-06 14:18:22.077000
33774,15,371,12,1,2019-12-06 14:18:22.077000
33774,15,372,12,1,2019-12-06 14:18:22.077000
33784,21,139,10,2,2020-02-14 17:24:43.047000
33784,21,140,10,2,2020-02-14 17:24:43.047000
33784,21,388,10,1,2020-02-14 17:24:43.047000
33784,21,389,10,1,2020-02-14 17:24:43.047000
33785,40,139,10,2,2022-11-11 16:09:24.313000
33785,40,140,10,2,2022-11-11 16:09:24.313000
33785,40,388,10,1,2022-11-11 16:09:24.313000
33785,40,389,10,1,2022-11-11 16:09:24.313000
33786,16,139,10,2,2020-02-14 17:26:33.530000
33786,16,140,10,2,2020-02-14 17:26:33.530000
33786,16,388,10,1,2020-02-14 17:26:33.530000
33786,16,389,10,1,2020-02-14 17:26:33.530000
33787,40,139,10,2,2026-04-03 00:24:54.997000
33787,40,140,10,2,2026-04-03 00:24:54.997000
33787,40,388,10,1,2026-04-03 00:24:54.997000
33787,40,389,10,1,2026-04-03 00:24:54.997000
33788,15,139,10,2,2020-02-14 19:47:57.890000
33788,15,140,10,2,2020-02-14 19:47:57.890000
33788,15,388,10,1,2020-02-14 19:47:57.890000
33788,15,389,10,1,2020-02-14 19:47:57.890000
33789,38,139,10,2,2025-10-23 16:55:32.203000
33789,38,140,10,2,2025-10-23 16:55:32.203000
33789,38,388,10,1,2025-10-23 16:55:32.203000
33789,38,389,10,1,2025-10-23 16:55:32.203000
33790,20,139,10,2,2020-02-28 19:37:39.653000
33790,20,140,10,2,2020-02-28 19:37:39.653000
33790,20,388,10,1,2020-02-28 19:37:39.653000
33790,20,389,10,1,2020-02-28 19:37:39.653000
33791,15,139,10,2,2020-02-14 19:36:03.567000
33791,15,140,10,2,2020-02-14 19:36:03.567000
33791,15,388,10,1,2020-02-14 19:36:03.567000
33791,15,389,10,1,2020-02-14 19:36:03.567000
33792,43,139,10,2,2025-10-23 16:58:10.820000
33792,43,140,10,2,2025-10-23 16:58:10.820000
33792,43,388,10,1,2025-10-23 16:58:10.820000
33792,43,389,10,1,2025-10-23 16:58:10.820000
33793,20,139,10,2,2020-10-09 14:39:09.607000
33793,20,140,10,2,2020-10-09 14:39:09.607000
33793,20,388,10,1,2020-10-09 14:39:09.607000
33793,20,389,10,1,2020-10-09 14:39:09.607000
33794,171,139,10,2,2026-06-19 14:00:46.890000
33794,171,140,10,2,2026-06-19 14:00:46.890000
33794,171,388,10,1,2026-06-19 14:00:46.890000
33794,171,389,10,1,2026-06-19 14:00:46.890000
33795,29,139,10,2,2020-02-13 18:29:06.697000
33795,29,140,10,2,2020-02-13 18:29:06.697000
33795,29,388,10,1,2020-02-13 18:29:06.697000
33795,29,389,10,1,2020-02-13 18:29:06.697000
33796,24,139,10,2,2023-12-07 16:02:52.520000
33796,24,140,10,2,2023-12-07 16:02:52.520000
33796,24,388,10,1,2023-12-07 16:02:52.520000
33796,24,389,10,1,2023-12-07 16:02:52.520000
33797,50,139,10,2,2023-04-14 14:45:07.420000
33797,50,140,10,2,2023-04-14 14:45:07.420000
33797,50,388,10,1,2023-04-14 14:45:07.420000
33797,50,389,10,1,2023-04-14 14:45:07.420000
33799,15,139,10,2,2020-02-14 17:00:49.940000
33799,15,140,10,2,2020-02-14 17:00:49.940000
33799,15,388,10,1,2020-02-14 17:00:49.940000
33799,15,389,10,1,2020-02-14 17:00:49.940000
33800,43,139,10,2,2025-10-22 19:26:49.410000
33800,43,140,10,2,2025-10-22 19:26:49.410000
33800,43,388,10,1,2025-10-22 19:26:49.410000
33800,43,389,10,1,2025-10-22 19:26:49.410000
33801,26,139,10,2,2023-05-11 16:29:16.240000
33801,26,140,10,2,2023-05-11 16:29:16.240000
33801,26,388,10,1,2023-05-11 16:29:16.240000
33801,26,389,10,1,2023-05-11 16:29:16.240000
33802,35,139,10,2,2023-12-07 16:05:36.570000
33802,35,140,10,2,2023-12-07 16:05:36.570000
33802,35,388,10,1,2023-12-07 16:05:36.570000
33802,35,389,10,1,2023-12-07 16:05:36.570000
33803,61,139,10,2,2026-04-02 16:22:55.790000
33803,61,140,10,2,2026-04-02 16:22:55.790000
33803,61,388,10,1,2026-04-02 16:22:55.790000
33803,61,389,10,1,2026-04-02 16:22:55.790000
33813,15,370,12,1,2019-11-22 23:51:46.987000
33813,15,371,12,1,2019-11-22 23:51:46.987000
33813,15,372,12,1,2019-11-22 23:51:46.987000
33818,15,370,12,1,2019-11-22 23:59:43.670000
33818,15,371,12,1,2019-11-22 23:59:43.670000
33818,15,372,12,1,2019-11-22 23:59:43.670000
33820,21,139,10,2,2020-02-13 18:29:06.557000
33820,21,140,10,2,2020-02-13 18:29:06.557000
33820,21,388,10,1,2020-02-13 18:29:06.557000
33820,21,389,10,1,2020-02-13 18:29:06.557000
33821,28,139,10,2,2023-12-07 16:01:25.573000
33821,28,140,10,2,2023-12-07 16:01:25.573000
33821,28,388,10,1,2023-12-07 16:01:25.573000
33821,28,389,10,1,2023-12-07 16:01:25.573000
33822,70,139,10,2,2024-10-09 17:58:34.680000
33822,70,140,10,2,2024-10-09 17:58:34.680000
33822,70,388,10,1,2024-10-09 17:58:34.680000
33822,70,389,10,1,2024-10-09 17:58:34.680000
33823,26,139,10,2,2020-02-13 14:39:15.067000
33823,26,140,10,2,2020-02-13 14:39:15.067000
33823,26,388,10,1,2020-02-13 14:39:15.067000
33823,26,389,10,1,2020-02-13 14:39:15.067000
33824,56,139,10,2,2025-12-31 13:40:34.353000
33824,56,140,10,2,2025-12-31 13:40:34.353000
33824,56,388,10,1,2025-12-31 13:40:34.353000
33824,56,389,10,1,2025-12-31 13:40:34.353000
33825,17,139,10,2,2020-02-13 14:39:15.290000
33825,17,140,10,2,2020-02-13 14:39:15.290000
33825,17,388,10,1,2020-02-13 14:39:15.290000
33825,17,389,10,1,2020-02-13 14:39:15.290000
33826,22,139,10,2,2025-12-31 13:44:39.423000
33826,22,140,10,2,2025-12-31 13:44:39.423000
33826,22,388,10,1,2025-12-31 13:44:39.423000
33826,22,389,10,1,2025-12-31 13:44:39.423000
33827,55,139,10,2,2025-12-31 13:57:29.143000
33827,55,140,10,2,2025-12-31 13:57:29.143000
33827,55,388,10,1,2025-12-31 13:57:29.143000
33827,55,389,10,1,2025-12-31 13:57:29.143000
33828,27,139,10,2,2023-12-07 16:25:33.237000
33828,27,140,10,2,2023-12-07 16:25:33.237000
33828,27,388,10,1,2023-12-07 16:25:33.237000
33828,27,389,10,1,2023-12-07 16:25:33.237000
33830,22,139,10,2,2021-03-12 14:26:36.130000
33830,22,140,10,2,2021-03-12 14:26:36.130000
33830,22,388,10,1,2021-03-12 14:26:36.130000
33830,22,389,10,1,2021-03-12 14:26:36.130000
33831,48,139,10,2,2024-02-08 14:03:11.417000
33831,48,140,10,2,2024-02-08 14:03:11.417000
33831,48,388,10,1,2024-02-08 14:03:11.417000
33831,48,389,10,1,2024-02-08 14:03:11.417000
33832,20,139,10,2,2026-05-05 12:58:19
33832,20,140,10,2,2026-05-05 12:58:19
33832,20,388,10,1,2026-05-05 12:58:19
33832,20,389,10,1,2026-05-05 12:58:19
33833,26,368,12,1,2025-03-14 11:32:41.940000
33833,26,369,12,1,2025-03-14 11:32:41.940000
33833,26,370,12,1,2025-03-14 11:32:41.940000
33833,26,371,12,1,2025-03-14 11:32:41.940000
33833,26,372,12,1,2025-03-14 11:32:41.940000
33906,75,368,12,1,2026-04-10 18:27:03.387000
33906,75,369,12,1,2026-04-10 18:27:03.387000
33906,75,370,12,1,2026-04-10 18:27:03.387000
33906,75,371,12,1,2026-04-10 18:27:03.387000
33906,75,372,12,1,2026-04-10 18:27:03.387000
33912,23,368,12,1,2026-07-17 18:11:12.677000
33912,23,369,12,1,2026-07-17 18:11:12.677000
33912,23,370,12,1,2026-07-17 18:11:12.677000
33912,23,371,12,1,2026-07-17 18:11:12.677000
33912,23,372,12,1,2026-07-17 18:11:12.677000
33922,12,370,12,1,2019-11-23 00:08:07.147000
33922,12,371,12,1,2019-11-23 00:08:07.147000
33922,12,372,12,1,2019-11-23 00:08:07.147000
33923,14,370,12,1,2019-10-02 20:31:06.967000
33923,14,371,12,1,2019-10-02 20:31:06.967000
33923,14,372,12,1,2019-10-02 20:31:06.967000
33930,49,368,12,1,2024-08-02 18:34:09.077000
33930,49,369,12,1,2024-08-02 18:34:09.077000
33930,49,370,12,1,2024-08-02 18:34:09.077000
33930,49,371,12,1,2024-08-02 18:34:09.077000
33930,49,372,12,1,2024-08-02 18:34:09.077000
33933,30,370,12,1,2019-11-23 00:35:36.270000
33933,30,371,12,1,2019-11-23 00:35:36.270000
33933,30,372,12,1,2019-11-23 00:35:36.270000
33937,18,370,12,1,2019-10-25 16:13:41.327000
33937,18,371,12,1,2019-10-25 16:13:41.327000
33937,18,372,12,1,2019-10-25 16:13:41.327000
33941,23,370,12,1,2019-10-02 20:32:30.520000
33941,23,371,12,1,2019-10-02 20:32:30.520000
33941,23,372,12,1,2019-10-02 20:32:30.520000
33942,50,236,11,2,2026-07-27 16:19:17.130000
33943,24,228,9,2,2025-11-26 22:15:06.623000
33943,24,238,9,2,2025-11-26 22:15:06.623000
33943,24,239,8,1,2025-11-26 22:15:06.623000
33943,24,240,8,1,2025-11-26 22:15:06.623000
33944,27,228,9,2,2025-10-31 20:22:55.210000
33944,27,238,9,2,2025-10-31 20:22:55.210000
33944,27,239,8,1,2025-10-31 20:22:55.210000
33944,27,240,8,1,2025-10-31 20:22:55.210000
33945,21,228,9,2,2026-02-23 17:10:50.980000
33945,21,238,9,2,2026-02-23 17:10:50.980000
33945,21,239,8,1,2026-02-23 17:10:50.980000
33945,21,240,8,1,2026-02-23 17:10:50.980000
33946,17,228,9,2,2025-10-31 20:17:46.417000
33946,17,238,9,2,2025-10-31 20:17:46.417000
33946,17,239,8,1,2025-10-31 20:17:46.417000
33946,17,240,8,1,2025-10-31 20:17:46.417000
33947,25,228,9,2,2025-09-30 23:08:06.433000
33947,25,238,9,2,2025-09-30 23:08:06.433000
33947,25,239,8,1,2025-09-30 23:08:06.433000
33947,25,240,8,1,2025-09-30 23:08:06.433000
33950,38,228,9,2,2025-11-26 22:11:40.683000
33950,38,238,9,2,2025-11-26 22:11:40.683000
33950,38,239,8,1,2025-11-26 22:11:40.683000
33950,38,240,8,1,2025-11-26 22:11:40.683000
33954,26,228,9,2,2023-12-29 17:37:07.917000
33954,26,238,9,2,2023-12-29 17:37:07.917000
33954,26,239,8,1,2023-12-29 17:37:07.917000
33954,26,240,8,1,2023-12-29 17:37:07.917000
33958,14,370,12,1,2019-10-16 20:45:48.910000
33958,14,371,12,1,2019-10-16 20:45:48.910000
33958,14,372,12,1,2019-10-16 20:45:48.910000
33959,36,228,9,2,2025-10-31 20:27:33.817000
33959,36,238,9,2,2025-10-31 20:27:33.817000
33959,36,239,8,1,2025-10-31 20:27:33.817000
33959,36,240,8,1,2025-10-31 20:27:33.817000
33960,27,228,9,2,2026-02-20 21:47:24.717000
33960,27,238,9,2,2026-02-20 21:47:24.717000
33960,27,239,8,1,2026-02-20 21:47:24.717000
33960,27,240,8,1,2026-02-20 21:47:24.717000
33966,18,370,12,1,2019-10-02 20:34:27.167000
33966,18,371,12,1,2019-10-02 20:34:27.167000
33966,18,372,12,1,2019-10-02 20:34:27.167000
33967,25,370,12,1,2021-02-19 15:26:00.950000
33967,25,371,12,1,2021-02-19 15:26:00.950000
33967,25,372,12,1,2021-02-19 15:26:00.950000
33975,25,368,12,1,2021-07-02 13:38:55.370000
33975,25,369,12,1,2021-07-02 13:38:55.370000
33977,18,370,12,1,2019-10-25 16:35:28.693000
33977,18,371,12,1,2019-10-25 16:35:28.693000
33977,18,372,12,1,2019-10-25 16:35:28.693000
33996,33,228,9,2,2026-07-27 15:10:25.227000
33996,33,238,9,2,2026-07-27 15:10:25.227000
33996,33,239,8,1,2026-07-27 15:10:25.227000
33996,33,240,8,1,2026-07-27 15:10:25.227000
33999,21,228,9,2,2026-02-20 19:13:55.327000
33999,21,238,9,2,2026-02-20 19:13:55.327000
33999,21,239,8,1,2026-02-20 19:13:55.327000
33999,21,240,8,1,2026-02-20 19:13:55.327000
34005,34,228,9,2,2026-02-20 19:51:23.740000
34005,34,238,9,2,2026-02-20 19:51:23.740000
34005,34,239,8,1,2026-02-20 19:51:23.740000
34005,34,240,8,1,2026-02-20 19:51:23.740000
34007,48,368,12,1,2022-12-16 13:47:09.423000
34007,48,369,12,1,2022-12-16 13:47:09.423000
34007,48,370,12,1,2022-12-16 13:47:09.423000
34007,48,371,12,1,2022-12-16 13:47:09.423000
34007,48,372,12,1,2022-12-16 13:47:09.423000
34008,23,228,9,2,2026-02-20 18:58:36.673000
34008,23,238,9,2,2026-02-20 18:58:36.673000
34008,23,239,8,1,2026-02-20 18:58:36.673000
34008,23,240,8,1,2026-02-20 18:58:36.673000
34018,18,368,12,1,2021-11-05 13:37:46.453000
34018,18,369,12,1,2021-11-05 13:37:46.453000
34018,18,370,12,1,2021-11-05 13:37:46.453000
34018,18,371,12,1,2021-11-05 13:37:46.453000
34018,18,372,12,1,2021-11-05 13:37:46.453000
34021,18,368,12,1,2019-11-21 23:47:49.497000
34021,18,369,12,1,2019-11-21 23:47:49.497000
34021,18,370,12,1,2019-11-21 23:47:49.497000
34021,18,371,12,1,2019-11-21 23:47:49.497000
34021,18,372,12,1,2019-11-21 23:47:49.497000
34027,14,368,12,1,2019-09-18 13:19:03.873000
34027,14,369,12,1,2019-09-18 13:19:03.873000
34027,14,370,12,1,2019-09-18 13:19:03.873000
34027,14,371,12,1,2019-09-18 13:19:03.873000
34027,14,372,12,1,2019-09-18 13:19:03.873000
34028,16,368,12,1,2021-01-29 16:02:40.907000
34028,16,369,12,1,2021-01-29 16:02:40.907000
34028,16,370,12,1,2021-01-29 16:02:40.907000
34028,16,371,12,1,2021-01-29 16:02:40.907000
34028,16,372,12,1,2021-01-29 16:02:40.907000
34032,34,228,9,2,2025-09-26 21:52:28.957000
34032,34,238,9,2,2025-09-26 21:52:28.957000
34032,34,239,8,1,2025-09-26 21:52:28.957000
34032,34,240,8,1,2025-09-26 21:52:28.957000
34037,22,228,9,2,2026-02-27 17:51:57.977000
34037,22,238,9,2,2026-02-27 17:51:57.977000
34037,22,239,8,1,2026-02-27 17:51:57.977000
34037,22,240,8,1,2026-02-27 17:51:57.977000
34045,38,228,9,2,2025-10-31 20:30:42.893000
34045,38,238,9,2,2025-10-31 20:30:42.893000
34045,38,239,8,1,2025-10-31 20:30:42.893000
34045,38,240,8,1,2025-10-31 20:30:42.893000
34046,29,228,9,2,2025-07-29 14:50:20.517000
34046,29,238,9,2,2025-07-29 14:50:20.517000
34046,29,239,8,1,2025-07-29 14:50:20.517000
34046,29,240,8,1,2025-07-29 14:50:20.517000
34049,36,228,9,2,2026-05-29 14:07:15.940000
34049,36,238,9,2,2026-05-29 14:07:15.940000
34049,36,239,8,1,2026-05-29 14:07:15.940000
34049,36,240,8,1,2026-05-29 14:07:15.940000
34056,27,228,9,2,2025-09-26 21:35:32.647000
34056,27,238,9,2,2025-09-26 21:35:32.647000
34056,27,239,8,1,2025-09-26 21:35:32.647000
34056,27,240,8,1,2025-09-26 21:35:32.647000
34061,26,228,9,2,2026-07-27 14:10:46.980000
34061,26,238,9,2,2026-07-27 14:10:46.980000
34061,26,239,8,1,2026-07-27 14:10:46.980000
34061,26,240,8,1,2026-07-27 14:10:46.980000
34062,42,228,9,2,2026-02-20 19:26:54.470000
34062,42,238,9,2,2026-02-20 19:26:54.470000
34062,42,239,8,1,2026-02-20 19:26:54.470000
34062,42,240,8,1,2026-02-20 19:26:54.470000
34063,19,228,9,2,2026-07-24 21:09:46.053000
34063,19,238,9,2,2026-07-24 21:09:46.053000
34063,19,239,8,1,2026-07-24 21:09:46.053000
34063,19,240,8,1,2026-07-24 21:09:46.053000
34064,24,228,9,2,2026-03-27 15:36:32.030000
34064,24,238,9,2,2026-03-27 15:36:32.030000
34064,24,239,8,1,2026-03-27 15:36:32.030000
34064,24,240,8,1,2026-03-27 15:36:32.030000
34081,26,228,9,2,2026-02-27 14:18:22.873000
34081,26,238,9,2,2026-02-27 14:18:22.873000
34081,26,239,8,1,2026-02-27 14:18:22.873000
34081,26,240,8,1,2026-02-27 14:18:22.873000
34082,30,228,9,2,2025-10-03 22:27:18.510000
34082,30,238,9,2,2025-10-03 22:27:18.510000
34082,30,239,8,1,2025-10-03 22:27:18.510000
34082,30,240,8,1,2025-10-03 22:27:18.510000
34084,23,228,9,2,2025-08-29 16:52:26.283000
34084,23,238,9,2,2025-08-29 16:52:26.283000
34084,23,239,8,1,2025-08-29 16:52:26.283000
34084,23,240,8,1,2025-08-29 16:52:26.283000
34085,18,228,9,2,2026-03-16 18:04:57.273000
34085,18,238,9,2,2026-03-16 18:04:57.273000
34085,18,239,8,1,2026-03-16 18:04:57.273000
34085,18,240,8,1,2026-03-16 18:04:57.273000
34087,20,228,9,2,2025-08-29 16:57:01.250000
34087,20,238,9,2,2025-08-29 16:57:01.250000
34087,20,239,8,1,2025-08-29 16:57:01.250000
34087,20,240,8,1,2025-08-29 16:57:01.250000
34090,22,228,9,2,2026-03-25 17:30:22.293000
34090,22,238,9,2,2026-03-25 17:30:22.293000
34090,22,239,8,1,2026-03-25 17:30:22.293000
34090,22,240,8,1,2026-03-25 17:30:22.293000
34149,52,340,12,1,2025-10-07 13:39:17.990000
34149,52,341,12,1,2025-10-07 13:39:17.990000
34149,52,342,12,1,2025-10-07 13:39:17.990000
34149,52,343,12,1,2025-10-07 13:39:17.990000
34149,52,344,12,1,2025-10-07 13:39:17.990000
34149,52,345,12,1,2025-10-07 13:39:17.990000
34149,52,346,12,1,2025-10-07 13:39:17.990000
34149,52,347,12,1,2025-10-07 13:39:17.990000
34149,52,348,12,1,2025-10-07 13:39:17.990000
34149,52,349,12,1,2025-10-07 13:39:17.990000
34149,52,350,12,1,2025-10-07 13:39:17.990000
34149,52,351,12,1,2025-10-07 13:39:17.990000
34149,52,352,12,1,2025-10-07 13:39:17.990000
34149,52,353,12,1,2025-10-07 13:39:17.990000
34149,52,354,12,1,2025-10-07 13:39:17.990000
34149,52,355,12,1,2025-10-07 13:39:17.990000
34149,52,356,12,1,2025-10-07 13:39:17.990000
34149,52,357,12,1,2025-10-07 13:39:17.990000
34149,52,358,12,1,2025-10-07 13:39:17.990000
34149,52,359,12,1,2025-10-07 13:39:17.990000
34149,52,360,12,1,2025-10-07 13:39:17.990000
34149,52,361,12,1,2025-10-07 13:39:17.990000
34149,52,362,12,1,2025-10-07 13:39:17.990000
34149,52,363,12,1,2025-10-07 13:39:17.990000
34149,52,364,12,1,2025-10-07 13:39:17.990000
34149,52,365,12,1,2025-10-07 13:39:17.990000
34149,52,366,12,1,2025-10-07 13:39:17.990000
34149,52,367,12,1,2025-10-07 13:39:17.990000
34163,33,340,12,1,2025-10-27 13:34:06.570000
34163,33,341,12,1,2025-10-27 13:34:06.570000
34163,33,342,12,1,2025-10-27 13:34:06.570000
34163,33,343,12,1,2025-10-27 13:34:06.570000
34163,33,344,12,1,2025-10-27 13:34:06.570000
34163,33,345,12,1,2025-10-27 13:34:06.570000
34163,33,346,12,1,2025-10-27 13:34:06.570000
34163,33,347,12,1,2025-10-27 13:34:06.570000
34163,33,348,12,1,2025-10-27 13:34:06.570000
34163,33,349,12,1,2025-10-27 13:34:06.570000
34163,33,350,12,1,2025-10-27 13:34:06.570000
34163,33,351,12,1,2025-10-27 13:34:06.570000
34163,33,352,12,1,2025-10-27 13:34:06.570000
34163,33,353,12,1,2025-10-27 13:34:06.570000
34163,33,354,12,1,2025-10-27 13:34:06.570000
34163,33,355,12,1,2025-10-27 13:34:06.570000
34163,33,356,12,1,2025-10-27 13:34:06.570000
34163,33,357,12,1,2025-10-27 13:34:06.570000
34163,33,358,12,1,2025-10-27 13:34:06.570000
34163,33,359,12,1,2025-10-27 13:34:06.570000
34163,33,360,12,1,2025-10-27 13:34:06.570000
34163,33,361,12,1,2025-10-27 13:34:06.570000
34163,33,362,12,1,2025-10-27 13:34:06.570000
34163,33,363,12,1,2025-10-27 13:34:06.570000
34163,33,364,12,1,2025-10-27 13:34:06.570000
34163,33,365,12,1,2025-10-27 13:34:06.570000
34163,33,366,12,1,2025-10-27 13:34:06.570000
34163,33,367,12,1,2025-10-27 13:34:06.570000
34171,18,228,9,2,2026-05-22 16:30:07.147000
34171,18,238,9,2,2026-05-22 16:30:07.147000
34171,18,239,8,1,2026-05-22 16:30:07.147000
34171,18,240,8,1,2026-05-22 16:30:07.147000
34175,32,228,9,2,2026-05-22 15:45:25.367000
34175,32,238,9,2,2026-05-22 15:45:25.367000
34175,32,239,8,1,2026-05-22 15:45:25.367000
34175,32,240,8,1,2026-05-22 15:45:25.367000
34181,28,228,9,2,2026-05-29 13:08:30.417000
34181,28,238,9,2,2026-05-29 13:08:30.417000
34181,28,239,8,1,2026-05-29 13:08:30.417000
34181,28,240,8,1,2026-05-29 13:08:30.417000
34183,20,228,9,2,2026-03-27 16:15:34.527000
34183,20,238,9,2,2026-03-27 16:15:34.527000
34183,20,239,8,1,2026-03-27 16:15:34.527000
34183,20,240,8,1,2026-03-27 16:15:34.527000
34194,27,340,12,1,2025-10-08 11:52:37.253000
34194,27,341,12,1,2025-10-08 11:52:37.253000
34194,27,342,12,1,2025-10-08 11:52:37.253000
34194,27,343,12,1,2025-10-08 11:52:37.253000
34194,27,344,12,1,2025-10-08 11:52:37.253000
34194,27,345,12,1,2025-10-08 11:52:37.253000
34194,27,346,12,1,2025-10-08 11:52:37.253000
34194,27,347,12,1,2025-10-08 11:52:37.253000
34194,27,348,12,1,2025-10-08 11:52:37.253000
34194,27,349,12,1,2025-10-08 11:52:37.253000
34194,27,350,12,1,2025-10-08 11:52:37.253000
34194,27,351,12,1,2025-10-08 11:52:37.253000
34194,27,352,12,1,2025-10-08 11:52:37.253000
34194,27,353,12,1,2025-10-08 11:52:37.253000
34194,27,354,12,1,2025-10-08 11:52:37.253000
34194,27,355,12,1,2025-10-08 11:52:37.253000
34194,27,356,12,1,2025-10-08 11:52:37.253000
34194,27,357,12,1,2025-10-08 11:52:37.253000
34194,27,358,12,1,2025-10-08 11:52:37.253000
34194,27,359,12,1,2025-10-08 11:52:37.253000
34194,27,360,12,1,2025-10-08 11:52:37.253000
34194,27,361,12,1,2025-10-08 11:52:37.253000
34194,27,362,12,1,2025-10-08 11:52:37.253000
34194,27,363,12,1,2025-10-08 11:52:37.253000
34194,27,364,12,1,2025-10-08 11:52:37.253000
34194,27,365,12,1,2025-10-08 11:52:37.253000
34194,27,366,12,1,2025-10-08 11:52:37.253000
34194,27,367,12,1,2025-10-08 11:52:37.253000
34195,28,228,9,2,2026-04-29 14:44:48.840000
34195,28,238,9,2,2026-04-29 14:44:48.840000
34195,28,239,8,1,2026-04-29 14:44:48.840000
34195,28,240,8,1,2026-04-29 14:44:48.840000
34196,30,228,9,2,2026-04-02 14:50:33.147000
34196,30,238,9,2,2026-04-02 14:50:33.147000
34196,30,239,8,1,2026-04-02 14:50:33.147000
34196,30,240,8,1,2026-04-02 14:50:33.147000
34200,30,228,9,2,2026-07-24 21:18:10.493000
34200,30,238,9,2,2026-07-24 21:18:10.493000
34200,30,239,8,1,2026-07-24 21:18:10.493000
34200,30,240,8,1,2026-07-24 21:18:10.493000
34203,26,340,12,1,2025-09-02 13:55:31.857000
34203,26,341,12,1,2025-09-02 13:55:31.857000
34203,26,342,12,1,2025-09-02 13:55:31.857000
34203,26,343,12,1,2025-09-02 13:55:31.857000
34203,26,344,12,1,2025-09-02 13:55:31.857000
34203,26,345,12,1,2025-09-02 13:55:31.857000
34203,26,346,12,1,2025-09-02 13:55:31.857000
34203,26,347,12,1,2025-09-02 13:55:31.857000
34203,26,348,12,1,2025-09-02 13:55:31.857000
34203,26,349,12,1,2025-09-02 13:55:31.857000
34203,26,350,12,1,2025-09-02 13:55:31.857000
34203,26,351,12,1,2025-09-02 13:55:31.857000
34203,26,352,12,1,2025-09-02 13:55:31.857000
34203,26,353,12,1,2025-09-02 13:55:31.857000
34203,26,354,12,1,2025-09-02 13:55:31.857000
34203,26,355,12,1,2025-09-02 13:55:31.857000
34203,26,356,12,1,2025-09-02 13:55:31.857000
34203,26,357,12,1,2025-09-02 13:55:31.857000
34203,26,358,12,1,2025-09-02 13:55:31.857000
34203,26,359,12,1,2025-09-02 13:55:31.857000
34203,26,360,12,1,2025-09-02 13:55:31.857000
34203,26,361,12,1,2025-09-02 13:55:31.857000
34203,26,362,12,1,2025-09-02 13:55:31.857000
34203,26,363,12,1,2025-09-02 13:55:31.857000
34203,26,364,12,1,2025-09-02 13:55:31.857000
34203,26,365,12,1,2025-09-02 13:55:31.857000
34203,26,366,12,1,2025-09-02 13:55:31.857000
34203,26,367,12,1,2025-09-02 13:55:31.857000
34209,43,340,12,1,2026-05-05 19:56:41.577000
34209,43,341,12,1,2026-05-05 19:56:41.577000
34209,43,342,12,1,2026-05-05 19:56:41.577000
34209,43,343,12,1,2026-05-05 19:56:41.577000
34209,43,344,12,1,2026-05-05 19:56:41.577000
34209,43,345,12,1,2026-05-05 19:56:41.577000
34209,43,346,12,1,2026-05-05 19:56:41.577000
34209,43,347,12,1,2026-05-05 19:56:41.577000
34209,43,348,12,1,2026-05-05 19:56:41.577000
34209,43,349,12,1,2026-05-05 19:56:41.577000
34209,43,350,12,1,2026-05-05 19:56:41.577000
34209,43,351,12,1,2026-05-05 19:56:41.577000
34209,43,352,12,1,2026-05-05 19:56:41.577000
34209,43,353,12,1,2026-05-05 19:56:41.577000
34209,43,354,12,1,2026-05-05 19:56:41.577000
34209,43,355,12,1,2026-05-05 19:56:41.577000
34209,43,356,12,1,2026-05-05 19:56:41.577000
34209,43,357,12,1,2026-05-05 19:56:41.577000
34209,43,358,12,1,2026-05-05 19:56:41.577000
34209,43,359,12,1,2026-05-05 19:56:41.577000
34209,43,360,12,1,2026-05-05 19:56:41.577000
34209,43,361,12,1,2026-05-05 19:56:41.577000
34209,43,362,12,1,2026-05-05 19:56:41.577000
34209,43,363,12,1,2026-05-05 19:56:41.577000
34209,43,364,12,1,2026-05-05 19:56:41.577000
34209,43,365,12,1,2026-05-05 19:56:41.577000
34209,43,366,12,1,2026-05-05 19:56:41.577000
34209,43,367,12,1,2026-05-05 19:56:41.577000
34211,40,340,12,1,2025-10-14 14:10:52.667000
34211,40,341,12,1,2025-10-14 14:10:52.667000
34211,40,342,12,1,2025-10-14 14:10:52.667000
34211,40,343,12,1,2025-10-14 14:10:52.667000
34211,40,344,12,1,2025-10-14 14:10:52.667000
34211,40,345,12,1,2025-10-14 14:10:52.667000
34211,40,346,12,1,2025-10-14 14:10:52.667000
34211,40,347,12,1,2025-10-14 14:10:52.667000
34211,40,348,12,1,2025-10-14 14:10:52.667000
34211,40,349,12,1,2025-10-14 14:10:52.667000
34211,40,350,12,1,2025-10-14 14:10:52.667000
34211,40,351,12,1,2025-10-14 14:10:52.667000
34211,40,352,12,1,2025-10-14 14:10:52.667000
34211,40,353,12,1,2025-10-14 14:10:52.667000
34211,40,354,12,1,2025-10-14 14:10:52.667000
34211,40,355,12,1,2025-10-14 14:10:52.667000
34211,40,356,12,1,2025-10-14 14:10:52.667000
34211,40,357,12,1,2025-10-14 14:10:52.667000
34211,40,358,12,1,2025-10-14 14:10:52.667000
34211,40,359,12,1,2025-10-14 14:10:52.667000
34211,40,360,12,1,2025-10-14 14:10:52.667000
34211,40,361,12,1,2025-10-14 14:10:52.667000
34211,40,362,12,1,2025-10-14 14:10:52.667000
34211,40,363,12,1,2025-10-14 14:10:52.667000
34211,40,364,12,1,2025-10-14 14:10:52.667000
34211,40,365,12,1,2025-10-14 14:10:52.667000
34211,40,366,12,1,2025-10-14 14:10:52.667000
34211,40,367,12,1,2025-10-14 14:10:52.667000
34213,56,340,12,1,2026-02-06 15:24:26.277000
34213,56,341,12,1,2026-02-06 15:24:26.277000
34213,56,342,12,1,2026-02-06 15:24:26.277000
34213,56,343,12,1,2026-02-06 15:24:26.277000
34213,56,344,12,1,2026-02-06 15:24:26.277000
34213,56,345,12,1,2026-02-06 15:24:26.277000
34213,56,346,12,1,2026-02-06 15:24:26.277000
34213,56,347,12,1,2026-02-06 15:24:26.277000
34213,56,348,12,1,2026-02-06 15:24:26.277000
34213,56,349,12,1,2026-02-06 15:24:26.277000
34213,56,350,12,1,2026-02-06 15:24:26.277000
34213,56,351,12,1,2026-02-06 15:24:26.277000
34213,56,352,12,1,2026-02-06 15:24:26.277000
34213,56,353,12,1,2026-02-06 15:24:26.277000
34213,56,354,12,1,2026-02-06 15:24:26.277000
34213,56,355,12,1,2026-02-06 15:24:26.277000
34213,56,356,12,1,2026-02-06 15:24:26.277000
34213,56,357,12,1,2026-02-06 15:24:26.277000
34213,56,358,12,1,2026-02-06 15:24:26.277000
34213,56,359,12,1,2026-02-06 15:24:26.277000
34213,56,360,12,1,2026-02-06 15:24:26.277000
34213,56,361,12,1,2026-02-06 15:24:26.277000
34213,56,362,12,1,2026-02-06 15:24:26.277000
34213,56,363,12,1,2026-02-06 15:24:26.277000
34213,56,364,12,1,2026-02-06 15:24:26.277000
34213,56,365,12,1,2026-02-06 15:24:26.277000
34213,56,366,12,1,2026-02-06 15:24:26.277000
34213,56,367,12,1,2026-02-06 15:24:26.277000
34215,59,340,12,1,2025-10-27 12:14:34.160000
34215,59,341,12,1,2025-10-27 12:14:34.160000
34215,59,342,12,1,2025-10-27 12:14:34.160000
34215,59,343,12,1,2025-10-27 12:14:34.160000
34215,59,344,12,1,2025-10-27 12:14:34.160000
34215,59,345,12,1,2025-10-27 12:14:34.160000
34215,59,346,12,1,2025-10-27 12:14:34.160000
34215,59,347,12,1,2025-10-27 12:14:34.160000
34215,59,348,12,1,2025-10-27 12:14:34.160000
34215,59,349,12,1,2025-10-27 12:14:34.160000
34215,59,350,12,1,2025-10-27 12:14:34.160000
34215,59,351,12,1,2025-10-27 12:14:34.160000
34215,59,352,12,1,2025-10-27 12:14:34.160000
34215,59,353,12,1,2025-10-27 12:14:34.160000
34215,59,354,12,1,2025-10-27 12:14:34.160000
34215,59,355,12,1,2025-10-27 12:14:34.160000
34215,59,356,12,1,2025-10-27 12:14:34.160000
34215,59,357,12,1,2025-10-27 12:14:34.160000
34215,59,358,12,1,2025-10-27 12:14:34.160000
34215,59,359,12,1,2025-10-27 12:14:34.160000
34215,59,360,12,1,2025-10-27 12:14:34.160000
34215,59,361,12,1,2025-10-27 12:14:34.160000
34215,59,362,12,1,2025-10-27 12:14:34.160000
34215,59,363,12,1,2025-10-27 12:14:34.160000
34215,59,364,12,1,2025-10-27 12:14:34.160000
34215,59,365,12,1,2025-10-27 12:14:34.160000
34215,59,366,12,1,2025-10-27 12:14:34.160000
34215,59,367,12,1,2025-10-27 12:14:34.160000
34218,26,340,12,1,2025-09-02 13:55:32.463000
34218,26,341,12,1,2025-09-02 13:55:32.463000
34218,26,342,12,1,2025-09-02 13:55:32.463000
34218,26,343,12,1,2025-09-02 13:55:32.463000
34218,26,344,12,1,2025-09-02 13:55:32.463000
34218,26,345,12,1,2025-09-02 13:55:32.463000
34218,26,346,12,1,2025-09-02 13:55:32.463000
34218,26,347,12,1,2025-09-02 13:55:32.463000
34218,26,348,12,1,2025-09-02 13:55:32.463000
34218,26,349,12,1,2025-09-02 13:55:32.463000
34218,26,350,12,1,2025-09-02 13:55:32.463000
34218,26,351,12,1,2025-09-02 13:55:32.463000
34218,26,352,12,1,2025-09-02 13:55:32.463000
34218,26,353,12,1,2025-09-02 13:55:32.463000
34218,26,354,12,1,2025-09-02 13:55:32.463000
34218,26,355,12,1,2025-09-02 13:55:32.463000
34218,26,356,12,1,2025-09-02 13:55:32.463000
34218,26,357,12,1,2025-09-02 13:55:32.463000
34218,26,358,12,1,2025-09-02 13:55:32.463000
34218,26,359,12,1,2025-09-02 13:55:32.463000
34218,26,360,12,1,2025-09-02 13:55:32.463000
34218,26,361,12,1,2025-09-02 13:55:32.463000
34218,26,362,12,1,2025-09-02 13:55:32.463000
34218,26,363,12,1,2025-09-02 13:55:32.463000
34218,26,364,12,1,2025-09-02 13:55:32.463000
34218,26,365,12,1,2025-09-02 13:55:32.463000
34218,26,366,12,1,2025-09-02 13:55:32.463000
34218,26,367,12,1,2025-09-02 13:55:32.463000
34220,40,340,12,1,2025-10-14 14:09:12.960000
34220,40,341,12,1,2025-10-14 14:09:12.960000
34220,40,342,12,1,2025-10-14 14:09:12.960000
34220,40,343,12,1,2025-10-14 14:09:12.960000
34220,40,344,12,1,2025-10-14 14:09:12.960000
34220,40,345,12,1,2025-10-14 14:09:12.960000
34220,40,346,12,1,2025-10-14 14:09:12.960000
34220,40,347,12,1,2025-10-14 14:09:12.960000
34220,40,348,12,1,2025-10-14 14:09:12.960000
34220,40,349,12,1,2025-10-14 14:09:12.960000
34220,40,350,12,1,2025-10-14 14:09:12.960000
34220,40,351,12,1,2025-10-14 14:09:12.960000
34220,40,352,12,1,2025-10-14 14:09:12.960000
34220,40,353,12,1,2025-10-14 14:09:12.960000
34220,40,354,12,1,2025-10-14 14:09:12.960000
34220,40,355,12,1,2025-10-14 14:09:12.960000
34220,40,356,12,1,2025-10-14 14:09:12.960000
34220,40,357,12,1,2025-10-14 14:09:12.960000
34220,40,358,12,1,2025-10-14 14:09:12.960000
34220,40,359,12,1,2025-10-14 14:09:12.960000
34220,40,360,12,1,2025-10-14 14:09:12.960000
34220,40,361,12,1,2025-10-14 14:09:12.960000
34220,40,362,12,1,2025-10-14 14:09:12.960000
34220,40,363,12,1,2025-10-14 14:09:12.960000
34220,40,364,12,1,2025-10-14 14:09:12.960000
34220,40,365,12,1,2025-10-14 14:09:12.960000
34220,40,366,12,1,2025-10-14 14:09:12.960000
34220,40,367,12,1,2025-10-14 14:09:12.960000
34228,54,340,12,1,2025-11-13 22:32:18.640000
34228,54,341,12,1,2025-11-13 22:32:18.640000
34228,54,342,12,1,2025-11-13 22:32:18.640000
34228,54,343,12,1,2025-11-13 22:32:18.640000
34228,54,344,12,1,2025-11-13 22:32:18.640000
34228,54,345,12,1,2025-11-13 22:32:18.640000
34228,54,346,12,1,2025-11-13 22:32:18.640000
34228,54,347,12,1,2025-11-13 22:32:18.640000
34228,54,348,12,1,2025-11-13 22:32:18.640000
34228,54,349,12,1,2025-11-13 22:32:18.640000
34228,54,350,12,1,2025-11-13 22:32:18.640000
34228,54,351,12,1,2025-11-13 22:32:18.640000
34228,54,352,12,1,2025-11-13 22:32:18.640000
34228,54,353,12,1,2025-11-13 22:32:18.640000
34228,54,354,12,1,2025-11-13 22:32:18.640000
34228,54,355,12,1,2025-11-13 22:32:18.640000
34228,54,356,12,1,2025-11-13 22:32:18.640000
34228,54,357,12,1,2025-11-13 22:32:18.640000
34228,54,358,12,1,2025-11-13 22:32:18.640000
34228,54,359,12,1,2025-11-13 22:32:18.640000
34228,54,360,12,1,2025-11-13 22:32:18.640000
34228,54,361,12,1,2025-11-13 22:32:18.640000
34228,54,362,12,1,2025-11-13 22:32:18.640000
34228,54,363,12,1,2025-11-13 22:32:18.640000
34228,54,364,12,1,2025-11-13 22:32:18.640000
34228,54,365,12,1,2025-11-13 22:32:18.640000
34228,54,366,12,1,2025-11-13 22:32:18.640000
34228,54,367,12,1,2025-11-13 22:32:18.640000
34233,36,340,12,1,2025-10-14 14:08:45.523000
34233,36,341,12,1,2025-10-14 14:08:45.523000
34233,36,342,12,1,2025-10-14 14:08:45.523000
34233,36,343,12,1,2025-10-14 14:08:45.523000
34233,36,344,12,1,2025-10-14 14:08:45.523000
34233,36,345,12,1,2025-10-14 14:08:45.523000
34233,36,346,12,1,2025-10-14 14:08:45.523000
34233,36,347,12,1,2025-10-14 14:08:45.523000
34233,36,348,12,1,2025-10-14 14:08:45.523000
34233,36,349,12,1,2025-10-14 14:08:45.523000
34233,36,350,12,1,2025-10-14 14:08:45.523000
34233,36,351,12,1,2025-10-14 14:08:45.523000
34233,36,352,12,1,2025-10-14 14:08:45.523000
34233,36,353,12,1,2025-10-14 14:08:45.523000
34233,36,354,12,1,2025-10-14 14:08:45.523000
34233,36,355,12,1,2025-10-14 14:08:45.523000
34233,36,356,12,1,2025-10-14 14:08:45.523000
34233,36,357,12,1,2025-10-14 14:08:45.523000
34233,36,358,12,1,2025-10-14 14:08:45.523000
34233,36,359,12,1,2025-10-14 14:08:45.523000
34233,36,360,12,1,2025-10-14 14:08:45.523000
34233,36,361,12,1,2025-10-14 14:08:45.523000
34233,36,362,12,1,2025-10-14 14:08:45.523000
34233,36,363,12,1,2025-10-14 14:08:45.523000
34233,36,364,12,1,2025-10-14 14:08:45.523000
34233,36,365,12,1,2025-10-14 14:08:45.523000
34233,36,366,12,1,2025-10-14 14:08:45.523000
34233,36,367,12,1,2025-10-14 14:08:45.523000
34246,26,228,9,2,2026-07-24 21:41:31.960000
34246,26,238,9,2,2026-07-24 21:41:31.960000
34246,26,239,8,1,2026-07-24 21:41:31.960000
34246,26,240,8,1,2026-07-24 21:41:31.960000
34313,18,364,12,1,2019-09-18 20:28:30.743000
34313,18,365,12,1,2019-09-18 20:28:30.743000
34313,18,366,12,1,2019-09-18 20:28:30.743000
34313,18,367,12,1,2019-09-18 20:28:30.743000
34314,53,340,12,1,2026-02-23 13:19:28.037000
34314,53,341,12,1,2026-02-23 13:19:28.037000
34314,53,342,12,1,2026-02-23 13:19:28.037000
34314,53,343,12,1,2026-02-23 13:19:28.037000
34314,53,344,12,1,2026-02-23 13:19:28.037000
34314,53,345,12,1,2026-02-23 13:19:28.037000
34314,53,346,12,1,2026-02-23 13:19:28.037000
34314,53,347,12,1,2026-02-23 13:19:28.037000
34314,53,348,12,1,2026-02-23 13:19:28.037000
34314,53,349,12,1,2026-02-23 13:19:28.037000
34314,53,350,12,1,2026-02-23 13:19:28.037000
34314,53,351,12,1,2026-02-23 13:19:28.037000
34314,53,352,12,1,2026-02-23 13:19:28.037000
34314,53,353,12,1,2026-02-23 13:19:28.037000
34314,53,354,12,1,2026-02-23 13:19:28.037000
34314,53,355,12,1,2026-02-23 13:19:28.037000
34314,53,356,12,1,2026-02-23 13:19:28.037000
34314,53,357,12,1,2026-02-23 13:19:28.037000
34314,53,358,12,1,2026-02-23 13:19:28.037000
34314,53,359,12,1,2026-02-23 13:19:28.037000
34314,53,360,12,1,2026-02-23 13:19:28.037000
34314,53,361,12,1,2026-02-23 13:19:28.037000
34314,53,362,12,1,2026-02-23 13:19:28.037000
34314,53,363,12,1,2026-02-23 13:19:28.037000
34314,53,364,12,1,2026-02-23 13:19:28.037000
34314,53,365,12,1,2026-02-23 13:19:28.037000
34314,53,366,12,1,2026-02-23 13:19:28.037000
34314,53,367,12,1,2026-02-23 13:19:28.037000
34315,41,340,12,1,2025-10-27 13:33:18.653000
34315,41,341,12,1,2025-10-27 13:33:18.653000
34315,41,342,12,1,2025-10-27 13:33:18.653000
34315,41,343,12,1,2025-10-27 13:33:18.653000
34315,41,344,12,1,2025-10-27 13:33:18.653000
34315,41,345,12,1,2025-10-27 13:33:18.653000
34315,41,346,12,1,2025-10-27 13:33:18.653000
34315,41,347,12,1,2025-10-27 13:33:18.653000
34315,41,348,12,1,2025-10-27 13:33:18.653000
34315,41,349,12,1,2025-10-27 13:33:18.653000
34315,41,350,12,1,2025-10-27 13:33:18.653000
34315,41,351,12,1,2025-10-27 13:33:18.653000
34315,41,352,12,1,2025-10-27 13:33:18.653000
34315,41,353,12,1,2025-10-27 13:33:18.653000
34315,41,354,12,1,2025-10-27 13:33:18.653000
34315,41,355,12,1,2025-10-27 13:33:18.653000
34315,41,356,12,1,2025-10-27 13:33:18.653000
34315,41,357,12,1,2025-10-27 13:33:18.653000
34315,41,358,12,1,2025-10-27 13:33:18.653000
34315,41,359,12,1,2025-10-27 13:33:18.653000
34315,41,360,12,1,2025-10-27 13:33:18.653000
34315,41,361,12,1,2025-10-27 13:33:18.653000
34315,41,362,12,1,2025-10-27 13:33:18.653000
34315,41,363,12,1,2025-10-27 13:33:18.653000
34315,41,364,12,1,2025-10-27 13:33:18.653000
34315,41,365,12,1,2025-10-27 13:33:18.653000
34315,41,366,12,1,2025-10-27 13:33:18.653000
34315,41,367,12,1,2025-10-27 13:33:18.653000
34324,38,340,12,1,2025-10-08 11:53:03.860000
34324,38,341,12,1,2025-10-08 11:53:03.860000
34324,38,342,12,1,2025-10-08 11:53:03.860000
34324,38,343,12,1,2025-10-08 11:53:03.860000
34324,38,344,12,1,2025-10-08 11:53:03.860000
34324,38,345,12,1,2025-10-08 11:53:03.860000
34324,38,346,12,1,2025-10-08 11:53:03.860000
34324,38,347,12,1,2025-10-08 11:53:03.860000
34324,38,348,12,1,2025-10-08 11:53:03.860000
34324,38,349,12,1,2025-10-08 11:53:03.860000
34324,38,350,12,1,2025-10-08 11:53:03.860000
34324,38,351,12,1,2025-10-08 11:53:03.860000
34324,38,352,12,1,2025-10-08 11:53:03.860000
34324,38,353,12,1,2025-10-08 11:53:03.860000
34324,38,354,12,1,2025-10-08 11:53:03.860000
34324,38,355,12,1,2025-10-08 11:53:03.860000
34324,38,356,12,1,2025-10-08 11:53:03.860000
34324,38,357,12,1,2025-10-08 11:53:03.860000
34324,38,358,12,1,2025-10-08 11:53:03.860000
34324,38,359,12,1,2025-10-08 11:53:03.860000
34324,38,360,12,1,2025-10-08 11:53:03.860000
34324,38,361,12,1,2025-10-08 11:53:03.860000
34324,38,362,12,1,2025-10-08 11:53:03.860000
34324,38,363,12,1,2025-10-08 11:53:03.860000
34324,38,364,12,1,2025-10-08 11:53:03.860000
34324,38,365,12,1,2025-10-08 11:53:03.860000
34324,38,366,12,1,2025-10-08 11:53:03.860000
34324,38,367,12,1,2025-10-08 11:53:03.860000
34328,44,340,12,1,2025-10-14 14:10:28.110000
34328,44,341,12,1,2025-10-14 14:10:28.110000
34328,44,342,12,1,2025-10-14 14:10:28.110000
34328,44,343,12,1,2025-10-14 14:10:28.110000
34328,44,344,12,1,2025-10-14 14:10:28.110000
34328,44,345,12,1,2025-10-14 14:10:28.110000
34328,44,346,12,1,2025-10-14 14:10:28.110000
34328,44,347,12,1,2025-10-14 14:10:28.110000
34328,44,348,12,1,2025-10-14 14:10:28.110000
34328,44,349,12,1,2025-10-14 14:10:28.110000
34328,44,350,12,1,2025-10-14 14:10:28.110000
34328,44,351,12,1,2025-10-14 14:10:28.110000
34328,44,352,12,1,2025-10-14 14:10:28.110000
34328,44,353,12,1,2025-10-14 14:10:28.110000
34328,44,354,12,1,2025-10-14 14:10:28.110000
34328,44,355,12,1,2025-10-14 14:10:28.110000
34328,44,356,12,1,2025-10-14 14:10:28.110000
34328,44,357,12,1,2025-10-14 14:10:28.110000
34328,44,358,12,1,2025-10-14 14:10:28.110000
34328,44,359,12,1,2025-10-14 14:10:28.110000
34328,44,360,12,1,2025-10-14 14:10:28.110000
34328,44,361,12,1,2025-10-14 14:10:28.110000
34328,44,362,12,1,2025-10-14 14:10:28.110000
34328,44,363,12,1,2025-10-14 14:10:28.110000
34328,44,364,12,1,2025-10-14 14:10:28.110000
34328,44,365,12,1,2025-10-14 14:10:28.110000
34328,44,366,12,1,2025-10-14 14:10:28.110000
34328,44,367,12,1,2025-10-14 14:10:28.110000
34337,23,228,9,2,2025-08-29 17:12:05.383000
34337,23,238,9,2,2025-08-29 17:12:05.383000
34337,23,239,8,1,2025-08-29 17:12:05.383000
34337,23,240,8,1,2025-08-29 17:12:05.383000
34338,34,228,9,2,2025-09-26 21:32:46.597000
34338,34,238,9,2,2025-09-26 21:32:46.597000
34338,34,239,8,1,2025-09-26 21:32:46.597000
34338,34,240,8,1,2025-09-26 21:32:46.597000
34353,35,228,9,2,2026-05-29 20:15:48.173000
34353,35,238,9,2,2026-05-29 20:15:48.173000
34353,35,239,8,1,2026-05-29 20:15:48.173000
34353,35,240,8,1,2026-05-29 20:15:48.173000
34356,31,228,9,2,2026-02-27 15:25:22.020000
34356,31,238,9,2,2026-02-27 15:25:22.020000
34356,31,239,8,1,2026-02-27 15:25:22.020000
34356,31,240,8,1,2026-02-27 15:25:22.020000
34372,22,368,12,1,2020-06-19 23:03:18.810000
34372,22,369,12,1,2020-06-19 23:03:18.810000
34372,22,370,12,1,2020-06-19 23:03:18.810000
34372,22,371,12,1,2020-06-19 23:03:18.810000
34372,22,372,12,1,2020-06-19 23:03:18.810000
34380,42,500,8,1,2026-07-14 20:41:58.260000
34380,42,501,8,1,2026-07-14 20:41:58.260000
34380,42,502,8,1,2026-07-14 20:41:58.260000
34380,42,504,9,1,2026-07-14 20:41:58.260000
34380,42,505,9,1,2026-07-14 20:41:58.260000
34380,42,506,9,1,2026-07-14 20:41:58.260000
34380,42,507,13,1,2026-07-14 20:41:58.260000
34380,42,508,13,1,2026-07-14 20:41:58.260000
34380,42,509,13,1,2026-07-14 20:41:58.260000
34380,42,510,13,1,2026-07-14 20:41:58.260000
34380,42,511,13,1,2026-07-14 20:41:58.260000
34380,42,512,13,1,2026-07-14 20:41:58.260000
34380,42,513,13,1,2026-07-14 20:41:58.260000
34380,42,514,13,1,2026-07-14 20:41:58.260000
34380,42,515,13,1,2026-07-14 20:41:58.260000
34380,42,516,13,1,2026-07-14 20:41:58.260000
34380,42,517,13,1,2026-07-14 20:41:58.260000
34380,42,519,13,1,2026-07-14 20:41:58.260000
34380,42,520,13,1,2026-07-14 20:41:58.260000
34380,42,521,13,1,2026-07-14 20:41:58.260000
34380,42,522,13,1,2026-07-14 20:41:58.260000
34380,42,523,13,1,2026-07-14 20:41:58.260000
34393,24,228,9,2,2025-04-25 20:35:53.413000
34393,24,238,9,2,2025-04-25 20:35:53.413000
34393,24,239,8,1,2025-04-25 20:35:53.413000
34393,24,240,8,1,2025-04-25 20:35:53.413000
34394,27,228,9,2,2025-09-26 21:40:04.543000
34394,27,238,9,2,2025-09-26 21:40:04.543000
34394,27,239,8,1,2025-09-26 21:40:04.543000
34394,27,240,8,1,2025-09-26 21:40:04.543000
34399,30,228,9,2,2026-05-29 13:04:35.437000
34399,30,238,9,2,2026-05-29 13:04:35.437000
34399,30,239,8,1,2026-05-29 13:04:35.437000
34399,30,240,8,1,2026-05-29 13:04:35.437000
34410,46,374,13,1,2025-12-22 16:03:50.967000
34410,46,375,13,1,2025-12-22 16:03:50.967000
34410,46,376,13,1,2025-12-22 16:03:50.967000
34410,46,377,13,1,2025-12-22 16:03:50.967000
34410,46,378,13,1,2025-12-22 16:03:50.967000
34410,46,379,13,1,2025-12-22 16:03:50.967000
34410,46,380,13,1,2025-12-22 16:03:50.967000
34410,46,381,13,1,2025-12-22 16:03:50.967000
34410,46,391,12,1,2025-12-22 16:03:50.967000
34410,46,392,12,1,2025-12-22 16:03:50.967000
34410,46,393,12,1,2025-12-22 16:03:50.967000
34410,46,394,12,1,2025-12-22 16:03:50.967000
34410,46,395,12,1,2025-12-22 16:03:50.967000
34410,46,396,12,1,2025-12-22 16:03:50.967000
34411,46,374,13,1,2021-05-14 12:08:17.550000
34411,46,375,13,1,2021-05-14 12:08:17.550000
34411,46,376,13,1,2021-05-14 12:08:17.550000
34411,46,377,13,1,2021-05-14 12:08:17.550000
34411,46,378,13,1,2021-05-14 12:08:17.550000
34411,46,379,13,1,2021-05-14 12:08:17.550000
34411,46,380,13,1,2021-05-14 12:08:17.550000
34411,46,381,13,1,2021-05-14 12:08:17.550000
34411,46,391,12,1,2021-05-14 12:08:17.550000
34411,46,392,12,1,2021-05-14 12:08:17.550000
34411,46,393,12,1,2021-05-14 12:08:17.550000
34411,46,394,12,1,2021-05-14 12:08:17.550000
34411,46,395,12,1,2021-05-14 12:08:17.550000
34411,46,396,12,1,2021-05-14 12:08:17.550000
34413,53,374,13,1,2024-11-14 12:41:41.357000
34413,53,375,13,1,2024-11-14 12:41:41.357000
34413,53,376,13,1,2024-11-14 12:41:41.357000
34413,53,377,13,1,2024-11-14 12:41:41.357000
34413,53,378,13,1,2024-11-14 12:41:41.357000
34413,53,379,13,1,2024-11-14 12:41:41.357000
34413,53,380,13,1,2024-11-14 12:41:41.357000
34413,53,381,13,1,2024-11-14 12:41:41.357000
34413,53,391,12,1,2024-11-14 12:41:41.357000
34413,53,392,12,1,2024-11-14 12:41:41.357000
34413,53,393,12,1,2024-11-14 12:41:41.357000
34413,53,394,12,1,2024-11-14 12:41:41.357000
34413,53,395,12,1,2024-11-14 12:41:41.357000
34413,53,396,12,1,2024-11-14 12:41:41.357000
34415,58,374,13,1,2022-07-07 19:56:19.373000
34415,58,375,13,1,2022-07-07 19:56:19.373000
34415,58,376,13,1,2022-07-07 19:56:19.373000
34415,58,377,13,1,2022-07-07 19:56:19.373000
34415,58,378,13,1,2022-07-07 19:56:19.373000
34415,58,379,13,1,2022-07-07 19:56:19.373000
34415,58,380,13,1,2022-07-07 19:56:19.373000
34415,58,381,13,1,2022-07-07 19:56:19.373000
34415,58,391,12,1,2022-07-07 19:56:19.373000
34415,58,392,12,1,2022-07-07 19:56:19.373000
34415,58,393,12,1,2022-07-07 19:56:19.373000
34415,58,394,12,1,2022-07-07 19:56:19.373000
34415,58,395,12,1,2022-07-07 19:56:19.373000
34415,58,396,12,1,2022-07-07 19:56:19.373000
34417,57,374,13,1,2023-08-07 14:35:20.623000
34417,57,375,13,1,2023-08-07 14:35:20.623000
34417,57,376,13,1,2023-08-07 14:35:20.623000
34417,57,377,13,1,2023-08-07 14:35:20.623000
34417,57,378,13,1,2023-08-07 14:35:20.623000
34417,57,379,13,1,2023-08-07 14:35:20.623000
34417,57,380,13,1,2023-08-07 14:35:20.623000
34417,57,381,13,1,2023-08-07 14:35:20.623000
34417,57,391,12,1,2023-08-07 14:35:20.623000
34417,57,392,12,1,2023-08-07 14:35:20.623000
34417,57,393,12,1,2023-08-07 14:35:20.623000
34417,57,394,12,1,2023-08-07 14:35:20.623000
34417,57,395,12,1,2023-08-07 14:35:20.623000
34417,57,396,12,1,2023-08-07 14:35:20.623000
34419,43,374,13,1,2024-01-19 15:27:05.977000
34419,43,375,13,1,2024-01-19 15:27:05.977000
34419,43,376,13,1,2024-01-19 15:27:05.977000
34419,43,377,13,1,2024-01-19 15:27:05.977000
34419,43,378,13,1,2024-01-19 15:27:05.977000
34419,43,379,13,1,2024-01-19 15:27:05.977000
34419,43,380,13,1,2024-01-19 15:27:05.977000
34419,43,381,13,1,2024-01-19 15:27:05.977000
34419,43,391,12,1,2024-01-19 15:27:05.977000
34419,43,392,12,1,2024-01-19 15:27:05.977000
34419,43,393,12,1,2024-01-19 15:27:05.977000
34419,43,394,12,1,2024-01-19 15:27:05.977000
34419,43,395,12,1,2024-01-19 15:27:05.977000
34419,43,396,12,1,2024-01-19 15:27:05.977000
34424,47,374,13,1,2024-12-06 14:10:33.970000
34424,47,375,13,1,2024-12-06 14:10:33.970000
34424,47,376,13,1,2024-12-06 14:10:33.970000
34424,47,377,13,1,2024-12-06 14:10:33.970000
34424,47,378,13,1,2024-12-06 14:10:33.970000
34424,47,379,13,1,2024-12-06 14:10:33.970000
34424,47,380,13,1,2024-12-06 14:10:33.970000
34424,47,381,13,1,2024-12-06 14:10:33.970000
34424,47,391,12,1,2024-12-06 14:10:33.970000
34424,47,392,12,1,2024-12-06 14:10:33.970000
34424,47,393,12,1,2024-12-06 14:10:33.970000
34424,47,394,12,1,2024-12-06 14:10:33.970000
34424,47,395,12,1,2024-12-06 14:10:33.970000
34424,47,396,12,1,2024-12-06 14:10:33.970000
34425,43,374,13,1,2025-02-11 21:03:48.720000
34425,43,375,13,1,2025-02-11 21:03:48.720000
34425,43,376,13,1,2025-02-11 21:03:48.720000
34425,43,377,13,1,2025-02-11 21:03:48.720000
34425,43,378,13,1,2025-02-11 21:03:48.720000
34425,43,379,13,1,2025-02-11 21:03:48.720000
34425,43,380,13,1,2025-02-11 21:03:48.720000
34425,43,381,13,1,2025-02-11 21:03:48.720000
34425,43,391,12,1,2025-02-11 21:03:48.720000
34425,43,392,12,1,2025-02-11 21:03:48.720000
34425,43,393,12,1,2025-02-11 21:03:48.720000
34425,43,394,12,1,2025-02-11 21:03:48.720000
34425,43,395,12,1,2025-02-11 21:03:48.720000
34425,43,396,12,1,2025-02-11 21:03:48.720000
34426,55,374,13,1,2021-07-06 14:32:39.087000
34426,55,375,13,1,2021-07-06 14:32:39.087000
34426,55,376,13,1,2021-07-06 14:32:39.087000
34426,55,377,13,1,2021-07-06 14:32:39.087000
34426,55,378,13,1,2021-07-06 14:32:39.087000
34426,55,379,13,1,2021-07-06 14:32:39.087000
34426,55,380,13,1,2021-07-06 14:32:39.087000
34426,55,381,13,1,2021-07-06 14:32:39.087000
34426,55,391,12,1,2021-07-06 14:32:39.087000
34426,55,392,12,1,2021-07-06 14:32:39.087000
34426,55,393,12,1,2021-07-06 14:32:39.087000
34426,55,394,12,1,2021-07-06 14:32:39.087000
34426,55,395,12,1,2021-07-06 14:32:39.087000
34426,55,396,12,1,2021-07-06 14:32:39.087000
34427,100,374,13,1,2023-04-03 14:41:01.483000
34427,100,375,13,1,2023-04-03 14:41:01.483000
34427,100,376,13,1,2023-04-03 14:41:01.483000
34427,100,377,13,1,2023-04-03 14:41:01.483000
34427,100,391,12,1,2023-04-03 14:41:01.483000
34427,100,392,12,1,2023-04-03 14:41:01.483000
34427,100,393,12,1,2023-04-03 14:41:01.483000
34428,93,374,13,1,2023-05-08 14:05:03.143000
34428,93,375,13,1,2023-05-08 14:05:03.143000
34428,93,376,13,1,2023-05-08 14:05:03.143000
34428,93,377,13,1,2023-05-08 14:05:03.143000
34428,93,391,12,1,2023-05-08 14:05:03.143000
34428,93,392,12,1,2023-05-08 14:05:03.143000
34428,93,393,12,1,2023-05-08 14:05:03.143000
34429,63,374,13,1,2022-12-02 16:36:22.487000
34429,63,375,13,1,2022-12-02 16:36:22.487000
34429,63,376,13,1,2022-12-02 16:36:22.487000
34429,63,377,13,1,2022-12-02 16:36:22.487000
34429,63,391,12,1,2022-12-02 16:36:22.487000
34429,63,392,12,1,2022-12-02 16:36:22.487000
34429,63,393,12,1,2022-12-02 16:36:22.487000
34430,46,374,13,1,2021-07-16 12:59:56.970000
34430,46,375,13,1,2021-07-16 12:59:56.970000
34430,46,376,13,1,2021-07-16 12:59:56.970000
34430,46,377,13,1,2021-07-16 12:59:56.970000
34430,46,391,12,1,2021-07-16 12:59:56.970000
34430,46,392,12,1,2021-07-16 12:59:56.970000
34430,46,393,12,1,2021-07-16 12:59:56.970000
34431,60,374,13,1,2021-08-02 19:02:21.077000
34431,60,375,13,1,2021-08-02 19:02:21.077000
34431,60,376,13,1,2021-08-02 19:02:21.077000
34431,60,377,13,1,2021-08-02 19:02:21.077000
34431,60,378,13,1,2021-08-02 19:02:21.077000
34431,60,379,13,1,2021-08-02 19:02:21.077000
34431,60,380,13,1,2021-08-02 19:02:21.077000
34431,60,381,13,1,2021-08-02 19:02:21.077000
34431,60,391,12,1,2021-08-02 19:02:21.077000
34431,60,392,12,1,2021-08-02 19:02:21.077000
34431,60,393,12,1,2021-08-02 19:02:21.077000
34431,60,394,12,1,2021-08-02 19:02:21.077000
34431,60,395,12,1,2021-08-02 19:02:21.077000
34431,60,396,12,1,2021-08-02 19:02:21.077000
34433,43,374,13,1,2024-09-06 13:36:01.353000
34433,43,375,13,1,2024-09-06 13:36:01.353000
34433,43,376,13,1,2024-09-06 13:36:01.353000
34433,43,377,13,1,2024-09-06 13:36:01.353000
34433,43,378,13,1,2024-09-06 13:36:01.353000
34433,43,379,13,1,2024-09-06 13:36:01.353000
34433,43,380,13,1,2024-09-06 13:36:01.353000
34433,43,381,13,1,2024-09-06 13:36:01.353000
34433,43,391,12,1,2024-09-06 13:36:01.353000
34433,43,392,12,1,2024-09-06 13:36:01.353000
34433,43,393,12,1,2024-09-06 13:36:01.353000
34433,43,394,12,1,2024-09-06 13:36:01.353000
34433,43,395,12,1,2024-09-06 13:36:01.353000
34433,43,396,12,1,2024-09-06 13:36:01.353000
34434,68,374,13,1,2025-05-29 13:06:54.637000
34434,68,375,13,1,2025-05-29 13:06:54.637000
34434,68,376,13,1,2025-05-29 13:06:54.637000
34434,68,377,13,1,2025-05-29 13:06:54.637000
34434,68,378,13,1,2025-05-29 13:06:54.637000
34434,68,379,13,1,2025-05-29 13:06:54.637000
34434,68,380,13,1,2025-05-29 13:06:54.637000
34434,68,381,13,1,2025-05-29 13:06:54.637000
34434,68,391,12,1,2025-05-29 13:06:54.637000
34434,68,392,12,1,2025-05-29 13:06:54.637000
34434,68,393,12,1,2025-05-29 13:06:54.637000
34434,68,394,12,1,2025-05-29 13:06:54.637000
34434,68,395,12,1,2025-05-29 13:06:54.637000
34434,68,396,12,1,2025-05-29 13:06:54.637000
34454,67,374,13,1,2024-12-13 15:31:40.160000
34454,67,375,13,1,2024-12-13 15:31:40.160000
34454,67,376,13,1,2024-12-13 15:31:40.160000
34454,67,377,13,1,2024-12-13 15:31:40.160000
34454,67,378,13,1,2024-12-13 15:31:40.160000
34454,67,379,13,1,2024-12-13 15:31:40.160000
34454,67,380,13,1,2024-12-13 15:31:40.160000
34454,67,381,13,1,2024-12-13 15:31:40.160000
34454,67,391,12,1,2024-12-13 15:31:40.160000
34454,67,392,12,1,2024-12-13 15:31:40.160000
34454,67,393,12,1,2024-12-13 15:31:40.160000
34454,67,394,12,1,2024-12-13 15:31:40.160000
34454,67,395,12,1,2024-12-13 15:31:40.160000
34454,67,396,12,1,2024-12-13 15:31:40.160000
34512,48,374,13,1,2022-06-01 14:48:14.063000
34512,48,375,13,1,2022-06-01 14:48:14.063000
34512,48,376,13,1,2022-06-01 14:48:14.063000
34512,48,377,13,1,2022-06-01 14:48:14.063000
34512,48,378,13,1,2022-06-01 14:48:14.063000
34512,48,379,13,1,2022-06-01 14:48:14.063000
34512,48,380,13,1,2022-06-01 14:48:14.063000
34512,48,381,13,1,2022-06-01 14:48:14.063000
34512,48,391,12,1,2022-06-01 14:48:14.063000
34512,48,392,12,1,2022-06-01 14:48:14.063000
34512,48,393,12,1,2022-06-01 14:48:14.063000
34512,48,394,12,1,2022-06-01 14:48:14.063000
34512,48,395,12,1,2022-06-01 14:48:14.063000
34512,48,396,12,1,2022-06-01 14:48:14.063000
34513,41,374,13,1,2023-08-01 13:30:10.653000
34513,41,375,13,1,2023-08-01 13:30:10.653000
34513,41,376,13,1,2023-08-01 13:30:10.653000
34513,41,377,13,1,2023-08-01 13:30:10.653000
34513,41,378,13,1,2023-08-01 13:30:10.653000
34513,41,379,13,1,2023-08-01 13:30:10.653000
34513,41,380,13,1,2023-08-01 13:30:10.653000
34513,41,381,13,1,2023-08-01 13:30:10.653000
34513,41,391,12,1,2023-08-01 13:30:10.653000
34513,41,392,12,1,2023-08-01 13:30:10.653000
34513,41,393,12,1,2023-08-01 13:30:10.653000
34513,41,394,12,1,2023-08-01 13:30:10.653000
34513,41,395,12,1,2023-08-01 13:30:10.653000
34513,41,396,12,1,2023-08-01 13:30:10.653000
34519,33,368,12,1,2021-12-03 13:39:17.680000
34519,33,369,12,1,2021-12-03 13:39:17.680000
34519,33,370,12,1,2021-12-03 13:39:17.680000
34519,33,371,12,1,2021-12-03 13:39:17.680000
34519,33,372,12,1,2021-12-03 13:39:17.680000
34520,32,368,12,1,2020-06-19 23:06:03.427000
34520,32,369,12,1,2020-06-19 23:06:03.427000
34520,32,370,12,1,2020-06-19 23:06:03.427000
34520,32,371,12,1,2020-06-19 23:06:03.427000
34520,32,372,12,1,2020-06-19 23:06:03.427000
34521,7,368,12,1,2019-11-21 23:42:54.973000
34521,7,369,12,1,2019-11-21 23:42:54.973000
34521,7,370,12,1,2019-11-21 23:42:54.973000
34521,7,371,12,1,2019-11-21 23:42:54.973000
34521,7,372,12,1,2019-11-21 23:42:54.973000
34522,29,368,12,1,2022-10-21 14:48:47.540000
34522,29,369,12,1,2022-10-21 14:48:47.540000
34522,29,370,12,1,2022-10-21 14:48:47.540000
34522,29,371,12,1,2022-10-21 14:48:47.540000
34522,29,372,12,1,2022-10-21 14:48:47.540000
34526,24,143,8,1,2025-06-16 19:53:40.613000
34526,24,144,8,1,2025-06-16 19:53:40.613000
34526,24,145,8,1,2025-06-16 19:53:40.613000
34526,24,146,8,1,2025-06-16 19:53:40.613000
34526,24,147,9,1,2025-06-16 19:53:40.613000
34526,24,148,9,1,2025-06-16 19:53:40.613000
34526,24,149,9,1,2025-06-16 19:53:40.613000
34526,24,151,9,1,2025-06-16 19:53:40.613000
34526,24,264,8,1,2025-06-16 19:53:40.613000
34526,24,265,9,1,2025-06-16 19:53:40.613000
34526,24,266,8,1,2025-06-16 19:53:40.613000
34526,24,267,9,1,2025-06-16 19:53:40.613000
34526,24,268,8,1,2025-06-16 19:53:40.613000
34528,38,143,8,1,2025-12-22 19:56:10.330000
34528,38,144,8,1,2025-12-22 19:56:10.330000
34528,38,145,8,1,2025-12-22 19:56:10.330000
34528,38,146,8,1,2025-12-22 19:56:10.330000
34528,38,147,9,1,2025-12-22 19:56:10.330000
34528,38,148,9,1,2025-12-22 19:56:10.330000
34528,38,149,9,1,2025-12-22 19:56:10.330000
34528,38,151,9,1,2025-12-22 19:56:10.330000
34528,38,264,8,1,2025-12-22 19:56:10.330000
34528,38,265,9,1,2025-12-22 19:56:10.330000
34528,38,266,8,1,2025-12-22 19:56:10.330000
34528,38,267,9,1,2025-12-22 19:56:10.330000
34528,38,268,8,1,2025-12-22 19:56:10.330000
34536,36,143,8,1,2025-08-20 19:23:21.320000
34536,36,144,8,1,2025-08-20 19:23:21.320000
34536,36,145,8,1,2025-08-20 19:23:21.320000
34536,36,146,8,1,2025-08-20 19:23:21.320000
34536,36,147,9,1,2025-08-20 19:23:21.320000
34536,36,148,9,1,2025-08-20 19:23:21.320000
34536,36,149,9,1,2025-08-20 19:23:21.320000
34536,36,151,9,1,2025-08-20 19:23:21.320000
34536,36,264,8,1,2025-08-20 19:23:21.320000
34536,36,265,9,1,2025-08-20 19:23:21.320000
34536,36,266,8,1,2025-08-20 19:23:21.320000
34536,36,267,9,1,2025-08-20 19:23:21.320000
34536,36,268,8,1,2025-08-20 19:23:21.320000
34537,45,378,13,1,2021-09-03 12:52:17.473000
34537,45,379,13,1,2021-09-03 12:52:17.473000
34537,45,380,13,1,2021-09-03 12:52:17.473000
34537,45,381,13,1,2021-09-03 12:52:17.473000
34537,45,394,12,1,2021-09-03 12:52:17.473000
34537,45,395,12,1,2021-09-03 12:52:17.473000
34537,45,396,12,1,2021-09-03 12:52:17.473000
34538,21,236,11,2,2026-07-27 16:12:29.447000
34539,16,228,9,2,2026-04-02 14:56:18.280000
34539,16,238,9,2,2026-04-02 14:56:18.280000
34539,16,239,8,1,2026-04-02 14:56:18.280000
34539,16,240,8,1,2026-04-02 14:56:18.280000
34540,15,228,9,2,2025-08-29 16:35:37.807000
34540,15,238,9,2,2025-08-29 16:35:37.807000
34540,15,239,8,1,2025-08-29 16:35:37.807000
34540,15,240,8,1,2025-08-29 16:35:37.807000
34541,21,228,9,2,2025-09-26 21:29:32.530000
34541,21,238,9,2,2025-09-26 21:29:32.530000
34541,21,239,8,1,2025-09-26 21:29:32.530000
34541,21,240,8,1,2025-09-26 21:29:32.530000
34544,47,373,13,1,2024-07-23 15:47:05
34547,40,373,13,1,2024-11-06 19:24:38.250000
34548,43,373,13,1,2024-03-11 13:41:15.470000
34551,36,374,13,1,2025-07-03 13:06:06.133000
34551,36,375,13,1,2025-07-03 13:06:06.133000
34551,36,376,13,1,2025-07-03 13:06:06.133000
34551,36,377,13,1,2025-07-03 13:06:06.133000
34551,36,391,12,1,2025-07-03 13:06:06.133000
34551,36,392,12,1,2025-07-03 13:06:06.133000
34551,36,393,12,1,2025-07-03 13:06:06.133000
34552,40,374,13,1,2024-12-13 15:30:52.627000
34552,40,375,13,1,2024-12-13 15:30:52.627000
34552,40,376,13,1,2024-12-13 15:30:52.627000
34552,40,377,13,1,2024-12-13 15:30:52.627000
34552,40,391,12,1,2024-12-13 15:30:52.627000
34552,40,392,12,1,2024-12-13 15:30:52.627000
34552,40,393,12,1,2024-12-13 15:30:52.627000
34553,47,374,13,1,2024-07-08 13:38:00.710000
34553,47,375,13,1,2024-07-08 13:38:00.710000
34553,47,376,13,1,2024-07-08 13:38:00.710000
34553,47,377,13,1,2024-07-08 13:38:00.710000
34553,47,378,13,1,2024-07-08 13:38:00.710000
34553,47,379,13,1,2024-07-08 13:38:00.710000
34553,47,380,13,1,2024-07-08 13:38:00.710000
34553,47,381,13,1,2024-07-08 13:38:00.710000
34553,47,391,12,1,2024-07-08 13:38:00.710000
34553,47,392,12,1,2024-07-08 13:38:00.710000
34553,47,393,12,1,2024-07-08 13:38:00.710000
34553,47,394,12,1,2024-07-08 13:38:00.710000
34553,47,395,12,1,2024-07-08 13:38:00.710000
34553,47,396,12,1,2024-07-08 13:38:00.710000
34554,34,374,13,1,2024-07-02 19:54:29.127000
34554,34,375,13,1,2024-07-02 19:54:29.127000
34554,34,376,13,1,2024-07-02 19:54:29.127000
34554,34,377,13,1,2024-07-02 19:54:29.127000
34554,34,378,13,1,2024-07-02 19:54:29.127000
34554,34,379,13,1,2024-07-02 19:54:29.127000
34554,34,380,13,1,2024-07-02 19:54:29.127000
34554,34,381,13,1,2024-07-02 19:54:29.127000
34554,34,391,12,1,2024-07-02 19:54:29.127000
34554,34,392,12,1,2024-07-02 19:54:29.127000
34554,34,393,12,1,2024-07-02 19:54:29.127000
34554,34,394,12,1,2024-07-02 19:54:29.127000
34554,34,395,12,1,2024-07-02 19:54:29.127000
34554,34,396,12,1,2024-07-02 19:54:29.127000
34558,40,373,13,1,2023-12-29 17:59:04.437000
34559,43,373,13,1,2024-11-13 14:22:41.793000
34560,76,373,13,1,2022-06-03 23:05:09.627000
34561,69,373,13,1,2023-11-03 16:02:26.130000
34562,45,373,13,1,2025-07-28 14:12:06.330000
34563,51,373,13,1,2023-05-01 14:03:09.223000
34564,83,373,13,1,2024-05-17 13:26:57.250000
34565,40,373,13,1,2023-11-21 14:58:50.470000
34567,43,373,13,1,2024-02-23 13:43:02.277000
34570,52,374,13,1,2025-04-09 15:19:10.857000
34570,52,375,13,1,2025-04-09 15:19:10.857000
34570,52,376,13,1,2025-04-09 15:19:10.857000
34570,52,377,13,1,2025-04-09 15:19:10.857000
34570,52,391,12,1,2025-04-09 15:19:10.857000
34570,52,392,12,1,2025-04-09 15:19:10.857000
34570,52,393,12,1,2025-04-09 15:19:10.857000
34575,43,374,13,1,2023-06-05 14:09:28.393000
34575,43,375,13,1,2023-06-05 14:09:28.393000
34575,43,376,13,1,2023-06-05 14:09:28.393000
34575,43,377,13,1,2023-06-05 14:09:28.393000
34575,43,378,13,1,2023-06-05 14:09:28.393000
34575,43,379,13,1,2023-06-05 14:09:28.393000
34575,43,380,13,1,2023-06-05 14:09:28.393000
34575,43,381,13,1,2023-06-05 14:09:28.393000
34575,43,391,12,1,2023-06-05 14:09:28.393000
34575,43,392,12,1,2023-06-05 14:09:28.393000
34575,43,393,12,1,2023-06-05 14:09:28.393000
34575,43,394,12,1,2023-06-05 14:09:28.393000
34575,43,395,12,1,2023-06-05 14:09:28.393000
34575,43,396,12,1,2023-06-05 14:09:28.393000
34576,72,374,13,1,2025-07-03 13:06:35.327000
34576,72,375,13,1,2025-07-03 13:06:35.327000
34576,72,376,13,1,2025-07-03 13:06:35.327000
34576,72,377,13,1,2025-07-03 13:06:35.327000
34576,72,378,13,1,2025-07-03 13:06:35.327000
34576,72,379,13,1,2025-07-03 13:06:35.327000
34576,72,380,13,1,2025-07-03 13:06:35.327000
34576,72,381,13,1,2025-07-03 13:06:35.327000
34576,72,391,12,1,2025-07-03 13:06:35.327000
34576,72,392,12,1,2025-07-03 13:06:35.327000
34576,72,393,12,1,2025-07-03 13:06:35.327000
34576,72,394,12,1,2025-07-03 13:06:35.327000
34576,72,395,12,1,2025-07-03 13:06:35.327000
34576,72,396,12,1,2025-07-03 13:06:35.327000
34577,64,374,13,1,2019-10-29 13:38:08.577000
34577,64,375,13,1,2019-10-29 13:38:08.577000
34577,64,376,13,1,2019-10-29 13:38:08.577000
34577,64,377,13,1,2019-10-29 13:38:08.577000
34577,64,378,13,1,2019-10-29 13:38:08.577000
34577,64,379,13,1,2019-10-29 13:38:08.577000
34577,64,380,13,1,2019-10-29 13:38:08.577000
34577,64,381,13,1,2019-10-29 13:38:08.577000
34577,64,391,12,1,2019-10-29 13:38:08.577000
34577,64,392,12,1,2019-10-29 13:38:08.577000
34577,64,393,12,1,2019-10-29 13:38:08.577000
34577,64,394,12,1,2019-10-29 13:38:08.577000
34577,64,395,12,1,2019-10-29 13:38:08.577000
34577,64,396,12,1,2019-10-29 13:38:08.577000
34578,30,374,13,1,2023-08-07 14:34:47.767000
34578,30,375,13,1,2023-08-07 14:34:47.767000
34578,30,376,13,1,2023-08-07 14:34:47.767000
34578,30,377,13,1,2023-08-07 14:34:47.767000
34578,30,391,12,1,2023-08-07 14:34:47.767000
34578,30,392,12,1,2023-08-07 14:34:47.767000
34578,30,393,12,1,2023-08-07 14:34:47.767000
34580,57,374,13,1,2024-03-28 15:28:35.523000
34580,57,375,13,1,2024-03-28 15:28:35.523000
34580,57,376,13,1,2024-03-28 15:28:35.523000
34580,57,377,13,1,2024-03-28 15:28:35.523000
34580,57,378,13,1,2024-03-28 15:28:35.523000
34580,57,379,13,1,2024-03-28 15:28:35.523000
34580,57,380,13,1,2024-03-28 15:28:35.523000
34580,57,381,13,1,2024-03-28 15:28:35.523000
34580,57,391,12,1,2024-03-28 15:28:35.523000
34580,57,392,12,1,2024-03-28 15:28:35.523000
34580,57,393,12,1,2024-03-28 15:28:35.523000
34580,57,394,12,1,2024-03-28 15:28:35.523000
34580,57,395,12,1,2024-03-28 15:28:35.523000
34580,57,396,12,1,2024-03-28 15:28:35.523000
34594,42,143,8,1,2025-05-20 17:30:00.413000
34594,42,144,8,1,2025-05-20 17:30:00.413000
34594,42,145,8,1,2025-05-20 17:30:00.413000
34594,42,146,8,1,2025-05-20 17:30:00.413000
34594,42,147,9,1,2025-05-20 17:30:00.413000
34594,42,148,9,1,2025-05-20 17:30:00.413000
34594,42,149,9,1,2025-05-20 17:30:00.413000
34594,42,151,9,1,2025-05-20 17:30:00.413000
34594,42,264,8,1,2025-05-20 17:30:00.413000
34594,42,265,9,1,2025-05-20 17:30:00.413000
34594,42,266,8,1,2025-05-20 17:30:00.413000
34594,42,267,9,1,2025-05-20 17:30:00.413000
34594,42,268,8,1,2025-05-20 17:30:00.413000
34596,52,143,8,1,2025-10-21 19:14:41.763000
34596,52,144,8,1,2025-10-21 19:14:41.763000
34596,52,145,8,1,2025-10-21 19:14:41.763000
34596,52,146,8,1,2025-10-21 19:14:41.763000
34596,52,147,9,1,2025-10-21 19:14:41.763000
34596,52,148,9,1,2025-10-21 19:14:41.763000
34596,52,149,9,1,2025-10-21 19:14:41.763000
34596,52,151,9,1,2025-10-21 19:14:41.763000
34596,52,264,8,1,2025-10-21 19:14:41.763000
34596,52,265,9,1,2025-10-21 19:14:41.763000
34596,52,266,8,1,2025-10-21 19:14:41.763000
34596,52,267,9,1,2025-10-21 19:14:41.763000
34596,52,268,8,1,2025-10-21 19:14:41.763000
34614,43,143,8,1,2024-08-21 17:46:01.550000
34614,43,144,8,1,2024-08-21 17:46:01.550000
34614,43,145,8,1,2024-08-21 17:46:01.550000
34614,43,146,8,1,2024-08-21 17:46:01.550000
34614,43,147,9,1,2024-08-21 17:46:01.550000
34614,43,148,9,1,2024-08-21 17:46:01.550000
34614,43,149,9,1,2024-08-21 17:46:01.550000
34614,43,151,9,1,2024-08-21 17:46:01.550000
34614,43,264,8,1,2024-08-21 17:46:01.550000
34614,43,265,9,1,2024-08-21 17:46:01.550000
34614,43,266,8,1,2024-08-21 17:46:01.550000
34614,43,267,9,1,2024-08-21 17:46:01.550000
34614,43,268,8,1,2024-08-21 17:46:01.550000
34615,42,143,8,1,2025-05-20 16:37:53.017000
34615,42,144,8,1,2025-05-20 16:37:53.017000
34615,42,145,8,1,2025-05-20 16:37:53.017000
34615,42,146,8,1,2025-05-20 16:37:53.017000
34615,42,147,9,1,2025-05-20 16:37:53.017000
34615,42,148,9,1,2025-05-20 16:37:53.017000
34615,42,149,9,1,2025-05-20 16:37:53.017000
34615,42,151,9,1,2025-05-20 16:37:53.017000
34615,42,264,8,1,2025-05-20 16:37:53.017000
34615,42,265,9,1,2025-05-20 16:37:53.017000
34615,42,266,8,1,2025-05-20 16:37:53.017000
34615,42,267,9,1,2025-05-20 16:37:53.017000
34615,42,268,8,1,2025-05-20 16:37:53.017000
34616,44,143,8,1,2025-10-21 19:37:59.860000
34616,44,144,8,1,2025-10-21 19:37:59.860000
34616,44,145,8,1,2025-10-21 19:37:59.860000
34616,44,146,8,1,2025-10-21 19:37:59.860000
34616,44,147,9,1,2025-10-21 19:37:59.860000
34616,44,148,9,1,2025-10-21 19:37:59.860000
34616,44,149,9,1,2025-10-21 19:37:59.860000
34616,44,151,9,1,2025-10-21 19:37:59.860000
34616,44,264,8,1,2025-10-21 19:37:59.860000
34616,44,265,9,1,2025-10-21 19:37:59.860000
34616,44,266,8,1,2025-10-21 19:37:59.860000
34616,44,267,9,1,2025-10-21 19:37:59.860000
34616,44,268,8,1,2025-10-21 19:37:59.860000
34623,38,143,8,1,2025-12-22 18:39:14.207000
34623,38,144,8,1,2025-12-22 18:39:14.207000
34623,38,145,8,1,2025-12-22 18:39:14.207000
34623,38,146,8,1,2025-12-22 18:39:14.207000
34623,38,147,9,1,2025-12-22 18:39:14.207000
34623,38,148,9,1,2025-12-22 18:39:14.207000
34623,38,149,9,1,2025-12-22 18:39:14.207000
34623,38,151,9,1,2025-12-22 18:39:14.207000
34623,38,264,8,1,2025-12-22 18:39:14.207000
34623,38,265,9,1,2025-12-22 18:39:14.207000
34623,38,266,8,1,2025-12-22 18:39:14.207000
34623,38,267,9,1,2025-12-22 18:39:14.207000
34623,38,268,8,1,2025-12-22 18:39:14.207000
34624,42,143,8,1,2025-08-20 19:37:22
34624,42,144,8,1,2025-08-20 19:37:22
34624,42,145,8,1,2025-08-20 19:37:22
34624,42,146,8,1,2025-08-20 19:37:22
34624,42,147,9,1,2025-08-20 19:37:22
34624,42,148,9,1,2025-08-20 19:37:22
34624,42,149,9,1,2025-08-20 19:37:22
34624,42,151,9,1,2025-08-20 19:37:22
34624,42,264,8,1,2025-08-20 19:37:22
34624,42,265,9,1,2025-08-20 19:37:22
34624,42,266,8,1,2025-08-20 19:37:22
34624,42,267,9,1,2025-08-20 19:37:22
34624,42,268,8,1,2025-08-20 19:37:22
34633,54,143,8,1,2025-05-20 19:48:16.040000
34633,54,144,8,1,2025-05-20 19:48:16.040000
34633,54,145,8,1,2025-05-20 19:48:16.040000
34633,54,146,8,1,2025-05-20 19:48:16.040000
34633,54,147,9,1,2025-05-20 19:48:16.040000
34633,54,148,9,1,2025-05-20 19:48:16.040000
34633,54,149,9,1,2025-05-20 19:48:16.040000
34633,54,151,9,1,2025-05-20 19:48:16.040000
34633,54,264,8,1,2025-05-20 19:48:16.040000
34633,54,265,9,1,2025-05-20 19:48:16.040000
34633,54,266,8,1,2025-05-20 19:48:16.040000
34633,54,267,9,1,2025-05-20 19:48:16.040000
34633,54,268,8,1,2025-05-20 19:48:16.040000
34636,38,143,8,1,2025-08-20 19:07:13.840000
34636,38,144,8,1,2025-08-20 19:07:13.840000
34636,38,145,8,1,2025-08-20 19:07:13.840000
34636,38,146,8,1,2025-08-20 19:07:13.840000
34636,38,147,9,1,2025-08-20 19:07:13.840000
34636,38,148,9,1,2025-08-20 19:07:13.840000
34636,38,149,9,1,2025-08-20 19:07:13.840000
34636,38,151,9,1,2025-08-20 19:07:13.840000
34636,38,264,8,1,2025-08-20 19:07:13.840000
34636,38,265,9,1,2025-08-20 19:07:13.840000
34636,38,266,8,1,2025-08-20 19:07:13.840000
34636,38,267,9,1,2025-08-20 19:07:13.840000
34636,38,268,8,1,2025-08-20 19:07:13.840000
34641,27,143,8,1,2026-03-20 12:34:45.390000
34641,27,144,8,1,2026-03-20 12:34:45.390000
34641,27,145,8,1,2026-03-20 12:34:45.390000
34641,27,146,8,1,2026-03-20 12:34:45.390000
34641,27,147,9,1,2026-03-20 12:34:45.390000
34641,27,148,9,1,2026-03-20 12:34:45.390000
34641,27,149,9,1,2026-03-20 12:34:45.390000
34641,27,151,9,1,2026-03-20 12:34:45.390000
34641,27,264,8,1,2026-03-20 12:34:45.390000
34641,27,265,9,1,2026-03-20 12:34:45.390000
34641,27,266,8,1,2026-03-20 12:34:45.390000
34641,27,267,9,1,2026-03-20 12:34:45.390000
34641,27,268,8,1,2026-03-20 12:34:45.390000
34645,51,143,8,1,2025-08-20 16:43:17.260000
34645,51,144,8,1,2025-08-20 16:43:17.260000
34645,51,145,8,1,2025-08-20 16:43:17.260000
34645,51,146,8,1,2025-08-20 16:43:17.260000
34645,51,147,9,1,2025-08-20 16:43:17.260000
34645,51,148,9,1,2025-08-20 16:43:17.260000
34645,51,149,9,1,2025-08-20 16:43:17.260000
34645,51,151,9,1,2025-08-20 16:43:17.260000
34645,51,264,8,1,2025-08-20 16:43:17.260000
34645,51,265,9,1,2025-08-20 16:43:17.260000
34645,51,266,8,1,2025-08-20 16:43:17.260000
34645,51,267,9,1,2025-08-20 16:43:17.260000
34645,51,268,8,1,2025-08-20 16:43:17.260000
34646,26,143,8,1,2024-10-21 19:08:17.743000
34646,26,144,8,1,2024-10-21 19:08:17.743000
34646,26,145,8,1,2024-10-21 19:08:17.743000
34646,26,146,8,1,2024-10-21 19:08:17.743000
34646,26,147,9,1,2024-10-21 19:08:17.743000
34646,26,148,9,1,2024-10-21 19:08:17.743000
34646,26,149,9,1,2024-10-21 19:08:17.743000
34646,26,151,9,1,2024-10-21 19:08:17.743000
34646,26,264,8,1,2024-10-21 19:08:17.743000
34646,26,265,9,1,2024-10-21 19:08:17.743000
34646,26,266,8,1,2024-10-21 19:08:17.743000
34646,26,267,9,1,2024-10-21 19:08:17.743000
34646,26,268,8,1,2024-10-21 19:08:17.743000
34648,31,143,8,1,2025-12-22 20:25:22.320000
34648,31,144,8,1,2025-12-22 20:25:22.320000
34648,31,145,8,1,2025-12-22 20:25:22.320000
34648,31,146,8,1,2025-12-22 20:25:22.320000
34648,31,147,9,1,2025-12-22 20:25:22.320000
34648,31,148,9,1,2025-12-22 20:25:22.320000
34648,31,149,9,1,2025-12-22 20:25:22.320000
34648,31,151,9,1,2025-12-22 20:25:22.320000
34648,31,264,8,1,2025-12-22 20:25:22.320000
34648,31,265,9,1,2025-12-22 20:25:22.320000
34648,31,266,8,1,2025-12-22 20:25:22.320000
34648,31,267,9,1,2025-12-22 20:25:22.320000
34648,31,268,8,1,2025-12-22 20:25:22.320000
34658,36,143,8,1,2025-08-20 17:42:24.253000
34658,36,144,8,1,2025-08-20 17:42:24.253000
34658,36,145,8,1,2025-08-20 17:42:24.253000
34658,36,146,8,1,2025-08-20 17:42:24.253000
34658,36,147,9,1,2025-08-20 17:42:24.253000
34658,36,148,9,1,2025-08-20 17:42:24.253000
34658,36,149,9,1,2025-08-20 17:42:24.253000
34658,36,151,9,1,2025-08-20 17:42:24.253000
34658,36,264,8,1,2025-08-20 17:42:24.253000
34658,36,265,9,1,2025-08-20 17:42:24.253000
34658,36,266,8,1,2025-08-20 17:42:24.253000
34658,36,267,9,1,2025-08-20 17:42:24.253000
34658,36,268,8,1,2025-08-20 17:42:24.253000
34659,32,143,8,1,2026-07-24 12:46:17.700000
34659,32,144,8,1,2026-07-24 12:46:17.700000
34659,32,145,8,1,2026-07-24 12:46:17.700000
34659,32,146,8,1,2026-07-24 12:46:17.700000
34659,32,147,9,1,2026-07-24 12:46:17.700000
34659,32,148,9,1,2026-07-24 12:46:17.700000
34659,32,149,9,1,2026-07-24 12:46:17.700000
34659,32,151,9,1,2026-07-24 12:46:17.700000
34659,32,264,8,1,2026-07-24 12:46:17.700000
34659,32,265,9,1,2026-07-24 12:46:17.700000
34659,32,266,8,1,2026-07-24 12:46:17.700000
34659,32,267,9,1,2026-07-24 12:46:17.700000
34659,32,268,8,1,2026-07-24 12:46:17.700000
34760,27,143,8,1,2025-06-17 16:52:50.430000
34760,27,144,8,1,2025-06-17 16:52:50.430000
34760,27,145,8,1,2025-06-17 16:52:50.430000
34760,27,146,8,1,2025-06-17 16:52:50.430000
34760,27,147,9,1,2025-06-17 16:52:50.430000
34760,27,148,9,1,2025-06-17 16:52:50.430000
34760,27,149,9,1,2025-06-17 16:52:50.430000
34760,27,151,9,1,2025-06-17 16:52:50.430000
34760,27,264,8,1,2025-06-17 16:52:50.430000
34760,27,265,9,1,2025-06-17 16:52:50.430000
34760,27,266,8,1,2025-06-17 16:52:50.430000
34760,27,267,9,1,2025-06-17 16:52:50.430000
34760,27,268,8,1,2025-06-17 16:52:50.430000
34761,34,143,8,1,2025-10-21 14:56:24.503000
34761,34,144,8,1,2025-10-21 14:56:24.503000
34761,34,145,8,1,2025-10-21 14:56:24.503000
34761,34,146,8,1,2025-10-21 14:56:24.503000
34761,34,147,9,1,2025-10-21 14:56:24.503000
34761,34,148,9,1,2025-10-21 14:56:24.503000
34761,34,149,9,1,2025-10-21 14:56:24.503000
34761,34,151,9,1,2025-10-21 14:56:24.503000
34761,34,264,8,1,2025-10-21 14:56:24.503000
34761,34,265,9,1,2025-10-21 14:56:24.503000
34761,34,266,8,1,2025-10-21 14:56:24.503000
34761,34,267,9,1,2025-10-21 14:56:24.503000
34761,34,268,8,1,2025-10-21 14:56:24.503000
34771,51,143,8,1,2026-02-20 14:31:28.733000
34771,51,144,8,1,2026-02-20 14:31:28.733000
34771,51,145,8,1,2026-02-20 14:31:28.733000
34771,51,146,8,1,2026-02-20 14:31:28.733000
34771,51,147,9,1,2026-02-20 14:31:28.733000
34771,51,148,9,1,2026-02-20 14:31:28.733000
34771,51,149,9,1,2026-02-20 14:31:28.733000
34771,51,151,9,1,2026-02-20 14:31:28.733000
34771,51,264,8,1,2026-02-20 14:31:28.733000
34771,51,265,9,1,2026-02-20 14:31:28.733000
34771,51,266,8,1,2026-02-20 14:31:28.733000
34771,51,267,9,1,2026-02-20 14:31:28.733000
34771,51,268,8,1,2026-02-20 14:31:28.733000
34821,21,139,10,2,2020-02-21 19:19:45.313000
34821,21,140,10,2,2020-02-21 19:19:45.313000
34821,21,388,10,1,2020-02-21 19:19:45.313000
34821,21,389,10,1,2020-02-21 19:19:45.313000
34823,27,139,10,2,2020-02-21 14:37:48.990000
34823,27,140,10,2,2020-02-21 14:37:48.990000
34823,27,388,10,1,2020-02-21 14:37:48.990000
34823,27,389,10,1,2020-02-21 14:37:48.990000
34824,21,139,10,2,2020-02-13 15:27:43.990000
34824,21,140,10,2,2020-02-13 15:27:43.990000
34824,21,388,10,1,2020-02-13 15:27:43.990000
34824,21,389,10,1,2020-02-13 15:27:43.990000
34833,94,314,12,1,2020-08-07 12:16:44.043000
34833,94,315,12,1,2020-08-07 12:16:44.043000
34833,94,316,12,1,2020-08-07 12:16:44.043000
34833,94,317,12,1,2020-08-07 12:16:44.043000
34833,94,318,12,1,2020-08-07 12:16:44.043000
34833,94,319,12,1,2020-08-07 12:16:44.043000
34833,94,320,12,1,2020-08-07 12:16:44.043000
34833,94,321,12,1,2020-08-07 12:16:44.043000
34833,94,322,12,1,2020-08-07 12:16:44.043000
34833,94,323,12,1,2020-08-07 12:16:44.043000
34833,94,324,12,1,2020-08-07 12:16:44.043000
34833,94,325,12,1,2020-08-07 12:16:44.043000
34833,94,326,12,1,2020-08-07 12:16:44.043000
34833,94,327,12,1,2020-08-07 12:16:44.043000
34833,94,328,12,1,2020-08-07 12:16:44.043000
34833,94,329,12,1,2020-08-07 12:16:44.043000
34833,94,330,12,1,2020-08-07 12:16:44.043000
34833,94,331,12,1,2020-08-07 12:16:44.043000
34833,94,332,12,1,2020-08-07 12:16:44.043000
34833,94,333,12,1,2020-08-07 12:16:44.043000
34833,94,334,12,1,2020-08-07 12:16:44.043000
34833,94,335,12,1,2020-08-07 12:16:44.043000
34833,94,336,12,1,2020-08-07 12:16:44.043000
34833,94,337,12,1,2020-08-07 12:16:44.043000
34833,94,338,12,1,2020-08-07 12:16:44.043000
34833,94,339,12,1,2020-08-07 12:16:44.043000
34859,34,368,12,1,2023-10-20 14:23:10.273000
34859,34,369,12,1,2023-10-20 14:23:10.273000
34859,34,370,12,1,2023-10-20 14:23:10.273000
34859,34,371,12,1,2023-10-20 14:23:10.273000
34859,34,372,12,1,2023-10-20 14:23:10.273000
34865,72,314,12,1,2020-06-19 10:56:49.110000
34865,72,315,12,1,2020-06-19 10:56:49.110000
34865,72,316,12,1,2020-06-19 10:56:49.110000
34865,72,317,12,1,2020-06-19 10:56:49.110000
34865,72,318,12,1,2020-06-19 10:56:49.110000
34865,72,319,12,1,2020-06-19 10:56:49.110000
34865,72,320,12,1,2020-06-19 10:56:49.110000
34865,72,321,12,1,2020-06-19 10:56:49.110000
34865,72,322,12,1,2020-06-19 10:56:49.110000
34865,72,323,12,1,2020-06-19 10:56:49.110000
34865,72,324,12,1,2020-06-19 10:56:49.110000
34865,72,325,12,1,2020-06-19 10:56:49.110000
34865,72,326,12,1,2020-06-19 10:56:49.110000
34865,72,327,12,1,2020-06-19 10:56:49.110000
34865,72,328,12,1,2020-06-19 10:56:49.110000
34865,72,329,12,1,2020-06-19 10:56:49.110000
34865,72,330,12,1,2020-06-19 10:56:49.110000
34865,72,331,12,1,2020-06-19 10:56:49.110000
34865,72,332,12,1,2020-06-19 10:56:49.110000
34865,72,333,12,1,2020-06-19 10:56:49.110000
34865,72,334,12,1,2020-06-19 10:56:49.110000
34865,72,335,12,1,2020-06-19 10:56:49.110000
34865,72,336,12,1,2020-06-19 10:56:49.110000
34865,72,337,12,1,2020-06-19 10:56:49.110000
34865,72,338,12,1,2020-06-19 10:56:49.110000
34865,72,339,12,1,2020-06-19 10:56:49.110000
34869,42,378,13,1,2025-01-07 13:08:27.887000
34869,42,379,13,1,2025-01-07 13:08:27.887000
34869,42,380,13,1,2025-01-07 13:08:27.887000
34869,42,381,13,1,2025-01-07 13:08:27.887000
34869,42,394,12,1,2025-01-07 13:08:27.887000
34869,42,395,12,1,2025-01-07 13:08:27.887000
34869,42,396,12,1,2025-01-07 13:08:27.887000
34887,53,314,12,1,2025-03-14 11:32:04.153000
34887,53,315,12,1,2025-03-14 11:32:04.153000
34887,53,316,12,1,2025-03-14 11:32:04.153000
34887,53,317,12,1,2025-03-14 11:32:04.153000
34887,53,318,12,1,2025-03-14 11:32:04.153000
34887,53,319,12,1,2025-03-14 11:32:04.153000
34887,53,320,12,1,2025-03-14 11:32:04.153000
34887,53,321,12,1,2025-03-14 11:32:04.153000
34887,53,322,12,1,2025-03-14 11:32:04.153000
34887,53,323,12,1,2025-03-14 11:32:04.153000
34887,53,324,12,1,2025-03-14 11:32:04.153000
34887,53,325,12,1,2025-03-14 11:32:04.153000
34887,53,326,12,1,2025-03-14 11:32:04.153000
34887,53,327,12,1,2025-03-14 11:32:04.153000
34887,53,328,12,1,2025-03-14 11:32:04.153000
34887,53,329,12,1,2025-03-14 11:32:04.153000
34887,53,330,12,1,2025-03-14 11:32:04.153000
34887,53,331,12,1,2025-03-14 11:32:04.153000
34887,53,332,12,1,2025-03-14 11:32:04.153000
34887,53,333,12,1,2025-03-14 11:32:04.153000
34887,53,334,12,1,2025-03-14 11:32:04.153000
34887,53,335,12,1,2025-03-14 11:32:04.153000
34887,53,336,12,1,2025-03-14 11:32:04.153000
34887,53,337,12,1,2025-03-14 11:32:04.153000
34887,53,338,12,1,2025-03-14 11:32:04.153000
34887,53,339,12,1,2025-03-14 11:32:04.153000
34892,123,314,12,1,2024-08-02 18:33:04.700000
34892,123,315,12,1,2024-08-02 18:33:04.700000
34892,123,316,12,1,2024-08-02 18:33:04.700000
34892,123,317,12,1,2024-08-02 18:33:04.700000
34892,123,318,12,1,2024-08-02 18:33:04.700000
34892,123,319,12,1,2024-08-02 18:33:04.700000
34892,123,320,12,1,2024-08-02 18:33:04.700000
34892,123,321,12,1,2024-08-02 18:33:04.700000
34892,123,322,12,1,2024-08-02 18:33:04.700000
34892,123,323,12,1,2024-08-02 18:33:04.700000
34892,123,324,12,1,2024-08-02 18:33:04.700000
34892,123,325,12,1,2024-08-02 18:33:04.700000
34892,123,326,12,1,2024-08-02 18:33:04.700000
34892,123,327,12,1,2024-08-02 18:33:04.700000
34892,123,328,12,1,2024-08-02 18:33:04.700000
34892,123,329,12,1,2024-08-02 18:33:04.700000
34892,123,330,12,1,2024-08-02 18:33:04.700000
34892,123,331,12,1,2024-08-02 18:33:04.700000
34892,123,332,12,1,2024-08-02 18:33:04.700000
34892,123,333,12,1,2024-08-02 18:33:04.700000
34892,123,334,12,1,2024-08-02 18:33:04.700000
34892,123,335,12,1,2024-08-02 18:33:04.700000
34892,123,336,12,1,2024-08-02 18:33:04.700000
34892,123,337,12,1,2024-08-02 18:33:04.700000
34892,123,338,12,1,2024-08-02 18:33:04.700000
34892,123,339,12,1,2024-08-02 18:33:04.700000
34912,20,368,12,1,2019-10-04 16:06:54.803000
34912,20,369,12,1,2019-10-04 16:06:54.803000
34912,20,370,12,1,2019-10-04 16:06:54.803000
34912,20,371,12,1,2019-10-04 16:06:54.803000
34912,20,372,12,1,2019-10-04 16:06:54.803000
34914,68,314,12,1,2020-06-19 13:56:54.280000
34914,68,315,12,1,2020-06-19 13:56:54.280000
34914,68,316,12,1,2020-06-19 13:56:54.280000
34914,68,317,12,1,2020-06-19 13:56:54.280000
34914,68,318,12,1,2020-06-19 13:56:54.280000
34914,68,319,12,1,2020-06-19 13:56:54.280000
34914,68,320,12,1,2020-06-19 13:56:54.280000
34914,68,321,12,1,2020-06-19 13:56:54.280000
34914,68,322,12,1,2020-06-19 13:56:54.280000
34914,68,323,12,1,2020-06-19 13:56:54.280000
34914,68,324,12,1,2020-06-19 13:56:54.280000
34914,68,325,12,1,2020-06-19 13:56:54.280000
34914,68,326,12,1,2020-06-19 13:56:54.280000
34914,68,327,12,1,2020-06-19 13:56:54.280000
34914,68,328,12,1,2020-06-19 13:56:54.280000
34914,68,329,12,1,2020-06-19 13:56:54.280000
34914,68,330,12,1,2020-06-19 13:56:54.280000
34914,68,331,12,1,2020-06-19 13:56:54.280000
34914,68,332,12,1,2020-06-19 13:56:54.280000
34914,68,333,12,1,2020-06-19 13:56:54.280000
34914,68,334,12,1,2020-06-19 13:56:54.280000
34914,68,335,12,1,2020-06-19 13:56:54.280000
34914,68,336,12,1,2020-06-19 13:56:54.280000
34914,68,337,12,1,2020-06-19 13:56:54.280000
34914,68,338,12,1,2020-06-19 13:56:54.280000
34914,68,339,12,1,2020-06-19 13:56:54.280000
34924,79,314,12,1,2020-11-06 12:02:23.203000
34924,79,315,12,1,2020-11-06 12:02:23.203000
34924,79,316,12,1,2020-11-06 12:02:23.203000
34924,79,317,12,1,2020-11-06 12:02:23.203000
34924,79,318,12,1,2020-11-06 12:02:23.203000
34924,79,319,12,1,2020-11-06 12:02:23.203000
34924,79,320,12,1,2020-11-06 12:02:23.203000
34924,79,321,12,1,2020-11-06 12:02:23.203000
34924,79,322,12,1,2020-11-06 12:02:23.203000
34924,79,323,12,1,2020-11-06 12:02:23.203000
34924,79,324,12,1,2020-11-06 12:02:23.203000
34924,79,325,12,1,2020-11-06 12:02:23.203000
34924,79,326,12,1,2020-11-06 12:02:23.203000
34924,79,327,12,1,2020-11-06 12:02:23.203000
34924,79,328,12,1,2020-11-06 12:02:23.203000
34924,79,329,12,1,2020-11-06 12:02:23.203000
34924,79,330,12,1,2020-11-06 12:02:23.203000
34924,79,331,12,1,2020-11-06 12:02:23.203000
34924,79,332,12,1,2020-11-06 12:02:23.203000
34924,79,333,12,1,2020-11-06 12:02:23.203000
34924,79,334,12,1,2020-11-06 12:02:23.203000
34924,79,335,12,1,2020-11-06 12:02:23.203000
34924,79,336,12,1,2020-11-06 12:02:23.203000
34924,79,337,12,1,2020-11-06 12:02:23.203000
34924,79,338,12,1,2020-11-06 12:02:23.203000
34924,79,339,12,1,2020-11-06 12:02:23.203000
34938,68,314,12,1,2019-09-20 18:02:31.810000
34938,68,315,12,1,2019-09-20 18:02:31.810000
34938,68,316,12,1,2019-09-20 18:02:31.810000
34938,68,317,12,1,2019-09-20 18:02:31.810000
34938,68,318,12,1,2019-09-20 18:02:31.810000
34938,68,319,12,1,2019-09-20 18:02:31.810000
34938,68,320,12,1,2019-09-20 18:02:31.810000
34938,68,321,12,1,2019-09-20 18:02:31.810000
34938,68,322,12,1,2019-09-20 18:02:31.810000
34938,68,323,12,1,2019-09-20 18:02:31.810000
34938,68,324,12,1,2019-09-20 18:02:31.810000
34938,68,325,12,1,2019-09-20 18:02:31.810000
34938,68,326,12,1,2019-09-20 18:02:31.810000
34938,68,327,12,1,2019-09-20 18:02:31.810000
34938,68,328,12,1,2019-09-20 18:02:31.810000
34938,68,329,12,1,2019-09-20 18:02:31.810000
34938,68,330,12,1,2019-09-20 18:02:31.810000
34938,68,331,12,1,2019-09-20 18:02:31.810000
34938,68,332,12,1,2019-09-20 18:02:31.810000
34938,68,333,12,1,2019-09-20 18:02:31.810000
34938,68,334,12,1,2019-09-20 18:02:31.810000
34938,68,335,12,1,2019-09-20 18:02:31.810000
34938,68,336,12,1,2019-09-20 18:02:31.810000
34938,68,337,12,1,2019-09-20 18:02:31.810000
34938,68,338,12,1,2019-09-20 18:02:31.810000
34938,68,339,12,1,2019-09-20 18:02:31.810000
34961,48,314,12,1,2019-11-08 17:28:18.793000
34961,48,315,12,1,2019-11-08 17:28:18.793000
34961,48,316,12,1,2019-11-08 17:28:18.793000
34961,48,317,12,1,2019-11-08 17:28:18.793000
34961,48,318,12,1,2019-11-08 17:28:18.793000
34961,48,319,12,1,2019-11-08 17:28:18.793000
34961,48,320,12,1,2019-11-08 17:28:18.793000
34961,48,321,12,1,2019-11-08 17:28:18.793000
34961,48,322,12,1,2019-11-08 17:28:18.793000
34961,48,323,12,1,2019-11-08 17:28:18.793000
34961,48,324,12,1,2019-11-08 17:28:18.793000
34961,48,325,12,1,2019-11-08 17:28:18.793000
34961,48,326,12,1,2019-11-08 17:28:18.793000
34961,48,327,12,1,2019-11-08 17:28:18.793000
34961,48,328,12,1,2019-11-08 17:28:18.793000
34961,48,329,12,1,2019-11-08 17:28:18.793000
34961,48,330,12,1,2019-11-08 17:28:18.793000
34961,48,331,12,1,2019-11-08 17:28:18.793000
34961,48,332,12,1,2019-11-08 17:28:18.793000
34961,48,333,12,1,2019-11-08 17:28:18.793000
34961,48,334,12,1,2019-11-08 17:28:18.793000
34961,48,335,12,1,2019-11-08 17:28:18.793000
34961,48,336,12,1,2019-11-08 17:28:18.793000
34961,48,337,12,1,2019-11-08 17:28:18.793000
34961,48,338,12,1,2019-11-08 17:28:18.793000
34961,48,339,12,1,2019-11-08 17:28:18.793000
34975,67,314,12,1,2019-10-11 18:19:02.647000
34975,67,315,12,1,2019-10-11 18:19:02.647000
34975,67,316,12,1,2019-10-11 18:19:02.647000
34975,67,317,12,1,2019-10-11 18:19:02.647000
34975,67,318,12,1,2019-10-11 18:19:02.647000
34975,67,319,12,1,2019-10-11 18:19:02.647000
34975,67,320,12,1,2019-10-11 18:19:02.647000
34975,67,321,12,1,2019-10-11 18:19:02.647000
34975,67,322,12,1,2019-10-11 18:19:02.647000
34975,67,323,12,1,2019-10-11 18:19:02.647000
34975,67,324,12,1,2019-10-11 18:19:02.647000
34975,67,325,12,1,2019-10-11 18:19:02.647000
34975,67,326,12,1,2019-10-11 18:19:02.647000
34975,67,327,12,1,2019-10-11 18:19:02.647000
34975,67,328,12,1,2019-10-11 18:19:02.647000
34975,67,329,12,1,2019-10-11 18:19:02.647000
34975,67,330,12,1,2019-10-11 18:19:02.647000
34975,67,331,12,1,2019-10-11 18:19:02.647000
34975,67,332,12,1,2019-10-11 18:19:02.647000
34975,67,333,12,1,2019-10-11 18:19:02.647000
34975,67,334,12,1,2019-10-11 18:19:02.647000
34975,67,335,12,1,2019-10-11 18:19:02.647000
34975,67,336,12,1,2019-10-11 18:19:02.647000
34975,67,337,12,1,2019-10-11 18:19:02.647000
34975,67,338,12,1,2019-10-11 18:19:02.647000
34975,67,339,12,1,2019-10-11 18:19:02.647000
34976,34,368,12,1,2021-05-21 12:52:15.380000
34976,34,369,12,1,2021-05-21 12:52:15.380000
34976,34,370,12,1,2021-05-21 12:52:15.380000
34976,34,371,12,1,2021-05-21 12:52:15.380000
34976,34,372,12,1,2021-05-21 12:52:15.380000
34998,33,314,12,1,2022-10-21 14:39:59.757000
34998,33,315,12,1,2022-10-21 14:39:59.757000
34998,33,316,12,1,2022-10-21 14:39:59.757000
34998,33,317,12,1,2022-10-21 14:39:59.757000
34998,33,318,12,1,2022-10-21 14:39:59.757000
34998,33,319,12,1,2022-10-21 14:39:59.757000
34998,33,320,12,1,2022-10-21 14:39:59.757000
34998,33,321,12,1,2022-10-21 14:39:59.757000
34998,33,322,12,1,2022-10-21 14:39:59.757000
34998,33,323,12,1,2022-10-21 14:39:59.757000
34998,33,324,12,1,2022-10-21 14:39:59.757000
34998,33,325,12,1,2022-10-21 14:39:59.757000
34998,33,326,12,1,2022-10-21 14:39:59.757000
34998,33,327,12,1,2022-10-21 14:39:59.757000
34998,33,328,12,1,2022-10-21 14:39:59.757000
34998,33,329,12,1,2022-10-21 14:39:59.757000
34998,33,330,12,1,2022-10-21 14:39:59.757000
34998,33,331,12,1,2022-10-21 14:39:59.757000
34998,33,332,12,1,2022-10-21 14:39:59.757000
34998,33,333,12,1,2022-10-21 14:39:59.757000
34998,33,334,12,1,2022-10-21 14:39:59.757000
34998,33,335,12,1,2022-10-21 14:39:59.757000
34998,33,336,12,1,2022-10-21 14:39:59.757000
34998,33,337,12,1,2022-10-21 14:39:59.757000
34998,33,338,12,1,2022-10-21 14:39:59.757000
34998,33,339,12,1,2022-10-21 14:39:59.757000
35000,156,500,8,1,2026-07-16 17:21:03.803000
35000,156,501,8,1,2026-07-16 17:21:03.803000
35000,156,502,8,1,2026-07-16 17:21:03.803000
35000,156,504,9,1,2026-07-16 17:21:03.803000
35000,156,505,9,1,2026-07-16 17:21:03.803000
35000,156,506,9,1,2026-07-16 17:21:03.803000
35000,156,507,13,1,2026-07-16 17:21:03.803000
35000,156,508,13,1,2026-07-16 17:21:03.803000
35000,156,509,13,1,2026-07-16 17:21:03.803000
35000,156,510,13,1,2026-07-16 17:21:03.803000
35000,156,511,13,1,2026-07-16 17:21:03.803000
35000,156,512,13,1,2026-07-16 17:21:03.803000
35000,156,513,13,1,2026-07-16 17:21:03.803000
35000,156,514,13,1,2026-07-16 17:21:03.803000
35000,156,515,13,1,2026-07-16 17:21:03.803000
35000,156,516,13,1,2026-07-16 17:21:03.803000
35000,156,517,13,1,2026-07-16 17:21:03.803000
35000,156,519,13,1,2026-07-16 17:21:03.803000
35000,156,520,13,1,2026-07-16 17:21:03.803000
35000,156,521,13,1,2026-07-16 17:21:03.803000
35000,156,522,13,1,2026-07-16 17:21:03.803000
35000,156,523,13,1,2026-07-16 17:21:03.803000
35001,12,500,8,1,2026-07-14 20:41:58.040000
35001,12,501,8,1,2026-07-14 20:41:58.040000
35001,12,502,8,1,2026-07-14 20:41:58.040000
35001,12,504,9,1,2026-07-14 20:41:58.040000
35001,12,505,9,1,2026-07-14 20:41:58.040000
35001,12,506,9,1,2026-07-14 20:41:58.040000
35001,12,507,13,1,2026-07-14 20:41:58.040000
35001,12,508,13,1,2026-07-14 20:41:58.040000
35001,12,509,13,1,2026-07-14 20:41:58.040000
35001,12,510,13,1,2026-07-14 20:41:58.040000
35001,12,511,13,1,2026-07-14 20:41:58.040000
35001,12,512,13,1,2026-07-14 20:41:58.040000
35001,12,513,13,1,2026-07-14 20:41:58.040000
35001,12,514,13,1,2026-07-14 20:41:58.040000
35001,12,515,13,1,2026-07-14 20:41:58.040000
35001,12,516,13,1,2026-07-14 20:41:58.040000
35001,12,517,13,1,2026-07-14 20:41:58.040000
35001,12,519,13,1,2026-07-14 20:41:58.040000
35001,12,520,13,1,2026-07-14 20:41:58.040000
35001,12,521,13,1,2026-07-14 20:41:58.040000
35001,12,522,13,1,2026-07-14 20:41:58.040000
35001,12,523,13,1,2026-07-14 20:41:58.040000
35003,61,314,12,1,2019-11-08 16:55:28.060000
35003,61,315,12,1,2019-11-08 16:55:28.060000
35003,61,316,12,1,2019-11-08 16:55:28.060000
35003,61,317,12,1,2019-11-08 16:55:28.060000
35003,61,318,12,1,2019-11-08 16:55:28.060000
35003,61,319,12,1,2019-11-08 16:55:28.060000
35003,61,320,12,1,2019-11-08 16:55:28.060000
35003,61,321,12,1,2019-11-08 16:55:28.060000
35003,61,322,12,1,2019-11-08 16:55:28.060000
35003,61,323,12,1,2019-11-08 16:55:28.060000
35003,61,324,12,1,2019-11-08 16:55:28.060000
35003,61,325,12,1,2019-11-08 16:55:28.060000
35003,61,326,12,1,2019-11-08 16:55:28.060000
35003,61,327,12,1,2019-11-08 16:55:28.060000
35003,61,328,12,1,2019-11-08 16:55:28.060000
35003,61,329,12,1,2019-11-08 16:55:28.060000
35003,61,330,12,1,2019-11-08 16:55:28.060000
35003,61,331,12,1,2019-11-08 16:55:28.060000
35003,61,332,12,1,2019-11-08 16:55:28.060000
35003,61,333,12,1,2019-11-08 16:55:28.060000
35003,61,334,12,1,2019-11-08 16:55:28.060000
35003,61,335,12,1,2019-11-08 16:55:28.060000
35003,61,336,12,1,2019-11-08 16:55:28.060000
35003,61,337,12,1,2019-11-08 16:55:28.060000
35003,61,338,12,1,2019-11-08 16:55:28.060000
35003,61,339,12,1,2019-11-08 16:55:28.060000
35004,23,314,12,1,2021-01-29 16:01:59.420000
35004,23,315,12,1,2021-01-29 16:01:59.420000
35004,23,316,12,1,2021-01-29 16:01:59.420000
35004,23,317,12,1,2021-01-29 16:01:59.420000
35004,23,318,12,1,2021-01-29 16:01:59.420000
35004,23,319,12,1,2021-01-29 16:01:59.420000
35004,23,320,12,1,2021-01-29 16:01:59.420000
35004,23,321,12,1,2021-01-29 16:01:59.420000
35004,23,322,12,1,2021-01-29 16:01:59.420000
35004,23,323,12,1,2021-01-29 16:01:59.420000
35004,23,324,12,1,2021-01-29 16:01:59.420000
35004,23,325,12,1,2021-01-29 16:01:59.420000
35004,23,326,12,1,2021-01-29 16:01:59.420000
35004,23,327,12,1,2021-01-29 16:01:59.420000
35004,23,328,12,1,2021-01-29 16:01:59.420000
35004,23,329,12,1,2021-01-29 16:01:59.420000
35004,23,330,12,1,2021-01-29 16:01:59.420000
35004,23,331,12,1,2021-01-29 16:01:59.420000
35004,23,332,12,1,2021-01-29 16:01:59.420000
35004,23,333,12,1,2021-01-29 16:01:59.420000
35004,23,334,12,1,2021-01-29 16:01:59.420000
35004,23,335,12,1,2021-01-29 16:01:59.420000
35004,23,336,12,1,2021-01-29 16:01:59.420000
35004,23,337,12,1,2021-01-29 16:01:59.420000
35004,23,338,12,1,2021-01-29 16:01:59.420000
35004,23,339,12,1,2021-01-29 16:01:59.420000
35006,119,314,12,1,2019-10-11 18:17:52.340000
35006,119,315,12,1,2019-10-11 18:17:52.340000
35006,119,316,12,1,2019-10-11 18:17:52.340000
35006,119,317,12,1,2019-10-11 18:17:52.340000
35006,119,318,12,1,2019-10-11 18:17:52.340000
35006,119,319,12,1,2019-10-11 18:17:52.340000
35006,119,320,12,1,2019-10-11 18:17:52.340000
35006,119,321,12,1,2019-10-11 18:17:52.340000
35006,119,322,12,1,2019-10-11 18:17:52.340000
35006,119,323,12,1,2019-10-11 18:17:52.340000
35006,119,324,12,1,2019-10-11 18:17:52.340000
35006,119,325,12,1,2019-10-11 18:17:52.340000
35006,119,326,12,1,2019-10-11 18:17:52.340000
35006,119,327,12,1,2019-10-11 18:17:52.340000
35006,119,328,12,1,2019-10-11 18:17:52.340000
35006,119,329,12,1,2019-10-11 18:17:52.340000
35006,119,330,12,1,2019-10-11 18:17:52.340000
35006,119,331,12,1,2019-10-11 18:17:52.340000
35006,119,332,12,1,2019-10-11 18:17:52.340000
35006,119,333,12,1,2019-10-11 18:17:52.340000
35006,119,334,12,1,2019-10-11 18:17:52.340000
35006,119,335,12,1,2019-10-11 18:17:52.340000
35006,119,336,12,1,2019-10-11 18:17:52.340000
35006,119,337,12,1,2019-10-11 18:17:52.340000
35006,119,338,12,1,2019-10-11 18:17:52.340000
35006,119,339,12,1,2019-10-11 18:17:52.340000
35007,81,314,12,1,2019-10-11 18:22:57.537000
35007,81,315,12,1,2019-10-11 18:22:57.537000
35007,81,316,12,1,2019-10-11 18:22:57.537000
35007,81,317,12,1,2019-10-11 18:22:57.537000
35007,81,318,12,1,2019-10-11 18:22:57.537000
35007,81,319,12,1,2019-10-11 18:22:57.537000
35007,81,320,12,1,2019-10-11 18:22:57.537000
35007,81,321,12,1,2019-10-11 18:22:57.537000
35007,81,322,12,1,2019-10-11 18:22:57.537000
35007,81,323,12,1,2019-10-11 18:22:57.537000
35007,81,324,12,1,2019-10-11 18:22:57.537000
35007,81,325,12,1,2019-10-11 18:22:57.537000
35007,81,326,12,1,2019-10-11 18:22:57.537000
35007,81,327,12,1,2019-10-11 18:22:57.537000
35007,81,328,12,1,2019-10-11 18:22:57.537000
35007,81,329,12,1,2019-10-11 18:22:57.537000
35007,81,330,12,1,2019-10-11 18:22:57.537000
35007,81,331,12,1,2019-10-11 18:22:57.537000
35007,81,332,12,1,2019-10-11 18:22:57.537000
35007,81,333,12,1,2019-10-11 18:22:57.537000
35007,81,334,12,1,2019-10-11 18:22:57.537000
35007,81,335,12,1,2019-10-11 18:22:57.537000
35007,81,336,12,1,2019-10-11 18:22:57.537000
35007,81,337,12,1,2019-10-11 18:22:57.537000
35007,81,338,12,1,2019-10-11 18:22:57.537000
35007,81,339,12,1,2019-10-11 18:22:57.537000
35010,50,314,12,1,2026-07-17 18:07:09.057000
35010,50,315,12,1,2026-07-17 18:07:09.057000
35010,50,316,12,1,2026-07-17 18:07:09.057000
35010,50,317,12,1,2026-07-17 18:07:09.057000
35010,50,318,12,1,2026-07-17 18:07:09.057000
35010,50,319,12,1,2026-07-17 18:07:09.057000
35010,50,320,12,1,2026-07-17 18:07:09.057000
35010,50,321,12,1,2026-07-17 18:07:09.057000
35010,50,322,12,1,2026-07-17 18:07:09.057000
35010,50,323,12,1,2026-07-17 18:07:09.057000
35010,50,324,12,1,2026-07-17 18:07:09.057000
35010,50,325,12,1,2026-07-17 18:07:09.057000
35010,50,326,12,1,2026-07-17 18:07:09.057000
35010,50,327,12,1,2026-07-17 18:07:09.057000
35010,50,328,12,1,2026-07-17 18:07:09.057000
35010,50,329,12,1,2026-07-17 18:07:09.057000
35010,50,330,12,1,2026-07-17 18:07:09.057000
35010,50,331,12,1,2026-07-17 18:07:09.057000
35010,50,332,12,1,2026-07-17 18:07:09.057000
35010,50,333,12,1,2026-07-17 18:07:09.057000
35010,50,334,12,1,2026-07-17 18:07:09.057000
35010,50,335,12,1,2026-07-17 18:07:09.057000
35010,50,336,12,1,2026-07-17 18:07:09.057000
35010,50,337,12,1,2026-07-17 18:07:09.057000
35010,50,338,12,1,2026-07-17 18:07:09.057000
35010,50,339,12,1,2026-07-17 18:07:09.057000
35013,36,314,12,1,2019-09-06 18:25:15.680000
35013,36,315,12,1,2019-09-06 18:25:15.680000
35013,36,316,12,1,2019-09-06 18:25:15.680000
35013,36,317,12,1,2019-09-06 18:25:15.680000
35013,36,318,12,1,2019-09-06 18:25:15.680000
35013,36,319,12,1,2019-09-06 18:25:15.680000
35013,36,320,12,1,2019-09-06 18:25:15.680000
35013,36,321,12,1,2019-09-06 18:25:15.680000
35013,36,322,12,1,2019-09-06 18:25:15.680000
35013,36,323,12,1,2019-09-06 18:25:15.680000
35013,36,324,12,1,2019-09-06 18:25:15.680000
35013,36,325,12,1,2019-09-06 18:25:15.680000
35013,36,326,12,1,2019-09-06 18:25:15.680000
35013,36,327,12,1,2019-09-06 18:25:15.680000
35013,36,328,12,1,2019-09-06 18:25:15.680000
35013,36,329,12,1,2019-09-06 18:25:15.680000
35013,36,330,12,1,2019-09-06 18:25:15.680000
35013,36,331,12,1,2019-09-06 18:25:15.680000
35013,36,332,12,1,2019-09-06 18:25:15.680000
35013,36,333,12,1,2019-09-06 18:25:15.680000
35013,36,334,12,1,2019-09-06 18:25:15.680000
35013,36,335,12,1,2019-09-06 18:25:15.680000
35013,36,336,12,1,2019-09-06 18:25:15.680000
35013,36,337,12,1,2019-09-06 18:25:15.680000
35013,36,338,12,1,2019-09-06 18:25:15.680000
35013,36,339,12,1,2019-09-06 18:25:15.680000
35014,39,314,12,1,2019-09-19 12:48:16.373000
35014,39,315,12,1,2019-09-19 12:48:16.373000
35014,39,316,12,1,2019-09-19 12:48:16.373000
35014,39,317,12,1,2019-09-19 12:48:16.373000
35014,39,318,12,1,2019-09-19 12:48:16.373000
35014,39,319,12,1,2019-09-19 12:48:16.373000
35014,39,320,12,1,2019-09-19 12:48:16.373000
35014,39,321,12,1,2019-09-19 12:48:16.373000
35014,39,322,12,1,2019-09-19 12:48:16.373000
35014,39,323,12,1,2019-09-19 12:48:16.373000
35014,39,324,12,1,2019-09-19 12:48:16.373000
35014,39,325,12,1,2019-09-19 12:48:16.373000
35014,39,326,12,1,2019-09-19 12:48:16.373000
35014,39,327,12,1,2019-09-19 12:48:16.373000
35014,39,328,12,1,2019-09-19 12:48:16.373000
35014,39,329,12,1,2019-09-19 12:48:16.373000
35014,39,330,12,1,2019-09-19 12:48:16.373000
35014,39,331,12,1,2019-09-19 12:48:16.373000
35014,39,332,12,1,2019-09-19 12:48:16.373000
35014,39,333,12,1,2019-09-19 12:48:16.373000
35014,39,334,12,1,2019-09-19 12:48:16.373000
35014,39,335,12,1,2019-09-19 12:48:16.373000
35014,39,336,12,1,2019-09-19 12:48:16.373000
35014,39,337,12,1,2019-09-19 12:48:16.373000
35014,39,338,12,1,2019-09-19 12:48:16.373000
35014,39,339,12,1,2019-09-19 12:48:16.373000
35016,36,314,12,1,2019-10-11 16:55:23.273000
35016,36,315,12,1,2019-10-11 16:55:23.273000
35016,36,316,12,1,2019-10-11 16:55:23.273000
35016,36,317,12,1,2019-10-11 16:55:23.273000
35016,36,318,12,1,2019-10-11 16:55:23.273000
35016,36,319,12,1,2019-10-11 16:55:23.273000
35016,36,320,12,1,2019-10-11 16:55:23.273000
35016,36,321,12,1,2019-10-11 16:55:23.273000
35016,36,322,12,1,2019-10-11 16:55:23.273000
35016,36,323,12,1,2019-10-11 16:55:23.273000
35016,36,324,12,1,2019-10-11 16:55:23.273000
35016,36,325,12,1,2019-10-11 16:55:23.273000
35016,36,326,12,1,2019-10-11 16:55:23.273000
35016,36,327,12,1,2019-10-11 16:55:23.273000
35016,36,328,12,1,2019-10-11 16:55:23.273000
35016,36,329,12,1,2019-10-11 16:55:23.273000
35016,36,330,12,1,2019-10-11 16:55:23.273000
35016,36,331,12,1,2019-10-11 16:55:23.273000
35016,36,332,12,1,2019-10-11 16:55:23.273000
35016,36,333,12,1,2019-10-11 16:55:23.273000
35016,36,334,12,1,2019-10-11 16:55:23.273000
35016,36,335,12,1,2019-10-11 16:55:23.273000
35016,36,336,12,1,2019-10-11 16:55:23.273000
35016,36,337,12,1,2019-10-11 16:55:23.273000
35016,36,338,12,1,2019-10-11 16:55:23.273000
35016,36,339,12,1,2019-10-11 16:55:23.273000
35022,67,314,12,1,2021-05-07 12:09:12.797000
35022,67,315,12,1,2021-05-07 12:09:12.797000
35022,67,316,12,1,2021-05-07 12:09:12.797000
35022,67,317,12,1,2021-05-07 12:09:12.797000
35022,67,318,12,1,2021-05-07 12:09:12.797000
35022,67,319,12,1,2021-05-07 12:09:12.797000
35022,67,320,12,1,2021-05-07 12:09:12.797000
35022,67,321,12,1,2021-05-07 12:09:12.797000
35022,67,322,12,1,2021-05-07 12:09:12.797000
35022,67,323,12,1,2021-05-07 12:09:12.797000
35022,67,324,12,1,2021-05-07 12:09:12.797000
35022,67,325,12,1,2021-05-07 12:09:12.797000
35022,67,326,12,1,2021-05-07 12:09:12.797000
35022,67,327,12,1,2021-05-07 12:09:12.797000
35022,67,328,12,1,2021-05-07 12:09:12.797000
35022,67,329,12,1,2021-05-07 12:09:12.797000
35022,67,330,12,1,2021-05-07 12:09:12.797000
35022,67,331,12,1,2021-05-07 12:09:12.797000
35022,67,332,12,1,2021-05-07 12:09:12.797000
35022,67,333,12,1,2021-05-07 12:09:12.797000
35022,67,334,12,1,2021-05-07 12:09:12.797000
35022,67,335,12,1,2021-05-07 12:09:12.797000
35022,67,336,12,1,2021-05-07 12:09:12.797000
35022,67,337,12,1,2021-05-07 12:09:12.797000
35022,67,338,12,1,2021-05-07 12:09:12.797000
35022,67,339,12,1,2021-05-07 12:09:12.797000
35025,98,374,13,1,2024-08-26 19:38:13.487000
35025,98,375,13,1,2024-08-26 19:38:13.487000
35025,98,376,13,1,2024-08-26 19:38:13.487000
35025,98,377,13,1,2024-08-26 19:38:13.487000
35025,98,378,13,1,2024-08-26 19:38:13.487000
35025,98,379,13,1,2024-08-26 19:38:13.487000
35025,98,380,13,1,2024-08-26 19:38:13.487000
35025,98,381,13,1,2024-08-26 19:38:13.487000
35025,98,391,12,1,2024-08-26 19:38:13.487000
35025,98,392,12,1,2024-08-26 19:38:13.487000
35025,98,393,12,1,2024-08-26 19:38:13.487000
35025,98,394,12,1,2024-08-26 19:38:13.487000
35025,98,395,12,1,2024-08-26 19:38:13.487000
35025,98,396,12,1,2024-08-26 19:38:13.487000
35026,75,374,13,1,2024-11-22 16:27:52.907000
35026,75,375,13,1,2024-11-22 16:27:52.907000
35026,75,376,13,1,2024-11-22 16:27:52.907000
35026,75,377,13,1,2024-11-22 16:27:52.907000
35026,75,378,13,1,2024-11-22 16:27:52.907000
35026,75,379,13,1,2024-11-22 16:27:52.907000
35026,75,380,13,1,2024-11-22 16:27:52.907000
35026,75,381,13,1,2024-11-22 16:27:52.907000
35026,75,391,12,1,2024-11-22 16:27:52.907000
35026,75,392,12,1,2024-11-22 16:27:52.907000
35026,75,393,12,1,2024-11-22 16:27:52.907000
35026,75,394,12,1,2024-11-22 16:27:52.907000
35026,75,395,12,1,2024-11-22 16:27:52.907000
35026,75,396,12,1,2024-11-22 16:27:52.907000
35028,11,500,8,1,2026-07-14 20:41:59.160000
35028,11,501,8,1,2026-07-14 20:41:59.160000
35028,11,502,8,1,2026-07-14 20:41:59.160000
35028,11,504,9,1,2026-07-14 20:41:59.160000
35028,11,505,9,1,2026-07-14 20:41:59.160000
35028,11,506,9,1,2026-07-14 20:41:59.160000
35028,11,507,13,1,2026-07-14 20:41:59.160000
35028,11,508,13,1,2026-07-14 20:41:59.160000
35028,11,509,13,1,2026-07-14 20:41:59.160000
35028,11,510,13,1,2026-07-14 20:41:59.160000
35028,11,511,13,1,2026-07-14 20:41:59.160000
35028,11,512,13,1,2026-07-14 20:41:59.160000
35028,11,513,13,1,2026-07-14 20:41:59.160000
35028,11,514,13,1,2026-07-14 20:41:59.160000
35028,11,515,13,1,2026-07-14 20:41:59.160000
35028,11,516,13,1,2026-07-14 20:41:59.160000
35028,11,517,13,1,2026-07-14 20:41:59.160000
35028,11,519,13,1,2026-07-14 20:41:59.160000
35028,11,520,13,1,2026-07-14 20:41:59.160000
35028,11,521,13,1,2026-07-14 20:41:59.160000
35028,11,522,13,1,2026-07-14 20:41:59.160000
35028,11,523,13,1,2026-07-14 20:41:59.160000
35035,74,314,12,1,2019-11-15 16:54:26.783000
35035,74,315,12,1,2019-11-15 16:54:26.783000
35035,74,316,12,1,2019-11-15 16:54:26.783000
35035,74,317,12,1,2019-11-15 16:54:26.783000
35035,74,318,12,1,2019-11-15 16:54:26.783000
35035,74,319,12,1,2019-11-15 16:54:26.783000
35035,74,320,12,1,2019-11-15 16:54:26.783000
35035,74,321,12,1,2019-11-15 16:54:26.783000
35035,74,322,12,1,2019-11-15 16:54:26.783000
35035,74,323,12,1,2019-11-15 16:54:26.783000
35035,74,324,12,1,2019-11-15 16:54:26.783000
35035,74,325,12,1,2019-11-15 16:54:26.783000
35035,74,326,12,1,2019-11-15 16:54:26.783000
35035,74,327,12,1,2019-11-15 16:54:26.783000
35035,74,328,12,1,2019-11-15 16:54:26.783000
35035,74,329,12,1,2019-11-15 16:54:26.783000
35035,74,330,12,1,2019-11-15 16:54:26.783000
35035,74,331,12,1,2019-11-15 16:54:26.783000
35035,74,332,12,1,2019-11-15 16:54:26.783000
35035,74,333,12,1,2019-11-15 16:54:26.783000
35035,74,334,12,1,2019-11-15 16:54:26.783000
35035,74,335,12,1,2019-11-15 16:54:26.783000
35035,74,336,12,1,2019-11-15 16:54:26.783000
35035,74,337,12,1,2019-11-15 16:54:26.783000
35035,74,338,12,1,2019-11-15 16:54:26.783000
35035,74,339,12,1,2019-11-15 16:54:26.783000
35038,76,314,12,1,2021-12-10 18:05:54.230000
35038,76,315,12,1,2021-12-10 18:05:54.230000
35038,76,316,12,1,2021-12-10 18:05:54.230000
35038,76,317,12,1,2021-12-10 18:05:54.230000
35038,76,318,12,1,2021-12-10 18:05:54.230000
35038,76,319,12,1,2021-12-10 18:05:54.230000
35038,76,320,12,1,2021-12-10 18:05:54.230000
35038,76,321,12,1,2021-12-10 18:05:54.230000
35038,76,322,12,1,2021-12-10 18:05:54.230000
35038,76,323,12,1,2021-12-10 18:05:54.230000
35038,76,324,12,1,2021-12-10 18:05:54.230000
35038,76,325,12,1,2021-12-10 18:05:54.230000
35038,76,326,12,1,2021-12-10 18:05:54.230000
35038,76,327,12,1,2021-12-10 18:05:54.230000
35038,76,328,12,1,2021-12-10 18:05:54.230000
35038,76,329,12,1,2021-12-10 18:05:54.230000
35038,76,330,12,1,2021-12-10 18:05:54.230000
35038,76,331,12,1,2021-12-10 18:05:54.230000
35038,76,332,12,1,2021-12-10 18:05:54.230000
35038,76,333,12,1,2021-12-10 18:05:54.230000
35038,76,334,12,1,2021-12-10 18:05:54.230000
35038,76,335,12,1,2021-12-10 18:05:54.230000
35038,76,336,12,1,2021-12-10 18:05:54.230000
35038,76,337,12,1,2021-12-10 18:05:54.230000
35038,76,338,12,1,2021-12-10 18:05:54.230000
35038,76,339,12,1,2021-12-10 18:05:54.230000
35041,113,314,12,1,2019-09-20 18:01:50.817000
35041,113,315,12,1,2019-09-20 18:01:50.817000
35041,113,316,12,1,2019-09-20 18:01:50.817000
35041,113,317,12,1,2019-09-20 18:01:50.817000
35041,113,318,12,1,2019-09-20 18:01:50.817000
35041,113,319,12,1,2019-09-20 18:01:50.817000
35041,113,320,12,1,2019-09-20 18:01:50.817000
35041,113,321,12,1,2019-09-20 18:01:50.817000
35041,113,322,12,1,2019-09-20 18:01:50.817000
35041,113,323,12,1,2019-09-20 18:01:50.817000
35041,113,324,12,1,2019-09-20 18:01:50.817000
35041,113,325,12,1,2019-09-20 18:01:50.817000
35041,113,326,12,1,2019-09-20 18:01:50.817000
35041,113,327,12,1,2019-09-20 18:01:50.817000
35041,113,328,12,1,2019-09-20 18:01:50.817000
35041,113,329,12,1,2019-09-20 18:01:50.817000
35041,113,330,12,1,2019-09-20 18:01:50.817000
35041,113,331,12,1,2019-09-20 18:01:50.817000
35041,113,332,12,1,2019-09-20 18:01:50.817000
35041,113,333,12,1,2019-09-20 18:01:50.817000
35041,113,334,12,1,2019-09-20 18:01:50.817000
35041,113,335,12,1,2019-09-20 18:01:50.817000
35041,113,336,12,1,2019-09-20 18:01:50.817000
35041,113,337,12,1,2019-09-20 18:01:50.817000
35041,113,338,12,1,2019-09-20 18:01:50.817000
35041,113,339,12,1,2019-09-20 18:01:50.817000
35048,82,374,13,1,2024-11-08 14:49:13.733000
35048,82,375,13,1,2024-11-08 14:49:13.733000
35048,82,376,13,1,2024-11-08 14:49:13.733000
35048,82,377,13,1,2024-11-08 14:49:13.733000
35048,82,378,13,1,2024-11-08 14:49:13.733000
35048,82,379,13,1,2024-11-08 14:49:13.733000
35048,82,380,13,1,2024-11-08 14:49:13.733000
35048,82,381,13,1,2024-11-08 14:49:13.733000
35048,82,391,12,1,2024-11-08 14:49:13.733000
35048,82,392,12,1,2024-11-08 14:49:13.733000
35048,82,393,12,1,2024-11-08 14:49:13.733000
35048,82,394,12,1,2024-11-08 14:49:13.733000
35048,82,395,12,1,2024-11-08 14:49:13.733000
35048,82,396,12,1,2024-11-08 14:49:13.733000
35049,58,314,12,1,2019-10-11 16:56:46.237000
35049,58,315,12,1,2019-10-11 16:56:46.237000
35049,58,316,12,1,2019-10-11 16:56:46.237000
35049,58,317,12,1,2019-10-11 16:56:46.237000
35049,58,318,12,1,2019-10-11 16:56:46.237000
35049,58,319,12,1,2019-10-11 16:56:46.237000
35049,58,320,12,1,2019-10-11 16:56:46.237000
35049,58,321,12,1,2019-10-11 16:56:46.237000
35049,58,322,12,1,2019-10-11 16:56:46.237000
35049,58,323,12,1,2019-10-11 16:56:46.237000
35049,58,324,12,1,2019-10-11 16:56:46.237000
35049,58,325,12,1,2019-10-11 16:56:46.237000
35049,58,326,12,1,2019-10-11 16:56:46.237000
35049,58,327,12,1,2019-10-11 16:56:46.237000
35049,58,328,12,1,2019-10-11 16:56:46.237000
35049,58,329,12,1,2019-10-11 16:56:46.237000
35049,58,330,12,1,2019-10-11 16:56:46.237000
35049,58,331,12,1,2019-10-11 16:56:46.237000
35049,58,332,12,1,2019-10-11 16:56:46.237000
35049,58,333,12,1,2019-10-11 16:56:46.237000
35049,58,334,12,1,2019-10-11 16:56:46.237000
35049,58,335,12,1,2019-10-11 16:56:46.237000
35049,58,336,12,1,2019-10-11 16:56:46.237000
35049,58,337,12,1,2019-10-11 16:56:46.237000
35049,58,338,12,1,2019-10-11 16:56:46.237000
35049,58,339,12,1,2019-10-11 16:56:46.237000
35050,55,314,12,1,2021-02-19 15:23:19.023000
35050,55,315,12,1,2021-02-19 15:23:19.023000
35050,55,316,12,1,2021-02-19 15:23:19.023000
35050,55,317,12,1,2021-02-19 15:23:19.023000
35050,55,318,12,1,2021-02-19 15:23:19.023000
35050,55,319,12,1,2021-02-19 15:23:19.023000
35050,55,320,12,1,2021-02-19 15:23:19.023000
35050,55,321,12,1,2021-02-19 15:23:19.023000
35050,55,322,12,1,2021-02-19 15:23:19.023000
35050,55,323,12,1,2021-02-19 15:23:19.023000
35050,55,324,12,1,2021-02-19 15:23:19.023000
35050,55,325,12,1,2021-02-19 15:23:19.023000
35050,55,326,12,1,2021-02-19 15:23:19.023000
35050,55,327,12,1,2021-02-19 15:23:19.023000
35050,55,328,12,1,2021-02-19 15:23:19.023000
35050,55,329,12,1,2021-02-19 15:23:19.023000
35050,55,330,12,1,2021-02-19 15:23:19.023000
35050,55,331,12,1,2021-02-19 15:23:19.023000
35050,55,332,12,1,2021-02-19 15:23:19.023000
35050,55,333,12,1,2021-02-19 15:23:19.023000
35050,55,334,12,1,2021-02-19 15:23:19.023000
35050,55,335,12,1,2021-02-19 15:23:19.023000
35050,55,336,12,1,2021-02-19 15:23:19.023000
35050,55,337,12,1,2021-02-19 15:23:19.023000
35050,55,338,12,1,2021-02-19 15:23:19.023000
35050,55,339,12,1,2021-02-19 15:23:19.023000
35062,122,314,12,1,2021-12-03 13:28:39.933000
35062,122,315,12,1,2021-12-03 13:28:39.933000
35062,122,316,12,1,2021-12-03 13:28:39.933000
35062,122,317,12,1,2021-12-03 13:28:39.933000
35062,122,318,12,1,2021-12-03 13:28:39.933000
35062,122,319,12,1,2021-12-03 13:28:39.933000
35062,122,320,12,1,2021-12-03 13:28:39.933000
35062,122,321,12,1,2021-12-03 13:28:39.933000
35062,122,322,12,1,2021-12-03 13:28:39.933000
35062,122,323,12,1,2021-12-03 13:28:39.933000
35062,122,324,12,1,2021-12-03 13:28:39.933000
35062,122,325,12,1,2021-12-03 13:28:39.933000
35062,122,326,12,1,2021-12-03 13:28:39.933000
35062,122,327,12,1,2021-12-03 13:28:39.933000
35062,122,328,12,1,2021-12-03 13:28:39.933000
35062,122,329,12,1,2021-12-03 13:28:39.933000
35062,122,330,12,1,2021-12-03 13:28:39.933000
35062,122,331,12,1,2021-12-03 13:28:39.933000
35062,122,332,12,1,2021-12-03 13:28:39.933000
35062,122,333,12,1,2021-12-03 13:28:39.933000
35062,122,334,12,1,2021-12-03 13:28:39.933000
35062,122,335,12,1,2021-12-03 13:28:39.933000
35062,122,336,12,1,2021-12-03 13:28:39.933000
35062,122,337,12,1,2021-12-03 13:28:39.933000
35062,122,338,12,1,2021-12-03 13:28:39.933000
35062,122,339,12,1,2021-12-03 13:28:39.933000
35070,76,314,12,1,2020-08-06 16:33:38.637000
35070,76,315,12,1,2020-08-06 16:33:38.637000
35070,76,316,12,1,2020-08-06 16:33:38.637000
35070,76,317,12,1,2020-08-06 16:33:38.637000
35070,76,318,12,1,2020-08-06 16:33:38.637000
35070,76,319,12,1,2020-08-06 16:33:38.637000
35070,76,320,12,1,2020-08-06 16:33:38.637000
35070,76,321,12,1,2020-08-06 16:33:38.637000
35070,76,322,12,1,2020-08-06 16:33:38.637000
35070,76,323,12,1,2020-08-06 16:33:38.637000
35070,76,324,12,1,2020-08-06 16:33:38.637000
35070,76,325,12,1,2020-08-06 16:33:38.637000
35070,76,326,12,1,2020-08-06 16:33:38.637000
35070,76,327,12,1,2020-08-06 16:33:38.637000
35070,76,328,12,1,2020-08-06 16:33:38.637000
35070,76,329,12,1,2020-08-06 16:33:38.637000
35070,76,330,12,1,2020-08-06 16:33:38.637000
35070,76,331,12,1,2020-08-06 16:33:38.637000
35070,76,332,12,1,2020-08-06 16:33:38.637000
35070,76,333,12,1,2020-08-06 16:33:38.637000
35070,76,334,12,1,2020-08-06 16:33:38.637000
35070,76,335,12,1,2020-08-06 16:33:38.637000
35070,76,336,12,1,2020-08-06 16:33:38.637000
35070,76,337,12,1,2020-08-06 16:33:38.637000
35070,76,338,12,1,2020-08-06 16:33:38.637000
35070,76,339,12,1,2020-08-06 16:33:38.637000
35073,51,374,13,1,2023-07-20 14:44:40.660000
35073,51,375,13,1,2023-07-20 14:44:40.660000
35073,51,376,13,1,2023-07-20 14:44:40.660000
35073,51,377,13,1,2023-07-20 14:44:40.660000
35073,51,378,13,1,2023-07-20 14:44:40.660000
35073,51,379,13,1,2023-07-20 14:44:40.660000
35073,51,380,13,1,2023-07-20 14:44:40.660000
35073,51,381,13,1,2023-07-20 14:44:40.660000
35073,51,391,12,1,2023-07-20 14:44:40.660000
35073,51,392,12,1,2023-07-20 14:44:40.660000
35073,51,393,12,1,2023-07-20 14:44:40.660000
35073,51,394,12,1,2023-07-20 14:44:40.660000
35073,51,395,12,1,2023-07-20 14:44:40.660000
35073,51,396,12,1,2023-07-20 14:44:40.660000
35074,33,500,8,1,2026-07-14 20:41:55.793000
35074,33,501,8,1,2026-07-14 20:41:55.793000
35074,33,502,8,1,2026-07-14 20:41:55.793000
35074,33,504,9,1,2026-07-14 20:41:55.793000
35074,33,505,9,1,2026-07-14 20:41:55.793000
35074,33,506,9,1,2026-07-14 20:41:55.793000
35074,33,507,13,1,2026-07-14 20:41:55.793000
35074,33,508,13,1,2026-07-14 20:41:55.793000
35074,33,509,13,1,2026-07-14 20:41:55.793000
35074,33,510,13,1,2026-07-14 20:41:55.793000
35074,33,511,13,1,2026-07-14 20:41:55.793000
35074,33,512,13,1,2026-07-14 20:41:55.793000
35074,33,513,13,1,2026-07-14 20:41:55.793000
35074,33,514,13,1,2026-07-14 20:41:55.793000
35074,33,515,13,1,2026-07-14 20:41:55.793000
35074,33,516,13,1,2026-07-14 20:41:55.793000
35074,33,517,13,1,2026-07-14 20:41:55.793000
35074,33,519,13,1,2026-07-14 20:41:55.793000
35074,33,520,13,1,2026-07-14 20:41:55.793000
35074,33,521,13,1,2026-07-14 20:41:55.793000
35074,33,522,13,1,2026-07-14 20:41:55.793000
35074,33,523,13,1,2026-07-14 20:41:55.793000
35075,35,500,8,1,2026-07-14 20:41:57.787000
35075,35,501,8,1,2026-07-14 20:41:57.787000
35075,35,502,8,1,2026-07-14 20:41:57.787000
35075,35,504,9,1,2026-07-14 20:41:57.787000
35075,35,505,9,1,2026-07-14 20:41:57.787000
35075,35,506,9,1,2026-07-14 20:41:57.787000
35075,35,507,13,1,2026-07-14 20:41:57.787000
35075,35,508,13,1,2026-07-14 20:41:57.787000
35075,35,509,13,1,2026-07-14 20:41:57.787000
35075,35,510,13,1,2026-07-14 20:41:57.787000
35075,35,511,13,1,2026-07-14 20:41:57.787000
35075,35,512,13,1,2026-07-14 20:41:57.787000
35075,35,513,13,1,2026-07-14 20:41:57.787000
35075,35,514,13,1,2026-07-14 20:41:57.787000
35075,35,515,13,1,2026-07-14 20:41:57.787000
35075,35,516,13,1,2026-07-14 20:41:57.787000
35075,35,517,13,1,2026-07-14 20:41:57.787000
35075,35,519,13,1,2026-07-14 20:41:57.787000
35075,35,520,13,1,2026-07-14 20:41:57.787000
35075,35,521,13,1,2026-07-14 20:41:57.787000
35075,35,522,13,1,2026-07-14 20:41:57.787000
35075,35,523,13,1,2026-07-14 20:41:57.787000
35076,57,500,8,1,2026-07-14 20:41:58.457000
35076,57,501,8,1,2026-07-14 20:41:58.457000
35076,57,502,8,1,2026-07-14 20:41:58.457000
35076,57,504,9,1,2026-07-14 20:41:58.457000
35076,57,505,9,1,2026-07-14 20:41:58.457000
35076,57,506,9,1,2026-07-14 20:41:58.457000
35076,57,507,13,1,2026-07-14 20:41:58.457000
35076,57,508,13,1,2026-07-14 20:41:58.457000
35076,57,509,13,1,2026-07-14 20:41:58.457000
35076,57,510,13,1,2026-07-14 20:41:58.457000
35076,57,511,13,1,2026-07-14 20:41:58.457000
35076,57,512,13,1,2026-07-14 20:41:58.457000
35076,57,513,13,1,2026-07-14 20:41:58.457000
35076,57,514,13,1,2026-07-14 20:41:58.457000
35076,57,515,13,1,2026-07-14 20:41:58.457000
35076,57,516,13,1,2026-07-14 20:41:58.457000
35076,57,517,13,1,2026-07-14 20:41:58.457000
35076,57,519,13,1,2026-07-14 20:41:58.457000
35076,57,520,13,1,2026-07-14 20:41:58.457000
35076,57,521,13,1,2026-07-14 20:41:58.457000
35076,57,522,13,1,2026-07-14 20:41:58.457000
35076,57,523,13,1,2026-07-14 20:41:58.457000
35080,54,500,8,1,2026-07-14 20:41:58.330000
35080,54,501,8,1,2026-07-14 20:41:58.330000
35080,54,502,8,1,2026-07-14 20:41:58.330000
35080,54,504,9,1,2026-07-14 20:41:58.330000
35080,54,505,9,1,2026-07-14 20:41:58.330000
35080,54,506,9,1,2026-07-14 20:41:58.330000
35080,54,507,13,1,2026-07-14 20:41:58.330000
35080,54,508,13,1,2026-07-14 20:41:58.330000
35080,54,509,13,1,2026-07-14 20:41:58.330000
35080,54,510,13,1,2026-07-14 20:41:58.330000
35080,54,511,13,1,2026-07-14 20:41:58.330000
35080,54,512,13,1,2026-07-14 20:41:58.330000
35080,54,513,13,1,2026-07-14 20:41:58.330000
35080,54,514,13,1,2026-07-14 20:41:58.330000
35080,54,515,13,1,2026-07-14 20:41:58.330000
35080,54,516,13,1,2026-07-14 20:41:58.330000
35080,54,517,13,1,2026-07-14 20:41:58.330000
35080,54,519,13,1,2026-07-14 20:41:58.330000
35080,54,520,13,1,2026-07-14 20:41:58.330000
35080,54,521,13,1,2026-07-14 20:41:58.330000
35080,54,522,13,1,2026-07-14 20:41:58.330000
35080,54,523,13,1,2026-07-14 20:41:58.330000
35081,85,314,12,1,2023-10-20 14:22:30.837000
35081,85,315,12,1,2023-10-20 14:22:30.837000
35081,85,316,12,1,2023-10-20 14:22:30.837000
35081,85,317,12,1,2023-10-20 14:22:30.837000
35081,85,318,12,1,2023-10-20 14:22:30.837000
35081,85,319,12,1,2023-10-20 14:22:30.837000
35081,85,320,12,1,2023-10-20 14:22:30.837000
35081,85,321,12,1,2023-10-20 14:22:30.837000
35081,85,322,12,1,2023-10-20 14:22:30.837000
35081,85,323,12,1,2023-10-20 14:22:30.837000
35081,85,324,12,1,2023-10-20 14:22:30.837000
35081,85,325,12,1,2023-10-20 14:22:30.837000
35081,85,326,12,1,2023-10-20 14:22:30.837000
35081,85,327,12,1,2023-10-20 14:22:30.837000
35081,85,328,12,1,2023-10-20 14:22:30.837000
35081,85,329,12,1,2023-10-20 14:22:30.837000
35081,85,330,12,1,2023-10-20 14:22:30.837000
35081,85,331,12,1,2023-10-20 14:22:30.837000
35081,85,332,12,1,2023-10-20 14:22:30.837000
35081,85,333,12,1,2023-10-20 14:22:30.837000
35081,85,334,12,1,2023-10-20 14:22:30.837000
35081,85,335,12,1,2023-10-20 14:22:30.837000
35081,85,336,12,1,2023-10-20 14:22:30.837000
35081,85,337,12,1,2023-10-20 14:22:30.837000
35081,85,338,12,1,2023-10-20 14:22:30.837000
35081,85,339,12,1,2023-10-20 14:22:30.837000
35083,108,314,12,1,2025-03-14 11:33:32.780000
35083,108,315,12,1,2025-03-14 11:33:32.780000
35083,108,316,12,1,2025-03-14 11:33:32.780000
35083,108,317,12,1,2025-03-14 11:33:32.780000
35083,108,318,12,1,2025-03-14 11:33:32.780000
35083,108,319,12,1,2025-03-14 11:33:32.780000
35083,108,320,12,1,2025-03-14 11:33:32.780000
35083,108,321,12,1,2025-03-14 11:33:32.780000
35083,108,322,12,1,2025-03-14 11:33:32.780000
35083,108,323,12,1,2025-03-14 11:33:32.780000
35083,108,324,12,1,2025-03-14 11:33:32.780000
35083,108,325,12,1,2025-03-14 11:33:32.780000
35083,108,326,12,1,2025-03-14 11:33:32.780000
35083,108,327,12,1,2025-03-14 11:33:32.780000
35083,108,328,12,1,2025-03-14 11:33:32.780000
35083,108,329,12,1,2025-03-14 11:33:32.780000
35083,108,330,12,1,2025-03-14 11:33:32.780000
35083,108,331,12,1,2025-03-14 11:33:32.780000
35083,108,332,12,1,2025-03-14 11:33:32.780000
35083,108,333,12,1,2025-03-14 11:33:32.780000
35083,108,334,12,1,2025-03-14 11:33:32.780000
35083,108,335,12,1,2025-03-14 11:33:32.780000
35083,108,336,12,1,2025-03-14 11:33:32.780000
35083,108,337,12,1,2025-03-14 11:33:32.780000
35083,108,338,12,1,2025-03-14 11:33:32.780000
35083,108,339,12,1,2025-03-14 11:33:32.780000
35089,30,314,12,1,2019-11-15 16:20:57.917000
35089,30,315,12,1,2019-11-15 16:20:57.917000
35089,30,316,12,1,2019-11-15 16:20:57.917000
35089,30,317,12,1,2019-11-15 16:20:57.917000
35089,30,318,12,1,2019-11-15 16:20:57.917000
35089,30,319,12,1,2019-11-15 16:20:57.917000
35089,30,320,12,1,2019-11-15 16:20:57.917000
35089,30,321,12,1,2019-11-15 16:20:57.917000
35089,30,322,12,1,2019-11-15 16:20:57.917000
35089,30,323,12,1,2019-11-15 16:20:57.917000
35089,30,324,12,1,2019-11-15 16:20:57.917000
35089,30,325,12,1,2019-11-15 16:20:57.917000
35089,30,326,12,1,2019-11-15 16:20:57.917000
35089,30,327,12,1,2019-11-15 16:20:57.917000
35089,30,328,12,1,2019-11-15 16:20:57.917000
35089,30,329,12,1,2019-11-15 16:20:57.917000
35089,30,330,12,1,2019-11-15 16:20:57.917000
35089,30,331,12,1,2019-11-15 16:20:57.917000
35089,30,332,12,1,2019-11-15 16:20:57.917000
35089,30,333,12,1,2019-11-15 16:20:57.917000
35089,30,334,12,1,2019-11-15 16:20:57.917000
35089,30,335,12,1,2019-11-15 16:20:57.917000
35089,30,336,12,1,2019-11-15 16:20:57.917000
35089,30,337,12,1,2019-11-15 16:20:57.917000
35089,30,338,12,1,2019-11-15 16:20:57.917000
35089,30,339,12,1,2019-11-15 16:20:57.917000
35090,95,314,12,1,2022-05-13 11:22:01.163000
35090,95,315,12,1,2022-05-13 11:22:01.163000
35090,95,316,12,1,2022-05-13 11:22:01.163000
35090,95,317,12,1,2022-05-13 11:22:01.163000
35090,95,318,12,1,2022-05-13 11:22:01.163000
35090,95,319,12,1,2022-05-13 11:22:01.163000
35090,95,320,12,1,2022-05-13 11:22:01.163000
35090,95,321,12,1,2022-05-13 11:22:01.163000
35090,95,322,12,1,2022-05-13 11:22:01.163000
35090,95,323,12,1,2022-05-13 11:22:01.163000
35090,95,324,12,1,2022-05-13 11:22:01.163000
35090,95,325,12,1,2022-05-13 11:22:01.163000
35090,95,326,12,1,2022-05-13 11:22:01.163000
35090,95,327,12,1,2022-05-13 11:22:01.163000
35090,95,328,12,1,2022-05-13 11:22:01.163000
35090,95,329,12,1,2022-05-13 11:22:01.163000
35090,95,330,12,1,2022-05-13 11:22:01.163000
35090,95,331,12,1,2022-05-13 11:22:01.163000
35090,95,332,12,1,2022-05-13 11:22:01.163000
35090,95,333,12,1,2022-05-13 11:22:01.163000
35090,95,334,12,1,2022-05-13 11:22:01.163000
35090,95,335,12,1,2022-05-13 11:22:01.163000
35090,95,336,12,1,2022-05-13 11:22:01.163000
35090,95,337,12,1,2022-05-13 11:22:01.163000
35090,95,338,12,1,2022-05-13 11:22:01.163000
35090,95,339,12,1,2022-05-13 11:22:01.163000
35091,103,314,12,1,2021-09-03 12:16:56.577000
35091,103,315,12,1,2021-09-03 12:16:56.577000
35091,103,316,12,1,2021-09-03 12:16:56.577000
35091,103,317,12,1,2021-09-03 12:16:56.577000
35091,103,318,12,1,2021-09-03 12:16:56.577000
35091,103,319,12,1,2021-09-03 12:16:56.577000
35091,103,320,12,1,2021-09-03 12:16:56.577000
35091,103,321,12,1,2021-09-03 12:16:56.577000
35091,103,322,12,1,2021-09-03 12:16:56.577000
35091,103,323,12,1,2021-09-03 12:16:56.577000
35091,103,324,12,1,2021-09-03 12:16:56.577000
35091,103,325,12,1,2021-09-03 12:16:56.577000
35091,103,326,12,1,2021-09-03 12:16:56.577000
35091,103,327,12,1,2021-09-03 12:16:56.577000
35091,103,328,12,1,2021-09-03 12:16:56.577000
35091,103,329,12,1,2021-09-03 12:16:56.577000
35091,103,330,12,1,2021-09-03 12:16:56.577000
35091,103,331,12,1,2021-09-03 12:16:56.577000
35091,103,332,12,1,2021-09-03 12:16:56.577000
35091,103,333,12,1,2021-09-03 12:16:56.577000
35091,103,334,12,1,2021-09-03 12:16:56.577000
35091,103,335,12,1,2021-09-03 12:16:56.577000
35091,103,336,12,1,2021-09-03 12:16:56.577000
35091,103,337,12,1,2021-09-03 12:16:56.577000
35091,103,338,12,1,2021-09-03 12:16:56.577000
35091,103,339,12,1,2021-09-03 12:16:56.577000
35092,78,314,12,1,2019-11-01 17:43:55.267000
35092,78,315,12,1,2019-11-01 17:43:55.267000
35092,78,316,12,1,2019-11-01 17:43:55.267000
35092,78,317,12,1,2019-11-01 17:43:55.267000
35092,78,318,12,1,2019-11-01 17:43:55.267000
35092,78,319,12,1,2019-11-01 17:43:55.267000
35092,78,320,12,1,2019-11-01 17:43:55.267000
35092,78,321,12,1,2019-11-01 17:43:55.267000
35092,78,322,12,1,2019-11-01 17:43:55.267000
35092,78,323,12,1,2019-11-01 17:43:55.267000
35092,78,324,12,1,2019-11-01 17:43:55.267000
35092,78,325,12,1,2019-11-01 17:43:55.267000
35092,78,326,12,1,2019-11-01 17:43:55.267000
35092,78,327,12,1,2019-11-01 17:43:55.267000
35092,78,328,12,1,2019-11-01 17:43:55.267000
35092,78,329,12,1,2019-11-01 17:43:55.267000
35092,78,330,12,1,2019-11-01 17:43:55.267000
35092,78,331,12,1,2019-11-01 17:43:55.267000
35092,78,332,12,1,2019-11-01 17:43:55.267000
35092,78,333,12,1,2019-11-01 17:43:55.267000
35092,78,334,12,1,2019-11-01 17:43:55.267000
35092,78,335,12,1,2019-11-01 17:43:55.267000
35092,78,336,12,1,2019-11-01 17:43:55.267000
35092,78,337,12,1,2019-11-01 17:43:55.267000
35092,78,338,12,1,2019-11-01 17:43:55.267000
35092,78,339,12,1,2019-11-01 17:43:55.267000
35093,114,314,12,1,2022-12-16 13:45:38.023000
35093,114,315,12,1,2022-12-16 13:45:38.023000
35093,114,316,12,1,2022-12-16 13:45:38.023000
35093,114,317,12,1,2022-12-16 13:45:38.023000
35093,114,318,12,1,2022-12-16 13:45:38.023000
35093,114,319,12,1,2022-12-16 13:45:38.023000
35093,114,320,12,1,2022-12-16 13:45:38.023000
35093,114,321,12,1,2022-12-16 13:45:38.023000
35093,114,322,12,1,2022-12-16 13:45:38.023000
35093,114,323,12,1,2022-12-16 13:45:38.023000
35093,114,324,12,1,2022-12-16 13:45:38.023000
35093,114,325,12,1,2022-12-16 13:45:38.023000
35093,114,326,12,1,2022-12-16 13:45:38.023000
35093,114,327,12,1,2022-12-16 13:45:38.023000
35093,114,328,12,1,2022-12-16 13:45:38.023000
35093,114,329,12,1,2022-12-16 13:45:38.023000
35093,114,330,12,1,2022-12-16 13:45:38.023000
35093,114,331,12,1,2022-12-16 13:45:38.023000
35093,114,332,12,1,2022-12-16 13:45:38.023000
35093,114,333,12,1,2022-12-16 13:45:38.023000
35093,114,334,12,1,2022-12-16 13:45:38.023000
35093,114,335,12,1,2022-12-16 13:45:38.023000
35093,114,336,12,1,2022-12-16 13:45:38.023000
35093,114,337,12,1,2022-12-16 13:45:38.023000
35093,114,338,12,1,2022-12-16 13:45:38.023000
35093,114,339,12,1,2022-12-16 13:45:38.023000
35098,28,500,8,1,2026-07-14 20:41:56.603000
35098,28,501,8,1,2026-07-14 20:41:56.603000
35098,28,502,8,1,2026-07-14 20:41:56.603000
35098,28,504,9,1,2026-07-14 20:41:56.603000
35098,28,505,9,1,2026-07-14 20:41:56.603000
35098,28,506,9,1,2026-07-14 20:41:56.603000
35098,28,507,13,1,2026-07-14 20:41:56.603000
35098,28,508,13,1,2026-07-14 20:41:56.603000
35098,28,509,13,1,2026-07-14 20:41:56.603000
35098,28,510,13,1,2026-07-14 20:41:56.603000
35098,28,511,13,1,2026-07-14 20:41:56.603000
35098,28,512,13,1,2026-07-14 20:41:56.603000
35098,28,513,13,1,2026-07-14 20:41:56.603000
35098,28,514,13,1,2026-07-14 20:41:56.603000
35098,28,515,13,1,2026-07-14 20:41:56.603000
35098,28,516,13,1,2026-07-14 20:41:56.603000
35098,28,517,13,1,2026-07-14 20:41:56.603000
35098,28,519,13,1,2026-07-14 20:41:56.603000
35098,28,520,13,1,2026-07-14 20:41:56.603000
35098,28,521,13,1,2026-07-14 20:41:56.603000
35098,28,522,13,1,2026-07-14 20:41:56.603000
35098,28,523,13,1,2026-07-14 20:41:56.603000
35099,60,314,12,1,2019-11-01 17:44:40.730000
35099,60,315,12,1,2019-11-01 17:44:40.730000
35099,60,316,12,1,2019-11-01 17:44:40.730000
35099,60,317,12,1,2019-11-01 17:44:40.730000
35099,60,318,12,1,2019-11-01 17:44:40.730000
35099,60,319,12,1,2019-11-01 17:44:40.730000
35099,60,320,12,1,2019-11-01 17:44:40.730000
35099,60,321,12,1,2019-11-01 17:44:40.730000
35099,60,322,12,1,2019-11-01 17:44:40.730000
35099,60,323,12,1,2019-11-01 17:44:40.730000
35099,60,324,12,1,2019-11-01 17:44:40.730000
35099,60,325,12,1,2019-11-01 17:44:40.730000
35099,60,326,12,1,2019-11-01 17:44:40.730000
35099,60,327,12,1,2019-11-01 17:44:40.730000
35099,60,328,12,1,2019-11-01 17:44:40.730000
35099,60,329,12,1,2019-11-01 17:44:40.730000
35099,60,330,12,1,2019-11-01 17:44:40.730000
35099,60,331,12,1,2019-11-01 17:44:40.730000
35099,60,332,12,1,2019-11-01 17:44:40.730000
35099,60,333,12,1,2019-11-01 17:44:40.730000
35099,60,334,12,1,2019-11-01 17:44:40.730000
35099,60,335,12,1,2019-11-01 17:44:40.730000
35099,60,336,12,1,2019-11-01 17:44:40.730000
35099,60,337,12,1,2019-11-01 17:44:40.730000
35099,60,338,12,1,2019-11-01 17:44:40.730000
35099,60,339,12,1,2019-11-01 17:44:40.730000
35101,128,314,12,1,2024-02-22 17:58:41.573000
35101,128,315,12,1,2024-02-22 17:58:41.573000
35101,128,316,12,1,2024-02-22 17:58:41.573000
35101,128,317,12,1,2024-02-22 17:58:41.573000
35101,128,318,12,1,2024-02-22 17:58:41.573000
35101,128,319,12,1,2024-02-22 17:58:41.573000
35101,128,320,12,1,2024-02-22 17:58:41.573000
35101,128,321,12,1,2024-02-22 17:58:41.573000
35101,128,322,12,1,2024-02-22 17:58:41.573000
35101,128,323,12,1,2024-02-22 17:58:41.573000
35101,128,324,12,1,2024-02-22 17:58:41.573000
35101,128,325,12,1,2024-02-22 17:58:41.573000
35101,128,326,12,1,2024-02-22 17:58:41.573000
35101,128,327,12,1,2024-02-22 17:58:41.573000
35101,128,328,12,1,2024-02-22 17:58:41.573000
35101,128,329,12,1,2024-02-22 17:58:41.573000
35101,128,330,12,1,2024-02-22 17:58:41.573000
35101,128,331,12,1,2024-02-22 17:58:41.573000
35101,128,332,12,1,2024-02-22 17:58:41.573000
35101,128,333,12,1,2024-02-22 17:58:41.573000
35101,128,334,12,1,2024-02-22 17:58:41.573000
35101,128,335,12,1,2024-02-22 17:58:41.573000
35101,128,336,12,1,2024-02-22 17:58:41.573000
35101,128,337,12,1,2024-02-22 17:58:41.573000
35101,128,338,12,1,2024-02-22 17:58:41.573000
35101,128,339,12,1,2024-02-22 17:58:41.573000
35121,35,143,8,1,2025-10-21 15:09:08.533000
35121,35,144,8,1,2025-10-21 15:09:08.533000
35121,35,145,8,1,2025-10-21 15:09:08.533000
35121,35,146,8,1,2025-10-21 15:09:08.533000
35121,35,147,9,1,2025-10-21 15:09:08.533000
35121,35,148,9,1,2025-10-21 15:09:08.533000
35121,35,149,9,1,2025-10-21 15:09:08.533000
35121,35,151,9,1,2025-10-21 15:09:08.533000
35121,35,264,8,1,2025-10-21 15:09:08.533000
35121,35,265,9,1,2025-10-21 15:09:08.533000
35121,35,266,8,1,2025-10-21 15:09:08.533000
35121,35,267,9,1,2025-10-21 15:09:08.533000
35121,35,268,8,1,2025-10-21 15:09:08.533000
35124,25,143,8,1,2025-10-21 14:29:31.807000
35124,25,144,8,1,2025-10-21 14:29:31.807000
35124,25,145,8,1,2025-10-21 14:29:31.807000
35124,25,146,8,1,2025-10-21 14:29:31.807000
35124,25,147,9,1,2025-10-21 14:29:31.807000
35124,25,148,9,1,2025-10-21 14:29:31.807000
35124,25,149,9,1,2025-10-21 14:29:31.807000
35124,25,151,9,1,2025-10-21 14:29:31.807000
35124,25,264,8,1,2025-10-21 14:29:31.807000
35124,25,265,9,1,2025-10-21 14:29:31.807000
35124,25,266,8,1,2025-10-21 14:29:31.807000
35124,25,267,9,1,2025-10-21 14:29:31.807000
35124,25,268,8,1,2025-10-21 14:29:31.807000
35125,77,314,12,1,2026-04-10 13:51:01.280000
35125,77,315,12,1,2026-04-10 13:51:01.280000
35125,77,316,12,1,2026-04-10 13:51:01.280000
35125,77,317,12,1,2026-04-10 13:51:01.280000
35125,77,318,12,1,2026-04-10 13:51:01.280000
35125,77,319,12,1,2026-04-10 13:51:01.280000
35125,77,320,12,1,2026-04-10 13:51:01.280000
35125,77,321,12,1,2026-04-10 13:51:01.280000
35125,77,322,12,1,2026-04-10 13:51:01.280000
35125,77,323,12,1,2026-04-10 13:51:01.280000
35125,77,324,12,1,2026-04-10 13:51:01.280000
35125,77,325,12,1,2026-04-10 13:51:01.280000
35125,77,326,12,1,2026-04-10 13:51:01.280000
35125,77,327,12,1,2026-04-10 13:51:01.280000
35125,77,328,12,1,2026-04-10 13:51:01.280000
35125,77,329,12,1,2026-04-10 13:51:01.280000
35125,77,330,12,1,2026-04-10 13:51:01.280000
35125,77,331,12,1,2026-04-10 13:51:01.280000
35125,77,332,12,1,2026-04-10 13:51:01.280000
35125,77,333,12,1,2026-04-10 13:51:01.280000
35125,77,334,12,1,2026-04-10 13:51:01.280000
35125,77,335,12,1,2026-04-10 13:51:01.280000
35125,77,336,12,1,2026-04-10 13:51:01.280000
35125,77,337,12,1,2026-04-10 13:51:01.280000
35125,77,338,12,1,2026-04-10 13:51:01.280000
35125,77,339,12,1,2026-04-10 13:51:01.280000
35130,66,314,12,1,2021-05-21 12:53:05.100000
35130,66,315,12,1,2021-05-21 12:53:05.100000
35130,66,316,12,1,2021-05-21 12:53:05.100000
35130,66,317,12,1,2021-05-21 12:53:05.100000
35130,66,318,12,1,2021-05-21 12:53:05.100000
35130,66,319,12,1,2021-05-21 12:53:05.100000
35130,66,320,12,1,2021-05-21 12:53:05.100000
35130,66,321,12,1,2021-05-21 12:53:05.100000
35130,66,322,12,1,2021-05-21 12:53:05.100000
35130,66,323,12,1,2021-05-21 12:53:05.100000
35130,66,324,12,1,2021-05-21 12:53:05.100000
35130,66,325,12,1,2021-05-21 12:53:05.100000
35130,66,326,12,1,2021-05-21 12:53:05.100000
35130,66,327,12,1,2021-05-21 12:53:05.100000
35130,66,328,12,1,2021-05-21 12:53:05.100000
35130,66,329,12,1,2021-05-21 12:53:05.100000
35130,66,330,12,1,2021-05-21 12:53:05.100000
35130,66,331,12,1,2021-05-21 12:53:05.100000
35130,66,332,12,1,2021-05-21 12:53:05.100000
35130,66,333,12,1,2021-05-21 12:53:05.100000
35130,66,334,12,1,2021-05-21 12:53:05.100000
35130,66,335,12,1,2021-05-21 12:53:05.100000
35130,66,336,12,1,2021-05-21 12:53:05.100000
35130,66,337,12,1,2021-05-21 12:53:05.100000
35130,66,338,12,1,2021-05-21 12:53:05.100000
35130,66,339,12,1,2021-05-21 12:53:05.100000
35132,54,373,13,1,2025-04-09 15:19:58.057000
35136,37,340,12,1,2025-10-08 11:56:21.687000
35136,37,341,12,1,2025-10-08 11:56:21.687000
35136,37,342,12,1,2025-10-08 11:56:21.687000
35136,37,343,12,1,2025-10-08 11:56:21.687000
35136,37,344,12,1,2025-10-08 11:56:21.687000
35136,37,345,12,1,2025-10-08 11:56:21.687000
35136,37,346,12,1,2025-10-08 11:56:21.687000
35136,37,347,12,1,2025-10-08 11:56:21.687000
35136,37,348,12,1,2025-10-08 11:56:21.687000
35136,37,349,12,1,2025-10-08 11:56:21.687000
35136,37,350,12,1,2025-10-08 11:56:21.687000
35136,37,351,12,1,2025-10-08 11:56:21.687000
35136,37,352,12,1,2025-10-08 11:56:21.687000
35136,37,353,12,1,2025-10-08 11:56:21.687000
35136,37,354,12,1,2025-10-08 11:56:21.687000
35136,37,355,12,1,2025-10-08 11:56:21.687000
35136,37,356,12,1,2025-10-08 11:56:21.687000
35136,37,357,12,1,2025-10-08 11:56:21.687000
35136,37,358,12,1,2025-10-08 11:56:21.687000
35136,37,359,12,1,2025-10-08 11:56:21.687000
35136,37,360,12,1,2025-10-08 11:56:21.687000
35136,37,361,12,1,2025-10-08 11:56:21.687000
35136,37,362,12,1,2025-10-08 11:56:21.687000
35136,37,363,12,1,2025-10-08 11:56:21.687000
35136,37,364,12,1,2025-10-08 11:56:21.687000
35136,37,365,12,1,2025-10-08 11:56:21.687000
35136,37,366,12,1,2025-10-08 11:56:21.687000
35136,37,367,12,1,2025-10-08 11:56:21.687000
35138,43,314,12,1,2019-10-11 16:53:44.090000
35138,43,315,12,1,2019-10-11 16:53:44.090000
35138,43,316,12,1,2019-10-11 16:53:44.090000
35138,43,317,12,1,2019-10-11 16:53:44.090000
35138,43,318,12,1,2019-10-11 16:53:44.090000
35138,43,319,12,1,2019-10-11 16:53:44.090000
35138,43,320,12,1,2019-10-11 16:53:44.090000
35138,43,321,12,1,2019-10-11 16:53:44.090000
35138,43,322,12,1,2019-10-11 16:53:44.090000
35138,43,323,12,1,2019-10-11 16:53:44.090000
35138,43,324,12,1,2019-10-11 16:53:44.090000
35138,43,325,12,1,2019-10-11 16:53:44.090000
35138,43,326,12,1,2019-10-11 16:53:44.090000
35138,43,327,12,1,2019-10-11 16:53:44.090000
35138,43,328,12,1,2019-10-11 16:53:44.090000
35138,43,329,12,1,2019-10-11 16:53:44.090000
35138,43,330,12,1,2019-10-11 16:53:44.090000
35138,43,331,12,1,2019-10-11 16:53:44.090000
35138,43,332,12,1,2019-10-11 16:53:44.090000
35138,43,333,12,1,2019-10-11 16:53:44.090000
35138,43,334,12,1,2019-10-11 16:53:44.090000
35138,43,335,12,1,2019-10-11 16:53:44.090000
35138,43,336,12,1,2019-10-11 16:53:44.090000
35138,43,337,12,1,2019-10-11 16:53:44.090000
35138,43,338,12,1,2019-10-11 16:53:44.090000
35138,43,339,12,1,2019-10-11 16:53:44.090000
35160,62,340,12,1,2026-01-26 13:28:20.917000
35160,62,341,12,1,2026-01-26 13:28:20.917000
35160,62,342,12,1,2026-01-26 13:28:20.917000
35160,62,343,12,1,2026-01-26 13:28:20.917000
35160,62,344,12,1,2026-01-26 13:28:20.917000
35160,62,345,12,1,2026-01-26 13:28:20.917000
35160,62,346,12,1,2026-01-26 13:28:20.917000
35160,62,347,12,1,2026-01-26 13:28:20.917000
35160,62,348,12,1,2026-01-26 13:28:20.917000
35160,62,349,12,1,2026-01-26 13:28:20.917000
35160,62,350,12,1,2026-01-26 13:28:20.917000
35160,62,351,12,1,2026-01-26 13:28:20.917000
35160,62,352,12,1,2026-01-26 13:28:20.917000
35160,62,353,12,1,2026-01-26 13:28:20.917000
35160,62,354,12,1,2026-01-26 13:28:20.917000
35160,62,355,12,1,2026-01-26 13:28:20.917000
35160,62,356,12,1,2026-01-26 13:28:20.917000
35160,62,357,12,1,2026-01-26 13:28:20.917000
35160,62,358,12,1,2026-01-26 13:28:20.917000
35160,62,359,12,1,2026-01-26 13:28:20.917000
35160,62,360,12,1,2026-01-26 13:28:20.917000
35160,62,361,12,1,2026-01-26 13:28:20.917000
35160,62,362,12,1,2026-01-26 13:28:20.917000
35160,62,363,12,1,2026-01-26 13:28:20.917000
35160,62,364,12,1,2026-01-26 13:28:20.917000
35160,62,365,12,1,2026-01-26 13:28:20.917000
35160,62,366,12,1,2026-01-26 13:28:20.917000
35160,62,367,12,1,2026-01-26 13:28:20.917000
35163,29,340,12,1,2025-10-07 13:39:17.880000
35163,29,341,12,1,2025-10-07 13:39:17.880000
35163,29,342,12,1,2025-10-07 13:39:17.880000
35163,29,343,12,1,2025-10-07 13:39:17.880000
35163,29,344,12,1,2025-10-07 13:39:17.880000
35163,29,345,12,1,2025-10-07 13:39:17.880000
35163,29,346,12,1,2025-10-07 13:39:17.880000
35163,29,347,12,1,2025-10-07 13:39:17.880000
35163,29,348,12,1,2025-10-07 13:39:17.880000
35163,29,349,12,1,2025-10-07 13:39:17.880000
35163,29,350,12,1,2025-10-07 13:39:17.880000
35163,29,351,12,1,2025-10-07 13:39:17.880000
35163,29,352,12,1,2025-10-07 13:39:17.880000
35163,29,353,12,1,2025-10-07 13:39:17.880000
35163,29,354,12,1,2025-10-07 13:39:17.880000
35163,29,355,12,1,2025-10-07 13:39:17.880000
35163,29,356,12,1,2025-10-07 13:39:17.880000
35163,29,357,12,1,2025-10-07 13:39:17.880000
35163,29,358,12,1,2025-10-07 13:39:17.880000
35163,29,359,12,1,2025-10-07 13:39:17.880000
35163,29,360,12,1,2025-10-07 13:39:17.880000
35163,29,361,12,1,2025-10-07 13:39:17.880000
35163,29,362,12,1,2025-10-07 13:39:17.880000
35163,29,363,12,1,2025-10-07 13:39:17.880000
35163,29,364,12,1,2025-10-07 13:39:17.880000
35163,29,365,12,1,2025-10-07 13:39:17.880000
35163,29,366,12,1,2025-10-07 13:39:17.880000
35163,29,367,12,1,2025-10-07 13:39:17.880000
35170,60,360,12,1,2025-12-29 17:44:10.973000
35170,60,361,12,1,2025-12-29 17:44:10.973000
35170,60,362,12,1,2025-12-29 17:44:10.973000
35170,60,363,12,1,2025-12-29 17:44:10.973000
35170,60,364,12,1,2025-12-29 17:44:10.973000
35170,60,365,12,1,2025-12-29 17:44:10.973000
35170,60,366,12,1,2025-12-29 17:44:10.973000
35170,60,367,12,1,2025-12-29 17:44:10.973000
35172,72,340,12,1,2025-12-29 17:45:28.363000
35172,72,341,12,1,2025-12-29 17:45:28.363000
35172,72,342,12,1,2025-12-29 17:45:28.363000
35172,72,343,12,1,2025-12-29 17:45:28.363000
35172,72,344,12,1,2025-12-29 17:45:28.363000
35172,72,345,12,1,2025-12-29 17:45:28.363000
35172,72,346,12,1,2025-12-29 17:45:28.363000
35172,72,347,12,1,2025-12-29 17:45:28.363000
35172,72,348,12,1,2025-12-29 17:45:28.363000
35172,72,349,12,1,2025-12-29 17:45:28.363000
35172,72,350,12,1,2025-12-29 17:45:28.363000
35172,72,351,12,1,2025-12-29 17:45:28.363000
35172,72,352,12,1,2025-12-29 17:45:28.363000
35172,72,353,12,1,2025-12-29 17:45:28.363000
35172,72,354,12,1,2025-12-29 17:45:28.363000
35172,72,355,12,1,2025-12-29 17:45:28.363000
35172,72,356,12,1,2025-12-29 17:45:28.363000
35172,72,357,12,1,2025-12-29 17:45:28.363000
35172,72,358,12,1,2025-12-29 17:45:28.363000
35172,72,359,12,1,2025-12-29 17:45:28.363000
35222,25,143,8,1,2023-11-20 13:17:47.107000
35222,25,144,8,1,2023-11-20 13:17:47.107000
35222,25,145,8,1,2023-11-20 13:17:47.107000
35222,25,146,8,1,2023-11-20 13:17:47.107000
35222,25,147,9,1,2023-11-20 13:17:47.107000
35222,25,148,9,1,2023-11-20 13:17:47.107000
35222,25,149,9,1,2023-11-20 13:17:47.107000
35222,25,151,9,1,2023-11-20 13:17:47.107000
35222,25,264,8,1,2023-11-20 13:17:47.107000
35222,25,265,9,1,2023-11-20 13:17:47.107000
35222,25,266,8,1,2023-11-20 13:17:47.107000
35222,25,267,9,1,2023-11-20 13:17:47.107000
35222,25,268,8,1,2023-11-20 13:17:47.107000
35249,20,228,9,2,2026-04-29 14:49:33.840000
35249,20,238,9,2,2026-04-29 14:49:33.840000
35249,20,239,8,1,2026-04-29 14:49:33.840000
35249,20,240,8,1,2026-04-29 14:49:33.840000
35350,60,314,12,1,2019-10-11 18:49:32.240000
35350,60,315,12,1,2019-10-11 18:49:32.240000
35350,60,316,12,1,2019-10-11 18:49:32.240000
35350,60,317,12,1,2019-10-11 18:49:32.240000
35350,60,318,12,1,2019-10-11 18:49:32.240000
35350,60,319,12,1,2019-10-11 18:49:32.240000
35350,60,320,12,1,2019-10-11 18:49:32.240000
35350,60,321,12,1,2019-10-11 18:49:32.240000
35350,60,322,12,1,2019-10-11 18:49:32.240000
35350,60,323,12,1,2019-10-11 18:49:32.240000
35350,60,324,12,1,2019-10-11 18:49:32.240000
35350,60,325,12,1,2019-10-11 18:49:32.240000
35350,60,326,12,1,2019-10-11 18:49:32.240000
35350,60,327,12,1,2019-10-11 18:49:32.240000
35350,60,328,12,1,2019-10-11 18:49:32.240000
35350,60,329,12,1,2019-10-11 18:49:32.240000
35350,60,330,12,1,2019-10-11 18:49:32.240000
35350,60,331,12,1,2019-10-11 18:49:32.240000
35350,60,332,12,1,2019-10-11 18:49:32.240000
35350,60,333,12,1,2019-10-11 18:49:32.240000
35350,60,334,12,1,2019-10-11 18:49:32.240000
35350,60,335,12,1,2019-10-11 18:49:32.240000
35350,60,336,12,1,2019-10-11 18:49:32.240000
35350,60,337,12,1,2019-10-11 18:49:32.240000
35350,60,338,12,1,2019-10-11 18:49:32.240000
35350,60,339,12,1,2019-10-11 18:49:32.240000
35391,17,314,12,1,2019-11-08 17:33:28.957000
35391,17,315,12,1,2019-11-08 17:33:28.957000
35391,17,316,12,1,2019-11-08 17:33:28.957000
35391,17,317,12,1,2019-11-08 17:33:28.957000
35391,17,318,12,1,2019-11-08 17:33:28.957000
35391,17,319,12,1,2019-11-08 17:33:28.957000
35391,17,320,12,1,2019-11-08 17:33:28.957000
35391,17,321,12,1,2019-11-08 17:33:28.957000
35391,17,322,12,1,2019-11-08 17:33:28.957000
35391,17,323,12,1,2019-11-08 17:33:28.957000
35391,17,324,12,1,2019-11-08 17:33:28.957000
35391,17,325,12,1,2019-11-08 17:33:28.957000
35391,17,326,12,1,2019-11-08 17:33:28.957000
35391,17,327,12,1,2019-11-08 17:33:28.957000
35391,17,328,12,1,2019-11-08 17:33:28.957000
35391,17,329,12,1,2019-11-08 17:33:28.957000
35391,17,330,12,1,2019-11-08 17:33:28.957000
35391,17,331,12,1,2019-11-08 17:33:28.957000
35391,17,332,12,1,2019-11-08 17:33:28.957000
35391,17,333,12,1,2019-11-08 17:33:28.957000
35391,17,334,12,1,2019-11-08 17:33:28.957000
35391,17,335,12,1,2019-11-08 17:33:28.957000
35391,17,336,12,1,2019-11-08 17:33:28.957000
35391,17,337,12,1,2019-11-08 17:33:28.957000
35391,17,338,12,1,2019-11-08 17:33:28.957000
35391,17,339,12,1,2019-11-08 17:33:28.957000
35395,48,314,12,1,2019-11-08 16:26:50.100000
35395,48,315,12,1,2019-11-08 16:26:50.100000
35395,48,316,12,1,2019-11-08 16:26:50.100000
35395,48,317,12,1,2019-11-08 16:26:50.100000
35395,48,318,12,1,2019-11-08 16:26:50.100000
35395,48,319,12,1,2019-11-08 16:26:50.100000
35395,48,320,12,1,2019-11-08 16:26:50.100000
35395,48,321,12,1,2019-11-08 16:26:50.100000
35395,48,322,12,1,2019-11-08 16:26:50.100000
35395,48,323,12,1,2019-11-08 16:26:50.100000
35395,48,324,12,1,2019-11-08 16:26:50.100000
35395,48,325,12,1,2019-11-08 16:26:50.100000
35395,48,326,12,1,2019-11-08 16:26:50.100000
35395,48,327,12,1,2019-11-08 16:26:50.100000
35395,48,328,12,1,2019-11-08 16:26:50.100000
35395,48,329,12,1,2019-11-08 16:26:50.100000
35395,48,330,12,1,2019-11-08 16:26:50.100000
35395,48,331,12,1,2019-11-08 16:26:50.100000
35395,48,332,12,1,2019-11-08 16:26:50.100000
35395,48,333,12,1,2019-11-08 16:26:50.100000
35395,48,334,12,1,2019-11-08 16:26:50.100000
35395,48,335,12,1,2019-11-08 16:26:50.100000
35395,48,336,12,1,2019-11-08 16:26:50.100000
35395,48,337,12,1,2019-11-08 16:26:50.100000
35395,48,338,12,1,2019-11-08 16:26:50.100000
35395,48,339,12,1,2019-11-08 16:26:50.100000
35396,220,314,12,1,2025-04-17 19:29:25.390000
35396,220,315,12,1,2025-04-17 19:29:25.390000
35396,220,316,12,1,2025-04-17 19:29:25.390000
35396,220,317,12,1,2025-04-17 19:29:25.390000
35396,220,318,12,1,2025-04-17 19:29:25.390000
35396,220,319,12,1,2025-04-17 19:29:25.390000
35396,220,320,12,1,2025-04-17 19:29:25.390000
35396,220,321,12,1,2025-04-17 19:29:25.390000
35396,220,322,12,1,2025-04-17 19:29:25.390000
35396,220,323,12,1,2025-04-17 19:29:25.390000
35396,220,324,12,1,2025-04-17 19:29:25.390000
35396,220,325,12,1,2025-04-17 19:29:25.390000
35396,220,326,12,1,2025-04-17 19:29:25.390000
35396,220,327,12,1,2025-04-17 19:29:25.390000
35396,220,328,12,1,2025-04-17 19:29:25.390000
35396,220,329,12,1,2025-04-17 19:29:25.390000
35396,220,330,12,1,2025-04-17 19:29:25.390000
35396,220,331,12,1,2025-04-17 19:29:25.390000
35396,220,332,12,1,2025-04-17 19:29:25.390000
35396,220,333,12,1,2025-04-17 19:29:25.390000
35396,220,334,12,1,2025-04-17 19:29:25.390000
35396,220,335,12,1,2025-04-17 19:29:25.390000
35396,220,336,12,1,2025-04-17 19:29:25.390000
35396,220,337,12,1,2025-04-17 19:29:25.390000
35396,220,338,12,1,2025-04-17 19:29:25.390000
35396,220,339,12,1,2025-04-17 19:29:25.390000
35397,64,314,12,1,2019-10-11 18:48:55.517000
35397,64,315,12,1,2019-10-11 18:48:55.517000
35397,64,316,12,1,2019-10-11 18:48:55.517000
35397,64,317,12,1,2019-10-11 18:48:55.517000
35397,64,318,12,1,2019-10-11 18:48:55.517000
35397,64,319,12,1,2019-10-11 18:48:55.517000
35397,64,320,12,1,2019-10-11 18:48:55.517000
35397,64,321,12,1,2019-10-11 18:48:55.517000
35397,64,322,12,1,2019-10-11 18:48:55.517000
35397,64,323,12,1,2019-10-11 18:48:55.517000
35397,64,324,12,1,2019-10-11 18:48:55.517000
35397,64,325,12,1,2019-10-11 18:48:55.517000
35397,64,326,12,1,2019-10-11 18:48:55.517000
35397,64,327,12,1,2019-10-11 18:48:55.517000
35397,64,328,12,1,2019-10-11 18:48:55.517000
35397,64,329,12,1,2019-10-11 18:48:55.517000
35397,64,330,12,1,2019-10-11 18:48:55.517000
35397,64,331,12,1,2019-10-11 18:48:55.517000
35397,64,332,12,1,2019-10-11 18:48:55.517000
35397,64,333,12,1,2019-10-11 18:48:55.517000
35397,64,334,12,1,2019-10-11 18:48:55.517000
35397,64,335,12,1,2019-10-11 18:48:55.517000
35397,64,336,12,1,2019-10-11 18:48:55.517000
35397,64,337,12,1,2019-10-11 18:48:55.517000
35397,64,338,12,1,2019-10-11 18:48:55.517000
35397,64,339,12,1,2019-10-11 18:48:55.517000
35434,30,314,12,1,2019-10-11 16:54:44.483000
35434,30,315,12,1,2019-10-11 16:54:44.483000
35434,30,316,12,1,2019-10-11 16:54:44.483000
35434,30,317,12,1,2019-10-11 16:54:44.483000
35434,30,318,12,1,2019-10-11 16:54:44.483000
35434,30,319,12,1,2019-10-11 16:54:44.483000
35434,30,320,12,1,2019-10-11 16:54:44.483000
35434,30,321,12,1,2019-10-11 16:54:44.483000
35434,30,322,12,1,2019-10-11 16:54:44.483000
35434,30,323,12,1,2019-10-11 16:54:44.483000
35434,30,324,12,1,2019-10-11 16:54:44.483000
35434,30,325,12,1,2019-10-11 16:54:44.483000
35434,30,326,12,1,2019-10-11 16:54:44.483000
35434,30,327,12,1,2019-10-11 16:54:44.483000
35434,30,328,12,1,2019-10-11 16:54:44.483000
35434,30,329,12,1,2019-10-11 16:54:44.483000
35434,30,330,12,1,2019-10-11 16:54:44.483000
35434,30,331,12,1,2019-10-11 16:54:44.483000
35434,30,332,12,1,2019-10-11 16:54:44.483000
35434,30,333,12,1,2019-10-11 16:54:44.483000
35434,30,334,12,1,2019-10-11 16:54:44.483000
35434,30,335,12,1,2019-10-11 16:54:44.483000
35434,30,336,12,1,2019-10-11 16:54:44.483000
35434,30,337,12,1,2019-10-11 16:54:44.483000
35434,30,338,12,1,2019-10-11 16:54:44.483000
35434,30,339,12,1,2019-10-11 16:54:44.483000
35442,26,228,9,2,2025-08-15 16:37:32.433000
35442,26,238,9,2,2025-08-15 16:37:32.433000
35442,26,239,8,1,2025-08-15 16:37:32.433000
35442,26,240,8,1,2025-08-15 16:37:32.433000
35451,53,314,12,1,2023-12-08 14:05:44.323000
35451,53,315,12,1,2023-12-08 14:05:44.323000
35451,53,316,12,1,2023-12-08 14:05:44.323000
35451,53,317,12,1,2023-12-08 14:05:44.323000
35451,53,318,12,1,2023-12-08 14:05:44.323000
35451,53,319,12,1,2023-12-08 14:05:44.323000
35451,53,320,12,1,2023-12-08 14:05:44.323000
35451,53,321,12,1,2023-12-08 14:05:44.323000
35451,53,322,12,1,2023-12-08 14:05:44.323000
35451,53,323,12,1,2023-12-08 14:05:44.323000
35451,53,324,12,1,2023-12-08 14:05:44.323000
35451,53,325,12,1,2023-12-08 14:05:44.323000
35451,53,326,12,1,2023-12-08 14:05:44.323000
35451,53,327,12,1,2023-12-08 14:05:44.323000
35451,53,328,12,1,2023-12-08 14:05:44.323000
35451,53,329,12,1,2023-12-08 14:05:44.323000
35451,53,330,12,1,2023-12-08 14:05:44.323000
35451,53,331,12,1,2023-12-08 14:05:44.323000
35451,53,332,12,1,2023-12-08 14:05:44.323000
35451,53,333,12,1,2023-12-08 14:05:44.323000
35451,53,334,12,1,2023-12-08 14:05:44.323000
35451,53,335,12,1,2023-12-08 14:05:44.323000
35451,53,336,12,1,2023-12-08 14:05:44.323000
35451,53,337,12,1,2023-12-08 14:05:44.323000
35451,53,338,12,1,2023-12-08 14:05:44.323000
35451,53,339,12,1,2023-12-08 14:05:44.323000
35456,66,340,12,1,2026-02-23 13:19:28.330000
35456,66,341,12,1,2026-02-23 13:19:28.330000
35456,66,342,12,1,2026-02-23 13:19:28.330000
35456,66,343,12,1,2026-02-23 13:19:28.330000
35456,66,344,12,1,2026-02-23 13:19:28.330000
35456,66,345,12,1,2026-02-23 13:19:28.330000
35456,66,346,12,1,2026-02-23 13:19:28.330000
35456,66,347,12,1,2026-02-23 13:19:28.330000
35456,66,348,12,1,2026-02-23 13:19:28.330000
35456,66,349,12,1,2026-02-23 13:19:28.330000
35456,66,350,12,1,2026-02-23 13:19:28.330000
35456,66,351,12,1,2026-02-23 13:19:28.330000
35456,66,352,12,1,2026-02-23 13:19:28.330000
35456,66,353,12,1,2026-02-23 13:19:28.330000
35456,66,354,12,1,2026-02-23 13:19:28.330000
35456,66,355,12,1,2026-02-23 13:19:28.330000
35456,66,356,12,1,2026-02-23 13:19:28.330000
35456,66,357,12,1,2026-02-23 13:19:28.330000
35456,66,358,12,1,2026-02-23 13:19:28.330000
35456,66,359,12,1,2026-02-23 13:19:28.330000
35456,66,360,12,1,2026-02-23 13:19:28.330000
35456,66,361,12,1,2026-02-23 13:19:28.330000
35456,66,362,12,1,2026-02-23 13:19:28.330000
35456,66,363,12,1,2026-02-23 13:19:28.330000
35456,66,364,12,1,2026-02-23 13:19:28.330000
35456,66,365,12,1,2026-02-23 13:19:28.330000
35456,66,366,12,1,2026-02-23 13:19:28.330000
35456,66,367,12,1,2026-02-23 13:19:28.330000
35486,22,143,8,1,2025-09-15 19:45:36.187000
35486,22,144,8,1,2025-09-15 19:45:36.187000
35486,22,145,8,1,2025-09-15 19:45:36.187000
35486,22,146,8,1,2025-09-15 19:45:36.187000
35486,22,147,9,1,2025-09-15 19:45:36.187000
35486,22,148,9,1,2025-09-15 19:45:36.187000
35486,22,149,9,1,2025-09-15 19:45:36.187000
35486,22,151,9,1,2025-09-15 19:45:36.187000
35486,22,264,8,1,2025-09-15 19:45:36.187000
35486,22,265,9,1,2025-09-15 19:45:36.187000
35486,22,266,8,1,2025-09-15 19:45:36.187000
35486,22,267,9,1,2025-09-15 19:45:36.187000
35486,22,268,8,1,2025-09-15 19:45:36.187000
35490,85,143,8,1,2026-02-20 14:57:45.400000
35490,85,144,8,1,2026-02-20 14:57:45.400000
35490,85,145,8,1,2026-02-20 14:57:45.400000
35490,85,146,8,1,2026-02-20 14:57:45.400000
35490,85,147,9,1,2026-02-20 14:57:45.400000
35490,85,148,9,1,2026-02-20 14:57:45.400000
35490,85,149,9,1,2026-02-20 14:57:45.400000
35490,85,151,9,1,2026-02-20 14:57:45.400000
35490,85,264,8,1,2026-02-20 14:57:45.400000
35490,85,265,9,1,2026-02-20 14:57:45.400000
35490,85,266,8,1,2026-02-20 14:57:45.400000
35490,85,267,9,1,2026-02-20 14:57:45.400000
35490,85,268,8,1,2026-02-20 14:57:45.400000
35494,28,143,8,1,2024-10-21 17:57:58.277000
35494,28,144,8,1,2024-10-21 17:57:58.277000
35494,28,145,8,1,2024-10-21 17:57:58.277000
35494,28,146,8,1,2024-10-21 17:57:58.277000
35494,28,147,9,1,2024-10-21 17:57:58.277000
35494,28,148,9,1,2024-10-21 17:57:58.277000
35494,28,149,9,1,2024-10-21 17:57:58.277000
35494,28,151,9,1,2024-10-21 17:57:58.277000
35494,28,264,8,1,2024-10-21 17:57:58.277000
35494,28,265,9,1,2024-10-21 17:57:58.277000
35494,28,266,8,1,2024-10-21 17:57:58.277000
35494,28,267,9,1,2024-10-21 17:57:58.277000
35494,28,268,8,1,2024-10-21 17:57:58.277000
35498,30,143,8,1,2025-10-21 19:54:57.790000
35498,30,144,8,1,2025-10-21 19:54:57.790000
35498,30,145,8,1,2025-10-21 19:54:57.790000
35498,30,146,8,1,2025-10-21 19:54:57.790000
35498,30,147,9,1,2025-10-21 19:54:57.790000
35498,30,148,9,1,2025-10-21 19:54:57.790000
35498,30,149,9,1,2025-10-21 19:54:57.790000
35498,30,151,9,1,2025-10-21 19:54:57.790000
35498,30,264,8,1,2025-10-21 19:54:57.790000
35498,30,265,9,1,2025-10-21 19:54:57.790000
35498,30,266,8,1,2025-10-21 19:54:57.790000
35498,30,267,9,1,2025-10-21 19:54:57.790000
35498,30,268,8,1,2025-10-21 19:54:57.790000
35526,43,340,12,1,2026-02-23 13:19:27.903000
35526,43,341,12,1,2026-02-23 13:19:27.903000
35526,43,342,12,1,2026-02-23 13:19:27.903000
35526,43,343,12,1,2026-02-23 13:19:27.903000
35526,43,344,12,1,2026-02-23 13:19:27.903000
35526,43,345,12,1,2026-02-23 13:19:27.903000
35526,43,346,12,1,2026-02-23 13:19:27.903000
35526,43,347,12,1,2026-02-23 13:19:27.903000
35526,43,348,12,1,2026-02-23 13:19:27.903000
35526,43,349,12,1,2026-02-23 13:19:27.903000
35526,43,350,12,1,2026-02-23 13:19:27.903000
35526,43,351,12,1,2026-02-23 13:19:27.903000
35526,43,352,12,1,2026-02-23 13:19:27.903000
35526,43,353,12,1,2026-02-23 13:19:27.903000
35526,43,354,12,1,2026-02-23 13:19:27.903000
35526,43,355,12,1,2026-02-23 13:19:27.903000
35526,43,356,12,1,2026-02-23 13:19:27.903000
35526,43,357,12,1,2026-02-23 13:19:27.903000
35526,43,358,12,1,2026-02-23 13:19:27.903000
35526,43,359,12,1,2026-02-23 13:19:27.903000
35526,43,360,12,1,2026-02-23 13:19:27.903000
35526,43,361,12,1,2026-02-23 13:19:27.903000
35526,43,362,12,1,2026-02-23 13:19:27.903000
35526,43,363,12,1,2026-02-23 13:19:27.903000
35526,43,364,12,1,2026-02-23 13:19:27.903000
35526,43,365,12,1,2026-02-23 13:19:27.903000
35526,43,366,12,1,2026-02-23 13:19:27.903000
35526,43,367,12,1,2026-02-23 13:19:27.903000
35677,88,374,13,1,2024-08-01 11:47:39.080000
35677,88,375,13,1,2024-08-01 11:47:39.080000
35677,88,376,13,1,2024-08-01 11:47:39.080000
35677,88,377,13,1,2024-08-01 11:47:39.080000
35677,88,378,13,1,2024-08-01 11:47:39.080000
35677,88,379,13,1,2024-08-01 11:47:39.080000
35677,88,380,13,1,2024-08-01 11:47:39.080000
35677,88,381,13,1,2024-08-01 11:47:39.080000
35677,88,391,12,1,2024-08-01 11:47:39.080000
35677,88,392,12,1,2024-08-01 11:47:39.080000
35677,88,393,12,1,2024-08-01 11:47:39.080000
35677,88,394,12,1,2024-08-01 11:47:39.080000
35677,88,395,12,1,2024-08-01 11:47:39.080000
35677,88,396,12,1,2024-08-01 11:47:39.080000
35702,32,340,12,1,2025-10-14 13:13:56.743000
35702,32,341,12,1,2025-10-14 13:13:56.743000
35702,32,342,12,1,2025-10-14 13:13:56.743000
35702,32,343,12,1,2025-10-14 13:13:56.743000
35702,32,344,12,1,2025-10-14 13:13:56.743000
35702,32,345,12,1,2025-10-14 13:13:56.743000
35702,32,346,12,1,2025-10-14 13:13:56.743000
35702,32,347,12,1,2025-10-14 13:13:56.743000
35702,32,348,12,1,2025-10-14 13:13:56.743000
35702,32,349,12,1,2025-10-14 13:13:56.743000
35702,32,350,12,1,2025-10-14 13:13:56.743000
35702,32,351,12,1,2025-10-14 13:13:56.743000
35702,32,352,12,1,2025-10-14 13:13:56.743000
35702,32,353,12,1,2025-10-14 13:13:56.743000
35702,32,354,12,1,2025-10-14 13:13:56.743000
35702,32,355,12,1,2025-10-14 13:13:56.743000
35702,32,356,12,1,2025-10-14 13:13:56.743000
35702,32,357,12,1,2025-10-14 13:13:56.743000
35702,32,358,12,1,2025-10-14 13:13:56.743000
35702,32,359,12,1,2025-10-14 13:13:56.743000
35702,32,360,12,1,2025-10-14 13:13:56.743000
35702,32,361,12,1,2025-10-14 13:13:56.743000
35702,32,362,12,1,2025-10-14 13:13:56.743000
35702,32,363,12,1,2025-10-14 13:13:56.743000
35702,32,364,12,1,2025-10-14 13:13:56.743000
35702,32,365,12,1,2025-10-14 13:13:56.743000
35702,32,366,12,1,2025-10-14 13:13:56.743000
35702,32,367,12,1,2025-10-14 13:13:56.743000
35724,80,374,13,1,2025-02-11 20:33:19.457000
35724,80,375,13,1,2025-02-11 20:33:19.457000
35724,80,376,13,1,2025-02-11 20:33:19.457000
35724,80,377,13,1,2025-02-11 20:33:19.457000
35724,80,378,13,1,2025-02-11 20:33:19.457000
35724,80,379,13,1,2025-02-11 20:33:19.457000
35724,80,380,13,1,2025-02-11 20:33:19.457000
35724,80,381,13,1,2025-02-11 20:33:19.457000
35724,80,391,12,1,2025-02-11 20:33:19.457000
35724,80,392,12,1,2025-02-11 20:33:19.457000
35724,80,393,12,1,2025-02-11 20:33:19.457000
35724,80,394,12,1,2025-02-11 20:33:19.457000
35724,80,395,12,1,2025-02-11 20:33:19.457000
35724,80,396,12,1,2025-02-11 20:33:19.457000
35751,50,143,8,1,2026-02-20 14:26:35.227000
35751,50,144,8,1,2026-02-20 14:26:35.227000
35751,50,145,8,1,2026-02-20 14:26:35.227000
35751,50,146,8,1,2026-02-20 14:26:35.227000
35751,50,147,9,1,2026-02-20 14:26:35.227000
35751,50,148,9,1,2026-02-20 14:26:35.227000
35751,50,149,9,1,2026-02-20 14:26:35.227000
35751,50,151,9,1,2026-02-20 14:26:35.227000
35751,50,264,8,1,2026-02-20 14:26:35.227000
35751,50,265,9,1,2026-02-20 14:26:35.227000
35751,50,266,8,1,2026-02-20 14:26:35.227000
35751,50,267,9,1,2026-02-20 14:26:35.227000
35751,50,268,8,1,2026-02-20 14:26:35.227000
35753,40,143,8,1,2026-02-20 14:22:16.140000
35753,40,144,8,1,2026-02-20 14:22:16.140000
35753,40,145,8,1,2026-02-20 14:22:16.140000
35753,40,146,8,1,2026-02-20 14:22:16.140000
35753,40,147,9,1,2026-02-20 14:22:16.140000
35753,40,148,9,1,2026-02-20 14:22:16.140000
35753,40,149,9,1,2026-02-20 14:22:16.140000
35753,40,151,9,1,2026-02-20 14:22:16.140000
35753,40,264,8,1,2026-02-20 14:22:16.140000
35753,40,265,9,1,2026-02-20 14:22:16.140000
35753,40,266,8,1,2026-02-20 14:22:16.140000
35753,40,267,9,1,2026-02-20 14:22:16.140000
35753,40,268,8,1,2026-02-20 14:22:16.140000
35755,35,143,8,1,2025-12-22 20:44:30.950000
35755,35,144,8,1,2025-12-22 20:44:30.950000
35755,35,145,8,1,2025-12-22 20:44:30.950000
35755,35,146,8,1,2025-12-22 20:44:30.950000
35755,35,147,9,1,2025-12-22 20:44:30.950000
35755,35,148,9,1,2025-12-22 20:44:30.950000
35755,35,149,9,1,2025-12-22 20:44:30.950000
35755,35,151,9,1,2025-12-22 20:44:30.950000
35755,35,264,8,1,2025-12-22 20:44:30.950000
35755,35,265,9,1,2025-12-22 20:44:30.950000
35755,35,266,8,1,2025-12-22 20:44:30.950000
35755,35,267,9,1,2025-12-22 20:44:30.950000
35755,35,268,8,1,2025-12-22 20:44:30.950000
35761,40,143,8,1,2026-01-22 19:28:45.680000
35761,40,144,8,1,2026-01-22 19:28:45.680000
35761,40,145,8,1,2026-01-22 19:28:45.680000
35761,40,146,8,1,2026-01-22 19:28:45.680000
35761,40,147,9,1,2026-01-22 19:28:45.680000
35761,40,148,9,1,2026-01-22 19:28:45.680000
35761,40,149,9,1,2026-01-22 19:28:45.680000
35761,40,151,9,1,2026-01-22 19:28:45.680000
35761,40,264,8,1,2026-01-22 19:28:45.680000
35761,40,265,9,1,2026-01-22 19:28:45.680000
35761,40,266,8,1,2026-01-22 19:28:45.680000
35761,40,267,9,1,2026-01-22 19:28:45.680000
35761,40,268,8,1,2026-01-22 19:28:45.680000
35891,35,228,9,2,2026-03-25 17:43:27.413000
35891,35,238,9,2,2026-03-25 17:43:27.413000
35891,35,239,8,1,2026-03-25 17:43:27.413000
35891,35,240,8,1,2026-03-25 17:43:27.413000
35897,32,228,9,2,2026-04-29 15:32:00.837000
35897,32,238,9,2,2026-04-29 15:32:00.837000
35897,32,239,8,1,2026-04-29 15:32:00.837000
35897,32,240,8,1,2026-04-29 15:32:00.837000
35906,25,228,9,2,2026-04-02 15:16:46.157000
35906,25,238,9,2,2026-04-02 15:16:46.157000
35906,25,239,8,1,2026-04-02 15:16:46.157000
35906,25,240,8,1,2026-04-02 15:16:46.157000
35922,44,374,13,1,2025-03-04 17:49:50.107000
35922,44,375,13,1,2025-03-04 17:49:50.107000
35922,44,376,13,1,2025-03-04 17:49:50.107000
35922,44,377,13,1,2025-03-04 17:49:50.107000
35922,44,378,13,1,2025-03-04 17:49:50.107000
35922,44,379,13,1,2025-03-04 17:49:50.107000
35922,44,380,13,1,2025-03-04 17:49:50.107000
35922,44,381,13,1,2025-03-04 17:49:50.107000
35922,44,391,12,1,2025-03-04 17:49:50.107000
35922,44,392,12,1,2025-03-04 17:49:50.107000
35922,44,393,12,1,2025-03-04 17:49:50.107000
35922,44,394,12,1,2025-03-04 17:49:50.107000
35922,44,395,12,1,2025-03-04 17:49:50.107000
35922,44,396,12,1,2025-03-04 17:49:50.107000
35936,59,500,8,1,2026-07-16 17:15:36.340000
35936,59,501,8,1,2026-07-16 17:15:36.340000
35936,59,502,8,1,2026-07-16 17:15:36.340000
35936,59,504,9,1,2026-07-16 17:15:36.340000
35936,59,505,9,1,2026-07-16 17:15:36.340000
35936,59,506,9,1,2026-07-16 17:15:36.340000
35936,59,507,13,1,2026-07-16 17:15:36.340000
35936,59,508,13,1,2026-07-16 17:15:36.340000
35936,59,509,13,1,2026-07-16 17:15:36.340000
35936,59,510,13,1,2026-07-16 17:15:36.340000
35936,59,511,13,1,2026-07-16 17:15:36.340000
35936,59,512,13,1,2026-07-16 17:15:36.340000
35936,59,513,13,1,2026-07-16 17:15:36.340000
35936,59,514,13,1,2026-07-16 17:15:36.340000
35936,59,515,13,1,2026-07-16 17:15:36.340000
35936,59,516,13,1,2026-07-16 17:15:36.340000
35936,59,517,13,1,2026-07-16 17:15:36.340000
35936,59,519,13,1,2026-07-16 17:15:36.340000
35936,59,520,13,1,2026-07-16 17:15:36.340000
35936,59,521,13,1,2026-07-16 17:15:36.340000
35936,59,522,13,1,2026-07-16 17:15:36.340000
35936,59,523,13,1,2026-07-16 17:15:36.340000
35974,28,374,13,1,2021-10-07 21:10:53.023000
35974,28,375,13,1,2021-10-07 21:10:53.023000
35974,28,376,13,1,2021-10-07 21:10:53.023000
35974,28,377,13,1,2021-10-07 21:10:53.023000
35974,28,378,13,1,2021-10-07 21:10:53.023000
35974,28,379,13,1,2021-10-07 21:10:53.023000
35974,28,380,13,1,2021-10-07 21:10:53.023000
35974,28,381,13,1,2021-10-07 21:10:53.023000
35974,28,391,12,1,2021-10-07 21:10:53.023000
35974,28,392,12,1,2021-10-07 21:10:53.023000
35974,28,393,12,1,2021-10-07 21:10:53.023000
35974,28,394,12,1,2021-10-07 21:10:53.023000
35974,28,395,12,1,2021-10-07 21:10:53.023000
35974,28,396,12,1,2021-10-07 21:10:53.023000
35984,22,228,9,2,2025-06-11 11:59:33.080000
35984,22,238,9,2,2025-06-11 11:59:33.080000
35984,22,239,8,1,2025-06-11 11:59:33.080000
35984,22,240,8,1,2025-06-11 11:59:33.080000
35986,38,228,9,2,2026-07-24 21:04:59.177000
35986,38,238,9,2,2026-07-24 21:04:59.177000
35986,38,239,8,1,2026-07-24 21:04:59.177000
35986,38,240,8,1,2026-07-24 21:04:59.177000
35998,36,143,8,1,2025-10-21 17:45:35.130000
35998,36,144,8,1,2025-10-21 17:45:35.130000
35998,36,145,8,1,2025-10-21 17:45:35.130000
35998,36,146,8,1,2025-10-21 17:45:35.130000
35998,36,147,9,1,2025-10-21 17:45:35.130000
35998,36,148,9,1,2025-10-21 17:45:35.130000
35998,36,149,9,1,2025-10-21 17:45:35.130000
35998,36,151,9,1,2025-10-21 17:45:35.130000
35998,36,264,8,1,2025-10-21 17:45:35.130000
35998,36,265,9,1,2025-10-21 17:45:35.130000
35998,36,266,8,1,2025-10-21 17:45:35.130000
35998,36,267,9,1,2025-10-21 17:45:35.130000
35998,36,268,8,1,2025-10-21 17:45:35.130000
36000,21,143,8,1,2026-05-21 14:20:42.530000
36000,21,144,8,1,2026-05-21 14:20:42.530000
36000,21,145,8,1,2026-05-21 14:20:42.530000
36000,21,146,8,1,2026-05-21 14:20:42.530000
36000,21,147,9,1,2026-05-21 14:20:42.530000
36000,21,148,9,1,2026-05-21 14:20:42.530000
36000,21,149,9,1,2026-05-21 14:20:42.530000
36000,21,151,9,1,2026-05-21 14:20:42.530000
36000,21,264,8,1,2026-05-21 14:20:42.530000
36000,21,265,9,1,2026-05-21 14:20:42.530000
36000,21,266,8,1,2026-05-21 14:20:42.530000
36000,21,267,9,1,2026-05-21 14:20:42.530000
36000,21,268,8,1,2026-05-21 14:20:42.530000
36007,65,314,12,1,2019-11-08 17:26:18.230000
36007,65,315,12,1,2019-11-08 17:26:18.230000
36007,65,316,12,1,2019-11-08 17:26:18.230000
36007,65,317,12,1,2019-11-08 17:26:18.230000
36007,65,318,12,1,2019-11-08 17:26:18.230000
36007,65,319,12,1,2019-11-08 17:26:18.230000
36007,65,320,12,1,2019-11-08 17:26:18.230000
36007,65,321,12,1,2019-11-08 17:26:18.230000
36007,65,322,12,1,2019-11-08 17:26:18.230000
36007,65,323,12,1,2019-11-08 17:26:18.230000
36007,65,324,12,1,2019-11-08 17:26:18.230000
36007,65,325,12,1,2019-11-08 17:26:18.230000
36007,65,326,12,1,2019-11-08 17:26:18.230000
36007,65,327,12,1,2019-11-08 17:26:18.230000
36007,65,328,12,1,2019-11-08 17:26:18.230000
36007,65,329,12,1,2019-11-08 17:26:18.230000
36007,65,330,12,1,2019-11-08 17:26:18.230000
36007,65,331,12,1,2019-11-08 17:26:18.230000
36007,65,332,12,1,2019-11-08 17:26:18.230000
36007,65,333,12,1,2019-11-08 17:26:18.230000
36007,65,334,12,1,2019-11-08 17:26:18.230000
36007,65,335,12,1,2019-11-08 17:26:18.230000
36007,65,336,12,1,2019-11-08 17:26:18.230000
36007,65,337,12,1,2019-11-08 17:26:18.230000
36007,65,338,12,1,2019-11-08 17:26:18.230000
36007,65,339,12,1,2019-11-08 17:26:18.230000
36021,49,228,9,2,2025-08-15 15:58:23.030000
36021,49,238,9,2,2025-08-15 15:58:23.030000
36021,49,239,8,1,2025-08-15 15:58:23.030000
36021,49,240,8,1,2025-08-15 15:58:23.030000
36029,44,228,9,2,2026-02-27 14:09:23.253000
36029,44,238,9,2,2026-02-27 14:09:23.253000
36029,44,239,8,1,2026-02-27 14:09:23.253000
36029,44,240,8,1,2026-02-27 14:09:23.253000
36039,13,500,8,1,2026-07-14 20:41:58.643000
36039,13,501,8,1,2026-07-14 20:41:58.643000
36039,13,502,8,1,2026-07-14 20:41:58.643000
36039,13,504,9,1,2026-07-14 20:41:58.643000
36039,13,505,9,1,2026-07-14 20:41:58.643000
36039,13,506,9,1,2026-07-14 20:41:58.643000
36039,13,507,13,1,2026-07-14 20:41:58.643000
36039,13,508,13,1,2026-07-14 20:41:58.643000
36039,13,509,13,1,2026-07-14 20:41:58.643000
36039,13,510,13,1,2026-07-14 20:41:58.643000
36039,13,511,13,1,2026-07-14 20:41:58.643000
36039,13,512,13,1,2026-07-14 20:41:58.643000
36039,13,513,13,1,2026-07-14 20:41:58.643000
36039,13,514,13,1,2026-07-14 20:41:58.643000
36039,13,515,13,1,2026-07-14 20:41:58.643000
36039,13,516,13,1,2026-07-14 20:41:58.643000
36039,13,517,13,1,2026-07-14 20:41:58.643000
36039,13,519,13,1,2026-07-14 20:41:58.643000
36039,13,520,13,1,2026-07-14 20:41:58.643000
36039,13,521,13,1,2026-07-14 20:41:58.643000
36039,13,522,13,1,2026-07-14 20:41:58.643000
36039,13,523,13,1,2026-07-14 20:41:58.643000
36089,30,374,13,1,2023-07-14 17:39:29.633000
36089,30,375,13,1,2023-07-14 17:39:29.633000
36089,30,376,13,1,2023-07-14 17:39:29.633000
36089,30,377,13,1,2023-07-14 17:39:29.633000
36089,30,378,13,1,2023-07-14 17:39:29.633000
36089,30,379,13,1,2023-07-14 17:39:29.633000
36089,30,380,13,1,2023-07-14 17:39:29.633000
36089,30,381,13,1,2023-07-14 17:39:29.633000
36089,30,391,12,1,2023-07-14 17:39:29.633000
36089,30,392,12,1,2023-07-14 17:39:29.633000
36089,30,393,12,1,2023-07-14 17:39:29.633000
36089,30,394,12,1,2023-07-14 17:39:29.633000
36089,30,395,12,1,2023-07-14 17:39:29.633000
36089,30,396,12,1,2023-07-14 17:39:29.633000
36113,25,228,9,2,2026-07-02 13:10:17.977000
36113,25,238,9,2,2026-07-02 13:10:17.977000
36113,25,239,8,1,2026-07-02 13:10:17.977000
36113,25,240,8,1,2026-07-02 13:10:17.977000
36125,40,374,13,1,2021-04-15 20:45:38.217000
36125,40,375,13,1,2021-04-15 20:45:38.217000
36125,40,376,13,1,2021-04-15 20:45:38.217000
36125,40,377,13,1,2021-04-15 20:45:38.217000
36125,40,378,13,1,2021-04-15 20:45:38.217000
36125,40,379,13,1,2021-04-15 20:45:38.217000
36125,40,380,13,1,2021-04-15 20:45:38.217000
36125,40,381,13,1,2021-04-15 20:45:38.217000
36125,40,391,12,1,2021-04-15 20:45:38.217000
36125,40,392,12,1,2021-04-15 20:45:38.217000
36125,40,393,12,1,2021-04-15 20:45:38.217000
36125,40,394,12,1,2021-04-15 20:45:38.217000
36125,40,395,12,1,2021-04-15 20:45:38.217000
36125,40,396,12,1,2021-04-15 20:45:38.217000
36129,54,374,13,1,2024-03-14 16:30:33.420000
36129,54,375,13,1,2024-03-14 16:30:33.420000
36129,54,376,13,1,2024-03-14 16:30:33.420000
36129,54,377,13,1,2024-03-14 16:30:33.420000
36129,54,378,13,1,2024-03-14 16:30:33.420000
36129,54,379,13,1,2024-03-14 16:30:33.420000
36129,54,380,13,1,2024-03-14 16:30:33.420000
36129,54,381,13,1,2024-03-14 16:30:33.420000
36129,54,391,12,1,2024-03-14 16:30:33.420000
36129,54,392,12,1,2024-03-14 16:30:33.420000
36129,54,393,12,1,2024-03-14 16:30:33.420000
36129,54,394,12,1,2024-03-14 16:30:33.420000
36129,54,395,12,1,2024-03-14 16:30:33.420000
36129,54,396,12,1,2024-03-14 16:30:33.420000
36139,31,228,9,2,2026-03-09 13:02:47.697000
36139,31,238,9,2,2026-03-09 13:02:47.697000
36139,31,239,8,1,2026-03-09 13:02:47.697000
36139,31,240,8,1,2026-03-09 13:02:47.697000
36155,23,340,12,1,2026-01-12 13:38:59.887000
36155,23,341,12,1,2026-01-12 13:38:59.887000
36155,23,342,12,1,2026-01-12 13:38:59.887000
36155,23,343,12,1,2026-01-12 13:38:59.887000
36155,23,344,12,1,2026-01-12 13:38:59.887000
36155,23,345,12,1,2026-01-12 13:38:59.887000
36155,23,346,12,1,2026-01-12 13:38:59.887000
36155,23,347,12,1,2026-01-12 13:38:59.887000
36155,23,348,12,1,2026-01-12 13:38:59.887000
36155,23,349,12,1,2026-01-12 13:38:59.887000
36155,23,350,12,1,2026-01-12 13:38:59.887000
36155,23,351,12,1,2026-01-12 13:38:59.887000
36155,23,352,12,1,2026-01-12 13:38:59.887000
36155,23,353,12,1,2026-01-12 13:38:59.887000
36155,23,354,12,1,2026-01-12 13:38:59.887000
36155,23,355,12,1,2026-01-12 13:38:59.887000
36155,23,356,12,1,2026-01-12 13:38:59.887000
36155,23,357,12,1,2026-01-12 13:38:59.887000
36155,23,358,12,1,2026-01-12 13:38:59.887000
36155,23,359,12,1,2026-01-12 13:38:59.887000
36155,23,360,12,1,2026-01-12 13:38:59.887000
36155,23,361,12,1,2026-01-12 13:38:59.887000
36155,23,362,12,1,2026-01-12 13:38:59.887000
36155,23,363,12,1,2026-01-12 13:38:59.887000
36155,23,364,12,1,2026-01-12 13:38:59.887000
36155,23,365,12,1,2026-01-12 13:38:59.887000
36155,23,366,12,1,2026-01-12 13:38:59.887000
36155,23,367,12,1,2026-01-12 13:38:59.887000
36188,26,340,12,1,2026-01-12 13:39:00.230000
36188,26,341,12,1,2026-01-12 13:39:00.230000
36188,26,342,12,1,2026-01-12 13:39:00.230000
36188,26,343,12,1,2026-01-12 13:39:00.230000
36188,26,344,12,1,2026-01-12 13:39:00.230000
36188,26,345,12,1,2026-01-12 13:39:00.230000
36188,26,346,12,1,2026-01-12 13:39:00.230000
36188,26,347,12,1,2026-01-12 13:39:00.230000
36188,26,348,12,1,2026-01-12 13:39:00.230000
36188,26,349,12,1,2026-01-12 13:39:00.230000
36188,26,350,12,1,2026-01-12 13:39:00.230000
36188,26,351,12,1,2026-01-12 13:39:00.230000
36188,26,352,12,1,2026-01-12 13:39:00.230000
36188,26,353,12,1,2026-01-12 13:39:00.230000
36188,26,354,12,1,2026-01-12 13:39:00.230000
36188,26,355,12,1,2026-01-12 13:39:00.230000
36188,26,356,12,1,2026-01-12 13:39:00.230000
36188,26,357,12,1,2026-01-12 13:39:00.230000
36188,26,358,12,1,2026-01-12 13:39:00.230000
36188,26,359,12,1,2026-01-12 13:39:00.230000
36188,26,360,12,1,2026-01-12 13:39:00.230000
36188,26,361,12,1,2026-01-12 13:39:00.230000
36188,26,362,12,1,2026-01-12 13:39:00.230000
36188,26,363,12,1,2026-01-12 13:39:00.230000
36188,26,364,12,1,2026-01-12 13:39:00.230000
36188,26,365,12,1,2026-01-12 13:39:00.230000
36188,26,366,12,1,2026-01-12 13:39:00.230000
36188,26,367,12,1,2026-01-12 13:39:00.230000
36236,18,500,8,1,2026-07-14 20:41:54.433000
36236,18,501,8,1,2026-07-14 20:41:54.433000
36236,18,502,8,1,2026-07-14 20:41:54.433000
36236,18,504,9,1,2026-07-14 20:41:54.433000
36236,18,505,9,1,2026-07-14 20:41:54.433000
36236,18,506,9,1,2026-07-14 20:41:54.433000
36236,18,507,13,1,2026-07-14 20:41:54.433000
36236,18,508,13,1,2026-07-14 20:41:54.433000
36236,18,509,13,1,2026-07-14 20:41:54.433000
36236,18,510,13,1,2026-07-14 20:41:54.433000
36236,18,511,13,1,2026-07-14 20:41:54.433000
36236,18,512,13,1,2026-07-14 20:41:54.433000
36236,18,513,13,1,2026-07-14 20:41:54.433000
36236,18,514,13,1,2026-07-14 20:41:54.433000
36236,18,515,13,1,2026-07-14 20:41:54.433000
36236,18,516,13,1,2026-07-14 20:41:54.433000
36236,18,517,13,1,2026-07-14 20:41:54.433000
36236,18,519,13,1,2026-07-14 20:41:54.433000
36236,18,520,13,1,2026-07-14 20:41:54.433000
36236,18,521,13,1,2026-07-14 20:41:54.433000
36236,18,522,13,1,2026-07-14 20:41:54.433000
36236,18,523,13,1,2026-07-14 20:41:54.433000
36240,57,314,12,1,2024-02-09 13:57:48.803000
36240,57,315,12,1,2024-02-09 13:57:48.803000
36240,57,316,12,1,2024-02-09 13:57:48.803000
36240,57,317,12,1,2024-02-09 13:57:48.803000
36240,57,318,12,1,2024-02-09 13:57:48.803000
36240,57,319,12,1,2024-02-09 13:57:48.803000
36240,57,320,12,1,2024-02-09 13:57:48.803000
36240,57,321,12,1,2024-02-09 13:57:48.803000
36240,57,322,12,1,2024-02-09 13:57:48.803000
36240,57,323,12,1,2024-02-09 13:57:48.803000
36240,57,324,12,1,2024-02-09 13:57:48.803000
36240,57,325,12,1,2024-02-09 13:57:48.803000
36240,57,326,12,1,2024-02-09 13:57:48.803000
36240,57,327,12,1,2024-02-09 13:57:48.803000
36240,57,328,12,1,2024-02-09 13:57:48.803000
36240,57,329,12,1,2024-02-09 13:57:48.803000
36240,57,330,12,1,2024-02-09 13:57:48.803000
36240,57,331,12,1,2024-02-09 13:57:48.803000
36240,57,332,12,1,2024-02-09 13:57:48.803000
36240,57,333,12,1,2024-02-09 13:57:48.803000
36240,57,334,12,1,2024-02-09 13:57:48.803000
36240,57,335,12,1,2024-02-09 13:57:48.803000
36240,57,336,12,1,2024-02-09 13:57:48.803000
36240,57,337,12,1,2024-02-09 13:57:48.803000
36240,57,338,12,1,2024-02-09 13:57:48.803000
36240,57,339,12,1,2024-02-09 13:57:48.803000
36241,98,314,12,1,2021-05-21 14:21:28.130000
36241,98,315,12,1,2021-05-21 14:21:28.130000
36241,98,316,12,1,2021-05-21 14:21:28.130000
36241,98,317,12,1,2021-05-21 14:21:28.130000
36241,98,318,12,1,2021-05-21 14:21:28.130000
36241,98,319,12,1,2021-05-21 14:21:28.130000
36241,98,320,12,1,2021-05-21 14:21:28.130000
36241,98,321,12,1,2021-05-21 14:21:28.130000
36241,98,322,12,1,2021-05-21 14:21:28.130000
36241,98,323,12,1,2021-05-21 14:21:28.130000
36241,98,324,12,1,2021-05-21 14:21:28.130000
36241,98,325,12,1,2021-05-21 14:21:28.130000
36241,98,326,12,1,2021-05-21 14:21:28.130000
36241,98,327,12,1,2021-05-21 14:21:28.130000
36241,98,328,12,1,2021-05-21 14:21:28.130000
36241,98,329,12,1,2021-05-21 14:21:28.130000
36241,98,330,12,1,2021-05-21 14:21:28.130000
36241,98,331,12,1,2021-05-21 14:21:28.130000
36241,98,332,12,1,2021-05-21 14:21:28.130000
36241,98,333,12,1,2021-05-21 14:21:28.130000
36241,98,334,12,1,2021-05-21 14:21:28.130000
36241,98,335,12,1,2021-05-21 14:21:28.130000
36241,98,336,12,1,2021-05-21 14:21:28.130000
36241,98,337,12,1,2021-05-21 14:21:28.130000
36241,98,338,12,1,2021-05-21 14:21:28.130000
36241,98,339,12,1,2021-05-21 14:21:28.130000
36267,44,139,10,2,2026-04-08 13:59:45.800000
36267,44,140,10,2,2026-04-08 13:59:45.800000
36267,44,388,10,1,2026-04-08 13:59:45.800000
36267,44,389,10,1,2026-04-08 13:59:45.800000
36335,25,340,12,1,2026-01-26 13:28:21.577000
36335,25,341,12,1,2026-01-26 13:28:21.577000
36335,25,342,12,1,2026-01-26 13:28:21.577000
36335,25,343,12,1,2026-01-26 13:28:21.577000
36335,25,344,12,1,2026-01-26 13:28:21.577000
36335,25,345,12,1,2026-01-26 13:28:21.577000
36335,25,346,12,1,2026-01-26 13:28:21.577000
36335,25,347,12,1,2026-01-26 13:28:21.577000
36335,25,348,12,1,2026-01-26 13:28:21.577000
36335,25,349,12,1,2026-01-26 13:28:21.577000
36335,25,350,12,1,2026-01-26 13:28:21.577000
36335,25,351,12,1,2026-01-26 13:28:21.577000
36335,25,352,12,1,2026-01-26 13:28:21.577000
36335,25,353,12,1,2026-01-26 13:28:21.577000
36335,25,354,12,1,2026-01-26 13:28:21.577000
36335,25,355,12,1,2026-01-26 13:28:21.577000
36335,25,356,12,1,2026-01-26 13:28:21.577000
36335,25,357,12,1,2026-01-26 13:28:21.577000
36335,25,358,12,1,2026-01-26 13:28:21.577000
36335,25,359,12,1,2026-01-26 13:28:21.577000
36335,25,360,12,1,2026-01-26 13:28:21.577000
36335,25,361,12,1,2026-01-26 13:28:21.577000
36335,25,362,12,1,2026-01-26 13:28:21.577000
36335,25,363,12,1,2026-01-26 13:28:21.577000
36335,25,364,12,1,2026-01-26 13:28:21.577000
36335,25,365,12,1,2026-01-26 13:28:21.577000
36335,25,366,12,1,2026-01-26 13:28:21.577000
36335,25,367,12,1,2026-01-26 13:28:21.577000
36351,42,360,12,1,2025-09-09 16:43:28.977000
36351,42,361,12,1,2025-09-09 16:43:28.977000
36351,42,362,12,1,2025-09-09 16:43:28.977000
36351,42,363,12,1,2025-09-09 16:43:28.977000
36351,42,364,12,1,2025-09-09 16:43:28.977000
36351,42,365,12,1,2025-09-09 16:43:28.977000
36351,42,366,12,1,2025-09-09 16:43:28.977000
36351,42,367,12,1,2025-09-09 16:43:28.977000
36353,38,340,12,1,2025-09-09 16:45:46.673000
36353,38,341,12,1,2025-09-09 16:45:46.673000
36353,38,342,12,1,2025-09-09 16:45:46.673000
36353,38,343,12,1,2025-09-09 16:45:46.673000
36353,38,344,12,1,2025-09-09 16:45:46.673000
36353,38,345,12,1,2025-09-09 16:45:46.673000
36353,38,346,12,1,2025-09-09 16:45:46.673000
36353,38,347,12,1,2025-09-09 16:45:46.673000
36353,38,348,12,1,2025-09-09 16:45:46.673000
36353,38,349,12,1,2025-09-09 16:45:46.673000
36353,38,350,12,1,2025-09-09 16:45:46.673000
36353,38,351,12,1,2025-09-09 16:45:46.673000
36353,38,352,12,1,2025-09-09 16:45:46.673000
36353,38,353,12,1,2025-09-09 16:45:46.673000
36353,38,354,12,1,2025-09-09 16:45:46.673000
36353,38,355,12,1,2025-09-09 16:45:46.673000
36353,38,356,12,1,2025-09-09 16:45:46.673000
36353,38,357,12,1,2025-09-09 16:45:46.673000
36353,38,358,12,1,2025-09-09 16:45:46.673000
36353,38,359,12,1,2025-09-09 16:45:46.673000
36358,39,340,12,1,2026-01-12 13:38:59.120000
36358,39,341,12,1,2026-01-12 13:38:59.120000
36358,39,342,12,1,2026-01-12 13:38:59.120000
36358,39,343,12,1,2026-01-12 13:38:59.120000
36358,39,344,12,1,2026-01-12 13:38:59.120000
36358,39,345,12,1,2026-01-12 13:38:59.120000
36358,39,346,12,1,2026-01-12 13:38:59.120000
36358,39,347,12,1,2026-01-12 13:38:59.120000
36358,39,348,12,1,2026-01-12 13:38:59.120000
36358,39,349,12,1,2026-01-12 13:38:59.120000
36358,39,350,12,1,2026-01-12 13:38:59.120000
36358,39,351,12,1,2026-01-12 13:38:59.120000
36358,39,352,12,1,2026-01-12 13:38:59.120000
36358,39,353,12,1,2026-01-12 13:38:59.120000
36358,39,354,12,1,2026-01-12 13:38:59.120000
36358,39,355,12,1,2026-01-12 13:38:59.120000
36358,39,356,12,1,2026-01-12 13:38:59.120000
36358,39,357,12,1,2026-01-12 13:38:59.120000
36358,39,358,12,1,2026-01-12 13:38:59.120000
36358,39,359,12,1,2026-01-12 13:38:59.120000
36358,39,360,12,1,2026-01-12 13:38:59.120000
36358,39,361,12,1,2026-01-12 13:38:59.120000
36358,39,362,12,1,2026-01-12 13:38:59.120000
36358,39,363,12,1,2026-01-12 13:38:59.120000
36358,39,364,12,1,2026-01-12 13:38:59.120000
36358,39,365,12,1,2026-01-12 13:38:59.120000
36358,39,366,12,1,2026-01-12 13:38:59.120000
36358,39,367,12,1,2026-01-12 13:38:59.120000
36377,7,368,12,1,2019-11-21 23:58:30.980000
36377,7,369,12,1,2019-11-21 23:58:30.980000
36377,7,370,12,1,2019-11-21 23:58:30.980000
36377,7,371,12,1,2019-11-21 23:58:30.980000
36377,7,372,12,1,2019-11-21 23:58:30.980000
36380,27,340,12,1,2026-01-12 13:38:59.300000
36380,27,341,12,1,2026-01-12 13:38:59.300000
36380,27,342,12,1,2026-01-12 13:38:59.300000
36380,27,343,12,1,2026-01-12 13:38:59.300000
36380,27,344,12,1,2026-01-12 13:38:59.300000
36380,27,345,12,1,2026-01-12 13:38:59.300000
36380,27,346,12,1,2026-01-12 13:38:59.300000
36380,27,347,12,1,2026-01-12 13:38:59.300000
36380,27,348,12,1,2026-01-12 13:38:59.300000
36380,27,349,12,1,2026-01-12 13:38:59.300000
36380,27,350,12,1,2026-01-12 13:38:59.300000
36380,27,351,12,1,2026-01-12 13:38:59.300000
36380,27,352,12,1,2026-01-12 13:38:59.300000
36380,27,353,12,1,2026-01-12 13:38:59.300000
36380,27,354,12,1,2026-01-12 13:38:59.300000
36380,27,355,12,1,2026-01-12 13:38:59.300000
36380,27,356,12,1,2026-01-12 13:38:59.300000
36380,27,357,12,1,2026-01-12 13:38:59.300000
36380,27,358,12,1,2026-01-12 13:38:59.300000
36380,27,359,12,1,2026-01-12 13:38:59.300000
36380,27,360,12,1,2026-01-12 13:38:59.300000
36380,27,361,12,1,2026-01-12 13:38:59.300000
36380,27,362,12,1,2026-01-12 13:38:59.300000
36380,27,363,12,1,2026-01-12 13:38:59.300000
36380,27,364,12,1,2026-01-12 13:38:59.300000
36380,27,365,12,1,2026-01-12 13:38:59.300000
36380,27,366,12,1,2026-01-12 13:38:59.300000
36380,27,367,12,1,2026-01-12 13:38:59.300000
36393,37,368,12,1,2019-10-02 19:18:23.007000
36393,37,369,12,1,2019-10-02 19:18:23.007000
36393,37,370,12,1,2019-10-02 19:18:23.007000
36393,37,371,12,1,2019-10-02 19:18:23.007000
36393,37,372,12,1,2019-10-02 19:18:23.007000
36400,20,143,8,1,2025-07-21 17:22:21.033000
36400,20,144,8,1,2025-07-21 17:22:21.033000
36400,20,145,8,1,2025-07-21 17:22:21.033000
36400,20,146,8,1,2025-07-21 17:22:21.033000
36400,20,147,9,1,2025-07-21 17:22:21.033000
36400,20,148,9,1,2025-07-21 17:22:21.033000
36400,20,149,9,1,2025-07-21 17:22:21.033000
36400,20,151,9,1,2025-07-21 17:22:21.033000
36400,20,264,8,1,2025-07-21 17:22:21.033000
36400,20,265,9,1,2025-07-21 17:22:21.033000
36400,20,266,8,1,2025-07-21 17:22:21.033000
36400,20,267,9,1,2025-07-21 17:22:21.033000
36400,20,268,8,1,2025-07-21 17:22:21.033000
36402,35,143,8,1,2024-09-17 12:04:32.410000
36402,35,144,8,1,2024-09-17 12:04:32.410000
36402,35,145,8,1,2024-09-17 12:04:32.410000
36402,35,146,8,1,2024-09-17 12:04:32.410000
36402,35,147,9,1,2024-09-17 12:04:32.410000
36402,35,148,9,1,2024-09-17 12:04:32.410000
36402,35,149,9,1,2024-09-17 12:04:32.410000
36402,35,151,9,1,2024-09-17 12:04:32.410000
36402,35,264,8,1,2024-09-17 12:04:32.410000
36402,35,265,9,1,2024-09-17 12:04:32.410000
36402,35,266,8,1,2024-09-17 12:04:32.410000
36402,35,267,9,1,2024-09-17 12:04:32.410000
36402,35,268,8,1,2024-09-17 12:04:32.410000
36406,10,500,8,1,2026-07-14 20:41:56.400000
36406,10,501,8,1,2026-07-14 20:41:56.400000
36406,10,502,8,1,2026-07-14 20:41:56.400000
36406,10,504,9,1,2026-07-14 20:41:56.400000
36406,10,505,9,1,2026-07-14 20:41:56.400000
36406,10,506,9,1,2026-07-14 20:41:56.400000
36406,10,507,13,1,2026-07-14 20:41:56.400000
36406,10,508,13,1,2026-07-14 20:41:56.400000
36406,10,509,13,1,2026-07-14 20:41:56.400000
36406,10,510,13,1,2026-07-14 20:41:56.400000
36406,10,511,13,1,2026-07-14 20:41:56.400000
36406,10,512,13,1,2026-07-14 20:41:56.400000
36406,10,513,13,1,2026-07-14 20:41:56.400000
36406,10,514,13,1,2026-07-14 20:41:56.400000
36406,10,515,13,1,2026-07-14 20:41:56.400000
36406,10,516,13,1,2026-07-14 20:41:56.400000
36406,10,517,13,1,2026-07-14 20:41:56.400000
36406,10,519,13,1,2026-07-14 20:41:56.400000
36406,10,520,13,1,2026-07-14 20:41:56.400000
36406,10,521,13,1,2026-07-14 20:41:56.400000
36406,10,522,13,1,2026-07-14 20:41:56.400000
36406,10,523,13,1,2026-07-14 20:41:56.400000
36408,34,143,8,1,2025-09-03 19:48:22.277000
36408,34,144,8,1,2025-09-03 19:48:22.277000
36408,34,145,8,1,2025-09-03 19:48:22.277000
36408,34,146,8,1,2025-09-03 19:48:22.277000
36408,34,147,9,1,2025-09-03 19:48:22.277000
36408,34,148,9,1,2025-09-03 19:48:22.277000
36408,34,149,9,1,2025-09-03 19:48:22.277000
36408,34,151,9,1,2025-09-03 19:48:22.277000
36408,34,264,8,1,2025-09-03 19:48:22.277000
36408,34,265,9,1,2025-09-03 19:48:22.277000
36408,34,266,8,1,2025-09-03 19:48:22.277000
36408,34,267,9,1,2025-09-03 19:48:22.277000
36408,34,268,8,1,2025-09-03 19:48:22.277000
36425,21,228,9,2,2026-03-09 12:46:24.223000
36425,21,238,9,2,2026-03-09 12:46:24.223000
36425,21,239,8,1,2026-03-09 12:46:24.223000
36425,21,240,8,1,2026-03-09 12:46:24.223000
36427,38,374,13,1,2021-10-22 15:53:35.533000
36427,38,375,13,1,2021-10-22 15:53:35.533000
36427,38,376,13,1,2021-10-22 15:53:35.533000
36427,38,377,13,1,2021-10-22 15:53:35.533000
36427,38,378,13,1,2021-10-22 15:53:35.533000
36427,38,379,13,1,2021-10-22 15:53:35.533000
36427,38,380,13,1,2021-10-22 15:53:35.533000
36427,38,381,13,1,2021-10-22 15:53:35.533000
36427,38,391,12,1,2021-10-22 15:53:35.533000
36427,38,392,12,1,2021-10-22 15:53:35.533000
36427,38,393,12,1,2021-10-22 15:53:35.533000
36427,38,394,12,1,2021-10-22 15:53:35.533000
36427,38,395,12,1,2021-10-22 15:53:35.533000
36427,38,396,12,1,2021-10-22 15:53:35.533000
36460,25,228,9,2,2023-12-29 17:34:29.197000
36460,25,238,9,2,2023-12-29 17:34:29.197000
36460,25,239,8,1,2023-12-29 17:34:29.197000
36460,25,240,8,1,2023-12-29 17:34:29.197000
36464,27,374,13,1,2023-08-16 18:37:06.743000
36464,27,375,13,1,2023-08-16 18:37:06.743000
36464,27,376,13,1,2023-08-16 18:37:06.743000
36464,27,377,13,1,2023-08-16 18:37:06.743000
36464,27,378,13,1,2023-08-16 18:37:06.743000
36464,27,379,13,1,2023-08-16 18:37:06.743000
36464,27,380,13,1,2023-08-16 18:37:06.743000
36464,27,381,13,1,2023-08-16 18:37:06.743000
36464,27,391,12,1,2023-08-16 18:37:06.743000
36464,27,392,12,1,2023-08-16 18:37:06.743000
36464,27,393,12,1,2023-08-16 18:37:06.743000
36464,27,394,12,1,2023-08-16 18:37:06.743000
36464,27,395,12,1,2023-08-16 18:37:06.743000
36464,27,396,12,1,2023-08-16 18:37:06.743000
36469,24,228,9,2,2024-05-30 16:40:19.867000
36469,24,238,9,2,2024-05-30 16:40:19.867000
36469,24,239,8,1,2024-05-30 16:40:19.867000
36469,24,240,8,1,2024-05-30 16:40:19.867000
36485,23,228,9,2,2026-07-08 14:33:43.577000
36485,23,238,9,2,2026-07-08 14:33:43.577000
36485,23,239,8,1,2026-07-08 14:33:43.577000
36485,23,240,8,1,2026-07-08 14:33:43.577000
36499,28,368,12,1,2025-03-14 13:45:14.893000
36499,28,369,12,1,2025-03-14 13:45:14.893000
36499,28,370,12,1,2025-03-14 13:45:14.893000
36499,28,371,12,1,2025-03-14 13:45:14.893000
36499,28,372,12,1,2025-03-14 13:45:14.893000
36523,35,143,8,1,2026-02-20 14:38:33.787000
36523,35,144,8,1,2026-02-20 14:38:33.787000
36523,35,145,8,1,2026-02-20 14:38:33.787000
36523,35,146,8,1,2026-02-20 14:38:33.787000
36523,35,147,9,1,2026-02-20 14:38:33.787000
36523,35,148,9,1,2026-02-20 14:38:33.787000
36523,35,149,9,1,2026-02-20 14:38:33.787000
36523,35,151,9,1,2026-02-20 14:38:33.787000
36523,35,264,8,1,2026-02-20 14:38:33.787000
36523,35,265,9,1,2026-02-20 14:38:33.787000
36523,35,266,8,1,2026-02-20 14:38:33.787000
36523,35,267,9,1,2026-02-20 14:38:33.787000
36523,35,268,8,1,2026-02-20 14:38:33.787000
36524,43,340,12,1,2025-10-14 14:10:05.243000
36524,43,341,12,1,2025-10-14 14:10:05.243000
36524,43,342,12,1,2025-10-14 14:10:05.243000
36524,43,343,12,1,2025-10-14 14:10:05.243000
36524,43,344,12,1,2025-10-14 14:10:05.243000
36524,43,345,12,1,2025-10-14 14:10:05.243000
36524,43,346,12,1,2025-10-14 14:10:05.243000
36524,43,347,12,1,2025-10-14 14:10:05.243000
36524,43,348,12,1,2025-10-14 14:10:05.243000
36524,43,349,12,1,2025-10-14 14:10:05.243000
36524,43,350,12,1,2025-10-14 14:10:05.243000
36524,43,351,12,1,2025-10-14 14:10:05.243000
36524,43,352,12,1,2025-10-14 14:10:05.243000
36524,43,353,12,1,2025-10-14 14:10:05.243000
36524,43,354,12,1,2025-10-14 14:10:05.243000
36524,43,355,12,1,2025-10-14 14:10:05.243000
36524,43,356,12,1,2025-10-14 14:10:05.243000
36524,43,357,12,1,2025-10-14 14:10:05.243000
36524,43,358,12,1,2025-10-14 14:10:05.243000
36524,43,359,12,1,2025-10-14 14:10:05.243000
36524,43,360,12,1,2025-10-14 14:10:05.243000
36524,43,361,12,1,2025-10-14 14:10:05.243000
36524,43,362,12,1,2025-10-14 14:10:05.243000
36524,43,363,12,1,2025-10-14 14:10:05.243000
36524,43,364,12,1,2025-10-14 14:10:05.243000
36524,43,365,12,1,2025-10-14 14:10:05.243000
36524,43,366,12,1,2025-10-14 14:10:05.243000
36524,43,367,12,1,2025-10-14 14:10:05.243000
36538,22,340,12,1,2025-10-08 11:56:53.413000
36538,22,341,12,1,2025-10-08 11:56:53.413000
36538,22,342,12,1,2025-10-08 11:56:53.413000
36538,22,343,12,1,2025-10-08 11:56:53.413000
36538,22,344,12,1,2025-10-08 11:56:53.413000
36538,22,345,12,1,2025-10-08 11:56:53.413000
36538,22,346,12,1,2025-10-08 11:56:53.413000
36538,22,347,12,1,2025-10-08 11:56:53.413000
36538,22,348,12,1,2025-10-08 11:56:53.413000
36538,22,349,12,1,2025-10-08 11:56:53.413000
36538,22,350,12,1,2025-10-08 11:56:53.413000
36538,22,351,12,1,2025-10-08 11:56:53.413000
36538,22,352,12,1,2025-10-08 11:56:53.413000
36538,22,353,12,1,2025-10-08 11:56:53.413000
36538,22,354,12,1,2025-10-08 11:56:53.413000
36538,22,355,12,1,2025-10-08 11:56:53.413000
36538,22,356,12,1,2025-10-08 11:56:53.413000
36538,22,357,12,1,2025-10-08 11:56:53.413000
36538,22,358,12,1,2025-10-08 11:56:53.413000
36538,22,359,12,1,2025-10-08 11:56:53.413000
36538,22,360,12,1,2025-10-08 11:56:53.413000
36538,22,361,12,1,2025-10-08 11:56:53.413000
36538,22,362,12,1,2025-10-08 11:56:53.413000
36538,22,363,12,1,2025-10-08 11:56:53.413000
36538,22,364,12,1,2025-10-08 11:56:53.413000
36538,22,365,12,1,2025-10-08 11:56:53.413000
36538,22,366,12,1,2025-10-08 11:56:53.413000
36538,22,367,12,1,2025-10-08 11:56:53.413000
36551,21,340,12,1,2026-01-12 13:38:59.970000
36551,21,341,12,1,2026-01-12 13:38:59.970000
36551,21,342,12,1,2026-01-12 13:38:59.970000
36551,21,343,12,1,2026-01-12 13:38:59.970000
36551,21,344,12,1,2026-01-12 13:38:59.970000
36551,21,345,12,1,2026-01-12 13:38:59.970000
36551,21,346,12,1,2026-01-12 13:38:59.970000
36551,21,347,12,1,2026-01-12 13:38:59.970000
36551,21,348,12,1,2026-01-12 13:38:59.970000
36551,21,349,12,1,2026-01-12 13:38:59.970000
36551,21,350,12,1,2026-01-12 13:38:59.970000
36551,21,351,12,1,2026-01-12 13:38:59.970000
36551,21,352,12,1,2026-01-12 13:38:59.970000
36551,21,353,12,1,2026-01-12 13:38:59.970000
36551,21,354,12,1,2026-01-12 13:38:59.970000
36551,21,355,12,1,2026-01-12 13:38:59.970000
36551,21,356,12,1,2026-01-12 13:38:59.970000
36551,21,357,12,1,2026-01-12 13:38:59.970000
36551,21,358,12,1,2026-01-12 13:38:59.970000
36551,21,359,12,1,2026-01-12 13:38:59.970000
36551,21,360,12,1,2026-01-12 13:38:59.970000
36551,21,361,12,1,2026-01-12 13:38:59.970000
36551,21,362,12,1,2026-01-12 13:38:59.970000
36551,21,363,12,1,2026-01-12 13:38:59.970000
36551,21,364,12,1,2026-01-12 13:38:59.970000
36551,21,365,12,1,2026-01-12 13:38:59.970000
36551,21,366,12,1,2026-01-12 13:38:59.970000
36551,21,367,12,1,2026-01-12 13:38:59.970000
36575,21,340,12,1,2025-10-27 13:34:29.623000
36575,21,341,12,1,2025-10-27 13:34:29.623000
36575,21,342,12,1,2025-10-27 13:34:29.623000
36575,21,343,12,1,2025-10-27 13:34:29.623000
36575,21,344,12,1,2025-10-27 13:34:29.623000
36575,21,345,12,1,2025-10-27 13:34:29.623000
36575,21,346,12,1,2025-10-27 13:34:29.623000
36575,21,347,12,1,2025-10-27 13:34:29.623000
36575,21,348,12,1,2025-10-27 13:34:29.623000
36575,21,349,12,1,2025-10-27 13:34:29.623000
36575,21,350,12,1,2025-10-27 13:34:29.623000
36575,21,351,12,1,2025-10-27 13:34:29.623000
36575,21,352,12,1,2025-10-27 13:34:29.623000
36575,21,353,12,1,2025-10-27 13:34:29.623000
36575,21,354,12,1,2025-10-27 13:34:29.623000
36575,21,355,12,1,2025-10-27 13:34:29.623000
36575,21,356,12,1,2025-10-27 13:34:29.623000
36575,21,357,12,1,2025-10-27 13:34:29.623000
36575,21,358,12,1,2025-10-27 13:34:29.623000
36575,21,359,12,1,2025-10-27 13:34:29.623000
36575,21,360,12,1,2025-10-27 13:34:29.623000
36575,21,361,12,1,2025-10-27 13:34:29.623000
36575,21,362,12,1,2025-10-27 13:34:29.623000
36575,21,363,12,1,2025-10-27 13:34:29.623000
36575,21,364,12,1,2025-10-27 13:34:29.623000
36575,21,365,12,1,2025-10-27 13:34:29.623000
36575,21,366,12,1,2025-10-27 13:34:29.623000
36575,21,367,12,1,2025-10-27 13:34:29.623000
36593,37,374,13,1,2025-03-10 14:00:13.440000
36593,37,375,13,1,2025-03-10 14:00:13.440000
36593,37,376,13,1,2025-03-10 14:00:13.440000
36593,37,377,13,1,2025-03-10 14:00:13.440000
36593,37,378,13,1,2025-03-10 14:00:13.440000
36593,37,379,13,1,2025-03-10 14:00:13.440000
36593,37,380,13,1,2025-03-10 14:00:13.440000
36593,37,381,13,1,2025-03-10 14:00:13.440000
36593,37,391,12,1,2025-03-10 14:00:13.440000
36593,37,392,12,1,2025-03-10 14:00:13.440000
36593,37,393,12,1,2025-03-10 14:00:13.440000
36593,37,394,12,1,2025-03-10 14:00:13.440000
36593,37,395,12,1,2025-03-10 14:00:13.440000
36593,37,396,12,1,2025-03-10 14:00:13.440000
36658,22,228,9,2,2025-09-26 21:52:55.930000
36658,22,238,9,2,2025-09-26 21:52:55.930000
36658,22,239,8,1,2025-09-26 21:52:55.930000
36658,22,240,8,1,2025-09-26 21:52:55.930000
36665,19,374,13,1,2021-12-22 20:08:15.307000
36665,19,375,13,1,2021-12-22 20:08:15.307000
36665,19,376,13,1,2021-12-22 20:08:15.307000
36665,19,377,13,1,2021-12-22 20:08:15.307000
36665,19,378,13,1,2021-12-22 20:08:15.307000
36665,19,379,13,1,2021-12-22 20:08:15.307000
36665,19,380,13,1,2021-12-22 20:08:15.307000
36665,19,381,13,1,2021-12-22 20:08:15.307000
36665,19,391,12,1,2021-12-22 20:08:15.307000
36665,19,392,12,1,2021-12-22 20:08:15.307000
36665,19,393,12,1,2021-12-22 20:08:15.307000
36665,19,394,12,1,2021-12-22 20:08:15.307000
36665,19,395,12,1,2021-12-22 20:08:15.307000
36665,19,396,12,1,2021-12-22 20:08:15.307000
36668,45,340,12,1,2025-08-06 17:30:01.847000
36668,45,341,12,1,2025-08-06 17:30:01.847000
36668,45,342,12,1,2025-08-06 17:30:01.847000
36668,45,343,12,1,2025-08-06 17:30:01.847000
36668,45,344,12,1,2025-08-06 17:30:01.847000
36668,45,345,12,1,2025-08-06 17:30:01.847000
36668,45,346,12,1,2025-08-06 17:30:01.847000
36668,45,347,12,1,2025-08-06 17:30:01.847000
36668,45,348,12,1,2025-08-06 17:30:01.847000
36668,45,349,12,1,2025-08-06 17:30:01.847000
36668,45,350,12,1,2025-08-06 17:30:01.847000
36668,45,351,12,1,2025-08-06 17:30:01.847000
36668,45,352,12,1,2025-08-06 17:30:01.847000
36668,45,353,12,1,2025-08-06 17:30:01.847000
36668,45,354,12,1,2025-08-06 17:30:01.847000
36668,45,355,12,1,2025-08-06 17:30:01.847000
36668,45,356,12,1,2025-08-06 17:30:01.847000
36668,45,357,12,1,2025-08-06 17:30:01.847000
36668,45,358,12,1,2025-08-06 17:30:01.847000
36668,45,359,12,1,2025-08-06 17:30:01.847000
36668,45,360,12,1,2025-08-06 17:30:01.847000
36668,45,361,12,1,2025-08-06 17:30:01.847000
36668,45,362,12,1,2025-08-06 17:30:01.847000
36668,45,363,12,1,2025-08-06 17:30:01.847000
36668,45,364,12,1,2025-08-06 17:30:01.847000
36668,45,365,12,1,2025-08-06 17:30:01.847000
36668,45,366,12,1,2025-08-06 17:30:01.847000
36668,45,367,12,1,2025-08-06 17:30:01.847000
36675,19,228,9,2,2025-11-05 12:28:29.537000
36675,19,238,9,2,2025-11-05 12:28:29.537000
36675,19,239,8,1,2025-11-05 12:28:29.537000
36675,19,240,8,1,2025-11-05 12:28:29.537000
36678,33,340,12,1,2025-10-27 13:33:43.950000
36678,33,341,12,1,2025-10-27 13:33:43.950000
36678,33,342,12,1,2025-10-27 13:33:43.950000
36678,33,343,12,1,2025-10-27 13:33:43.950000
36678,33,344,12,1,2025-10-27 13:33:43.950000
36678,33,345,12,1,2025-10-27 13:33:43.950000
36678,33,346,12,1,2025-10-27 13:33:43.950000
36678,33,347,12,1,2025-10-27 13:33:43.950000
36678,33,348,12,1,2025-10-27 13:33:43.950000
36678,33,349,12,1,2025-10-27 13:33:43.950000
36678,33,350,12,1,2025-10-27 13:33:43.950000
36678,33,351,12,1,2025-10-27 13:33:43.950000
36678,33,352,12,1,2025-10-27 13:33:43.950000
36678,33,353,12,1,2025-10-27 13:33:43.950000
36678,33,354,12,1,2025-10-27 13:33:43.950000
36678,33,355,12,1,2025-10-27 13:33:43.950000
36678,33,356,12,1,2025-10-27 13:33:43.950000
36678,33,357,12,1,2025-10-27 13:33:43.950000
36678,33,358,12,1,2025-10-27 13:33:43.950000
36678,33,359,12,1,2025-10-27 13:33:43.950000
36678,33,360,12,1,2025-10-27 13:33:43.950000
36678,33,361,12,1,2025-10-27 13:33:43.950000
36678,33,362,12,1,2025-10-27 13:33:43.950000
36678,33,363,12,1,2025-10-27 13:33:43.950000
36678,33,364,12,1,2025-10-27 13:33:43.950000
36678,33,365,12,1,2025-10-27 13:33:43.950000
36678,33,366,12,1,2025-10-27 13:33:43.950000
36678,33,367,12,1,2025-10-27 13:33:43.950000
36690,38,228,9,2,2026-01-21 13:21:14.577000
36690,38,238,9,2,2026-01-21 13:21:14.577000
36690,38,239,8,1,2026-01-21 13:21:14.577000
36690,38,240,8,1,2026-01-21 13:21:14.577000
36692,27,340,12,1,2025-08-06 17:30:01.947000
36692,27,341,12,1,2025-08-06 17:30:01.947000
36692,27,342,12,1,2025-08-06 17:30:01.947000
36692,27,343,12,1,2025-08-06 17:30:01.947000
36692,27,344,12,1,2025-08-06 17:30:01.947000
36692,27,345,12,1,2025-08-06 17:30:01.947000
36692,27,346,12,1,2025-08-06 17:30:01.947000
36692,27,347,12,1,2025-08-06 17:30:01.947000
36692,27,348,12,1,2025-08-06 17:30:01.947000
36692,27,349,12,1,2025-08-06 17:30:01.947000
36692,27,350,12,1,2025-08-06 17:30:01.947000
36692,27,351,12,1,2025-08-06 17:30:01.947000
36692,27,352,12,1,2025-08-06 17:30:01.947000
36692,27,353,12,1,2025-08-06 17:30:01.947000
36692,27,354,12,1,2025-08-06 17:30:01.947000
36692,27,355,12,1,2025-08-06 17:30:01.947000
36692,27,356,12,1,2025-08-06 17:30:01.947000
36692,27,357,12,1,2025-08-06 17:30:01.947000
36692,27,358,12,1,2025-08-06 17:30:01.947000
36692,27,359,12,1,2025-08-06 17:30:01.947000
36692,27,360,12,1,2025-08-06 17:30:01.947000
36692,27,361,12,1,2025-08-06 17:30:01.947000
36692,27,362,12,1,2025-08-06 17:30:01.947000
36692,27,363,12,1,2025-08-06 17:30:01.947000
36692,27,364,12,1,2025-08-06 17:30:01.947000
36692,27,365,12,1,2025-08-06 17:30:01.947000
36692,27,366,12,1,2025-08-06 17:30:01.947000
36692,27,367,12,1,2025-08-06 17:30:01.947000
36702,20,340,12,1,2025-10-08 11:55:52.330000
36702,20,341,12,1,2025-10-08 11:55:52.330000
36702,20,342,12,1,2025-10-08 11:55:52.330000
36702,20,343,12,1,2025-10-08 11:55:52.330000
36702,20,344,12,1,2025-10-08 11:55:52.330000
36702,20,345,12,1,2025-10-08 11:55:52.330000
36702,20,346,12,1,2025-10-08 11:55:52.330000
36702,20,347,12,1,2025-10-08 11:55:52.330000
36702,20,348,12,1,2025-10-08 11:55:52.330000
36702,20,349,12,1,2025-10-08 11:55:52.330000
36702,20,350,12,1,2025-10-08 11:55:52.330000
36702,20,351,12,1,2025-10-08 11:55:52.330000
36702,20,352,12,1,2025-10-08 11:55:52.330000
36702,20,353,12,1,2025-10-08 11:55:52.330000
36702,20,354,12,1,2025-10-08 11:55:52.330000
36702,20,355,12,1,2025-10-08 11:55:52.330000
36702,20,356,12,1,2025-10-08 11:55:52.330000
36702,20,357,12,1,2025-10-08 11:55:52.330000
36702,20,358,12,1,2025-10-08 11:55:52.330000
36702,20,359,12,1,2025-10-08 11:55:52.330000
36702,20,360,12,1,2025-10-08 11:55:52.330000
36702,20,361,12,1,2025-10-08 11:55:52.330000
36702,20,362,12,1,2025-10-08 11:55:52.330000
36702,20,363,12,1,2025-10-08 11:55:52.330000
36702,20,364,12,1,2025-10-08 11:55:52.330000
36702,20,365,12,1,2025-10-08 11:55:52.330000
36702,20,366,12,1,2025-10-08 11:55:52.330000
36702,20,367,12,1,2025-10-08 11:55:52.330000
36704,23,340,12,1,2025-10-14 13:13:56.843000
36704,23,341,12,1,2025-10-14 13:13:56.843000
36704,23,342,12,1,2025-10-14 13:13:56.843000
36704,23,343,12,1,2025-10-14 13:13:56.843000
36704,23,344,12,1,2025-10-14 13:13:56.843000
36704,23,345,12,1,2025-10-14 13:13:56.843000
36704,23,346,12,1,2025-10-14 13:13:56.843000
36704,23,347,12,1,2025-10-14 13:13:56.843000
36704,23,348,12,1,2025-10-14 13:13:56.843000
36704,23,349,12,1,2025-10-14 13:13:56.843000
36704,23,350,12,1,2025-10-14 13:13:56.843000
36704,23,351,12,1,2025-10-14 13:13:56.843000
36704,23,352,12,1,2025-10-14 13:13:56.843000
36704,23,353,12,1,2025-10-14 13:13:56.843000
36704,23,354,12,1,2025-10-14 13:13:56.843000
36704,23,355,12,1,2025-10-14 13:13:56.843000
36704,23,356,12,1,2025-10-14 13:13:56.843000
36704,23,357,12,1,2025-10-14 13:13:56.843000
36704,23,358,12,1,2025-10-14 13:13:56.843000
36704,23,359,12,1,2025-10-14 13:13:56.843000
36704,23,360,12,1,2025-10-14 13:13:56.843000
36704,23,361,12,1,2025-10-14 13:13:56.843000
36704,23,362,12,1,2025-10-14 13:13:56.843000
36704,23,363,12,1,2025-10-14 13:13:56.843000
36704,23,364,12,1,2025-10-14 13:13:56.843000
36704,23,365,12,1,2025-10-14 13:13:56.843000
36704,23,366,12,1,2025-10-14 13:13:56.843000
36704,23,367,12,1,2025-10-14 13:13:56.843000
36715,58,314,12,1,2025-03-14 13:46:40.900000
36715,58,315,12,1,2025-03-14 13:46:40.900000
36715,58,316,12,1,2025-03-14 13:46:40.900000
36715,58,317,12,1,2025-03-14 13:46:40.900000
36715,58,318,12,1,2025-03-14 13:46:40.900000
36715,58,319,12,1,2025-03-14 13:46:40.900000
36715,58,320,12,1,2025-03-14 13:46:40.900000
36715,58,321,12,1,2025-03-14 13:46:40.900000
36715,58,322,12,1,2025-03-14 13:46:40.900000
36715,58,323,12,1,2025-03-14 13:46:40.900000
36715,58,324,12,1,2025-03-14 13:46:40.900000
36715,58,325,12,1,2025-03-14 13:46:40.900000
36715,58,326,12,1,2025-03-14 13:46:40.900000
36715,58,327,12,1,2025-03-14 13:46:40.900000
36715,58,328,12,1,2025-03-14 13:46:40.900000
36715,58,329,12,1,2025-03-14 13:46:40.900000
36715,58,330,12,1,2025-03-14 13:46:40.900000
36715,58,331,12,1,2025-03-14 13:46:40.900000
36715,58,332,12,1,2025-03-14 13:46:40.900000
36715,58,333,12,1,2025-03-14 13:46:40.900000
36715,58,334,12,1,2025-03-14 13:46:40.900000
36715,58,335,12,1,2025-03-14 13:46:40.900000
36715,58,336,12,1,2025-03-14 13:46:40.900000
36715,58,337,12,1,2025-03-14 13:46:40.900000
36715,58,338,12,1,2025-03-14 13:46:40.900000
36715,58,339,12,1,2025-03-14 13:46:40.900000
36761,20,374,13,1,2023-07-21 14:54:35.140000
36761,20,375,13,1,2023-07-21 14:54:35.140000
36761,20,376,13,1,2023-07-21 14:54:35.140000
36761,20,377,13,1,2023-07-21 14:54:35.140000
36761,20,378,13,1,2023-07-21 14:54:35.140000
36761,20,379,13,1,2023-07-21 14:54:35.140000
36761,20,380,13,1,2023-07-21 14:54:35.140000
36761,20,381,13,1,2023-07-21 14:54:35.140000
36761,20,391,12,1,2023-07-21 14:54:35.140000
36761,20,392,12,1,2023-07-21 14:54:35.140000
36761,20,393,12,1,2023-07-21 14:54:35.140000
36761,20,394,12,1,2023-07-21 14:54:35.140000
36761,20,395,12,1,2023-07-21 14:54:35.140000
36761,20,396,12,1,2023-07-21 14:54:35.140000
36767,27,368,12,1,2019-10-02 19:08:23.643000
36767,27,369,12,1,2019-10-02 19:08:23.643000
36767,27,370,12,1,2019-10-02 19:08:23.643000
36767,27,371,12,1,2019-10-02 19:08:23.643000
36767,27,372,12,1,2019-10-02 19:08:23.643000
36797,22,143,8,1,2025-07-21 19:06:24.117000
36797,22,144,8,1,2025-07-21 19:06:24.117000
36797,22,145,8,1,2025-07-21 19:06:24.117000
36797,22,146,8,1,2025-07-21 19:06:24.117000
36797,22,147,9,1,2025-07-21 19:06:24.117000
36797,22,148,9,1,2025-07-21 19:06:24.117000
36797,22,149,9,1,2025-07-21 19:06:24.117000
36797,22,151,9,1,2025-07-21 19:06:24.117000
36797,22,264,8,1,2025-07-21 19:06:24.117000
36797,22,265,9,1,2025-07-21 19:06:24.117000
36797,22,266,8,1,2025-07-21 19:06:24.117000
36797,22,267,9,1,2025-07-21 19:06:24.117000
36797,22,268,8,1,2025-07-21 19:06:24.117000
36805,27,143,8,1,2026-04-21 17:51:12.493000
36805,27,144,8,1,2026-04-21 17:51:12.493000
36805,27,145,8,1,2026-04-21 17:51:12.493000
36805,27,146,8,1,2026-04-21 17:51:12.493000
36805,27,147,9,1,2026-04-21 17:51:12.493000
36805,27,148,9,1,2026-04-21 17:51:12.493000
36805,27,149,9,1,2026-04-21 17:51:12.493000
36805,27,151,9,1,2026-04-21 17:51:12.493000
36805,27,264,8,1,2026-04-21 17:51:12.493000
36805,27,265,9,1,2026-04-21 17:51:12.493000
36805,27,266,8,1,2026-04-21 17:51:12.493000
36805,27,267,9,1,2026-04-21 17:51:12.493000
36805,27,268,8,1,2026-04-21 17:51:12.493000
36807,45,143,8,1,2025-05-20 15:47:07.680000
36807,45,144,8,1,2025-05-20 15:47:07.680000
36807,45,145,8,1,2025-05-20 15:47:07.680000
36807,45,146,8,1,2025-05-20 15:47:07.680000
36807,45,147,9,1,2025-05-20 15:47:07.680000
36807,45,148,9,1,2025-05-20 15:47:07.680000
36807,45,149,9,1,2025-05-20 15:47:07.680000
36807,45,151,9,1,2025-05-20 15:47:07.680000
36807,45,264,8,1,2025-05-20 15:47:07.680000
36807,45,265,9,1,2025-05-20 15:47:07.680000
36807,45,266,8,1,2025-05-20 15:47:07.680000
36807,45,267,9,1,2025-05-20 15:47:07.680000
36807,45,268,8,1,2025-05-20 15:47:07.680000
36811,16,143,8,1,2025-04-22 16:46:15.177000
36811,16,144,8,1,2025-04-22 16:46:15.177000
36811,16,145,8,1,2025-04-22 16:46:15.177000
36811,16,146,8,1,2025-04-22 16:46:15.177000
36811,16,147,9,1,2025-04-22 16:46:15.177000
36811,16,148,9,1,2025-04-22 16:46:15.177000
36811,16,149,9,1,2025-04-22 16:46:15.177000
36811,16,151,9,1,2025-04-22 16:46:15.177000
36811,16,264,8,1,2025-04-22 16:46:15.177000
36811,16,265,9,1,2025-04-22 16:46:15.177000
36811,16,266,8,1,2025-04-22 16:46:15.177000
36811,16,267,9,1,2025-04-22 16:46:15.177000
36811,16,268,8,1,2025-04-22 16:46:15.177000
36831,35,500,8,1,2026-07-14 20:41:59.220000
36831,35,501,8,1,2026-07-14 20:41:59.220000
36831,35,502,8,1,2026-07-14 20:41:59.220000
36831,35,504,9,1,2026-07-14 20:41:59.220000
36831,35,505,9,1,2026-07-14 20:41:59.220000
36831,35,506,9,1,2026-07-14 20:41:59.220000
36831,35,507,13,1,2026-07-14 20:41:59.220000
36831,35,508,13,1,2026-07-14 20:41:59.220000
36831,35,509,13,1,2026-07-14 20:41:59.220000
36831,35,510,13,1,2026-07-14 20:41:59.220000
36831,35,511,13,1,2026-07-14 20:41:59.220000
36831,35,512,13,1,2026-07-14 20:41:59.220000
36831,35,513,13,1,2026-07-14 20:41:59.220000
36831,35,514,13,1,2026-07-14 20:41:59.220000
36831,35,515,13,1,2026-07-14 20:41:59.220000
36831,35,516,13,1,2026-07-14 20:41:59.220000
36831,35,517,13,1,2026-07-14 20:41:59.220000
36831,35,519,13,1,2026-07-14 20:41:59.220000
36831,35,520,13,1,2026-07-14 20:41:59.220000
36831,35,521,13,1,2026-07-14 20:41:59.220000
36831,35,522,13,1,2026-07-14 20:41:59.220000
36831,35,523,13,1,2026-07-14 20:41:59.220000
36839,23,143,8,1,2025-06-17 13:58:13.883000
36839,23,144,8,1,2025-06-17 13:58:13.883000
36839,23,145,8,1,2025-06-17 13:58:13.883000
36839,23,146,8,1,2025-06-17 13:58:13.883000
36839,23,147,9,1,2025-06-17 13:58:13.883000
36839,23,148,9,1,2025-06-17 13:58:13.883000
36839,23,149,9,1,2025-06-17 13:58:13.883000
36839,23,151,9,1,2025-06-17 13:58:13.883000
36839,23,264,8,1,2025-06-17 13:58:13.883000
36839,23,265,9,1,2025-06-17 13:58:13.883000
36839,23,266,8,1,2025-06-17 13:58:13.883000
36839,23,267,9,1,2025-06-17 13:58:13.883000
36839,23,268,8,1,2025-06-17 13:58:13.883000
36846,21,340,12,1,2025-10-08 11:55:18.620000
36846,21,341,12,1,2025-10-08 11:55:18.620000
36846,21,342,12,1,2025-10-08 11:55:18.620000
36846,21,343,12,1,2025-10-08 11:55:18.620000
36846,21,344,12,1,2025-10-08 11:55:18.620000
36846,21,345,12,1,2025-10-08 11:55:18.620000
36846,21,346,12,1,2025-10-08 11:55:18.620000
36846,21,347,12,1,2025-10-08 11:55:18.620000
36846,21,348,12,1,2025-10-08 11:55:18.620000
36846,21,349,12,1,2025-10-08 11:55:18.620000
36846,21,350,12,1,2025-10-08 11:55:18.620000
36846,21,351,12,1,2025-10-08 11:55:18.620000
36846,21,352,12,1,2025-10-08 11:55:18.620000
36846,21,353,12,1,2025-10-08 11:55:18.620000
36846,21,354,12,1,2025-10-08 11:55:18.620000
36846,21,355,12,1,2025-10-08 11:55:18.620000
36846,21,356,12,1,2025-10-08 11:55:18.620000
36846,21,357,12,1,2025-10-08 11:55:18.620000
36846,21,358,12,1,2025-10-08 11:55:18.620000
36846,21,359,12,1,2025-10-08 11:55:18.620000
36846,21,360,12,1,2025-10-08 11:55:18.620000
36846,21,361,12,1,2025-10-08 11:55:18.620000
36846,21,362,12,1,2025-10-08 11:55:18.620000
36846,21,363,12,1,2025-10-08 11:55:18.620000
36846,21,364,12,1,2025-10-08 11:55:18.620000
36846,21,365,12,1,2025-10-08 11:55:18.620000
36846,21,366,12,1,2025-10-08 11:55:18.620000
36846,21,367,12,1,2025-10-08 11:55:18.620000
36850,25,500,8,1,2026-07-14 20:41:57.540000
36850,25,501,8,1,2026-07-14 20:41:57.540000
36850,25,502,8,1,2026-07-14 20:41:57.540000
36850,25,504,9,1,2026-07-14 20:41:57.540000
36850,25,505,9,1,2026-07-14 20:41:57.540000
36850,25,506,9,1,2026-07-14 20:41:57.540000
36850,25,507,13,1,2026-07-14 20:41:57.540000
36850,25,508,13,1,2026-07-14 20:41:57.540000
36850,25,509,13,1,2026-07-14 20:41:57.540000
36850,25,510,13,1,2026-07-14 20:41:57.540000
36850,25,511,13,1,2026-07-14 20:41:57.540000
36850,25,512,13,1,2026-07-14 20:41:57.540000
36850,25,513,13,1,2026-07-14 20:41:57.540000
36850,25,514,13,1,2026-07-14 20:41:57.540000
36850,25,515,13,1,2026-07-14 20:41:57.540000
36850,25,516,13,1,2026-07-14 20:41:57.540000
36850,25,517,13,1,2026-07-14 20:41:57.540000
36850,25,519,13,1,2026-07-14 20:41:57.540000
36850,25,520,13,1,2026-07-14 20:41:57.540000
36850,25,521,13,1,2026-07-14 20:41:57.540000
36850,25,522,13,1,2026-07-14 20:41:57.540000
36850,25,523,13,1,2026-07-14 20:41:57.540000
36861,25,340,12,1,2025-09-02 13:55:33.490000
36861,25,341,12,1,2025-09-02 13:55:33.490000
36861,25,342,12,1,2025-09-02 13:55:33.490000
36861,25,343,12,1,2025-09-02 13:55:33.490000
36861,25,344,12,1,2025-09-02 13:55:33.490000
36861,25,345,12,1,2025-09-02 13:55:33.490000
36861,25,346,12,1,2025-09-02 13:55:33.490000
36861,25,347,12,1,2025-09-02 13:55:33.490000
36861,25,348,12,1,2025-09-02 13:55:33.490000
36861,25,349,12,1,2025-09-02 13:55:33.490000
36861,25,350,12,1,2025-09-02 13:55:33.490000
36861,25,351,12,1,2025-09-02 13:55:33.490000
36861,25,352,12,1,2025-09-02 13:55:33.490000
36861,25,353,12,1,2025-09-02 13:55:33.490000
36861,25,354,12,1,2025-09-02 13:55:33.490000
36861,25,355,12,1,2025-09-02 13:55:33.490000
36861,25,356,12,1,2025-09-02 13:55:33.490000
36861,25,357,12,1,2025-09-02 13:55:33.490000
36861,25,358,12,1,2025-09-02 13:55:33.490000
36861,25,359,12,1,2025-09-02 13:55:33.490000
36861,25,360,12,1,2025-09-02 13:55:33.490000
36861,25,361,12,1,2025-09-02 13:55:33.490000
36861,25,362,12,1,2025-09-02 13:55:33.490000
36861,25,363,12,1,2025-09-02 13:55:33.490000
36861,25,364,12,1,2025-09-02 13:55:33.490000
36861,25,365,12,1,2025-09-02 13:55:33.490000
36861,25,366,12,1,2025-09-02 13:55:33.490000
36861,25,367,12,1,2025-09-02 13:55:33.490000
36864,21,340,12,1,2025-10-08 11:53:55.553000
36864,21,341,12,1,2025-10-08 11:53:55.553000
36864,21,342,12,1,2025-10-08 11:53:55.553000
36864,21,343,12,1,2025-10-08 11:53:55.553000
36864,21,344,12,1,2025-10-08 11:53:55.553000
36864,21,345,12,1,2025-10-08 11:53:55.553000
36864,21,346,12,1,2025-10-08 11:53:55.553000
36864,21,347,12,1,2025-10-08 11:53:55.553000
36864,21,348,12,1,2025-10-08 11:53:55.553000
36864,21,349,12,1,2025-10-08 11:53:55.553000
36864,21,350,12,1,2025-10-08 11:53:55.553000
36864,21,351,12,1,2025-10-08 11:53:55.553000
36864,21,352,12,1,2025-10-08 11:53:55.553000
36864,21,353,12,1,2025-10-08 11:53:55.553000
36864,21,354,12,1,2025-10-08 11:53:55.553000
36864,21,355,12,1,2025-10-08 11:53:55.553000
36864,21,356,12,1,2025-10-08 11:53:55.553000
36864,21,357,12,1,2025-10-08 11:53:55.553000
36864,21,358,12,1,2025-10-08 11:53:55.553000
36864,21,359,12,1,2025-10-08 11:53:55.553000
36864,21,360,12,1,2025-10-08 11:53:55.553000
36864,21,361,12,1,2025-10-08 11:53:55.553000
36864,21,362,12,1,2025-10-08 11:53:55.553000
36864,21,363,12,1,2025-10-08 11:53:55.553000
36864,21,364,12,1,2025-10-08 11:53:55.553000
36864,21,365,12,1,2025-10-08 11:53:55.553000
36864,21,366,12,1,2025-10-08 11:53:55.553000
36864,21,367,12,1,2025-10-08 11:53:55.553000
36902,16,228,9,2,2026-02-27 17:15:54.910000
36902,16,238,9,2,2026-02-27 17:15:54.910000
36902,16,239,8,1,2026-02-27 17:15:54.910000
36902,16,240,8,1,2026-02-27 17:15:54.910000
36906,20,228,9,2,2026-03-25 17:25:02.163000
36906,20,238,9,2,2026-03-25 17:25:02.163000
36906,20,239,8,1,2026-03-25 17:25:02.163000
36906,20,240,8,1,2026-03-25 17:25:02.163000
36912,30,374,13,1,2021-12-01 21:16:30.423000
36912,30,375,13,1,2021-12-01 21:16:30.423000
36912,30,376,13,1,2021-12-01 21:16:30.423000
36912,30,377,13,1,2021-12-01 21:16:30.423000
36912,30,378,13,1,2021-12-01 21:16:30.423000
36912,30,379,13,1,2021-12-01 21:16:30.423000
36912,30,380,13,1,2021-12-01 21:16:30.423000
36912,30,381,13,1,2021-12-01 21:16:30.423000
36912,30,391,12,1,2021-12-01 21:16:30.423000
36912,30,392,12,1,2021-12-01 21:16:30.423000
36912,30,393,12,1,2021-12-01 21:16:30.423000
36912,30,394,12,1,2021-12-01 21:16:30.423000
36912,30,395,12,1,2021-12-01 21:16:30.423000
36912,30,396,12,1,2021-12-01 21:16:30.423000
36920,107,314,12,1,2026-04-10 18:26:24.293000
36920,107,315,12,1,2026-04-10 18:26:24.293000
36920,107,316,12,1,2026-04-10 18:26:24.293000
36920,107,317,12,1,2026-04-10 18:26:24.293000
36920,107,318,12,1,2026-04-10 18:26:24.293000
36920,107,319,12,1,2026-04-10 18:26:24.293000
36920,107,320,12,1,2026-04-10 18:26:24.293000
36920,107,321,12,1,2026-04-10 18:26:24.293000
36920,107,322,12,1,2026-04-10 18:26:24.293000
36920,107,323,12,1,2026-04-10 18:26:24.293000
36920,107,324,12,1,2026-04-10 18:26:24.293000
36920,107,325,12,1,2026-04-10 18:26:24.293000
36920,107,326,12,1,2026-04-10 18:26:24.293000
36920,107,327,12,1,2026-04-10 18:26:24.293000
36920,107,328,12,1,2026-04-10 18:26:24.293000
36920,107,329,12,1,2026-04-10 18:26:24.293000
36920,107,330,12,1,2026-04-10 18:26:24.293000
36920,107,331,12,1,2026-04-10 18:26:24.293000
36920,107,332,12,1,2026-04-10 18:26:24.293000
36920,107,333,12,1,2026-04-10 18:26:24.293000
36920,107,334,12,1,2026-04-10 18:26:24.293000
36920,107,335,12,1,2026-04-10 18:26:24.293000
36920,107,336,12,1,2026-04-10 18:26:24.293000
36920,107,337,12,1,2026-04-10 18:26:24.293000
36920,107,338,12,1,2026-04-10 18:26:24.293000
36920,107,339,12,1,2026-04-10 18:26:24.293000
36941,22,340,12,1,2026-01-26 13:28:21.683000
36941,22,341,12,1,2026-01-26 13:28:21.683000
36941,22,342,12,1,2026-01-26 13:28:21.683000
36941,22,343,12,1,2026-01-26 13:28:21.683000
36941,22,344,12,1,2026-01-26 13:28:21.683000
36941,22,345,12,1,2026-01-26 13:28:21.683000
36941,22,346,12,1,2026-01-26 13:28:21.683000
36941,22,347,12,1,2026-01-26 13:28:21.683000
36941,22,348,12,1,2026-01-26 13:28:21.683000
36941,22,349,12,1,2026-01-26 13:28:21.683000
36941,22,350,12,1,2026-01-26 13:28:21.683000
36941,22,351,12,1,2026-01-26 13:28:21.683000
36941,22,352,12,1,2026-01-26 13:28:21.683000
36941,22,353,12,1,2026-01-26 13:28:21.683000
36941,22,354,12,1,2026-01-26 13:28:21.683000
36941,22,355,12,1,2026-01-26 13:28:21.683000
36941,22,356,12,1,2026-01-26 13:28:21.683000
36941,22,357,12,1,2026-01-26 13:28:21.683000
36941,22,358,12,1,2026-01-26 13:28:21.683000
36941,22,359,12,1,2026-01-26 13:28:21.683000
36941,22,360,12,1,2026-01-26 13:28:21.683000
36941,22,361,12,1,2026-01-26 13:28:21.683000
36941,22,362,12,1,2026-01-26 13:28:21.683000
36941,22,363,12,1,2026-01-26 13:28:21.683000
36941,22,364,12,1,2026-01-26 13:28:21.683000
36941,22,365,12,1,2026-01-26 13:28:21.683000
36941,22,366,12,1,2026-01-26 13:28:21.683000
36941,22,367,12,1,2026-01-26 13:28:21.683000
36951,20,228,9,2,2025-09-26 20:51:47.877000
36951,20,238,9,2,2025-09-26 20:51:47.877000
36951,20,239,8,1,2025-09-26 20:51:47.877000
36951,20,240,8,1,2025-09-26 20:51:47.877000
36975,24,228,9,2,2026-02-20 21:44:04.633000
36975,24,238,9,2,2026-02-20 21:44:04.633000
36975,24,239,8,1,2026-02-20 21:44:04.633000
36975,24,240,8,1,2026-02-20 21:44:04.633000
37001,21,143,8,1,2025-09-15 19:53:51.343000
37001,21,144,8,1,2025-09-15 19:53:51.343000
37001,21,145,8,1,2025-09-15 19:53:51.343000
37001,21,146,8,1,2025-09-15 19:53:51.343000
37001,21,147,9,1,2025-09-15 19:53:51.343000
37001,21,148,9,1,2025-09-15 19:53:51.343000
37001,21,149,9,1,2025-09-15 19:53:51.343000
37001,21,151,9,1,2025-09-15 19:53:51.343000
37001,21,264,8,1,2025-09-15 19:53:51.343000
37001,21,265,9,1,2025-09-15 19:53:51.343000
37001,21,266,8,1,2025-09-15 19:53:51.343000
37001,21,267,9,1,2025-09-15 19:53:51.343000
37001,21,268,8,1,2025-09-15 19:53:51.343000
37003,14,143,8,1,2023-08-23 14:54:58.470000
37003,14,144,8,1,2023-08-23 14:54:58.470000
37003,14,145,8,1,2023-08-23 14:54:58.470000
37003,14,146,8,1,2023-08-23 14:54:58.470000
37003,14,147,9,1,2023-08-23 14:54:58.470000
37003,14,148,9,1,2023-08-23 14:54:58.470000
37003,14,149,9,1,2023-08-23 14:54:58.470000
37003,14,151,9,1,2023-08-23 14:54:58.470000
37003,14,264,8,1,2023-08-23 14:54:58.470000
37003,14,265,9,1,2023-08-23 14:54:58.470000
37003,14,266,8,1,2023-08-23 14:54:58.470000
37003,14,267,9,1,2023-08-23 14:54:58.470000
37003,14,268,8,1,2023-08-23 14:54:58.470000
37011,24,143,8,1,2025-12-22 19:05:02.537000
37011,24,144,8,1,2025-12-22 19:05:02.537000
37011,24,145,8,1,2025-12-22 19:05:02.537000
37011,24,146,8,1,2025-12-22 19:05:02.537000
37011,24,147,9,1,2025-12-22 19:05:02.537000
37011,24,148,9,1,2025-12-22 19:05:02.537000
37011,24,149,9,1,2025-12-22 19:05:02.537000
37011,24,151,9,1,2025-12-22 19:05:02.537000
37011,24,264,8,1,2025-12-22 19:05:02.537000
37011,24,265,9,1,2025-12-22 19:05:02.537000
37011,24,266,8,1,2025-12-22 19:05:02.537000
37011,24,267,9,1,2025-12-22 19:05:02.537000
37011,24,268,8,1,2025-12-22 19:05:02.537000
37015,27,143,8,1,2025-08-20 17:20:22.570000
37015,27,144,8,1,2025-08-20 17:20:22.570000
37015,27,145,8,1,2025-08-20 17:20:22.570000
37015,27,146,8,1,2025-08-20 17:20:22.570000
37015,27,147,9,1,2025-08-20 17:20:22.570000
37015,27,148,9,1,2025-08-20 17:20:22.570000
37015,27,149,9,1,2025-08-20 17:20:22.570000
37015,27,151,9,1,2025-08-20 17:20:22.570000
37015,27,264,8,1,2025-08-20 17:20:22.570000
37015,27,265,9,1,2025-08-20 17:20:22.570000
37015,27,266,8,1,2025-08-20 17:20:22.570000
37015,27,267,9,1,2025-08-20 17:20:22.570000
37015,27,268,8,1,2025-08-20 17:20:22.570000
37022,30,374,13,1,2024-04-16 16:35:41.290000
37022,30,375,13,1,2024-04-16 16:35:41.290000
37022,30,376,13,1,2024-04-16 16:35:41.290000
37022,30,377,13,1,2024-04-16 16:35:41.290000
37022,30,378,13,1,2024-04-16 16:35:41.290000
37022,30,379,13,1,2024-04-16 16:35:41.290000
37022,30,380,13,1,2024-04-16 16:35:41.290000
37022,30,381,13,1,2024-04-16 16:35:41.290000
37022,30,391,12,1,2024-04-16 16:35:41.290000
37022,30,392,12,1,2024-04-16 16:35:41.290000
37022,30,393,12,1,2024-04-16 16:35:41.290000
37022,30,394,12,1,2024-04-16 16:35:41.290000
37022,30,395,12,1,2024-04-16 16:35:41.290000
37022,30,396,12,1,2024-04-16 16:35:41.290000
37031,35,374,13,1,2022-04-21 18:28:14.390000
37031,35,375,13,1,2022-04-21 18:28:14.390000
37031,35,376,13,1,2022-04-21 18:28:14.390000
37031,35,377,13,1,2022-04-21 18:28:14.390000
37031,35,378,13,1,2022-04-21 18:28:14.390000
37031,35,379,13,1,2022-04-21 18:28:14.390000
37031,35,380,13,1,2022-04-21 18:28:14.390000
37031,35,381,13,1,2022-04-21 18:28:14.390000
37031,35,391,12,1,2022-04-21 18:28:14.390000
37031,35,392,12,1,2022-04-21 18:28:14.390000
37031,35,393,12,1,2022-04-21 18:28:14.390000
37031,35,394,12,1,2022-04-21 18:28:14.390000
37031,35,395,12,1,2022-04-21 18:28:14.390000
37031,35,396,12,1,2022-04-21 18:28:14.390000
37033,30,374,13,1,2022-06-20 21:35:19.817000
37033,30,375,13,1,2022-06-20 21:35:19.817000
37033,30,376,13,1,2022-06-20 21:35:19.817000
37033,30,377,13,1,2022-06-20 21:35:19.817000
37033,30,378,13,1,2022-06-20 21:35:19.817000
37033,30,379,13,1,2022-06-20 21:35:19.817000
37033,30,380,13,1,2022-06-20 21:35:19.817000
37033,30,381,13,1,2022-06-20 21:35:19.817000
37033,30,391,12,1,2022-06-20 21:35:19.817000
37033,30,392,12,1,2022-06-20 21:35:19.817000
37033,30,393,12,1,2022-06-20 21:35:19.817000
37033,30,394,12,1,2022-06-20 21:35:19.817000
37033,30,395,12,1,2022-06-20 21:35:19.817000
37033,30,396,12,1,2022-06-20 21:35:19.817000
37054,22,340,12,1,2025-10-14 13:13:56.223000
37054,22,341,12,1,2025-10-14 13:13:56.223000
37054,22,342,12,1,2025-10-14 13:13:56.223000
37054,22,343,12,1,2025-10-14 13:13:56.223000
37054,22,344,12,1,2025-10-14 13:13:56.223000
37054,22,345,12,1,2025-10-14 13:13:56.223000
37054,22,346,12,1,2025-10-14 13:13:56.223000
37054,22,347,12,1,2025-10-14 13:13:56.223000
37054,22,348,12,1,2025-10-14 13:13:56.223000
37054,22,349,12,1,2025-10-14 13:13:56.223000
37054,22,350,12,1,2025-10-14 13:13:56.223000
37054,22,351,12,1,2025-10-14 13:13:56.223000
37054,22,352,12,1,2025-10-14 13:13:56.223000
37054,22,353,12,1,2025-10-14 13:13:56.223000
37054,22,354,12,1,2025-10-14 13:13:56.223000
37054,22,355,12,1,2025-10-14 13:13:56.223000
37054,22,356,12,1,2025-10-14 13:13:56.223000
37054,22,357,12,1,2025-10-14 13:13:56.223000
37054,22,358,12,1,2025-10-14 13:13:56.223000
37054,22,359,12,1,2025-10-14 13:13:56.223000
37054,22,360,12,1,2025-10-14 13:13:56.223000
37054,22,361,12,1,2025-10-14 13:13:56.223000
37054,22,362,12,1,2025-10-14 13:13:56.223000
37054,22,363,12,1,2025-10-14 13:13:56.223000
37054,22,364,12,1,2025-10-14 13:13:56.223000
37054,22,365,12,1,2025-10-14 13:13:56.223000
37054,22,366,12,1,2025-10-14 13:13:56.223000
37054,22,367,12,1,2025-10-14 13:13:56.223000
37066,31,340,12,1,2025-10-08 11:54:44.683000
37066,31,341,12,1,2025-10-08 11:54:44.683000
37066,31,342,12,1,2025-10-08 11:54:44.683000
37066,31,343,12,1,2025-10-08 11:54:44.683000
37066,31,344,12,1,2025-10-08 11:54:44.683000
37066,31,345,12,1,2025-10-08 11:54:44.683000
37066,31,346,12,1,2025-10-08 11:54:44.683000
37066,31,347,12,1,2025-10-08 11:54:44.683000
37066,31,348,12,1,2025-10-08 11:54:44.683000
37066,31,349,12,1,2025-10-08 11:54:44.683000
37066,31,350,12,1,2025-10-08 11:54:44.683000
37066,31,351,12,1,2025-10-08 11:54:44.683000
37066,31,352,12,1,2025-10-08 11:54:44.683000
37066,31,353,12,1,2025-10-08 11:54:44.683000
37066,31,354,12,1,2025-10-08 11:54:44.683000
37066,31,355,12,1,2025-10-08 11:54:44.683000
37066,31,356,12,1,2025-10-08 11:54:44.683000
37066,31,357,12,1,2025-10-08 11:54:44.683000
37066,31,358,12,1,2025-10-08 11:54:44.683000
37066,31,359,12,1,2025-10-08 11:54:44.683000
37066,31,360,12,1,2025-10-08 11:54:44.683000
37066,31,361,12,1,2025-10-08 11:54:44.683000
37066,31,362,12,1,2025-10-08 11:54:44.683000
37066,31,363,12,1,2025-10-08 11:54:44.683000
37066,31,364,12,1,2025-10-08 11:54:44.683000
37066,31,365,12,1,2025-10-08 11:54:44.683000
37066,31,366,12,1,2025-10-08 11:54:44.683000
37066,31,367,12,1,2025-10-08 11:54:44.683000
37070,26,340,12,1,2026-01-12 13:38:59.470000
37070,26,341,12,1,2026-01-12 13:38:59.470000
37070,26,342,12,1,2026-01-12 13:38:59.470000
37070,26,343,12,1,2026-01-12 13:38:59.470000
37070,26,344,12,1,2026-01-12 13:38:59.470000
37070,26,345,12,1,2026-01-12 13:38:59.470000
37070,26,346,12,1,2026-01-12 13:38:59.470000
37070,26,347,12,1,2026-01-12 13:38:59.470000
37070,26,348,12,1,2026-01-12 13:38:59.470000
37070,26,349,12,1,2026-01-12 13:38:59.470000
37070,26,350,12,1,2026-01-12 13:38:59.470000
37070,26,351,12,1,2026-01-12 13:38:59.470000
37070,26,352,12,1,2026-01-12 13:38:59.470000
37070,26,353,12,1,2026-01-12 13:38:59.470000
37070,26,354,12,1,2026-01-12 13:38:59.470000
37070,26,355,12,1,2026-01-12 13:38:59.470000
37070,26,356,12,1,2026-01-12 13:38:59.470000
37070,26,357,12,1,2026-01-12 13:38:59.470000
37070,26,358,12,1,2026-01-12 13:38:59.470000
37070,26,359,12,1,2026-01-12 13:38:59.470000
37070,26,360,12,1,2026-01-12 13:38:59.470000
37070,26,361,12,1,2026-01-12 13:38:59.470000
37070,26,362,12,1,2026-01-12 13:38:59.470000
37070,26,363,12,1,2026-01-12 13:38:59.470000
37070,26,364,12,1,2026-01-12 13:38:59.470000
37070,26,365,12,1,2026-01-12 13:38:59.470000
37070,26,366,12,1,2026-01-12 13:38:59.470000
37070,26,367,12,1,2026-01-12 13:38:59.470000
37086,27,340,12,1,2025-08-06 17:30:01.470000
37086,27,341,12,1,2025-08-06 17:30:01.470000
37086,27,342,12,1,2025-08-06 17:30:01.470000
37086,27,343,12,1,2025-08-06 17:30:01.470000
37086,27,344,12,1,2025-08-06 17:30:01.470000
37086,27,345,12,1,2025-08-06 17:30:01.470000
37086,27,346,12,1,2025-08-06 17:30:01.470000
37086,27,347,12,1,2025-08-06 17:30:01.470000
37086,27,348,12,1,2025-08-06 17:30:01.470000
37086,27,349,12,1,2025-08-06 17:30:01.470000
37086,27,350,12,1,2025-08-06 17:30:01.470000
37086,27,351,12,1,2025-08-06 17:30:01.470000
37086,27,352,12,1,2025-08-06 17:30:01.470000
37086,27,353,12,1,2025-08-06 17:30:01.470000
37086,27,354,12,1,2025-08-06 17:30:01.470000
37086,27,355,12,1,2025-08-06 17:30:01.470000
37086,27,356,12,1,2025-08-06 17:30:01.470000
37086,27,357,12,1,2025-08-06 17:30:01.470000
37086,27,358,12,1,2025-08-06 17:30:01.470000
37086,27,359,12,1,2025-08-06 17:30:01.470000
37086,27,360,12,1,2025-08-06 17:30:01.470000
37086,27,361,12,1,2025-08-06 17:30:01.470000
37086,27,362,12,1,2025-08-06 17:30:01.470000
37086,27,363,12,1,2025-08-06 17:30:01.470000
37086,27,364,12,1,2025-08-06 17:30:01.470000
37086,27,365,12,1,2025-08-06 17:30:01.470000
37086,27,366,12,1,2025-08-06 17:30:01.470000
37086,27,367,12,1,2025-08-06 17:30:01.470000
37126,22,228,9,2,2026-02-06 20:10:53.317000
37126,22,238,9,2,2026-02-06 20:10:53.317000
37126,22,239,8,1,2026-02-06 20:10:53.317000
37126,22,240,8,1,2026-02-06 20:10:53.317000
37130,21,228,9,2,2025-05-13 15:47:25.697000
37130,21,238,9,2,2025-05-13 15:47:25.697000
37130,21,239,8,1,2025-05-13 15:47:25.697000
37130,21,240,8,1,2025-05-13 15:47:25.697000
37166,23,368,12,1,2026-04-10 13:54:26.960000
37166,23,369,12,1,2026-04-10 13:54:26.960000
37166,23,370,12,1,2026-04-10 13:54:26.960000
37166,23,371,12,1,2026-04-10 13:54:26.960000
37166,23,372,12,1,2026-04-10 13:54:26.960000
37176,57,374,13,1,2024-10-11 15:38:16.357000
37176,57,375,13,1,2024-10-11 15:38:16.357000
37176,57,376,13,1,2024-10-11 15:38:16.357000
37176,57,377,13,1,2024-10-11 15:38:16.357000
37176,57,378,13,1,2024-10-11 15:38:16.357000
37176,57,379,13,1,2024-10-11 15:38:16.357000
37176,57,380,13,1,2024-10-11 15:38:16.357000
37176,57,381,13,1,2024-10-11 15:38:16.357000
37176,57,391,12,1,2024-10-11 15:38:16.357000
37176,57,392,12,1,2024-10-11 15:38:16.357000
37176,57,393,12,1,2024-10-11 15:38:16.357000
37176,57,394,12,1,2024-10-11 15:38:16.357000
37176,57,395,12,1,2024-10-11 15:38:16.357000
37176,57,396,12,1,2024-10-11 15:38:16.357000
37199,16,143,8,1,2025-10-21 17:16:50.233000
37199,16,144,8,1,2025-10-21 17:16:50.233000
37199,16,145,8,1,2025-10-21 17:16:50.233000
37199,16,146,8,1,2025-10-21 17:16:50.233000
37199,16,147,9,1,2025-10-21 17:16:50.233000
37199,16,148,9,1,2025-10-21 17:16:50.233000
37199,16,149,9,1,2025-10-21 17:16:50.233000
37199,16,151,9,1,2025-10-21 17:16:50.233000
37199,16,264,8,1,2025-10-21 17:16:50.233000
37199,16,265,9,1,2025-10-21 17:16:50.233000
37199,16,266,8,1,2025-10-21 17:16:50.233000
37199,16,267,9,1,2025-10-21 17:16:50.233000
37199,16,268,8,1,2025-10-21 17:16:50.233000
37205,15,143,8,1,2023-11-20 13:24:22.977000
37205,15,144,8,1,2023-11-20 13:24:22.977000
37205,15,145,8,1,2023-11-20 13:24:22.977000
37205,15,146,8,1,2023-11-20 13:24:22.977000
37205,15,147,9,1,2023-11-20 13:24:22.977000
37205,15,148,9,1,2023-11-20 13:24:22.977000
37205,15,149,9,1,2023-11-20 13:24:22.977000
37205,15,151,9,1,2023-11-20 13:24:22.977000
37205,15,264,8,1,2023-11-20 13:24:22.977000
37205,15,265,9,1,2023-11-20 13:24:22.977000
37205,15,266,8,1,2023-11-20 13:24:22.977000
37205,15,267,9,1,2023-11-20 13:24:22.977000
37205,15,268,8,1,2023-11-20 13:24:22.977000
37210,21,143,8,1,2026-05-21 14:14:42.860000
37210,21,144,8,1,2026-05-21 14:14:42.860000
37210,21,145,8,1,2026-05-21 14:14:42.860000
37210,21,146,8,1,2026-05-21 14:14:42.860000
37210,21,147,9,1,2026-05-21 14:14:42.860000
37210,21,148,9,1,2026-05-21 14:14:42.860000
37210,21,149,9,1,2026-05-21 14:14:42.860000
37210,21,151,9,1,2026-05-21 14:14:42.860000
37210,21,264,8,1,2026-05-21 14:14:42.860000
37210,21,265,9,1,2026-05-21 14:14:42.860000
37210,21,266,8,1,2026-05-21 14:14:42.860000
37210,21,267,9,1,2026-05-21 14:14:42.860000
37210,21,268,8,1,2026-05-21 14:14:42.860000
37216,23,143,8,1,2023-03-22 14:11:11.787000
37216,23,144,8,1,2023-03-22 14:11:11.787000
37216,23,145,8,1,2023-03-22 14:11:11.787000
37216,23,146,8,1,2023-03-22 14:11:11.787000
37216,23,147,9,1,2023-03-22 14:11:11.787000
37216,23,148,9,1,2023-03-22 14:11:11.787000
37216,23,149,9,1,2023-03-22 14:11:11.787000
37216,23,151,9,1,2023-03-22 14:11:11.787000
37216,23,264,8,1,2023-03-22 14:11:11.787000
37216,23,265,9,1,2023-03-22 14:11:11.787000
37216,23,266,8,1,2023-03-22 14:11:11.787000
37216,23,267,9,1,2023-03-22 14:11:11.787000
37216,23,268,8,1,2023-03-22 14:11:11.787000
37228,24,143,8,1,2025-03-18 12:13:44.610000
37228,24,144,8,1,2025-03-18 12:13:44.610000
37228,24,145,8,1,2025-03-18 12:13:44.610000
37228,24,146,8,1,2025-03-18 12:13:44.610000
37228,24,147,9,1,2025-03-18 12:13:44.610000
37228,24,148,9,1,2025-03-18 12:13:44.610000
37228,24,149,9,1,2025-03-18 12:13:44.610000
37228,24,151,9,1,2025-03-18 12:13:44.610000
37228,24,264,8,1,2025-03-18 12:13:44.610000
37228,24,265,9,1,2025-03-18 12:13:44.610000
37228,24,266,8,1,2025-03-18 12:13:44.610000
37228,24,267,9,1,2025-03-18 12:13:44.610000
37228,24,268,8,1,2025-03-18 12:13:44.610000
37244,39,269,8,1,2024-09-23 11:07:14.430000
37244,39,270,8,1,2024-09-23 11:07:14.430000
37244,39,271,8,1,2024-09-23 11:07:14.430000
37244,39,273,9,1,2024-09-23 11:07:14.430000
37244,39,274,9,1,2024-09-23 11:07:14.430000
37244,39,275,9,1,2024-09-23 11:07:14.430000
37244,39,297,13,1,2024-09-23 11:07:14.430000
37244,39,298,13,1,2024-09-23 11:07:14.430000
37244,39,299,13,1,2024-09-23 11:07:14.430000
37244,39,300,13,1,2024-09-23 11:07:14.430000
37244,39,301,13,1,2024-09-23 11:07:14.430000
37244,39,302,13,1,2024-09-23 11:07:14.430000
37244,39,303,13,1,2024-09-23 11:07:14.430000
37244,39,304,13,1,2024-09-23 11:07:14.430000
37244,39,305,13,1,2024-09-23 11:07:14.430000
37244,39,306,13,1,2024-09-23 11:07:14.430000
37244,39,307,13,1,2024-09-23 11:07:14.430000
37244,39,309,13,1,2024-09-23 11:07:14.430000
37244,39,310,13,1,2024-09-23 11:07:14.430000
37244,39,311,13,1,2024-09-23 11:07:14.430000
37244,39,312,13,1,2024-09-23 11:07:14.430000
37244,39,313,13,1,2024-09-23 11:07:14.430000
37254,16,228,9,2,2026-02-20 21:53:38.823000
37254,16,238,9,2,2026-02-20 21:53:38.823000
37254,16,239,8,1,2026-02-20 21:53:38.823000
37254,16,240,8,1,2026-02-20 21:53:38.823000
37260,27,374,13,1,2025-03-04 16:04:24.097000
37260,27,375,13,1,2025-03-04 16:04:24.097000
37260,27,376,13,1,2025-03-04 16:04:24.097000
37260,27,377,13,1,2025-03-04 16:04:24.097000
37260,27,378,13,1,2025-03-04 16:04:24.097000
37260,27,379,13,1,2025-03-04 16:04:24.097000
37260,27,380,13,1,2025-03-04 16:04:24.097000
37260,27,381,13,1,2025-03-04 16:04:24.097000
37260,27,391,12,1,2025-03-04 16:04:24.097000
37260,27,392,12,1,2025-03-04 16:04:24.097000
37260,27,393,12,1,2025-03-04 16:04:24.097000
37260,27,394,12,1,2025-03-04 16:04:24.097000
37260,27,395,12,1,2025-03-04 16:04:24.097000
37260,27,396,12,1,2025-03-04 16:04:24.097000
37264,21,374,13,1,2021-05-13 21:21:12.547000
37264,21,375,13,1,2021-05-13 21:21:12.547000
37264,21,376,13,1,2021-05-13 21:21:12.547000
37264,21,377,13,1,2021-05-13 21:21:12.547000
37264,21,378,13,1,2021-05-13 21:21:12.547000
37264,21,379,13,1,2021-05-13 21:21:12.547000
37264,21,380,13,1,2021-05-13 21:21:12.547000
37264,21,381,13,1,2021-05-13 21:21:12.547000
37264,21,391,12,1,2021-05-13 21:21:12.547000
37264,21,392,12,1,2021-05-13 21:21:12.547000
37264,21,393,12,1,2021-05-13 21:21:12.547000
37264,21,394,12,1,2021-05-13 21:21:12.547000
37264,21,395,12,1,2021-05-13 21:21:12.547000
37264,21,396,12,1,2021-05-13 21:21:12.547000
37295,22,340,12,1,2026-01-12 13:38:59.560000
37295,22,341,12,1,2026-01-12 13:38:59.560000
37295,22,342,12,1,2026-01-12 13:38:59.560000
37295,22,343,12,1,2026-01-12 13:38:59.560000
37295,22,344,12,1,2026-01-12 13:38:59.560000
37295,22,345,12,1,2026-01-12 13:38:59.560000
37295,22,346,12,1,2026-01-12 13:38:59.560000
37295,22,347,12,1,2026-01-12 13:38:59.560000
37295,22,348,12,1,2026-01-12 13:38:59.560000
37295,22,349,12,1,2026-01-12 13:38:59.560000
37295,22,350,12,1,2026-01-12 13:38:59.560000
37295,22,351,12,1,2026-01-12 13:38:59.560000
37295,22,352,12,1,2026-01-12 13:38:59.560000
37295,22,353,12,1,2026-01-12 13:38:59.560000
37295,22,354,12,1,2026-01-12 13:38:59.560000
37295,22,355,12,1,2026-01-12 13:38:59.560000
37295,22,356,12,1,2026-01-12 13:38:59.560000
37295,22,357,12,1,2026-01-12 13:38:59.560000
37295,22,358,12,1,2026-01-12 13:38:59.560000
37295,22,359,12,1,2026-01-12 13:38:59.560000
37295,22,360,12,1,2026-01-12 13:38:59.560000
37295,22,361,12,1,2026-01-12 13:38:59.560000
37295,22,362,12,1,2026-01-12 13:38:59.560000
37295,22,363,12,1,2026-01-12 13:38:59.560000
37295,22,364,12,1,2026-01-12 13:38:59.560000
37295,22,365,12,1,2026-01-12 13:38:59.560000
37295,22,366,12,1,2026-01-12 13:38:59.560000
37295,22,367,12,1,2026-01-12 13:38:59.560000
37299,30,340,12,1,2026-01-26 13:28:22.217000
37299,30,341,12,1,2026-01-26 13:28:22.217000
37299,30,342,12,1,2026-01-26 13:28:22.217000
37299,30,343,12,1,2026-01-26 13:28:22.217000
37299,30,344,12,1,2026-01-26 13:28:22.217000
37299,30,345,12,1,2026-01-26 13:28:22.217000
37299,30,346,12,1,2026-01-26 13:28:22.217000
37299,30,347,12,1,2026-01-26 13:28:22.217000
37299,30,348,12,1,2026-01-26 13:28:22.217000
37299,30,349,12,1,2026-01-26 13:28:22.217000
37299,30,350,12,1,2026-01-26 13:28:22.217000
37299,30,351,12,1,2026-01-26 13:28:22.217000
37299,30,352,12,1,2026-01-26 13:28:22.217000
37299,30,353,12,1,2026-01-26 13:28:22.217000
37299,30,354,12,1,2026-01-26 13:28:22.217000
37299,30,355,12,1,2026-01-26 13:28:22.217000
37299,30,356,12,1,2026-01-26 13:28:22.217000
37299,30,357,12,1,2026-01-26 13:28:22.217000
37299,30,358,12,1,2026-01-26 13:28:22.217000
37299,30,359,12,1,2026-01-26 13:28:22.217000
37299,30,360,12,1,2026-01-26 13:28:22.217000
37299,30,361,12,1,2026-01-26 13:28:22.217000
37299,30,362,12,1,2026-01-26 13:28:22.217000
37299,30,363,12,1,2026-01-26 13:28:22.217000
37299,30,364,12,1,2026-01-26 13:28:22.217000
37299,30,365,12,1,2026-01-26 13:28:22.217000
37299,30,366,12,1,2026-01-26 13:28:22.217000
37299,30,367,12,1,2026-01-26 13:28:22.217000
37352,25,228,9,2,2026-02-13 19:47:05.810000
37352,25,238,9,2,2026-02-13 19:47:05.810000
37352,25,239,8,1,2026-02-13 19:47:05.810000
37352,25,240,8,1,2026-02-13 19:47:05.810000
37356,17,228,9,2,2026-04-06 13:43:28.370000
37356,17,238,9,2,2026-04-06 13:43:28.370000
37356,17,239,8,1,2026-04-06 13:43:28.370000
37356,17,240,8,1,2026-04-06 13:43:28.370000
37371,42,314,12,1,2019-11-15 16:21:37.767000
37371,42,315,12,1,2019-11-15 16:21:37.767000
37371,42,316,12,1,2019-11-15 16:21:37.767000
37371,42,317,12,1,2019-11-15 16:21:37.767000
37371,42,318,12,1,2019-11-15 16:21:37.767000
37371,42,319,12,1,2019-11-15 16:21:37.767000
37371,42,320,12,1,2019-11-15 16:21:37.767000
37371,42,321,12,1,2019-11-15 16:21:37.767000
37371,42,322,12,1,2019-11-15 16:21:37.767000
37371,42,323,12,1,2019-11-15 16:21:37.767000
37371,42,324,12,1,2019-11-15 16:21:37.767000
37371,42,325,12,1,2019-11-15 16:21:37.767000
37371,42,326,12,1,2019-11-15 16:21:37.767000
37371,42,327,12,1,2019-11-15 16:21:37.767000
37371,42,328,12,1,2019-11-15 16:21:37.767000
37371,42,329,12,1,2019-11-15 16:21:37.767000
37371,42,330,12,1,2019-11-15 16:21:37.767000
37371,42,331,12,1,2019-11-15 16:21:37.767000
37371,42,332,12,1,2019-11-15 16:21:37.767000
37371,42,333,12,1,2019-11-15 16:21:37.767000
37371,42,334,12,1,2019-11-15 16:21:37.767000
37371,42,335,12,1,2019-11-15 16:21:37.767000
37371,42,336,12,1,2019-11-15 16:21:37.767000
37371,42,337,12,1,2019-11-15 16:21:37.767000
37371,42,338,12,1,2019-11-15 16:21:37.767000
37371,42,339,12,1,2019-11-15 16:21:37.767000
37373,41,340,12,1,2025-10-14 14:09:39.920000
37373,41,341,12,1,2025-10-14 14:09:39.920000
37373,41,342,12,1,2025-10-14 14:09:39.920000
37373,41,343,12,1,2025-10-14 14:09:39.920000
37373,41,344,12,1,2025-10-14 14:09:39.920000
37373,41,345,12,1,2025-10-14 14:09:39.920000
37373,41,346,12,1,2025-10-14 14:09:39.920000
37373,41,347,12,1,2025-10-14 14:09:39.920000
37373,41,348,12,1,2025-10-14 14:09:39.920000
37373,41,349,12,1,2025-10-14 14:09:39.920000
37373,41,350,12,1,2025-10-14 14:09:39.920000
37373,41,351,12,1,2025-10-14 14:09:39.920000
37373,41,352,12,1,2025-10-14 14:09:39.920000
37373,41,353,12,1,2025-10-14 14:09:39.920000
37373,41,354,12,1,2025-10-14 14:09:39.920000
37373,41,355,12,1,2025-10-14 14:09:39.920000
37373,41,356,12,1,2025-10-14 14:09:39.920000
37373,41,357,12,1,2025-10-14 14:09:39.920000
37373,41,358,12,1,2025-10-14 14:09:39.920000
37373,41,359,12,1,2025-10-14 14:09:39.920000
37373,41,360,12,1,2025-10-14 14:09:39.920000
37373,41,361,12,1,2025-10-14 14:09:39.920000
37373,41,362,12,1,2025-10-14 14:09:39.920000
37373,41,363,12,1,2025-10-14 14:09:39.920000
37373,41,364,12,1,2025-10-14 14:09:39.920000
37373,41,365,12,1,2025-10-14 14:09:39.920000
37373,41,366,12,1,2025-10-14 14:09:39.920000
37373,41,367,12,1,2025-10-14 14:09:39.920000
37379,42,374,13,1,2025-10-17 13:31:01.280000
37379,42,375,13,1,2025-10-17 13:31:01.280000
37379,42,376,13,1,2025-10-17 13:31:01.280000
37379,42,377,13,1,2025-10-17 13:31:01.280000
37379,42,378,13,1,2025-10-17 13:31:01.280000
37379,42,379,13,1,2025-10-17 13:31:01.280000
37379,42,380,13,1,2025-10-17 13:31:01.280000
37379,42,381,13,1,2025-10-17 13:31:01.280000
37379,42,391,12,1,2025-10-17 13:31:01.280000
37379,42,392,12,1,2025-10-17 13:31:01.280000
37379,42,393,12,1,2025-10-17 13:31:01.280000
37379,42,394,12,1,2025-10-17 13:31:01.280000
37379,42,395,12,1,2025-10-17 13:31:01.280000
37379,42,396,12,1,2025-10-17 13:31:01.280000
37387,25,378,13,1,2024-12-13 15:33:56.250000
37387,25,379,13,1,2024-12-13 15:33:56.250000
37387,25,380,13,1,2024-12-13 15:33:56.250000
37387,25,381,13,1,2024-12-13 15:33:56.250000
37387,25,394,12,1,2024-12-13 15:33:56.250000
37387,25,395,12,1,2024-12-13 15:33:56.250000
37387,25,396,12,1,2024-12-13 15:33:56.250000
37398,21,368,12,1,2019-11-21 23:55:32.953000
37398,21,369,12,1,2019-11-21 23:55:32.953000
37398,21,370,12,1,2019-11-21 23:55:32.953000
37398,21,371,12,1,2019-11-21 23:55:32.953000
37398,21,372,12,1,2019-11-21 23:55:32.953000
37475,18,500,8,1,2026-07-14 20:41:55.650000
37475,18,501,8,1,2026-07-14 20:41:55.650000
37475,18,502,8,1,2026-07-14 20:41:55.650000
37475,18,504,9,1,2026-07-14 20:41:55.650000
37475,18,505,9,1,2026-07-14 20:41:55.650000
37475,18,506,9,1,2026-07-14 20:41:55.650000
37475,18,507,13,1,2026-07-14 20:41:55.650000
37475,18,508,13,1,2026-07-14 20:41:55.650000
37475,18,509,13,1,2026-07-14 20:41:55.650000
37475,18,510,13,1,2026-07-14 20:41:55.650000
37475,18,511,13,1,2026-07-14 20:41:55.650000
37475,18,512,13,1,2026-07-14 20:41:55.650000
37475,18,513,13,1,2026-07-14 20:41:55.650000
37475,18,514,13,1,2026-07-14 20:41:55.650000
37475,18,515,13,1,2026-07-14 20:41:55.650000
37475,18,516,13,1,2026-07-14 20:41:55.650000
37475,18,517,13,1,2026-07-14 20:41:55.650000
37475,18,519,13,1,2026-07-14 20:41:55.650000
37475,18,520,13,1,2026-07-14 20:41:55.650000
37475,18,521,13,1,2026-07-14 20:41:55.650000
37475,18,522,13,1,2026-07-14 20:41:55.650000
37475,18,523,13,1,2026-07-14 20:41:55.650000
37502,21,340,12,1,2025-10-08 11:53:34.627000
37502,21,341,12,1,2025-10-08 11:53:34.627000
37502,21,342,12,1,2025-10-08 11:53:34.627000
37502,21,343,12,1,2025-10-08 11:53:34.627000
37502,21,344,12,1,2025-10-08 11:53:34.627000
37502,21,345,12,1,2025-10-08 11:53:34.627000
37502,21,346,12,1,2025-10-08 11:53:34.627000
37502,21,347,12,1,2025-10-08 11:53:34.627000
37502,21,348,12,1,2025-10-08 11:53:34.627000
37502,21,349,12,1,2025-10-08 11:53:34.627000
37502,21,350,12,1,2025-10-08 11:53:34.627000
37502,21,351,12,1,2025-10-08 11:53:34.627000
37502,21,352,12,1,2025-10-08 11:53:34.627000
37502,21,353,12,1,2025-10-08 11:53:34.627000
37502,21,354,12,1,2025-10-08 11:53:34.627000
37502,21,355,12,1,2025-10-08 11:53:34.627000
37502,21,356,12,1,2025-10-08 11:53:34.627000
37502,21,357,12,1,2025-10-08 11:53:34.627000
37502,21,358,12,1,2025-10-08 11:53:34.627000
37502,21,359,12,1,2025-10-08 11:53:34.627000
37502,21,360,12,1,2025-10-08 11:53:34.627000
37502,21,361,12,1,2025-10-08 11:53:34.627000
37502,21,362,12,1,2025-10-08 11:53:34.627000
37502,21,363,12,1,2025-10-08 11:53:34.627000
37502,21,364,12,1,2025-10-08 11:53:34.627000
37502,21,365,12,1,2025-10-08 11:53:34.627000
37502,21,366,12,1,2025-10-08 11:53:34.627000
37502,21,367,12,1,2025-10-08 11:53:34.627000
37531,20,374,13,1,2024-09-24 14:41:26.340000
37531,20,375,13,1,2024-09-24 14:41:26.340000
37531,20,376,13,1,2024-09-24 14:41:26.340000
37531,20,377,13,1,2024-09-24 14:41:26.340000
37531,20,378,13,1,2024-09-24 14:41:26.340000
37531,20,379,13,1,2024-09-24 14:41:26.340000
37531,20,380,13,1,2024-09-24 14:41:26.340000
37531,20,381,13,1,2024-09-24 14:41:26.340000
37531,20,391,12,1,2024-09-24 14:41:26.340000
37531,20,392,12,1,2024-09-24 14:41:26.340000
37531,20,393,12,1,2024-09-24 14:41:26.340000
37531,20,394,12,1,2024-09-24 14:41:26.340000
37531,20,395,12,1,2024-09-24 14:41:26.340000
37531,20,396,12,1,2024-09-24 14:41:26.340000
37535,19,500,8,1,2026-07-14 20:41:59.347000
37535,19,501,8,1,2026-07-14 20:41:59.347000
37535,19,502,8,1,2026-07-14 20:41:59.347000
37535,19,504,9,1,2026-07-14 20:41:59.347000
37535,19,505,9,1,2026-07-14 20:41:59.347000
37535,19,506,9,1,2026-07-14 20:41:59.347000
37535,19,507,13,1,2026-07-14 20:41:59.347000
37535,19,508,13,1,2026-07-14 20:41:59.347000
37535,19,509,13,1,2026-07-14 20:41:59.347000
37535,19,510,13,1,2026-07-14 20:41:59.347000
37535,19,511,13,1,2026-07-14 20:41:59.347000
37535,19,512,13,1,2026-07-14 20:41:59.347000
37535,19,513,13,1,2026-07-14 20:41:59.347000
37535,19,514,13,1,2026-07-14 20:41:59.347000
37535,19,515,13,1,2026-07-14 20:41:59.347000
37535,19,516,13,1,2026-07-14 20:41:59.347000
37535,19,517,13,1,2026-07-14 20:41:59.347000
37535,19,519,13,1,2026-07-14 20:41:59.347000
37535,19,520,13,1,2026-07-14 20:41:59.347000
37535,19,521,13,1,2026-07-14 20:41:59.347000
37535,19,522,13,1,2026-07-14 20:41:59.347000
37535,19,523,13,1,2026-07-14 20:41:59.347000
37537,20,143,8,1,2026-02-20 15:02:08.777000
37537,20,144,8,1,2026-02-20 15:02:08.777000
37537,20,145,8,1,2026-02-20 15:02:08.777000
37537,20,146,8,1,2026-02-20 15:02:08.777000
37537,20,147,9,1,2026-02-20 15:02:08.777000
37537,20,148,9,1,2026-02-20 15:02:08.777000
37537,20,149,9,1,2026-02-20 15:02:08.777000
37537,20,151,9,1,2026-02-20 15:02:08.777000
37537,20,264,8,1,2026-02-20 15:02:08.777000
37537,20,265,9,1,2026-02-20 15:02:08.777000
37537,20,266,8,1,2026-02-20 15:02:08.777000
37537,20,267,9,1,2026-02-20 15:02:08.777000
37537,20,268,8,1,2026-02-20 15:02:08.777000
37539,17,143,8,1,2025-02-20 15:35:59.033000
37539,17,144,8,1,2025-02-20 15:35:59.033000
37539,17,145,8,1,2025-02-20 15:35:59.033000
37539,17,146,8,1,2025-02-20 15:35:59.033000
37539,17,147,9,1,2025-02-20 15:35:59.033000
37539,17,148,9,1,2025-02-20 15:35:59.033000
37539,17,149,9,1,2025-02-20 15:35:59.033000
37539,17,151,9,1,2025-02-20 15:35:59.033000
37539,17,264,8,1,2025-02-20 15:35:59.033000
37539,17,265,9,1,2025-02-20 15:35:59.033000
37539,17,266,8,1,2025-02-20 15:35:59.033000
37539,17,267,9,1,2025-02-20 15:35:59.033000
37539,17,268,8,1,2025-02-20 15:35:59.033000
37547,22,340,12,1,2025-10-27 12:14:34.073000
37547,22,341,12,1,2025-10-27 12:14:34.073000
37547,22,342,12,1,2025-10-27 12:14:34.073000
37547,22,343,12,1,2025-10-27 12:14:34.073000
37547,22,344,12,1,2025-10-27 12:14:34.073000
37547,22,345,12,1,2025-10-27 12:14:34.073000
37547,22,346,12,1,2025-10-27 12:14:34.073000
37547,22,347,12,1,2025-10-27 12:14:34.073000
37547,22,348,12,1,2025-10-27 12:14:34.073000
37547,22,349,12,1,2025-10-27 12:14:34.073000
37547,22,350,12,1,2025-10-27 12:14:34.073000
37547,22,351,12,1,2025-10-27 12:14:34.073000
37547,22,352,12,1,2025-10-27 12:14:34.073000
37547,22,353,12,1,2025-10-27 12:14:34.073000
37547,22,354,12,1,2025-10-27 12:14:34.073000
37547,22,355,12,1,2025-10-27 12:14:34.073000
37547,22,356,12,1,2025-10-27 12:14:34.073000
37547,22,357,12,1,2025-10-27 12:14:34.073000
37547,22,358,12,1,2025-10-27 12:14:34.073000
37547,22,359,12,1,2025-10-27 12:14:34.073000
37547,22,360,12,1,2025-10-27 12:14:34.073000
37547,22,361,12,1,2025-10-27 12:14:34.073000
37547,22,362,12,1,2025-10-27 12:14:34.073000
37547,22,363,12,1,2025-10-27 12:14:34.073000
37547,22,364,12,1,2025-10-27 12:14:34.073000
37547,22,365,12,1,2025-10-27 12:14:34.073000
37547,22,366,12,1,2025-10-27 12:14:34.073000
37547,22,367,12,1,2025-10-27 12:14:34.073000
37561,20,368,12,1,2025-03-14 13:47:39.303000
37561,20,369,12,1,2025-03-14 13:47:39.303000
37561,20,370,12,1,2025-03-14 13:47:39.303000
37561,20,371,12,1,2025-03-14 13:47:39.303000
37561,20,372,12,1,2025-03-14 13:47:39.303000
37564,12,368,12,1,2019-09-27 19:48:51.997000
37564,12,369,12,1,2019-09-27 19:48:51.997000
37564,12,370,12,1,2019-09-27 19:48:51.997000
37564,12,371,12,1,2019-09-27 19:48:51.997000
37564,12,372,12,1,2019-09-27 19:48:51.997000
37575,22,228,9,2,2026-02-27 18:49:15.113000
37575,22,238,9,2,2026-02-27 18:49:15.113000
37575,22,239,8,1,2026-02-27 18:49:15.113000
37575,22,240,8,1,2026-02-27 18:49:15.113000
37578,30,228,9,2,2026-03-27 15:11:57.157000
37578,30,238,9,2,2026-03-27 15:11:57.157000
37578,30,239,8,1,2026-03-27 15:11:57.157000
37578,30,240,8,1,2026-03-27 15:11:57.157000
37581,24,374,13,1,2025-03-04 17:49:12.727000
37581,24,375,13,1,2025-03-04 17:49:12.727000
37581,24,376,13,1,2025-03-04 17:49:12.727000
37581,24,377,13,1,2025-03-04 17:49:12.727000
37581,24,378,13,1,2025-03-04 17:49:12.727000
37581,24,379,13,1,2025-03-04 17:49:12.727000
37581,24,380,13,1,2025-03-04 17:49:12.727000
37581,24,381,13,1,2025-03-04 17:49:12.727000
37581,24,391,12,1,2025-03-04 17:49:12.727000
37581,24,392,12,1,2025-03-04 17:49:12.727000
37581,24,393,12,1,2025-03-04 17:49:12.727000
37581,24,394,12,1,2025-03-04 17:49:12.727000
37581,24,395,12,1,2025-03-04 17:49:12.727000
37581,24,396,12,1,2025-03-04 17:49:12.727000
37598,21,228,9,2,2025-11-26 22:19:52.383000
37598,21,238,9,2,2025-11-26 22:19:52.383000
37598,21,239,8,1,2025-11-26 22:19:52.383000
37598,21,240,8,1,2025-11-26 22:19:52.383000
37602,18,374,13,1,2025-12-22 16:04:45.707000
37602,18,375,13,1,2025-12-22 16:04:45.707000
37602,18,376,13,1,2025-12-22 16:04:45.707000
37602,18,377,13,1,2025-12-22 16:04:45.707000
37602,18,378,13,1,2025-12-22 16:04:45.707000
37602,18,379,13,1,2025-12-22 16:04:45.707000
37602,18,380,13,1,2025-12-22 16:04:45.707000
37602,18,381,13,1,2025-12-22 16:04:45.707000
37602,18,391,12,1,2025-12-22 16:04:45.707000
37602,18,392,12,1,2025-12-22 16:04:45.707000
37602,18,393,12,1,2025-12-22 16:04:45.707000
37602,18,394,12,1,2025-12-22 16:04:45.707000
37602,18,395,12,1,2025-12-22 16:04:45.707000
37602,18,396,12,1,2025-12-22 16:04:45.707000
37606,18,500,8,1,2026-07-14 20:41:55.727000
37606,18,501,8,1,2026-07-14 20:41:55.727000
37606,18,502,8,1,2026-07-14 20:41:55.727000
37606,18,504,9,1,2026-07-14 20:41:55.727000
37606,18,505,9,1,2026-07-14 20:41:55.727000
37606,18,506,9,1,2026-07-14 20:41:55.727000
37606,18,507,13,1,2026-07-14 20:41:55.727000
37606,18,508,13,1,2026-07-14 20:41:55.727000
37606,18,509,13,1,2026-07-14 20:41:55.727000
37606,18,510,13,1,2026-07-14 20:41:55.727000
37606,18,511,13,1,2026-07-14 20:41:55.727000
37606,18,512,13,1,2026-07-14 20:41:55.727000
37606,18,513,13,1,2026-07-14 20:41:55.727000
37606,18,514,13,1,2026-07-14 20:41:55.727000
37606,18,515,13,1,2026-07-14 20:41:55.727000
37606,18,516,13,1,2026-07-14 20:41:55.727000
37606,18,517,13,1,2026-07-14 20:41:55.727000
37606,18,519,13,1,2026-07-14 20:41:55.727000
37606,18,520,13,1,2026-07-14 20:41:55.727000
37606,18,521,13,1,2026-07-14 20:41:55.727000
37606,18,522,13,1,2026-07-14 20:41:55.727000
37606,18,523,13,1,2026-07-14 20:41:55.727000
37608,22,228,9,2,2026-07-24 20:19:33.127000
37608,22,238,9,2,2026-07-24 20:19:33.127000
37608,22,239,8,1,2026-07-24 20:19:33.127000
37608,22,240,8,1,2026-07-24 20:19:33.127000
37616,16,340,12,1,2025-09-02 13:55:32.743000
37616,16,341,12,1,2025-09-02 13:55:32.743000
37616,16,342,12,1,2025-09-02 13:55:32.743000
37616,16,343,12,1,2025-09-02 13:55:32.743000
37616,16,344,12,1,2025-09-02 13:55:32.743000
37616,16,345,12,1,2025-09-02 13:55:32.743000
37616,16,346,12,1,2025-09-02 13:55:32.743000
37616,16,347,12,1,2025-09-02 13:55:32.743000
37616,16,348,12,1,2025-09-02 13:55:32.743000
37616,16,349,12,1,2025-09-02 13:55:32.743000
37616,16,350,12,1,2025-09-02 13:55:32.743000
37616,16,351,12,1,2025-09-02 13:55:32.743000
37616,16,352,12,1,2025-09-02 13:55:32.743000
37616,16,353,12,1,2025-09-02 13:55:32.743000
37616,16,354,12,1,2025-09-02 13:55:32.743000
37616,16,355,12,1,2025-09-02 13:55:32.743000
37616,16,356,12,1,2025-09-02 13:55:32.743000
37616,16,357,12,1,2025-09-02 13:55:32.743000
37616,16,358,12,1,2025-09-02 13:55:32.743000
37616,16,359,12,1,2025-09-02 13:55:32.743000
37616,16,360,12,1,2025-09-02 13:55:32.743000
37616,16,361,12,1,2025-09-02 13:55:32.743000
37616,16,362,12,1,2025-09-02 13:55:32.743000
37616,16,363,12,1,2025-09-02 13:55:32.743000
37616,16,364,12,1,2025-09-02 13:55:32.743000
37616,16,365,12,1,2025-09-02 13:55:32.743000
37616,16,366,12,1,2025-09-02 13:55:32.743000
37616,16,367,12,1,2025-09-02 13:55:32.743000
37620,16,340,12,1,2025-10-14 13:13:56.420000
37620,16,341,12,1,2025-10-14 13:13:56.420000
37620,16,342,12,1,2025-10-14 13:13:56.420000
37620,16,343,12,1,2025-10-14 13:13:56.420000
37620,16,344,12,1,2025-10-14 13:13:56.420000
37620,16,345,12,1,2025-10-14 13:13:56.420000
37620,16,346,12,1,2025-10-14 13:13:56.420000
37620,16,347,12,1,2025-10-14 13:13:56.420000
37620,16,348,12,1,2025-10-14 13:13:56.420000
37620,16,349,12,1,2025-10-14 13:13:56.420000
37620,16,350,12,1,2025-10-14 13:13:56.420000
37620,16,351,12,1,2025-10-14 13:13:56.420000
37620,16,352,12,1,2025-10-14 13:13:56.420000
37620,16,353,12,1,2025-10-14 13:13:56.420000
37620,16,354,12,1,2025-10-14 13:13:56.420000
37620,16,355,12,1,2025-10-14 13:13:56.420000
37620,16,356,12,1,2025-10-14 13:13:56.420000
37620,16,357,12,1,2025-10-14 13:13:56.420000
37620,16,358,12,1,2025-10-14 13:13:56.420000
37620,16,359,12,1,2025-10-14 13:13:56.420000
37620,16,360,12,1,2025-10-14 13:13:56.420000
37620,16,361,12,1,2025-10-14 13:13:56.420000
37620,16,362,12,1,2025-10-14 13:13:56.420000
37620,16,363,12,1,2025-10-14 13:13:56.420000
37620,16,364,12,1,2025-10-14 13:13:56.420000
37620,16,365,12,1,2025-10-14 13:13:56.420000
37620,16,366,12,1,2025-10-14 13:13:56.420000
37620,16,367,12,1,2025-10-14 13:13:56.420000
37628,24,340,12,1,2025-10-08 11:54:18.147000
37628,24,341,12,1,2025-10-08 11:54:18.147000
37628,24,342,12,1,2025-10-08 11:54:18.147000
37628,24,343,12,1,2025-10-08 11:54:18.147000
37628,24,344,12,1,2025-10-08 11:54:18.147000
37628,24,345,12,1,2025-10-08 11:54:18.147000
37628,24,346,12,1,2025-10-08 11:54:18.147000
37628,24,347,12,1,2025-10-08 11:54:18.147000
37628,24,348,12,1,2025-10-08 11:54:18.147000
37628,24,349,12,1,2025-10-08 11:54:18.147000
37628,24,350,12,1,2025-10-08 11:54:18.147000
37628,24,351,12,1,2025-10-08 11:54:18.147000
37628,24,352,12,1,2025-10-08 11:54:18.147000
37628,24,353,12,1,2025-10-08 11:54:18.147000
37628,24,354,12,1,2025-10-08 11:54:18.147000
37628,24,355,12,1,2025-10-08 11:54:18.147000
37628,24,356,12,1,2025-10-08 11:54:18.147000
37628,24,357,12,1,2025-10-08 11:54:18.147000
37628,24,358,12,1,2025-10-08 11:54:18.147000
37628,24,359,12,1,2025-10-08 11:54:18.147000
37628,24,360,12,1,2025-10-08 11:54:18.147000
37628,24,361,12,1,2025-10-08 11:54:18.147000
37628,24,362,12,1,2025-10-08 11:54:18.147000
37628,24,363,12,1,2025-10-08 11:54:18.147000
37628,24,364,12,1,2025-10-08 11:54:18.147000
37628,24,365,12,1,2025-10-08 11:54:18.147000
37628,24,366,12,1,2025-10-08 11:54:18.147000
37628,24,367,12,1,2025-10-08 11:54:18.147000
37632,26,374,13,1,2021-05-04 13:40:38.353000
37632,26,375,13,1,2021-05-04 13:40:38.353000
37632,26,376,13,1,2021-05-04 13:40:38.353000
37632,26,377,13,1,2021-05-04 13:40:38.353000
37632,26,378,13,1,2021-05-04 13:40:38.353000
37632,26,379,13,1,2021-05-04 13:40:38.353000
37632,26,380,13,1,2021-05-04 13:40:38.353000
37632,26,381,13,1,2021-05-04 13:40:38.353000
37632,26,391,12,1,2021-05-04 13:40:38.353000
37632,26,392,12,1,2021-05-04 13:40:38.353000
37632,26,393,12,1,2021-05-04 13:40:38.353000
37632,26,394,12,1,2021-05-04 13:40:38.353000
37632,26,395,12,1,2021-05-04 13:40:38.353000
37632,26,396,12,1,2021-05-04 13:40:38.353000
37633,26,374,13,1,2020-08-03 18:23:41.230000
37633,26,375,13,1,2020-08-03 18:23:41.230000
37633,26,376,13,1,2020-08-03 18:23:41.230000
37633,26,377,13,1,2020-08-03 18:23:41.230000
37633,26,391,12,1,2020-08-03 18:23:41.230000
37633,26,392,12,1,2020-08-03 18:23:41.230000
37633,26,393,12,1,2020-08-03 18:23:41.230000
37638,31,374,13,1,2024-10-15 12:12:12.300000
37638,31,375,13,1,2024-10-15 12:12:12.300000
37638,31,376,13,1,2024-10-15 12:12:12.300000
37638,31,377,13,1,2024-10-15 12:12:12.300000
37638,31,378,13,1,2024-10-15 12:12:12.300000
37638,31,379,13,1,2024-10-15 12:12:12.300000
37638,31,380,13,1,2024-10-15 12:12:12.300000
37638,31,381,13,1,2024-10-15 12:12:12.300000
37638,31,391,12,1,2024-10-15 12:12:12.300000
37638,31,392,12,1,2024-10-15 12:12:12.300000
37638,31,393,12,1,2024-10-15 12:12:12.300000
37638,31,394,12,1,2024-10-15 12:12:12.300000
37638,31,395,12,1,2024-10-15 12:12:12.300000
37638,31,396,12,1,2024-10-15 12:12:12.300000
37641,16,374,13,1,2022-06-16 20:21:39.917000
37641,16,375,13,1,2022-06-16 20:21:39.917000
37641,16,376,13,1,2022-06-16 20:21:39.917000
37641,16,377,13,1,2022-06-16 20:21:39.917000
37641,16,378,13,1,2022-06-16 20:21:39.917000
37641,16,379,13,1,2022-06-16 20:21:39.917000
37641,16,380,13,1,2022-06-16 20:21:39.917000
37641,16,381,13,1,2022-06-16 20:21:39.917000
37641,16,391,12,1,2022-06-16 20:21:39.917000
37641,16,392,12,1,2022-06-16 20:21:39.917000
37641,16,393,12,1,2022-06-16 20:21:39.917000
37641,16,394,12,1,2022-06-16 20:21:39.917000
37641,16,395,12,1,2022-06-16 20:21:39.917000
37641,16,396,12,1,2022-06-16 20:21:39.917000
37642,18,374,13,1,2024-09-27 12:15:16.500000
37642,18,375,13,1,2024-09-27 12:15:16.500000
37642,18,376,13,1,2024-09-27 12:15:16.500000
37642,18,377,13,1,2024-09-27 12:15:16.500000
37642,18,378,13,1,2024-09-27 12:15:16.500000
37642,18,379,13,1,2024-09-27 12:15:16.500000
37642,18,380,13,1,2024-09-27 12:15:16.500000
37642,18,381,13,1,2024-09-27 12:15:16.500000
37642,18,391,12,1,2024-09-27 12:15:16.500000
37642,18,392,12,1,2024-09-27 12:15:16.500000
37642,18,393,12,1,2024-09-27 12:15:16.500000
37642,18,394,12,1,2024-09-27 12:15:16.500000
37642,18,395,12,1,2024-09-27 12:15:16.500000
37642,18,396,12,1,2024-09-27 12:15:16.500000
37643,24,374,13,1,2019-11-27 20:33:40.750000
37643,24,375,13,1,2019-11-27 20:33:40.750000
37643,24,376,13,1,2019-11-27 20:33:40.750000
37643,24,377,13,1,2019-11-27 20:33:40.750000
37643,24,378,13,1,2019-11-27 20:33:40.750000
37643,24,379,13,1,2019-11-27 20:33:40.750000
37643,24,380,13,1,2019-11-27 20:33:40.750000
37643,24,381,13,1,2019-11-27 20:33:40.750000
37643,24,391,12,1,2019-11-27 20:33:40.750000
37643,24,392,12,1,2019-11-27 20:33:40.750000
37643,24,393,12,1,2019-11-27 20:33:40.750000
37643,24,394,12,1,2019-11-27 20:33:40.750000
37643,24,395,12,1,2019-11-27 20:33:40.750000
37643,24,396,12,1,2019-11-27 20:33:40.750000
37644,22,374,13,1,2022-03-03 14:41:12.817000
37644,22,375,13,1,2022-03-03 14:41:12.817000
37644,22,376,13,1,2022-03-03 14:41:12.817000
37644,22,377,13,1,2022-03-03 14:41:12.817000
37644,22,378,13,1,2022-03-03 14:41:12.817000
37644,22,379,13,1,2022-03-03 14:41:12.817000
37644,22,380,13,1,2022-03-03 14:41:12.817000
37644,22,381,13,1,2022-03-03 14:41:12.817000
37644,22,391,12,1,2022-03-03 14:41:12.817000
37644,22,392,12,1,2022-03-03 14:41:12.817000
37644,22,393,12,1,2022-03-03 14:41:12.817000
37644,22,394,12,1,2022-03-03 14:41:12.817000
37644,22,395,12,1,2022-03-03 14:41:12.817000
37644,22,396,12,1,2022-03-03 14:41:12.817000
37663,20,143,8,1,2025-04-22 17:06:53.710000
37663,20,144,8,1,2025-04-22 17:06:53.710000
37663,20,145,8,1,2025-04-22 17:06:53.710000
37663,20,146,8,1,2025-04-22 17:06:53.710000
37663,20,147,9,1,2025-04-22 17:06:53.710000
37663,20,148,9,1,2025-04-22 17:06:53.710000
37663,20,149,9,1,2025-04-22 17:06:53.710000
37663,20,151,9,1,2025-04-22 17:06:53.710000
37663,20,264,8,1,2025-04-22 17:06:53.710000
37663,20,265,9,1,2025-04-22 17:06:53.710000
37663,20,266,8,1,2025-04-22 17:06:53.710000
37663,20,267,9,1,2025-04-22 17:06:53.710000
37663,20,268,8,1,2025-04-22 17:06:53.710000
37725,44,374,13,1,2025-06-20 14:32:21.890000
37725,44,375,13,1,2025-06-20 14:32:21.890000
37725,44,376,13,1,2025-06-20 14:32:21.890000
37725,44,377,13,1,2025-06-20 14:32:21.890000
37725,44,378,13,1,2025-06-20 14:32:21.890000
37725,44,379,13,1,2025-06-20 14:32:21.890000
37725,44,380,13,1,2025-06-20 14:32:21.890000
37725,44,381,13,1,2025-06-20 14:32:21.890000
37725,44,391,12,1,2025-06-20 14:32:21.890000
37725,44,392,12,1,2025-06-20 14:32:21.890000
37725,44,393,12,1,2025-06-20 14:32:21.890000
37725,44,394,12,1,2025-06-20 14:32:21.890000
37725,44,395,12,1,2025-06-20 14:32:21.890000
37725,44,396,12,1,2025-06-20 14:32:21.890000
37729,25,340,12,1,2025-09-02 13:55:32.980000
37729,25,341,12,1,2025-09-02 13:55:32.980000
37729,25,342,12,1,2025-09-02 13:55:32.980000
37729,25,343,12,1,2025-09-02 13:55:32.980000
37729,25,344,12,1,2025-09-02 13:55:32.980000
37729,25,345,12,1,2025-09-02 13:55:32.980000
37729,25,346,12,1,2025-09-02 13:55:32.980000
37729,25,347,12,1,2025-09-02 13:55:32.980000
37729,25,348,12,1,2025-09-02 13:55:32.980000
37729,25,349,12,1,2025-09-02 13:55:32.980000
37729,25,350,12,1,2025-09-02 13:55:32.980000
37729,25,351,12,1,2025-09-02 13:55:32.980000
37729,25,352,12,1,2025-09-02 13:55:32.980000
37729,25,353,12,1,2025-09-02 13:55:32.980000
37729,25,354,12,1,2025-09-02 13:55:32.980000
37729,25,355,12,1,2025-09-02 13:55:32.980000
37729,25,356,12,1,2025-09-02 13:55:32.980000
37729,25,357,12,1,2025-09-02 13:55:32.980000
37729,25,358,12,1,2025-09-02 13:55:32.980000
37729,25,359,12,1,2025-09-02 13:55:32.980000
37729,25,360,12,1,2025-09-02 13:55:32.980000
37729,25,361,12,1,2025-09-02 13:55:32.980000
37729,25,362,12,1,2025-09-02 13:55:32.980000
37729,25,363,12,1,2025-09-02 13:55:32.980000
37729,25,364,12,1,2025-09-02 13:55:32.980000
37729,25,365,12,1,2025-09-02 13:55:32.980000
37729,25,366,12,1,2025-09-02 13:55:32.980000
37729,25,367,12,1,2025-09-02 13:55:32.980000
37750,32,340,12,1,2026-01-12 13:39:00.147000
37750,32,341,12,1,2026-01-12 13:39:00.147000
37750,32,342,12,1,2026-01-12 13:39:00.147000
37750,32,343,12,1,2026-01-12 13:39:00.147000
37750,32,344,12,1,2026-01-12 13:39:00.147000
37750,32,345,12,1,2026-01-12 13:39:00.147000
37750,32,346,12,1,2026-01-12 13:39:00.147000
37750,32,347,12,1,2026-01-12 13:39:00.147000
37750,32,348,12,1,2026-01-12 13:39:00.147000
37750,32,349,12,1,2026-01-12 13:39:00.147000
37750,32,350,12,1,2026-01-12 13:39:00.147000
37750,32,351,12,1,2026-01-12 13:39:00.147000
37750,32,352,12,1,2026-01-12 13:39:00.147000
37750,32,353,12,1,2026-01-12 13:39:00.147000
37750,32,354,12,1,2026-01-12 13:39:00.147000
37750,32,355,12,1,2026-01-12 13:39:00.147000
37750,32,356,12,1,2026-01-12 13:39:00.147000
37750,32,357,12,1,2026-01-12 13:39:00.147000
37750,32,358,12,1,2026-01-12 13:39:00.147000
37750,32,359,12,1,2026-01-12 13:39:00.147000
37750,32,360,12,1,2026-01-12 13:39:00.147000
37750,32,361,12,1,2026-01-12 13:39:00.147000
37750,32,362,12,1,2026-01-12 13:39:00.147000
37750,32,363,12,1,2026-01-12 13:39:00.147000
37750,32,364,12,1,2026-01-12 13:39:00.147000
37750,32,365,12,1,2026-01-12 13:39:00.147000
37750,32,366,12,1,2026-01-12 13:39:00.147000
37750,32,367,12,1,2026-01-12 13:39:00.147000
37772,14,143,8,1,2023-05-23 14:35:46.893000
37772,14,144,8,1,2023-05-23 14:35:46.893000
37772,14,145,8,1,2023-05-23 14:35:46.893000
37772,14,146,8,1,2023-05-23 14:35:46.893000
37772,14,147,9,1,2023-05-23 14:35:46.893000
37772,14,148,9,1,2023-05-23 14:35:46.893000
37772,14,149,9,1,2023-05-23 14:35:46.893000
37772,14,151,9,1,2023-05-23 14:35:46.893000
37772,14,264,8,1,2023-05-23 14:35:46.893000
37772,14,265,9,1,2023-05-23 14:35:46.893000
37772,14,266,8,1,2023-05-23 14:35:46.893000
37772,14,267,9,1,2023-05-23 14:35:46.893000
37772,14,268,8,1,2023-05-23 14:35:46.893000
37774,15,374,13,1,2024-01-12 15:09:16.230000
37774,15,375,13,1,2024-01-12 15:09:16.230000
37774,15,376,13,1,2024-01-12 15:09:16.230000
37774,15,377,13,1,2024-01-12 15:09:16.230000
37774,15,378,13,1,2024-01-12 15:09:16.230000
37774,15,379,13,1,2024-01-12 15:09:16.230000
37774,15,380,13,1,2024-01-12 15:09:16.230000
37774,15,381,13,1,2024-01-12 15:09:16.230000
37774,15,391,12,1,2024-01-12 15:09:16.230000
37774,15,392,12,1,2024-01-12 15:09:16.230000
37774,15,393,12,1,2024-01-12 15:09:16.230000
37774,15,394,12,1,2024-01-12 15:09:16.230000
37774,15,395,12,1,2024-01-12 15:09:16.230000
37774,15,396,12,1,2024-01-12 15:09:16.230000
37779,16,374,13,1,2021-07-23 13:56:38.587000
37779,16,375,13,1,2021-07-23 13:56:38.587000
37779,16,376,13,1,2021-07-23 13:56:38.587000
37779,16,377,13,1,2021-07-23 13:56:38.587000
37779,16,378,13,1,2021-07-23 13:56:38.587000
37779,16,379,13,1,2021-07-23 13:56:38.587000
37779,16,380,13,1,2021-07-23 13:56:38.587000
37779,16,381,13,1,2021-07-23 13:56:38.587000
37779,16,391,12,1,2021-07-23 13:56:38.587000
37779,16,392,12,1,2021-07-23 13:56:38.587000
37779,16,393,12,1,2021-07-23 13:56:38.587000
37779,16,394,12,1,2021-07-23 13:56:38.587000
37779,16,395,12,1,2021-07-23 13:56:38.587000
37779,16,396,12,1,2021-07-23 13:56:38.587000
37792,16,314,12,1,2019-11-08 16:34:19.173000
37792,16,315,12,1,2019-11-08 16:34:19.173000
37792,16,316,12,1,2019-11-08 16:34:19.173000
37792,16,317,12,1,2019-11-08 16:34:19.173000
37792,16,318,12,1,2019-11-08 16:34:19.173000
37792,16,319,12,1,2019-11-08 16:34:19.173000
37792,16,320,12,1,2019-11-08 16:34:19.173000
37792,16,321,12,1,2019-11-08 16:34:19.173000
37792,16,322,12,1,2019-11-08 16:34:19.173000
37792,16,323,12,1,2019-11-08 16:34:19.173000
37792,16,324,12,1,2019-11-08 16:34:19.173000
37792,16,325,12,1,2019-11-08 16:34:19.173000
37792,16,326,12,1,2019-11-08 16:34:19.173000
37792,16,327,12,1,2019-11-08 16:34:19.173000
37792,16,328,12,1,2019-11-08 16:34:19.173000
37792,16,329,12,1,2019-11-08 16:34:19.173000
37792,16,330,12,1,2019-11-08 16:34:19.173000
37792,16,331,12,1,2019-11-08 16:34:19.173000
37792,16,332,12,1,2019-11-08 16:34:19.173000
37792,16,333,12,1,2019-11-08 16:34:19.173000
37792,16,334,12,1,2019-11-08 16:34:19.173000
37792,16,335,12,1,2019-11-08 16:34:19.173000
37792,16,336,12,1,2019-11-08 16:34:19.173000
37792,16,337,12,1,2019-11-08 16:34:19.173000
37792,16,338,12,1,2019-11-08 16:34:19.173000
37792,16,339,12,1,2019-11-08 16:34:19.173000
37794,23,374,13,1,2025-06-23 16:35:45.587000
37794,23,375,13,1,2025-06-23 16:35:45.587000
37794,23,376,13,1,2025-06-23 16:35:45.587000
37794,23,377,13,1,2025-06-23 16:35:45.587000
37794,23,378,13,1,2025-06-23 16:35:45.587000
37794,23,379,13,1,2025-06-23 16:35:45.587000
37794,23,380,13,1,2025-06-23 16:35:45.587000
37794,23,381,13,1,2025-06-23 16:35:45.587000
37794,23,391,12,1,2025-06-23 16:35:45.587000
37794,23,392,12,1,2025-06-23 16:35:45.587000
37794,23,393,12,1,2025-06-23 16:35:45.587000
37794,23,394,12,1,2025-06-23 16:35:45.587000
37794,23,395,12,1,2025-06-23 16:35:45.587000
37794,23,396,12,1,2025-06-23 16:35:45.587000
37798,13,368,12,1,2019-11-15 22:09:26.193000
37798,13,369,12,1,2019-11-15 22:09:26.193000
37798,13,370,12,1,2019-11-15 22:09:26.193000
37798,13,371,12,1,2019-11-15 22:09:26.193000
37798,13,372,12,1,2019-11-15 22:09:26.193000
37800,19,368,12,1,2024-02-09 13:59:21.103000
37800,19,369,12,1,2024-02-09 13:59:21.103000
37800,19,370,12,1,2024-02-09 13:59:21.103000
37800,19,371,12,1,2024-02-09 13:59:21.103000
37800,19,372,12,1,2024-02-09 13:59:21.103000
37810,26,500,8,1,2026-07-16 17:18:11.140000
37810,26,501,8,1,2026-07-16 17:18:11.140000
37810,26,502,8,1,2026-07-16 17:18:11.140000
37810,26,504,9,1,2026-07-16 17:18:11.140000
37810,26,505,9,1,2026-07-16 17:18:11.140000
37810,26,506,9,1,2026-07-16 17:18:11.140000
37810,26,507,13,1,2026-07-16 17:18:11.140000
37810,26,508,13,1,2026-07-16 17:18:11.140000
37810,26,509,13,1,2026-07-16 17:18:11.140000
37810,26,510,13,1,2026-07-16 17:18:11.140000
37810,26,511,13,1,2026-07-16 17:18:11.140000
37810,26,512,13,1,2026-07-16 17:18:11.140000
37810,26,513,13,1,2026-07-16 17:18:11.140000
37810,26,514,13,1,2026-07-16 17:18:11.140000
37810,26,515,13,1,2026-07-16 17:18:11.140000
37810,26,516,13,1,2026-07-16 17:18:11.140000
37810,26,517,13,1,2026-07-16 17:18:11.140000
37810,26,519,13,1,2026-07-16 17:18:11.140000
37810,26,520,13,1,2026-07-16 17:18:11.140000
37810,26,521,13,1,2026-07-16 17:18:11.140000
37810,26,522,13,1,2026-07-16 17:18:11.140000
37810,26,523,13,1,2026-07-16 17:18:11.140000
37822,19,340,12,1,2026-01-12 13:38:59.387000
37822,19,341,12,1,2026-01-12 13:38:59.387000
37822,19,342,12,1,2026-01-12 13:38:59.387000
37822,19,343,12,1,2026-01-12 13:38:59.387000
37822,19,344,12,1,2026-01-12 13:38:59.387000
37822,19,345,12,1,2026-01-12 13:38:59.387000
37822,19,346,12,1,2026-01-12 13:38:59.387000
37822,19,347,12,1,2026-01-12 13:38:59.387000
37822,19,348,12,1,2026-01-12 13:38:59.387000
37822,19,349,12,1,2026-01-12 13:38:59.387000
37822,19,350,12,1,2026-01-12 13:38:59.387000
37822,19,351,12,1,2026-01-12 13:38:59.387000
37822,19,352,12,1,2026-01-12 13:38:59.387000
37822,19,353,12,1,2026-01-12 13:38:59.387000
37822,19,354,12,1,2026-01-12 13:38:59.387000
37822,19,355,12,1,2026-01-12 13:38:59.387000
37822,19,356,12,1,2026-01-12 13:38:59.387000
37822,19,357,12,1,2026-01-12 13:38:59.387000
37822,19,358,12,1,2026-01-12 13:38:59.387000
37822,19,359,12,1,2026-01-12 13:38:59.387000
37822,19,360,12,1,2026-01-12 13:38:59.387000
37822,19,361,12,1,2026-01-12 13:38:59.387000
37822,19,362,12,1,2026-01-12 13:38:59.387000
37822,19,363,12,1,2026-01-12 13:38:59.387000
37822,19,364,12,1,2026-01-12 13:38:59.387000
37822,19,365,12,1,2026-01-12 13:38:59.387000
37822,19,366,12,1,2026-01-12 13:38:59.387000
37822,19,367,12,1,2026-01-12 13:38:59.387000
37826,28,374,13,1,2024-09-06 13:35:05.507000
37826,28,375,13,1,2024-09-06 13:35:05.507000
37826,28,376,13,1,2024-09-06 13:35:05.507000
37826,28,377,13,1,2024-09-06 13:35:05.507000
37826,28,378,13,1,2024-09-06 13:35:05.507000
37826,28,379,13,1,2024-09-06 13:35:05.507000
37826,28,380,13,1,2024-09-06 13:35:05.507000
37826,28,381,13,1,2024-09-06 13:35:05.507000
37826,28,391,12,1,2024-09-06 13:35:05.507000
37826,28,392,12,1,2024-09-06 13:35:05.507000
37826,28,393,12,1,2024-09-06 13:35:05.507000
37826,28,394,12,1,2024-09-06 13:35:05.507000
37826,28,395,12,1,2024-09-06 13:35:05.507000
37826,28,396,12,1,2024-09-06 13:35:05.507000
37832,23,228,9,2,2025-10-16 18:06:04.243000
37832,23,238,9,2,2025-10-16 18:06:04.243000
37832,23,239,8,1,2025-10-16 18:06:04.243000
37832,23,240,8,1,2025-10-16 18:06:04.243000
37848,18,374,13,1,2024-09-06 13:40:51.153000
37848,18,375,13,1,2024-09-06 13:40:51.153000
37848,18,376,13,1,2024-09-06 13:40:51.153000
37848,18,377,13,1,2024-09-06 13:40:51.153000
37848,18,378,13,1,2024-09-06 13:40:51.153000
37848,18,379,13,1,2024-09-06 13:40:51.153000
37848,18,380,13,1,2024-09-06 13:40:51.153000
37848,18,381,13,1,2024-09-06 13:40:51.153000
37848,18,391,12,1,2024-09-06 13:40:51.153000
37848,18,392,12,1,2024-09-06 13:40:51.153000
37848,18,393,12,1,2024-09-06 13:40:51.153000
37848,18,394,12,1,2024-09-06 13:40:51.153000
37848,18,395,12,1,2024-09-06 13:40:51.153000
37848,18,396,12,1,2024-09-06 13:40:51.153000
37857,20,374,13,1,2023-06-19 15:03:38.897000
37857,20,375,13,1,2023-06-19 15:03:38.897000
37857,20,376,13,1,2023-06-19 15:03:38.897000
37857,20,377,13,1,2023-06-19 15:03:38.897000
37857,20,378,13,1,2023-06-19 15:03:38.897000
37857,20,379,13,1,2023-06-19 15:03:38.897000
37857,20,380,13,1,2023-06-19 15:03:38.897000
37857,20,381,13,1,2023-06-19 15:03:38.897000
37857,20,391,12,1,2023-06-19 15:03:38.897000
37857,20,392,12,1,2023-06-19 15:03:38.897000
37857,20,393,12,1,2023-06-19 15:03:38.897000
37857,20,394,12,1,2023-06-19 15:03:38.897000
37857,20,395,12,1,2023-06-19 15:03:38.897000
37857,20,396,12,1,2023-06-19 15:03:38.897000
37863,25,374,13,1,2023-04-10 14:16:23.340000
37863,25,375,13,1,2023-04-10 14:16:23.340000
37863,25,376,13,1,2023-04-10 14:16:23.340000
37863,25,377,13,1,2023-04-10 14:16:23.340000
37863,25,378,13,1,2023-04-10 14:16:23.340000
37863,25,379,13,1,2023-04-10 14:16:23.340000
37863,25,380,13,1,2023-04-10 14:16:23.340000
37863,25,381,13,1,2023-04-10 14:16:23.340000
37863,25,391,12,1,2023-04-10 14:16:23.340000
37863,25,392,12,1,2023-04-10 14:16:23.340000
37863,25,393,12,1,2023-04-10 14:16:23.340000
37863,25,394,12,1,2023-04-10 14:16:23.340000
37863,25,395,12,1,2023-04-10 14:16:23.340000
37863,25,396,12,1,2023-04-10 14:16:23.340000
37870,19,374,13,1,2021-10-06 13:14:45.507000
37870,19,375,13,1,2021-10-06 13:14:45.507000
37870,19,376,13,1,2021-10-06 13:14:45.507000
37870,19,377,13,1,2021-10-06 13:14:45.507000
37870,19,378,13,1,2021-10-06 13:14:45.507000
37870,19,379,13,1,2021-10-06 13:14:45.507000
37870,19,380,13,1,2021-10-06 13:14:45.507000
37870,19,381,13,1,2021-10-06 13:14:45.507000
37870,19,391,12,1,2021-10-06 13:14:45.507000
37870,19,392,12,1,2021-10-06 13:14:45.507000
37870,19,393,12,1,2021-10-06 13:14:45.507000
37870,19,394,12,1,2021-10-06 13:14:45.507000
37870,19,395,12,1,2021-10-06 13:14:45.507000
37870,19,396,12,1,2021-10-06 13:14:45.507000
37873,18,374,13,1,2026-04-07 15:21:00.320000
37873,18,375,13,1,2026-04-07 15:21:00.320000
37873,18,376,13,1,2026-04-07 15:21:00.320000
37873,18,377,13,1,2026-04-07 15:21:00.320000
37873,18,378,13,1,2026-04-07 15:21:00.320000
37873,18,379,13,1,2026-04-07 15:21:00.320000
37873,18,380,13,1,2026-04-07 15:21:00.320000
37873,18,381,13,1,2026-04-07 15:21:00.320000
37873,18,391,12,1,2026-04-07 15:21:00.320000
37873,18,392,12,1,2026-04-07 15:21:00.320000
37873,18,393,12,1,2026-04-07 15:21:00.320000
37873,18,394,12,1,2026-04-07 15:21:00.320000
37873,18,395,12,1,2026-04-07 15:21:00.320000
37873,18,396,12,1,2026-04-07 15:21:00.320000
37887,25,340,12,1,2026-01-12 13:38:59.643000
37887,25,341,12,1,2026-01-12 13:38:59.643000
37887,25,342,12,1,2026-01-12 13:38:59.643000
37887,25,343,12,1,2026-01-12 13:38:59.643000
37887,25,344,12,1,2026-01-12 13:38:59.643000
37887,25,345,12,1,2026-01-12 13:38:59.643000
37887,25,346,12,1,2026-01-12 13:38:59.643000
37887,25,347,12,1,2026-01-12 13:38:59.643000
37887,25,348,12,1,2026-01-12 13:38:59.643000
37887,25,349,12,1,2026-01-12 13:38:59.643000
37887,25,350,12,1,2026-01-12 13:38:59.643000
37887,25,351,12,1,2026-01-12 13:38:59.643000
37887,25,352,12,1,2026-01-12 13:38:59.643000
37887,25,353,12,1,2026-01-12 13:38:59.643000
37887,25,354,12,1,2026-01-12 13:38:59.643000
37887,25,355,12,1,2026-01-12 13:38:59.643000
37887,25,356,12,1,2026-01-12 13:38:59.643000
37887,25,357,12,1,2026-01-12 13:38:59.643000
37887,25,358,12,1,2026-01-12 13:38:59.643000
37887,25,359,12,1,2026-01-12 13:38:59.643000
37887,25,360,12,1,2026-01-12 13:38:59.643000
37887,25,361,12,1,2026-01-12 13:38:59.643000
37887,25,362,12,1,2026-01-12 13:38:59.643000
37887,25,363,12,1,2026-01-12 13:38:59.643000
37887,25,364,12,1,2026-01-12 13:38:59.643000
37887,25,365,12,1,2026-01-12 13:38:59.643000
37887,25,366,12,1,2026-01-12 13:38:59.643000
37887,25,367,12,1,2026-01-12 13:38:59.643000
37893,30,314,12,1,2020-11-06 12:54:16.313000
37893,30,315,12,1,2020-11-06 12:54:16.313000
37893,30,316,12,1,2020-11-06 12:54:16.313000
37893,30,317,12,1,2020-11-06 12:54:16.313000
37893,30,318,12,1,2020-11-06 12:54:16.313000
37893,30,319,12,1,2020-11-06 12:54:16.313000
37893,30,320,12,1,2020-11-06 12:54:16.313000
37893,30,321,12,1,2020-11-06 12:54:16.313000
37893,30,322,12,1,2020-11-06 12:54:16.313000
37893,30,323,12,1,2020-11-06 12:54:16.313000
37893,30,324,12,1,2020-11-06 12:54:16.313000
37893,30,325,12,1,2020-11-06 12:54:16.313000
37893,30,326,12,1,2020-11-06 12:54:16.313000
37893,30,327,12,1,2020-11-06 12:54:16.313000
37893,30,328,12,1,2020-11-06 12:54:16.313000
37893,30,329,12,1,2020-11-06 12:54:16.313000
37893,30,330,12,1,2020-11-06 12:54:16.313000
37893,30,331,12,1,2020-11-06 12:54:16.313000
37893,30,332,12,1,2020-11-06 12:54:16.313000
37893,30,333,12,1,2020-11-06 12:54:16.313000
37893,30,334,12,1,2020-11-06 12:54:16.313000
37893,30,335,12,1,2020-11-06 12:54:16.313000
37893,30,336,12,1,2020-11-06 12:54:16.313000
37893,30,337,12,1,2020-11-06 12:54:16.313000
37893,30,338,12,1,2020-11-06 12:54:16.313000
37893,30,339,12,1,2020-11-06 12:54:16.313000
37897,18,340,12,1,2026-01-12 13:39:00.063000
37897,18,341,12,1,2026-01-12 13:39:00.063000
37897,18,342,12,1,2026-01-12 13:39:00.063000
37897,18,343,12,1,2026-01-12 13:39:00.063000
37897,18,344,12,1,2026-01-12 13:39:00.063000
37897,18,345,12,1,2026-01-12 13:39:00.063000
37897,18,346,12,1,2026-01-12 13:39:00.063000
37897,18,347,12,1,2026-01-12 13:39:00.063000
37897,18,348,12,1,2026-01-12 13:39:00.063000
37897,18,349,12,1,2026-01-12 13:39:00.063000
37897,18,350,12,1,2026-01-12 13:39:00.063000
37897,18,351,12,1,2026-01-12 13:39:00.063000
37897,18,352,12,1,2026-01-12 13:39:00.063000
37897,18,353,12,1,2026-01-12 13:39:00.063000
37897,18,354,12,1,2026-01-12 13:39:00.063000
37897,18,355,12,1,2026-01-12 13:39:00.063000
37897,18,356,12,1,2026-01-12 13:39:00.063000
37897,18,357,12,1,2026-01-12 13:39:00.063000
37897,18,358,12,1,2026-01-12 13:39:00.063000
37897,18,359,12,1,2026-01-12 13:39:00.063000
37897,18,360,12,1,2026-01-12 13:39:00.063000
37897,18,361,12,1,2026-01-12 13:39:00.063000
37897,18,362,12,1,2026-01-12 13:39:00.063000
37897,18,363,12,1,2026-01-12 13:39:00.063000
37897,18,364,12,1,2026-01-12 13:39:00.063000
37897,18,365,12,1,2026-01-12 13:39:00.063000
37897,18,366,12,1,2026-01-12 13:39:00.063000
37897,18,367,12,1,2026-01-12 13:39:00.063000
37903,18,228,9,2,2025-06-11 12:02:30.327000
37903,18,238,9,2,2025-06-11 12:02:30.327000
37903,18,239,8,1,2025-06-11 12:02:30.327000
37903,18,240,8,1,2025-06-11 12:02:30.327000
37905,18,228,9,2,2026-05-22 15:32:29.023000
37905,18,238,9,2,2026-05-22 15:32:29.023000
37905,18,239,8,1,2026-05-22 15:32:29.023000
37905,18,240,8,1,2026-05-22 15:32:29.023000
37913,17,143,8,1,2026-02-20 14:44:28.523000
37913,17,144,8,1,2026-02-20 14:44:28.523000
37913,17,145,8,1,2026-02-20 14:44:28.523000
37913,17,146,8,1,2026-02-20 14:44:28.523000
37913,17,147,9,1,2026-02-20 14:44:28.523000
37913,17,148,9,1,2026-02-20 14:44:28.523000
37913,17,149,9,1,2026-02-20 14:44:28.523000
37913,17,151,9,1,2026-02-20 14:44:28.523000
37913,17,264,8,1,2026-02-20 14:44:28.523000
37913,17,265,9,1,2026-02-20 14:44:28.523000
37913,17,266,8,1,2026-02-20 14:44:28.523000
37913,17,267,9,1,2026-02-20 14:44:28.523000
37913,17,268,8,1,2026-02-20 14:44:28.523000
37919,12,143,8,1,2023-06-22 12:04:03.590000
37919,12,144,8,1,2023-06-22 12:04:03.590000
37919,12,145,8,1,2023-06-22 12:04:03.590000
37919,12,146,8,1,2023-06-22 12:04:03.590000
37919,12,147,9,1,2023-06-22 12:04:03.590000
37919,12,148,9,1,2023-06-22 12:04:03.590000
37919,12,149,9,1,2023-06-22 12:04:03.590000
37919,12,151,9,1,2023-06-22 12:04:03.590000
37919,12,264,8,1,2023-06-22 12:04:03.590000
37919,12,265,9,1,2023-06-22 12:04:03.590000
37919,12,266,8,1,2023-06-22 12:04:03.590000
37919,12,267,9,1,2023-06-22 12:04:03.590000
37919,12,268,8,1,2023-06-22 12:04:03.590000
37921,18,143,8,1,2025-11-20 16:54:44.633000
37921,18,144,8,1,2025-11-20 16:54:44.633000
37921,18,145,8,1,2025-11-20 16:54:44.633000
37921,18,146,8,1,2025-11-20 16:54:44.633000
37921,18,147,9,1,2025-11-20 16:54:44.633000
37921,18,148,9,1,2025-11-20 16:54:44.633000
37921,18,149,9,1,2025-11-20 16:54:44.633000
37921,18,151,9,1,2025-11-20 16:54:44.633000
37921,18,264,8,1,2025-11-20 16:54:44.633000
37921,18,265,9,1,2025-11-20 16:54:44.633000
37921,18,266,8,1,2025-11-20 16:54:44.633000
37921,18,267,9,1,2025-11-20 16:54:44.633000
37921,18,268,8,1,2025-11-20 16:54:44.633000
38014,9,500,8,1,2026-07-14 20:41:55.327000
38014,9,501,8,1,2026-07-14 20:41:55.327000
38014,9,502,8,1,2026-07-14 20:41:55.327000
38014,9,504,9,1,2026-07-14 20:41:55.327000
38014,9,505,9,1,2026-07-14 20:41:55.327000
38014,9,506,9,1,2026-07-14 20:41:55.327000
38014,9,507,13,1,2026-07-14 20:41:55.327000
38014,9,508,13,1,2026-07-14 20:41:55.327000
38014,9,509,13,1,2026-07-14 20:41:55.327000
38014,9,510,13,1,2026-07-14 20:41:55.327000
38014,9,511,13,1,2026-07-14 20:41:55.327000
38014,9,512,13,1,2026-07-14 20:41:55.327000
38014,9,513,13,1,2026-07-14 20:41:55.327000
38014,9,514,13,1,2026-07-14 20:41:55.327000
38014,9,515,13,1,2026-07-14 20:41:55.327000
38014,9,516,13,1,2026-07-14 20:41:55.327000
38014,9,517,13,1,2026-07-14 20:41:55.327000
38014,9,519,13,1,2026-07-14 20:41:55.327000
38014,9,520,13,1,2026-07-14 20:41:55.327000
38014,9,521,13,1,2026-07-14 20:41:55.327000
38014,9,522,13,1,2026-07-14 20:41:55.327000
38014,9,523,13,1,2026-07-14 20:41:55.327000
38016,21,228,9,2,2025-06-20 22:11:01.873000
38016,21,238,9,2,2025-06-20 22:11:01.873000
38016,21,239,8,1,2025-06-20 22:11:01.873000
38016,21,240,8,1,2025-06-20 22:11:01.873000
38018,18,143,8,1,2025-06-16 18:43:35.720000
38018,18,144,8,1,2025-06-16 18:43:35.720000
38018,18,145,8,1,2025-06-16 18:43:35.720000
38018,18,146,8,1,2025-06-16 18:43:35.720000
38018,18,147,9,1,2025-06-16 18:43:35.720000
38018,18,148,9,1,2025-06-16 18:43:35.720000
38018,18,149,9,1,2025-06-16 18:43:35.720000
38018,18,151,9,1,2025-06-16 18:43:35.720000
38018,18,264,8,1,2025-06-16 18:43:35.720000
38018,18,265,9,1,2025-06-16 18:43:35.720000
38018,18,266,8,1,2025-06-16 18:43:35.720000
38018,18,267,9,1,2025-06-16 18:43:35.720000
38018,18,268,8,1,2025-06-16 18:43:35.720000
38026,28,374,13,1,2025-07-03 13:07:16.103000
38026,28,375,13,1,2025-07-03 13:07:16.103000
38026,28,376,13,1,2025-07-03 13:07:16.103000
38026,28,377,13,1,2025-07-03 13:07:16.103000
38026,28,378,13,1,2025-07-03 13:07:16.103000
38026,28,379,13,1,2025-07-03 13:07:16.103000
38026,28,380,13,1,2025-07-03 13:07:16.103000
38026,28,381,13,1,2025-07-03 13:07:16.103000
38026,28,391,12,1,2025-07-03 13:07:16.103000
38026,28,392,12,1,2025-07-03 13:07:16.103000
38026,28,393,12,1,2025-07-03 13:07:16.103000
38026,28,394,12,1,2025-07-03 13:07:16.103000
38026,28,395,12,1,2025-07-03 13:07:16.103000
38026,28,396,12,1,2025-07-03 13:07:16.103000
38033,13,374,13,1,2023-04-17 14:53:33.327000
38033,13,375,13,1,2023-04-17 14:53:33.327000
38033,13,376,13,1,2023-04-17 14:53:33.327000
38033,13,377,13,1,2023-04-17 14:53:33.327000
38033,13,378,13,1,2023-04-17 14:53:33.327000
38033,13,379,13,1,2023-04-17 14:53:33.327000
38033,13,380,13,1,2023-04-17 14:53:33.327000
38033,13,381,13,1,2023-04-17 14:53:33.327000
38033,13,391,12,1,2023-04-17 14:53:33.327000
38033,13,392,12,1,2023-04-17 14:53:33.327000
38033,13,393,12,1,2023-04-17 14:53:33.327000
38033,13,394,12,1,2023-04-17 14:53:33.327000
38033,13,395,12,1,2023-04-17 14:53:33.327000
38033,13,396,12,1,2023-04-17 14:53:33.327000
38043,14,374,13,1,2025-02-26 17:41:11.767000
38043,14,375,13,1,2025-02-26 17:41:11.767000
38043,14,376,13,1,2025-02-26 17:41:11.767000
38043,14,377,13,1,2025-02-26 17:41:11.767000
38043,14,378,13,1,2025-02-26 17:41:11.767000
38043,14,379,13,1,2025-02-26 17:41:11.767000
38043,14,380,13,1,2025-02-26 17:41:11.767000
38043,14,381,13,1,2025-02-26 17:41:11.767000
38043,14,391,12,1,2025-02-26 17:41:11.767000
38043,14,392,12,1,2025-02-26 17:41:11.767000
38043,14,393,12,1,2025-02-26 17:41:11.767000
38043,14,394,12,1,2025-02-26 17:41:11.767000
38043,14,395,12,1,2025-02-26 17:41:11.767000
38043,14,396,12,1,2025-02-26 17:41:11.767000
38045,17,374,13,1,2023-06-02 19:33:34.817000
38045,17,375,13,1,2023-06-02 19:33:34.817000
38045,17,376,13,1,2023-06-02 19:33:34.817000
38045,17,377,13,1,2023-06-02 19:33:34.817000
38045,17,378,13,1,2023-06-02 19:33:34.817000
38045,17,379,13,1,2023-06-02 19:33:34.817000
38045,17,380,13,1,2023-06-02 19:33:34.817000
38045,17,381,13,1,2023-06-02 19:33:34.817000
38045,17,391,12,1,2023-06-02 19:33:34.817000
38045,17,392,12,1,2023-06-02 19:33:34.817000
38045,17,393,12,1,2023-06-02 19:33:34.817000
38045,17,394,12,1,2023-06-02 19:33:34.817000
38045,17,395,12,1,2023-06-02 19:33:34.817000
38045,17,396,12,1,2023-06-02 19:33:34.817000
38047,13,374,13,1,2024-03-22 15:19:24.257000
38047,13,375,13,1,2024-03-22 15:19:24.257000
38047,13,376,13,1,2024-03-22 15:19:24.257000
38047,13,377,13,1,2024-03-22 15:19:24.257000
38047,13,378,13,1,2024-03-22 15:19:24.257000
38047,13,379,13,1,2024-03-22 15:19:24.257000
38047,13,380,13,1,2024-03-22 15:19:24.257000
38047,13,381,13,1,2024-03-22 15:19:24.257000
38047,13,391,12,1,2024-03-22 15:19:24.257000
38047,13,392,12,1,2024-03-22 15:19:24.257000
38047,13,393,12,1,2024-03-22 15:19:24.257000
38047,13,394,12,1,2024-03-22 15:19:24.257000
38047,13,395,12,1,2024-03-22 15:19:24.257000
38047,13,396,12,1,2024-03-22 15:19:24.257000
38051,17,374,13,1,2024-06-14 13:58:07.820000
38051,17,375,13,1,2024-06-14 13:58:07.820000
38051,17,376,13,1,2024-06-14 13:58:07.820000
38051,17,377,13,1,2024-06-14 13:58:07.820000
38051,17,378,13,1,2024-06-14 13:58:07.820000
38051,17,379,13,1,2024-06-14 13:58:07.820000
38051,17,380,13,1,2024-06-14 13:58:07.820000
38051,17,381,13,1,2024-06-14 13:58:07.820000
38051,17,391,12,1,2024-06-14 13:58:07.820000
38051,17,392,12,1,2024-06-14 13:58:07.820000
38051,17,393,12,1,2024-06-14 13:58:07.820000
38051,17,394,12,1,2024-06-14 13:58:07.820000
38051,17,395,12,1,2024-06-14 13:58:07.820000
38051,17,396,12,1,2024-06-14 13:58:07.820000
38065,12,228,9,2,2026-02-13 22:49:56.590000
38065,12,238,9,2,2026-02-13 22:49:56.590000
38065,12,239,8,1,2026-02-13 22:49:56.590000
38065,12,240,8,1,2026-02-13 22:49:56.590000
38067,13,228,9,2,2025-08-15 16:25:07.150000
38067,13,238,9,2,2025-08-15 16:25:07.150000
38067,13,239,8,1,2025-08-15 16:25:07.150000
38067,13,240,8,1,2025-08-15 16:25:07.150000
38070,12,228,9,2,2026-02-11 17:50:13.203000
38070,12,238,9,2,2026-02-11 17:50:13.203000
38070,12,239,8,1,2026-02-11 17:50:13.203000
38070,12,240,8,1,2026-02-11 17:50:13.203000
38111,10,228,9,2,2025-05-13 19:10:13.770000
38111,10,238,9,2,2025-05-13 19:10:13.770000
38111,10,239,8,1,2025-05-13 19:10:13.770000
38111,10,240,8,1,2025-05-13 19:10:13.770000
38119,11,340,12,1,2026-01-26 13:28:21.320000
38119,11,341,12,1,2026-01-26 13:28:21.320000
38119,11,342,12,1,2026-01-26 13:28:21.320000
38119,11,343,12,1,2026-01-26 13:28:21.320000
38119,11,344,12,1,2026-01-26 13:28:21.320000
38119,11,345,12,1,2026-01-26 13:28:21.320000
38119,11,346,12,1,2026-01-26 13:28:21.320000
38119,11,347,12,1,2026-01-26 13:28:21.320000
38119,11,348,12,1,2026-01-26 13:28:21.320000
38119,11,349,12,1,2026-01-26 13:28:21.320000
38119,11,350,12,1,2026-01-26 13:28:21.320000
38119,11,351,12,1,2026-01-26 13:28:21.320000
38119,11,352,12,1,2026-01-26 13:28:21.320000
38119,11,353,12,1,2026-01-26 13:28:21.320000
38119,11,354,12,1,2026-01-26 13:28:21.320000
38119,11,355,12,1,2026-01-26 13:28:21.320000
38119,11,356,12,1,2026-01-26 13:28:21.320000
38119,11,357,12,1,2026-01-26 13:28:21.320000
38119,11,358,12,1,2026-01-26 13:28:21.320000
38119,11,359,12,1,2026-01-26 13:28:21.320000
38119,11,360,12,1,2026-01-26 13:28:21.320000
38119,11,361,12,1,2026-01-26 13:28:21.320000
38119,11,362,12,1,2026-01-26 13:28:21.320000
38119,11,363,12,1,2026-01-26 13:28:21.320000
38119,11,364,12,1,2026-01-26 13:28:21.320000
38119,11,365,12,1,2026-01-26 13:28:21.320000
38119,11,366,12,1,2026-01-26 13:28:21.320000
38119,11,367,12,1,2026-01-26 13:28:21.320000
38123,12,340,12,1,2026-01-26 13:28:21.407000
38123,12,341,12,1,2026-01-26 13:28:21.407000
38123,12,342,12,1,2026-01-26 13:28:21.407000
38123,12,343,12,1,2026-01-26 13:28:21.407000
38123,12,344,12,1,2026-01-26 13:28:21.407000
38123,12,345,12,1,2026-01-26 13:28:21.407000
38123,12,346,12,1,2026-01-26 13:28:21.407000
38123,12,347,12,1,2026-01-26 13:28:21.407000
38123,12,348,12,1,2026-01-26 13:28:21.407000
38123,12,349,12,1,2026-01-26 13:28:21.407000
38123,12,350,12,1,2026-01-26 13:28:21.407000
38123,12,351,12,1,2026-01-26 13:28:21.407000
38123,12,352,12,1,2026-01-26 13:28:21.407000
38123,12,353,12,1,2026-01-26 13:28:21.407000
38123,12,354,12,1,2026-01-26 13:28:21.407000
38123,12,355,12,1,2026-01-26 13:28:21.407000
38123,12,356,12,1,2026-01-26 13:28:21.407000
38123,12,357,12,1,2026-01-26 13:28:21.407000
38123,12,358,12,1,2026-01-26 13:28:21.407000
38123,12,359,12,1,2026-01-26 13:28:21.407000
38123,12,360,12,1,2026-01-26 13:28:21.407000
38123,12,361,12,1,2026-01-26 13:28:21.407000
38123,12,362,12,1,2026-01-26 13:28:21.407000
38123,12,363,12,1,2026-01-26 13:28:21.407000
38123,12,364,12,1,2026-01-26 13:28:21.407000
38123,12,365,12,1,2026-01-26 13:28:21.407000
38123,12,366,12,1,2026-01-26 13:28:21.407000
38123,12,367,12,1,2026-01-26 13:28:21.407000
38151,9,340,12,1,2026-01-26 13:28:21.870000
38151,9,341,12,1,2026-01-26 13:28:21.870000
38151,9,342,12,1,2026-01-26 13:28:21.870000
38151,9,343,12,1,2026-01-26 13:28:21.870000
38151,9,344,12,1,2026-01-26 13:28:21.870000
38151,9,345,12,1,2026-01-26 13:28:21.870000
38151,9,346,12,1,2026-01-26 13:28:21.870000
38151,9,347,12,1,2026-01-26 13:28:21.870000
38151,9,348,12,1,2026-01-26 13:28:21.870000
38151,9,349,12,1,2026-01-26 13:28:21.870000
38151,9,350,12,1,2026-01-26 13:28:21.870000
38151,9,351,12,1,2026-01-26 13:28:21.870000
38151,9,352,12,1,2026-01-26 13:28:21.870000
38151,9,353,12,1,2026-01-26 13:28:21.870000
38151,9,354,12,1,2026-01-26 13:28:21.870000
38151,9,355,12,1,2026-01-26 13:28:21.870000
38151,9,356,12,1,2026-01-26 13:28:21.870000
38151,9,357,12,1,2026-01-26 13:28:21.870000
38151,9,358,12,1,2026-01-26 13:28:21.870000
38151,9,359,12,1,2026-01-26 13:28:21.870000
38151,9,360,12,1,2026-01-26 13:28:21.870000
38151,9,361,12,1,2026-01-26 13:28:21.870000
38151,9,362,12,1,2026-01-26 13:28:21.870000
38151,9,363,12,1,2026-01-26 13:28:21.870000
38151,9,364,12,1,2026-01-26 13:28:21.870000
38151,9,365,12,1,2026-01-26 13:28:21.870000
38151,9,366,12,1,2026-01-26 13:28:21.870000
38151,9,367,12,1,2026-01-26 13:28:21.870000
38158,9,143,8,1,2023-06-22 11:56:04.197000
38158,9,144,8,1,2023-06-22 11:56:04.197000
38158,9,145,8,1,2023-06-22 11:56:04.197000
38158,9,146,8,1,2023-06-22 11:56:04.197000
38158,9,147,9,1,2023-06-22 11:56:04.197000
38158,9,148,9,1,2023-06-22 11:56:04.197000
38158,9,149,9,1,2023-06-22 11:56:04.197000
38158,9,151,9,1,2023-06-22 11:56:04.197000
38158,9,264,8,1,2023-06-22 11:56:04.197000
38158,9,265,9,1,2023-06-22 11:56:04.197000
38158,9,266,8,1,2023-06-22 11:56:04.197000
38158,9,267,9,1,2023-06-22 11:56:04.197000
38158,9,268,8,1,2023-06-22 11:56:04.197000
38168,11,143,8,1,2025-02-18 20:19:10.507000
38168,11,144,8,1,2025-02-18 20:19:10.507000
38168,11,145,8,1,2025-02-18 20:19:10.507000
38168,11,146,8,1,2025-02-18 20:19:10.507000
38168,11,147,9,1,2025-02-18 20:19:10.507000
38168,11,148,9,1,2025-02-18 20:19:10.507000
38168,11,149,9,1,2025-02-18 20:19:10.507000
38168,11,151,9,1,2025-02-18 20:19:10.507000
38168,11,264,8,1,2025-02-18 20:19:10.507000
38168,11,265,9,1,2025-02-18 20:19:10.507000
38168,11,266,8,1,2025-02-18 20:19:10.507000
38168,11,267,9,1,2025-02-18 20:19:10.507000
38168,11,268,8,1,2025-02-18 20:19:10.507000
38176,13,143,8,1,2026-02-20 14:52:15.407000
38176,13,144,8,1,2026-02-20 14:52:15.407000
38176,13,145,8,1,2026-02-20 14:52:15.407000
38176,13,146,8,1,2026-02-20 14:52:15.407000
38176,13,147,9,1,2026-02-20 14:52:15.407000
38176,13,148,9,1,2026-02-20 14:52:15.407000
38176,13,149,9,1,2026-02-20 14:52:15.407000
38176,13,151,9,1,2026-02-20 14:52:15.407000
38176,13,264,8,1,2026-02-20 14:52:15.407000
38176,13,265,9,1,2026-02-20 14:52:15.407000
38176,13,266,8,1,2026-02-20 14:52:15.407000
38176,13,267,9,1,2026-02-20 14:52:15.407000
38176,13,268,8,1,2026-02-20 14:52:15.407000
38178,11,143,8,1,2026-04-21 17:46:28.257000
38178,11,144,8,1,2026-04-21 17:46:28.257000
38178,11,145,8,1,2026-04-21 17:46:28.257000
38178,11,146,8,1,2026-04-21 17:46:28.257000
38178,11,147,9,1,2026-04-21 17:46:28.257000
38178,11,148,9,1,2026-04-21 17:46:28.257000
38178,11,149,9,1,2026-04-21 17:46:28.257000
38178,11,151,9,1,2026-04-21 17:46:28.257000
38178,11,264,8,1,2026-04-21 17:46:28.257000
38178,11,265,9,1,2026-04-21 17:46:28.257000
38178,11,266,8,1,2026-04-21 17:46:28.257000
38178,11,267,9,1,2026-04-21 17:46:28.257000
38178,11,268,8,1,2026-04-21 17:46:28.257000
38201,25,228,9,2,2025-11-14 16:40:01.217000
38201,25,238,9,2,2025-11-14 16:40:01.217000
38201,25,239,8,1,2025-11-14 16:40:01.217000
38201,25,240,8,1,2025-11-14 16:40:01.217000
38211,17,143,8,1,2026-05-21 14:22:24.853000
38211,17,144,8,1,2026-05-21 14:22:24.853000
38211,17,145,8,1,2026-05-21 14:22:24.853000
38211,17,146,8,1,2026-05-21 14:22:24.853000
38211,17,147,9,1,2026-05-21 14:22:24.853000
38211,17,148,9,1,2026-05-21 14:22:24.853000
38211,17,149,9,1,2026-05-21 14:22:24.853000
38211,17,151,9,1,2026-05-21 14:22:24.853000
38211,17,264,8,1,2026-05-21 14:22:24.853000
38211,17,265,9,1,2026-05-21 14:22:24.853000
38211,17,266,8,1,2026-05-21 14:22:24.853000
38211,17,267,9,1,2026-05-21 14:22:24.853000
38211,17,268,8,1,2026-05-21 14:22:24.853000
38213,13,143,8,1,2026-07-24 12:10:55.567000
38213,13,144,8,1,2026-07-24 12:10:55.567000
38213,13,145,8,1,2026-07-24 12:10:55.567000
38213,13,146,8,1,2026-07-24 12:10:55.567000
38213,13,147,9,1,2026-07-24 12:10:55.567000
38213,13,148,9,1,2026-07-24 12:10:55.567000
38213,13,149,9,1,2026-07-24 12:10:55.567000
38213,13,151,9,1,2026-07-24 12:10:55.567000
38213,13,264,8,1,2026-07-24 12:10:55.567000
38213,13,265,9,1,2026-07-24 12:10:55.567000
38213,13,266,8,1,2026-07-24 12:10:55.567000
38213,13,267,9,1,2026-07-24 12:10:55.567000
38213,13,268,8,1,2026-07-24 12:10:55.567000
38223,19,314,12,1,2019-11-08 19:18:08.307000
38223,19,315,12,1,2019-11-08 19:18:08.307000
38223,19,316,12,1,2019-11-08 19:18:08.307000
38223,19,317,12,1,2019-11-08 19:18:08.307000
38223,19,318,12,1,2019-11-08 19:18:08.307000
38223,19,319,12,1,2019-11-08 19:18:08.307000
38223,19,320,12,1,2019-11-08 19:18:08.307000
38223,19,321,12,1,2019-11-08 19:18:08.307000
38223,19,322,12,1,2019-11-08 19:18:08.307000
38223,19,323,12,1,2019-11-08 19:18:08.307000
38223,19,324,12,1,2019-11-08 19:18:08.307000
38223,19,325,12,1,2019-11-08 19:18:08.307000
38223,19,326,12,1,2019-11-08 19:18:08.307000
38223,19,327,12,1,2019-11-08 19:18:08.307000
38223,19,328,12,1,2019-11-08 19:18:08.307000
38223,19,329,12,1,2019-11-08 19:18:08.307000
38223,19,330,12,1,2019-11-08 19:18:08.307000
38223,19,331,12,1,2019-11-08 19:18:08.307000
38223,19,332,12,1,2019-11-08 19:18:08.307000
38223,19,333,12,1,2019-11-08 19:18:08.307000
38223,19,334,12,1,2019-11-08 19:18:08.307000
38223,19,335,12,1,2019-11-08 19:18:08.307000
38223,19,336,12,1,2019-11-08 19:18:08.307000
38223,19,337,12,1,2019-11-08 19:18:08.307000
38223,19,338,12,1,2019-11-08 19:18:08.307000
38223,19,339,12,1,2019-11-08 19:18:08.307000
38227,19,370,12,1,2023-10-20 15:35:20.180000
38227,19,371,12,1,2023-10-20 15:35:20.180000
38227,19,372,12,1,2023-10-20 15:35:20.180000
38229,27,319,12,1,2023-10-20 15:34:40.383000
38229,27,320,12,1,2023-10-20 15:34:40.383000
38229,27,321,12,1,2023-10-20 15:34:40.383000
38229,27,322,12,1,2023-10-20 15:34:40.383000
38229,27,323,12,1,2023-10-20 15:34:40.383000
38229,27,325,12,1,2023-10-20 15:34:40.383000
38229,27,326,12,1,2023-10-20 15:34:40.383000
38229,27,330,12,1,2023-10-20 15:34:40.383000
38229,27,335,12,1,2023-10-20 15:34:40.383000
38229,27,336,12,1,2023-10-20 15:34:40.383000
38229,27,337,12,1,2023-10-20 15:34:40.383000
38229,27,338,12,1,2023-10-20 15:34:40.383000
38231,19,368,12,1,2020-11-13 19:08:12.190000
38231,19,369,12,1,2020-11-13 19:08:12.190000
38231,19,370,12,1,2020-11-13 19:08:12.190000
38231,19,371,12,1,2020-11-13 19:08:12.190000
38231,19,372,12,1,2020-11-13 19:08:12.190000
38233,6,368,12,1,2019-11-08 17:28:40.063000
38233,6,369,12,1,2019-11-08 17:28:40.063000
38233,6,370,12,1,2019-11-08 17:28:40.063000
38233,6,371,12,1,2019-11-08 17:28:40.063000
38233,6,372,12,1,2019-11-08 17:28:40.063000
38238,13,374,13,1,2025-06-23 16:36:20.683000
38238,13,375,13,1,2025-06-23 16:36:20.683000
38238,13,376,13,1,2025-06-23 16:36:20.683000
38238,13,377,13,1,2025-06-23 16:36:20.683000
38238,13,378,13,1,2025-06-23 16:36:20.683000
38238,13,379,13,1,2025-06-23 16:36:20.683000
38238,13,380,13,1,2025-06-23 16:36:20.683000
38238,13,381,13,1,2025-06-23 16:36:20.683000
38238,13,391,12,1,2025-06-23 16:36:20.683000
38238,13,392,12,1,2025-06-23 16:36:20.683000
38238,13,393,12,1,2025-06-23 16:36:20.683000
38238,13,394,12,1,2025-06-23 16:36:20.683000
38238,13,395,12,1,2025-06-23 16:36:20.683000
38238,13,396,12,1,2025-06-23 16:36:20.683000
38240,26,374,13,1,2024-10-31 15:43:09.720000
38240,26,375,13,1,2024-10-31 15:43:09.720000
38240,26,376,13,1,2024-10-31 15:43:09.720000
38240,26,377,13,1,2024-10-31 15:43:09.720000
38240,26,378,13,1,2024-10-31 15:43:09.720000
38240,26,379,13,1,2024-10-31 15:43:09.720000
38240,26,380,13,1,2024-10-31 15:43:09.720000
38240,26,381,13,1,2024-10-31 15:43:09.720000
38240,26,391,12,1,2024-10-31 15:43:09.720000
38240,26,392,12,1,2024-10-31 15:43:09.720000
38240,26,393,12,1,2024-10-31 15:43:09.720000
38240,26,394,12,1,2024-10-31 15:43:09.720000
38240,26,395,12,1,2024-10-31 15:43:09.720000
38240,26,396,12,1,2024-10-31 15:43:09.720000
38249,22,228,9,2,2026-04-06 13:48:15.103000
38249,22,238,9,2,2026-04-06 13:48:15.103000
38249,22,239,8,1,2026-04-06 13:48:15.103000
38249,22,240,8,1,2026-04-06 13:48:15.103000
38268,11,228,9,2,2026-03-09 17:25:28.250000
38268,11,238,9,2,2026-03-09 17:25:28.250000
38268,11,239,8,1,2026-03-09 17:25:28.250000
38268,11,240,8,1,2026-03-09 17:25:28.250000
38274,10,374,13,1,2024-04-18 19:16:19.300000
38274,10,375,13,1,2024-04-18 19:16:19.300000
38274,10,376,13,1,2024-04-18 19:16:19.300000
38274,10,377,13,1,2024-04-18 19:16:19.300000
38274,10,378,13,1,2024-04-18 19:16:19.300000
38274,10,379,13,1,2024-04-18 19:16:19.300000
38274,10,380,13,1,2024-04-18 19:16:19.300000
38274,10,381,13,1,2024-04-18 19:16:19.300000
38274,10,391,12,1,2024-04-18 19:16:19.300000
38274,10,392,12,1,2024-04-18 19:16:19.300000
38274,10,393,12,1,2024-04-18 19:16:19.300000
38274,10,394,12,1,2024-04-18 19:16:19.300000
38274,10,395,12,1,2024-04-18 19:16:19.300000
38274,10,396,12,1,2024-04-18 19:16:19.300000
38276,12,374,13,1,2026-05-08 14:24:08.380000
38276,12,375,13,1,2026-05-08 14:24:08.380000
38276,12,376,13,1,2026-05-08 14:24:08.380000
38276,12,377,13,1,2026-05-08 14:24:08.380000
38276,12,378,13,1,2026-05-08 14:24:08.380000
38276,12,379,13,1,2026-05-08 14:24:08.380000
38276,12,380,13,1,2026-05-08 14:24:08.380000
38276,12,381,13,1,2026-05-08 14:24:08.380000
38276,12,391,12,1,2026-05-08 14:24:08.380000
38276,12,392,12,1,2026-05-08 14:24:08.380000
38276,12,393,12,1,2026-05-08 14:24:08.380000
38276,12,394,12,1,2026-05-08 14:24:08.380000
38276,12,395,12,1,2026-05-08 14:24:08.380000
38276,12,396,12,1,2026-05-08 14:24:08.380000
38278,35,374,13,1,2025-06-11 13:53:58.137000
38278,35,375,13,1,2025-06-11 13:53:58.137000
38278,35,376,13,1,2025-06-11 13:53:58.137000
38278,35,377,13,1,2025-06-11 13:53:58.137000
38278,35,378,13,1,2025-06-11 13:53:58.137000
38278,35,379,13,1,2025-06-11 13:53:58.137000
38278,35,380,13,1,2025-06-11 13:53:58.137000
38278,35,381,13,1,2025-06-11 13:53:58.137000
38278,35,391,12,1,2025-06-11 13:53:58.137000
38278,35,392,12,1,2025-06-11 13:53:58.137000
38278,35,393,12,1,2025-06-11 13:53:58.137000
38278,35,394,12,1,2025-06-11 13:53:58.137000
38278,35,395,12,1,2025-06-11 13:53:58.137000
38278,35,396,12,1,2025-06-11 13:53:58.137000
38284,13,228,9,2,2025-11-05 12:32:45.397000
38284,13,238,9,2,2025-11-05 12:32:45.397000
38284,13,239,8,1,2025-11-05 12:32:45.397000
38284,13,240,8,1,2025-11-05 12:32:45.397000
38288,11,228,9,2,2026-02-19 15:30:35.777000
38288,11,238,9,2,2026-02-19 15:30:35.777000
38288,11,239,8,1,2026-02-19 15:30:35.777000
38288,11,240,8,1,2026-02-19 15:30:35.777000
38292,17,374,13,1,2025-06-23 16:36:53.200000
38292,17,375,13,1,2025-06-23 16:36:53.200000
38292,17,376,13,1,2025-06-23 16:36:53.200000
38292,17,377,13,1,2025-06-23 16:36:53.200000
38292,17,378,13,1,2025-06-23 16:36:53.200000
38292,17,379,13,1,2025-06-23 16:36:53.200000
38292,17,380,13,1,2025-06-23 16:36:53.200000
38292,17,381,13,1,2025-06-23 16:36:53.200000
38292,17,391,12,1,2025-06-23 16:36:53.200000
38292,17,392,12,1,2025-06-23 16:36:53.200000
38292,17,393,12,1,2025-06-23 16:36:53.200000
38292,17,394,12,1,2025-06-23 16:36:53.200000
38292,17,395,12,1,2025-06-23 16:36:53.200000
38292,17,396,12,1,2025-06-23 16:36:53.200000
38294,24,374,13,1,2025-09-24 18:43:47.267000
38294,24,375,13,1,2025-09-24 18:43:47.267000
38294,24,376,13,1,2025-09-24 18:43:47.267000
38294,24,377,13,1,2025-09-24 18:43:47.267000
38294,24,378,13,1,2025-09-24 18:43:47.267000
38294,24,379,13,1,2025-09-24 18:43:47.267000
38294,24,380,13,1,2025-09-24 18:43:47.267000
38294,24,381,13,1,2025-09-24 18:43:47.267000
38294,24,391,12,1,2025-09-24 18:43:47.267000
38294,24,392,12,1,2025-09-24 18:43:47.267000
38294,24,393,12,1,2025-09-24 18:43:47.267000
38294,24,394,12,1,2025-09-24 18:43:47.267000
38294,24,395,12,1,2025-09-24 18:43:47.267000
38294,24,396,12,1,2025-09-24 18:43:47.267000
38299,26,340,12,1,2025-10-14 13:13:56.530000
38299,26,341,12,1,2025-10-14 13:13:56.530000
38299,26,342,12,1,2025-10-14 13:13:56.530000
38299,26,343,12,1,2025-10-14 13:13:56.530000
38299,26,344,12,1,2025-10-14 13:13:56.530000
38299,26,345,12,1,2025-10-14 13:13:56.530000
38299,26,346,12,1,2025-10-14 13:13:56.530000
38299,26,347,12,1,2025-10-14 13:13:56.530000
38299,26,348,12,1,2025-10-14 13:13:56.530000
38299,26,349,12,1,2025-10-14 13:13:56.530000
38299,26,350,12,1,2025-10-14 13:13:56.530000
38299,26,351,12,1,2025-10-14 13:13:56.530000
38299,26,352,12,1,2025-10-14 13:13:56.530000
38299,26,353,12,1,2025-10-14 13:13:56.530000
38299,26,354,12,1,2025-10-14 13:13:56.530000
38299,26,355,12,1,2025-10-14 13:13:56.530000
38299,26,356,12,1,2025-10-14 13:13:56.530000
38299,26,357,12,1,2025-10-14 13:13:56.530000
38299,26,358,12,1,2025-10-14 13:13:56.530000
38299,26,359,12,1,2025-10-14 13:13:56.530000
38299,26,360,12,1,2025-10-14 13:13:56.530000
38299,26,361,12,1,2025-10-14 13:13:56.530000
38299,26,362,12,1,2025-10-14 13:13:56.530000
38299,26,363,12,1,2025-10-14 13:13:56.530000
38299,26,364,12,1,2025-10-14 13:13:56.530000
38299,26,365,12,1,2025-10-14 13:13:56.530000
38299,26,366,12,1,2025-10-14 13:13:56.530000
38299,26,367,12,1,2025-10-14 13:13:56.530000
38303,13,228,9,2,2026-03-10 20:56:34.133000
38303,13,238,9,2,2026-03-10 20:56:34.133000
38303,13,239,8,1,2026-03-10 20:56:34.133000
38303,13,240,8,1,2026-03-10 20:56:34.133000
38307,14,228,9,2,2026-02-27 19:10:22.977000
38307,14,238,9,2,2026-02-27 19:10:22.977000
38307,14,239,8,1,2026-02-27 19:10:22.977000
38307,14,240,8,1,2026-02-27 19:10:22.977000
38310,11,340,12,1,2025-10-16 14:17:45.573000
38310,11,341,12,1,2025-10-16 14:17:45.573000
38310,11,342,12,1,2025-10-16 14:17:45.573000
38310,11,343,12,1,2025-10-16 14:17:45.573000
38310,11,344,12,1,2025-10-16 14:17:45.573000
38310,11,345,12,1,2025-10-16 14:17:45.573000
38310,11,346,12,1,2025-10-16 14:17:45.573000
38310,11,347,12,1,2025-10-16 14:17:45.573000
38310,11,348,12,1,2025-10-16 14:17:45.573000
38310,11,349,12,1,2025-10-16 14:17:45.573000
38310,11,350,12,1,2025-10-16 14:17:45.573000
38310,11,351,12,1,2025-10-16 14:17:45.573000
38310,11,352,12,1,2025-10-16 14:17:45.573000
38310,11,353,12,1,2025-10-16 14:17:45.573000
38310,11,354,12,1,2025-10-16 14:17:45.573000
38310,11,355,12,1,2025-10-16 14:17:45.573000
38310,11,356,12,1,2025-10-16 14:17:45.573000
38310,11,357,12,1,2025-10-16 14:17:45.573000
38310,11,358,12,1,2025-10-16 14:17:45.573000
38310,11,359,12,1,2025-10-16 14:17:45.573000
38310,11,360,12,1,2025-10-16 14:17:45.573000
38310,11,361,12,1,2025-10-16 14:17:45.573000
38310,11,362,12,1,2025-10-16 14:17:45.573000
38310,11,363,12,1,2025-10-16 14:17:45.573000
38310,11,364,12,1,2025-10-16 14:17:45.573000
38310,11,365,12,1,2025-10-16 14:17:45.573000
38310,11,366,12,1,2025-10-16 14:17:45.573000
38310,11,367,12,1,2025-10-16 14:17:45.573000
38327,10,340,12,1,2026-01-26 13:28:22.057000
38327,10,341,12,1,2026-01-26 13:28:22.057000
38327,10,342,12,1,2026-01-26 13:28:22.057000
38327,10,343,12,1,2026-01-26 13:28:22.057000
38327,10,344,12,1,2026-01-26 13:28:22.057000
38327,10,345,12,1,2026-01-26 13:28:22.057000
38327,10,346,12,1,2026-01-26 13:28:22.057000
38327,10,347,12,1,2026-01-26 13:28:22.057000
38327,10,348,12,1,2026-01-26 13:28:22.057000
38327,10,349,12,1,2026-01-26 13:28:22.057000
38327,10,350,12,1,2026-01-26 13:28:22.057000
38327,10,351,12,1,2026-01-26 13:28:22.057000
38327,10,352,12,1,2026-01-26 13:28:22.057000
38327,10,353,12,1,2026-01-26 13:28:22.057000
38327,10,354,12,1,2026-01-26 13:28:22.057000
38327,10,355,12,1,2026-01-26 13:28:22.057000
38327,10,356,12,1,2026-01-26 13:28:22.057000
38327,10,357,12,1,2026-01-26 13:28:22.057000
38327,10,358,12,1,2026-01-26 13:28:22.057000
38327,10,359,12,1,2026-01-26 13:28:22.057000
38327,10,360,12,1,2026-01-26 13:28:22.057000
38327,10,361,12,1,2026-01-26 13:28:22.057000
38327,10,362,12,1,2026-01-26 13:28:22.057000
38327,10,363,12,1,2026-01-26 13:28:22.057000
38327,10,364,12,1,2026-01-26 13:28:22.057000
38327,10,365,12,1,2026-01-26 13:28:22.057000
38327,10,366,12,1,2026-01-26 13:28:22.057000
38327,10,367,12,1,2026-01-26 13:28:22.057000
38331,25,340,12,1,2026-01-12 13:38:59.213000
38331,25,341,12,1,2026-01-12 13:38:59.213000
38331,25,342,12,1,2026-01-12 13:38:59.213000
38331,25,343,12,1,2026-01-12 13:38:59.213000
38331,25,344,12,1,2026-01-12 13:38:59.213000
38331,25,345,12,1,2026-01-12 13:38:59.213000
38331,25,346,12,1,2026-01-12 13:38:59.213000
38331,25,347,12,1,2026-01-12 13:38:59.213000
38331,25,348,12,1,2026-01-12 13:38:59.213000
38331,25,349,12,1,2026-01-12 13:38:59.213000
38331,25,350,12,1,2026-01-12 13:38:59.213000
38331,25,351,12,1,2026-01-12 13:38:59.213000
38331,25,352,12,1,2026-01-12 13:38:59.213000
38331,25,353,12,1,2026-01-12 13:38:59.213000
38331,25,354,12,1,2026-01-12 13:38:59.213000
38331,25,355,12,1,2026-01-12 13:38:59.213000
38331,25,356,12,1,2026-01-12 13:38:59.213000
38331,25,357,12,1,2026-01-12 13:38:59.213000
38331,25,358,12,1,2026-01-12 13:38:59.213000
38331,25,359,12,1,2026-01-12 13:38:59.213000
38331,25,360,12,1,2026-01-12 13:38:59.213000
38331,25,361,12,1,2026-01-12 13:38:59.213000
38331,25,362,12,1,2026-01-12 13:38:59.213000
38331,25,363,12,1,2026-01-12 13:38:59.213000
38331,25,364,12,1,2026-01-12 13:38:59.213000
38331,25,365,12,1,2026-01-12 13:38:59.213000
38331,25,366,12,1,2026-01-12 13:38:59.213000
38331,25,367,12,1,2026-01-12 13:38:59.213000
38335,16,340,12,1,2026-02-23 13:19:28.227000
38335,16,341,12,1,2026-02-23 13:19:28.227000
38335,16,342,12,1,2026-02-23 13:19:28.227000
38335,16,343,12,1,2026-02-23 13:19:28.227000
38335,16,344,12,1,2026-02-23 13:19:28.227000
38335,16,345,12,1,2026-02-23 13:19:28.227000
38335,16,346,12,1,2026-02-23 13:19:28.227000
38335,16,347,12,1,2026-02-23 13:19:28.227000
38335,16,348,12,1,2026-02-23 13:19:28.227000
38335,16,349,12,1,2026-02-23 13:19:28.227000
38335,16,350,12,1,2026-02-23 13:19:28.227000
38335,16,351,12,1,2026-02-23 13:19:28.227000
38335,16,352,12,1,2026-02-23 13:19:28.227000
38335,16,353,12,1,2026-02-23 13:19:28.227000
38335,16,354,12,1,2026-02-23 13:19:28.227000
38335,16,355,12,1,2026-02-23 13:19:28.227000
38335,16,356,12,1,2026-02-23 13:19:28.227000
38335,16,357,12,1,2026-02-23 13:19:28.227000
38335,16,358,12,1,2026-02-23 13:19:28.227000
38335,16,359,12,1,2026-02-23 13:19:28.227000
38335,16,360,12,1,2026-02-23 13:19:28.227000
38335,16,361,12,1,2026-02-23 13:19:28.227000
38335,16,362,12,1,2026-02-23 13:19:28.227000
38335,16,363,12,1,2026-02-23 13:19:28.227000
38335,16,364,12,1,2026-02-23 13:19:28.227000
38335,16,365,12,1,2026-02-23 13:19:28.227000
38335,16,366,12,1,2026-02-23 13:19:28.227000
38335,16,367,12,1,2026-02-23 13:19:28.227000
38339,17,340,12,1,2026-01-26 13:28:22.320000
38339,17,341,12,1,2026-01-26 13:28:22.320000
38339,17,342,12,1,2026-01-26 13:28:22.320000
38339,17,343,12,1,2026-01-26 13:28:22.320000
38339,17,344,12,1,2026-01-26 13:28:22.320000
38339,17,345,12,1,2026-01-26 13:28:22.320000
38339,17,346,12,1,2026-01-26 13:28:22.320000
38339,17,347,12,1,2026-01-26 13:28:22.320000
38339,17,348,12,1,2026-01-26 13:28:22.320000
38339,17,349,12,1,2026-01-26 13:28:22.320000
38339,17,350,12,1,2026-01-26 13:28:22.320000
38339,17,351,12,1,2026-01-26 13:28:22.320000
38339,17,352,12,1,2026-01-26 13:28:22.320000
38339,17,353,12,1,2026-01-26 13:28:22.320000
38339,17,354,12,1,2026-01-26 13:28:22.320000
38339,17,355,12,1,2026-01-26 13:28:22.320000
38339,17,356,12,1,2026-01-26 13:28:22.320000
38339,17,357,12,1,2026-01-26 13:28:22.320000
38339,17,358,12,1,2026-01-26 13:28:22.320000
38339,17,359,12,1,2026-01-26 13:28:22.320000
38339,17,360,12,1,2026-01-26 13:28:22.320000
38339,17,361,12,1,2026-01-26 13:28:22.320000
38339,17,362,12,1,2026-01-26 13:28:22.320000
38339,17,363,12,1,2026-01-26 13:28:22.320000
38339,17,364,12,1,2026-01-26 13:28:22.320000
38339,17,365,12,1,2026-01-26 13:28:22.320000
38339,17,366,12,1,2026-01-26 13:28:22.320000
38339,17,367,12,1,2026-01-26 13:28:22.320000
38351,9,340,12,1,2026-01-26 13:28:22.400000
38351,9,341,12,1,2026-01-26 13:28:22.400000
38351,9,342,12,1,2026-01-26 13:28:22.400000
38351,9,343,12,1,2026-01-26 13:28:22.400000
38351,9,344,12,1,2026-01-26 13:28:22.400000
38351,9,345,12,1,2026-01-26 13:28:22.400000
38351,9,346,12,1,2026-01-26 13:28:22.400000
38351,9,347,12,1,2026-01-26 13:28:22.400000
38351,9,348,12,1,2026-01-26 13:28:22.400000
38351,9,349,12,1,2026-01-26 13:28:22.400000
38351,9,350,12,1,2026-01-26 13:28:22.400000
38351,9,351,12,1,2026-01-26 13:28:22.400000
38351,9,352,12,1,2026-01-26 13:28:22.400000
38351,9,353,12,1,2026-01-26 13:28:22.400000
38351,9,354,12,1,2026-01-26 13:28:22.400000
38351,9,355,12,1,2026-01-26 13:28:22.400000
38351,9,356,12,1,2026-01-26 13:28:22.400000
38351,9,357,12,1,2026-01-26 13:28:22.400000
38351,9,358,12,1,2026-01-26 13:28:22.400000
38351,9,359,12,1,2026-01-26 13:28:22.400000
38351,9,360,12,1,2026-01-26 13:28:22.400000
38351,9,361,12,1,2026-01-26 13:28:22.400000
38351,9,362,12,1,2026-01-26 13:28:22.400000
38351,9,363,12,1,2026-01-26 13:28:22.400000
38351,9,364,12,1,2026-01-26 13:28:22.400000
38351,9,365,12,1,2026-01-26 13:28:22.400000
38351,9,366,12,1,2026-01-26 13:28:22.400000
38351,9,367,12,1,2026-01-26 13:28:22.400000
38367,32,500,8,1,2026-07-14 20:41:55.580000
38367,32,501,8,1,2026-07-14 20:41:55.580000
38367,32,502,8,1,2026-07-14 20:41:55.580000
38367,32,504,9,1,2026-07-14 20:41:55.580000
38367,32,505,9,1,2026-07-14 20:41:55.580000
38367,32,506,9,1,2026-07-14 20:41:55.580000
38367,32,507,13,1,2026-07-14 20:41:55.580000
38367,32,508,13,1,2026-07-14 20:41:55.580000
38367,32,509,13,1,2026-07-14 20:41:55.580000
38367,32,510,13,1,2026-07-14 20:41:55.580000
38367,32,511,13,1,2026-07-14 20:41:55.580000
38367,32,512,13,1,2026-07-14 20:41:55.580000
38367,32,513,13,1,2026-07-14 20:41:55.580000
38367,32,514,13,1,2026-07-14 20:41:55.580000
38367,32,515,13,1,2026-07-14 20:41:55.580000
38367,32,516,13,1,2026-07-14 20:41:55.580000
38367,32,517,13,1,2026-07-14 20:41:55.580000
38367,32,519,13,1,2026-07-14 20:41:55.580000
38367,32,520,13,1,2026-07-14 20:41:55.580000
38367,32,521,13,1,2026-07-14 20:41:55.580000
38367,32,522,13,1,2026-07-14 20:41:55.580000
38367,32,523,13,1,2026-07-14 20:41:55.580000
38371,13,500,8,1,2026-07-14 20:41:56.467000
38371,13,501,8,1,2026-07-14 20:41:56.467000
38371,13,502,8,1,2026-07-14 20:41:56.467000
38371,13,504,9,1,2026-07-14 20:41:56.467000
38371,13,505,9,1,2026-07-14 20:41:56.467000
38371,13,506,9,1,2026-07-14 20:41:56.467000
38371,13,507,13,1,2026-07-14 20:41:56.467000
38371,13,508,13,1,2026-07-14 20:41:56.467000
38371,13,509,13,1,2026-07-14 20:41:56.467000
38371,13,510,13,1,2026-07-14 20:41:56.467000
38371,13,511,13,1,2026-07-14 20:41:56.467000
38371,13,512,13,1,2026-07-14 20:41:56.467000
38371,13,513,13,1,2026-07-14 20:41:56.467000
38371,13,514,13,1,2026-07-14 20:41:56.467000
38371,13,515,13,1,2026-07-14 20:41:56.467000
38371,13,516,13,1,2026-07-14 20:41:56.467000
38371,13,517,13,1,2026-07-14 20:41:56.467000
38371,13,519,13,1,2026-07-14 20:41:56.467000
38371,13,520,13,1,2026-07-14 20:41:56.467000
38371,13,521,13,1,2026-07-14 20:41:56.467000
38371,13,522,13,1,2026-07-14 20:41:56.467000
38371,13,523,13,1,2026-07-14 20:41:56.467000
38378,26,228,9,2,2026-03-25 16:54:53.967000
38378,26,238,9,2,2026-03-25 16:54:53.967000
38378,26,239,8,1,2026-03-25 16:54:53.967000
38378,26,240,8,1,2026-03-25 16:54:53.967000
38385,40,314,12,1,2020-01-24 14:49:44.123000
38385,40,315,12,1,2020-01-24 14:49:44.123000
38385,40,316,12,1,2020-01-24 14:49:44.123000
38385,40,317,12,1,2020-01-24 14:49:44.123000
38385,40,318,12,1,2020-01-24 14:49:44.123000
38385,40,319,12,1,2020-01-24 14:49:44.123000
38385,40,320,12,1,2020-01-24 14:49:44.123000
38385,40,321,12,1,2020-01-24 14:49:44.123000
38385,40,322,12,1,2020-01-24 14:49:44.123000
38385,40,323,12,1,2020-01-24 14:49:44.123000
38385,40,324,12,1,2020-01-24 14:49:44.123000
38385,40,325,12,1,2020-01-24 14:49:44.123000
38385,40,326,12,1,2020-01-24 14:49:44.123000
38385,40,327,12,1,2020-01-24 14:49:44.123000
38385,40,328,12,1,2020-01-24 14:49:44.123000
38385,40,329,12,1,2020-01-24 14:49:44.123000
38385,40,330,12,1,2020-01-24 14:49:44.123000
38385,40,331,12,1,2020-01-24 14:49:44.123000
38385,40,332,12,1,2020-01-24 14:49:44.123000
38385,40,333,12,1,2020-01-24 14:49:44.123000
38385,40,334,12,1,2020-01-24 14:49:44.123000
38385,40,335,12,1,2020-01-24 14:49:44.123000
38385,40,336,12,1,2020-01-24 14:49:44.123000
38385,40,337,12,1,2020-01-24 14:49:44.123000
38385,40,338,12,1,2020-01-24 14:49:44.123000
38385,40,339,12,1,2020-01-24 14:49:44.123000
38387,8,500,8,1,2026-07-14 20:41:55.897000
38387,8,501,8,1,2026-07-14 20:41:55.897000
38387,8,502,8,1,2026-07-14 20:41:55.897000
38387,8,504,9,1,2026-07-14 20:41:55.897000
38387,8,505,9,1,2026-07-14 20:41:55.897000
38387,8,506,9,1,2026-07-14 20:41:55.897000
38387,8,507,13,1,2026-07-14 20:41:55.897000
38387,8,508,13,1,2026-07-14 20:41:55.897000
38387,8,509,13,1,2026-07-14 20:41:55.897000
38387,8,510,13,1,2026-07-14 20:41:55.897000
38387,8,511,13,1,2026-07-14 20:41:55.897000
38387,8,512,13,1,2026-07-14 20:41:55.897000
38387,8,513,13,1,2026-07-14 20:41:55.897000
38387,8,514,13,1,2026-07-14 20:41:55.897000
38387,8,515,13,1,2026-07-14 20:41:55.897000
38387,8,516,13,1,2026-07-14 20:41:55.897000
38387,8,517,13,1,2026-07-14 20:41:55.897000
38387,8,519,13,1,2026-07-14 20:41:55.897000
38387,8,520,13,1,2026-07-14 20:41:55.897000
38387,8,521,13,1,2026-07-14 20:41:55.897000
38387,8,522,13,1,2026-07-14 20:41:55.897000
38387,8,523,13,1,2026-07-14 20:41:55.897000
38394,13,228,9,2,2025-10-16 18:03:54.517000
38394,13,238,9,2,2025-10-16 18:03:54.517000
38394,13,239,8,1,2025-10-16 18:03:54.517000
38394,13,240,8,1,2025-10-16 18:03:54.517000
38396,25,368,12,1,2025-03-14 11:34:05.687000
38396,25,369,12,1,2025-03-14 11:34:05.687000
38396,25,370,12,1,2025-03-14 11:34:05.687000
38396,25,371,12,1,2025-03-14 11:34:05.687000
38396,25,372,12,1,2025-03-14 11:34:05.687000
38398,6,368,12,1,2020-01-25 00:16:34.213000
38398,6,369,12,1,2020-01-25 00:16:34.213000
38398,6,370,12,1,2020-01-25 00:16:34.213000
38398,6,371,12,1,2020-01-25 00:16:34.213000
38398,6,372,12,1,2020-01-25 00:16:34.213000
38429,9,143,8,1,2024-04-16 13:55:50.867000
38429,9,144,8,1,2024-04-16 13:55:50.867000
38429,9,145,8,1,2024-04-16 13:55:50.867000
38429,9,146,8,1,2024-04-16 13:55:50.867000
38429,9,147,9,1,2024-04-16 13:55:50.867000
38429,9,148,9,1,2024-04-16 13:55:50.867000
38429,9,149,9,1,2024-04-16 13:55:50.867000
38429,9,151,9,1,2024-04-16 13:55:50.867000
38429,9,264,8,1,2024-04-16 13:55:50.867000
38429,9,265,9,1,2024-04-16 13:55:50.867000
38429,9,266,8,1,2024-04-16 13:55:50.867000
38429,9,267,9,1,2024-04-16 13:55:50.867000
38429,9,268,8,1,2024-04-16 13:55:50.867000
38433,9,143,8,1,2025-06-16 18:28:30.983000
38433,9,144,8,1,2025-06-16 18:28:30.983000
38433,9,145,8,1,2025-06-16 18:28:30.983000
38433,9,146,8,1,2025-06-16 18:28:30.983000
38433,9,147,9,1,2025-06-16 18:28:30.983000
38433,9,148,9,1,2025-06-16 18:28:30.983000
38433,9,149,9,1,2025-06-16 18:28:30.983000
38433,9,151,9,1,2025-06-16 18:28:30.983000
38433,9,264,8,1,2025-06-16 18:28:30.983000
38433,9,265,9,1,2025-06-16 18:28:30.983000
38433,9,266,8,1,2025-06-16 18:28:30.983000
38433,9,267,9,1,2025-06-16 18:28:30.983000
38433,9,268,8,1,2025-06-16 18:28:30.983000
38435,15,143,8,1,2025-09-26 20:09:30.400000
38435,15,144,8,1,2025-09-26 20:09:30.400000
38435,15,145,8,1,2025-09-26 20:09:30.400000
38435,15,146,8,1,2025-09-26 20:09:30.400000
38435,15,147,9,1,2025-09-26 20:09:30.400000
38435,15,148,9,1,2025-09-26 20:09:30.400000
38435,15,149,9,1,2025-09-26 20:09:30.400000
38435,15,151,9,1,2025-09-26 20:09:30.400000
38435,15,264,8,1,2025-09-26 20:09:30.400000
38435,15,265,9,1,2025-09-26 20:09:30.400000
38435,15,266,8,1,2025-09-26 20:09:30.400000
38435,15,267,9,1,2025-09-26 20:09:30.400000
38435,15,268,8,1,2025-09-26 20:09:30.400000
38441,15,143,8,1,2024-10-21 17:41:45.183000
38441,15,144,8,1,2024-10-21 17:41:45.183000
38441,15,145,8,1,2024-10-21 17:41:45.183000
38441,15,146,8,1,2024-10-21 17:41:45.183000
38441,15,147,9,1,2024-10-21 17:41:45.183000
38441,15,148,9,1,2024-10-21 17:41:45.183000
38441,15,149,9,1,2024-10-21 17:41:45.183000
38441,15,151,9,1,2024-10-21 17:41:45.183000
38441,15,264,8,1,2024-10-21 17:41:45.183000
38441,15,265,9,1,2024-10-21 17:41:45.183000
38441,15,266,8,1,2024-10-21 17:41:45.183000
38441,15,267,9,1,2024-10-21 17:41:45.183000
38441,15,268,8,1,2024-10-21 17:41:45.183000
38443,11,143,8,1,2025-06-16 18:52:11.267000
38443,11,144,8,1,2025-06-16 18:52:11.267000
38443,11,145,8,1,2025-06-16 18:52:11.267000
38443,11,146,8,1,2025-06-16 18:52:11.267000
38443,11,147,9,1,2025-06-16 18:52:11.267000
38443,11,148,9,1,2025-06-16 18:52:11.267000
38443,11,149,9,1,2025-06-16 18:52:11.267000
38443,11,151,9,1,2025-06-16 18:52:11.267000
38443,11,264,8,1,2025-06-16 18:52:11.267000
38443,11,265,9,1,2025-06-16 18:52:11.267000
38443,11,266,8,1,2025-06-16 18:52:11.267000
38443,11,267,9,1,2025-06-16 18:52:11.267000
38443,11,268,8,1,2025-06-16 18:52:11.267000
38495,7,314,12,1,2020-05-21 17:41:24.693000
38495,7,315,12,1,2020-05-21 17:41:24.693000
38495,7,316,12,1,2020-05-21 17:41:24.693000
38495,7,317,12,1,2020-05-21 17:41:24.693000
38495,7,318,12,1,2020-05-21 17:41:24.693000
38495,7,319,12,1,2020-05-21 17:41:24.693000
38495,7,320,12,1,2020-05-21 17:41:24.693000
38495,7,321,12,1,2020-05-21 17:41:24.693000
38495,7,322,12,1,2020-05-21 17:41:24.693000
38495,7,323,12,1,2020-05-21 17:41:24.693000
38495,7,324,12,1,2020-05-21 17:41:24.693000
38495,7,325,12,1,2020-05-21 17:41:24.693000
38495,7,326,12,1,2020-05-21 17:41:24.693000
38495,7,327,12,1,2020-05-21 17:41:24.693000
38495,7,328,12,1,2020-05-21 17:41:24.693000
38495,7,329,12,1,2020-05-21 17:41:24.693000
38495,7,330,12,1,2020-05-21 17:41:24.693000
38495,7,331,12,1,2020-05-21 17:41:24.693000
38495,7,332,12,1,2020-05-21 17:41:24.693000
38495,7,333,12,1,2020-05-21 17:41:24.693000
38495,7,334,12,1,2020-05-21 17:41:24.693000
38495,7,335,12,1,2020-05-21 17:41:24.693000
38495,7,336,12,1,2020-05-21 17:41:24.693000
38495,7,337,12,1,2020-05-21 17:41:24.693000
38495,7,338,12,1,2020-05-21 17:41:24.693000
38495,7,339,12,1,2020-05-21 17:41:24.693000
38506,3,368,12,1,2020-05-22 13:08:46.650000
38506,3,369,12,1,2020-05-22 13:08:46.650000
38506,3,370,12,1,2020-05-22 13:08:46.650000
38506,3,371,12,1,2020-05-22 13:08:46.650000
38506,3,372,12,1,2020-05-22 13:08:46.650000
38528,9,143,8,1,2026-03-20 12:54:11.157000
38528,9,144,8,1,2026-03-20 12:54:11.157000
38528,9,145,8,1,2026-03-20 12:54:11.157000
38528,9,146,8,1,2026-03-20 12:54:11.157000
38528,9,147,9,1,2026-03-20 12:54:11.157000
38528,9,148,9,1,2026-03-20 12:54:11.157000
38528,9,149,9,1,2026-03-20 12:54:11.157000
38528,9,151,9,1,2026-03-20 12:54:11.157000
38528,9,264,8,1,2026-03-20 12:54:11.157000
38528,9,265,9,1,2026-03-20 12:54:11.157000
38528,9,266,8,1,2026-03-20 12:54:11.157000
38528,9,267,9,1,2026-03-20 12:54:11.157000
38528,9,268,8,1,2026-03-20 12:54:11.157000
38549,17,374,13,1,2025-10-24 13:38:14.483000
38549,17,375,13,1,2025-10-24 13:38:14.483000
38549,17,376,13,1,2025-10-24 13:38:14.483000
38549,17,377,13,1,2025-10-24 13:38:14.483000
38549,17,378,13,1,2025-10-24 13:38:14.483000
38549,17,379,13,1,2025-10-24 13:38:14.483000
38549,17,380,13,1,2025-10-24 13:38:14.483000
38549,17,381,13,1,2025-10-24 13:38:14.483000
38549,17,391,12,1,2025-10-24 13:38:14.483000
38549,17,392,12,1,2025-10-24 13:38:14.483000
38549,17,393,12,1,2025-10-24 13:38:14.483000
38549,17,394,12,1,2025-10-24 13:38:14.483000
38549,17,395,12,1,2025-10-24 13:38:14.483000
38549,17,396,12,1,2025-10-24 13:38:14.483000
38551,14,374,13,1,2024-12-13 15:32:20.857000
38551,14,375,13,1,2024-12-13 15:32:20.857000
38551,14,376,13,1,2024-12-13 15:32:20.857000
38551,14,377,13,1,2024-12-13 15:32:20.857000
38551,14,378,13,1,2024-12-13 15:32:20.857000
38551,14,379,13,1,2024-12-13 15:32:20.857000
38551,14,380,13,1,2024-12-13 15:32:20.857000
38551,14,381,13,1,2024-12-13 15:32:20.857000
38551,14,391,12,1,2024-12-13 15:32:20.857000
38551,14,392,12,1,2024-12-13 15:32:20.857000
38551,14,393,12,1,2024-12-13 15:32:20.857000
38551,14,394,12,1,2024-12-13 15:32:20.857000
38551,14,395,12,1,2024-12-13 15:32:20.857000
38551,14,396,12,1,2024-12-13 15:32:20.857000
38566,11,374,13,1,2025-06-24 16:20:27.960000
38566,11,375,13,1,2025-06-24 16:20:27.960000
38566,11,376,13,1,2025-06-24 16:20:27.960000
38566,11,377,13,1,2025-06-24 16:20:27.960000
38566,11,378,13,1,2025-06-24 16:20:27.960000
38566,11,379,13,1,2025-06-24 16:20:27.960000
38566,11,380,13,1,2025-06-24 16:20:27.960000
38566,11,381,13,1,2025-06-24 16:20:27.960000
38566,11,391,12,1,2025-06-24 16:20:27.960000
38566,11,392,12,1,2025-06-24 16:20:27.960000
38566,11,393,12,1,2025-06-24 16:20:27.960000
38566,11,394,12,1,2025-06-24 16:20:27.960000
38566,11,395,12,1,2025-06-24 16:20:27.960000
38566,11,396,12,1,2025-06-24 16:20:27.960000
38568,10,374,13,1,2025-06-30 16:17:13.993000
38568,10,375,13,1,2025-06-30 16:17:13.993000
38568,10,376,13,1,2025-06-30 16:17:13.993000
38568,10,377,13,1,2025-06-30 16:17:13.993000
38568,10,378,13,1,2025-06-30 16:17:13.993000
38568,10,379,13,1,2025-06-30 16:17:13.993000
38568,10,380,13,1,2025-06-30 16:17:13.993000
38568,10,381,13,1,2025-06-30 16:17:13.993000
38568,10,391,12,1,2025-06-30 16:17:13.993000
38568,10,392,12,1,2025-06-30 16:17:13.993000
38568,10,393,12,1,2025-06-30 16:17:13.993000
38568,10,394,12,1,2025-06-30 16:17:13.993000
38568,10,395,12,1,2025-06-30 16:17:13.993000
38568,10,396,12,1,2025-06-30 16:17:13.993000
38571,9,500,8,1,2026-07-14 20:41:55.130000
38571,9,501,8,1,2026-07-14 20:41:55.130000
38571,9,502,8,1,2026-07-14 20:41:55.130000
38571,9,504,9,1,2026-07-14 20:41:55.130000
38571,9,505,9,1,2026-07-14 20:41:55.130000
38571,9,506,9,1,2026-07-14 20:41:55.130000
38571,9,507,13,1,2026-07-14 20:41:55.130000
38571,9,508,13,1,2026-07-14 20:41:55.130000
38571,9,509,13,1,2026-07-14 20:41:55.130000
38571,9,510,13,1,2026-07-14 20:41:55.130000
38571,9,511,13,1,2026-07-14 20:41:55.130000
38571,9,512,13,1,2026-07-14 20:41:55.130000
38571,9,513,13,1,2026-07-14 20:41:55.130000
38571,9,514,13,1,2026-07-14 20:41:55.130000
38571,9,515,13,1,2026-07-14 20:41:55.130000
38571,9,516,13,1,2026-07-14 20:41:55.130000
38571,9,517,13,1,2026-07-14 20:41:55.130000
38571,9,519,13,1,2026-07-14 20:41:55.130000
38571,9,520,13,1,2026-07-14 20:41:55.130000
38571,9,521,13,1,2026-07-14 20:41:55.130000
38571,9,522,13,1,2026-07-14 20:41:55.130000
38571,9,523,13,1,2026-07-14 20:41:55.130000
38576,14,374,13,1,2026-04-07 14:21:45.193000
38576,14,375,13,1,2026-04-07 14:21:45.193000
38576,14,376,13,1,2026-04-07 14:21:45.193000
38576,14,377,13,1,2026-04-07 14:21:45.193000
38576,14,378,13,1,2026-04-07 14:21:45.193000
38576,14,379,13,1,2026-04-07 14:21:45.193000
38576,14,380,13,1,2026-04-07 14:21:45.193000
38576,14,381,13,1,2026-04-07 14:21:45.193000
38576,14,391,12,1,2026-04-07 14:21:45.193000
38576,14,392,12,1,2026-04-07 14:21:45.193000
38576,14,393,12,1,2026-04-07 14:21:45.193000
38576,14,394,12,1,2026-04-07 14:21:45.193000
38576,14,395,12,1,2026-04-07 14:21:45.193000
38576,14,396,12,1,2026-04-07 14:21:45.193000
38582,11,228,9,2,2026-06-08 12:29:47.300000
38582,11,238,9,2,2026-06-08 12:29:47.300000
38582,11,239,8,1,2026-06-08 12:29:47.300000
38582,11,240,8,1,2026-06-08 12:29:47.300000
38584,15,228,9,2,2026-04-06 13:45:36.333000
38584,15,238,9,2,2026-04-06 13:45:36.333000
38584,15,239,8,1,2026-04-06 13:45:36.333000
38584,15,240,8,1,2026-04-06 13:45:36.333000
38586,13,228,9,2,2026-05-11 17:01:50.147000
38586,13,238,9,2,2026-05-11 17:01:50.147000
38586,13,239,8,1,2026-05-11 17:01:50.147000
38586,13,240,8,1,2026-05-11 17:01:50.147000
38613,16,340,12,1,2026-02-23 13:19:28.420000
38613,16,341,12,1,2026-02-23 13:19:28.420000
38613,16,342,12,1,2026-02-23 13:19:28.420000
38613,16,343,12,1,2026-02-23 13:19:28.420000
38613,16,344,12,1,2026-02-23 13:19:28.420000
38613,16,345,12,1,2026-02-23 13:19:28.420000
38613,16,346,12,1,2026-02-23 13:19:28.420000
38613,16,347,12,1,2026-02-23 13:19:28.420000
38613,16,348,12,1,2026-02-23 13:19:28.420000
38613,16,349,12,1,2026-02-23 13:19:28.420000
38613,16,350,12,1,2026-02-23 13:19:28.420000
38613,16,351,12,1,2026-02-23 13:19:28.420000
38613,16,352,12,1,2026-02-23 13:19:28.420000
38613,16,353,12,1,2026-02-23 13:19:28.420000
38613,16,354,12,1,2026-02-23 13:19:28.420000
38613,16,355,12,1,2026-02-23 13:19:28.420000
38613,16,356,12,1,2026-02-23 13:19:28.420000
38613,16,357,12,1,2026-02-23 13:19:28.420000
38613,16,358,12,1,2026-02-23 13:19:28.420000
38613,16,359,12,1,2026-02-23 13:19:28.420000
38613,16,360,12,1,2026-02-23 13:19:28.420000
38613,16,361,12,1,2026-02-23 13:19:28.420000
38613,16,362,12,1,2026-02-23 13:19:28.420000
38613,16,363,12,1,2026-02-23 13:19:28.420000
38613,16,364,12,1,2026-02-23 13:19:28.420000
38613,16,365,12,1,2026-02-23 13:19:28.420000
38613,16,366,12,1,2026-02-23 13:19:28.420000
38613,16,367,12,1,2026-02-23 13:19:28.420000
38617,31,314,12,1,2024-06-21 15:41:00.637000
38617,31,315,12,1,2024-06-21 15:41:00.637000
38617,31,316,12,1,2024-06-21 15:41:00.637000
38617,31,317,12,1,2024-06-21 15:41:00.637000
38617,31,318,12,1,2024-06-21 15:41:00.637000
38617,31,319,12,1,2024-06-21 15:41:00.637000
38617,31,320,12,1,2024-06-21 15:41:00.637000
38617,31,321,12,1,2024-06-21 15:41:00.637000
38617,31,322,12,1,2024-06-21 15:41:00.637000
38617,31,323,12,1,2024-06-21 15:41:00.637000
38617,31,324,12,1,2024-06-21 15:41:00.637000
38617,31,325,12,1,2024-06-21 15:41:00.637000
38617,31,326,12,1,2024-06-21 15:41:00.637000
38617,31,327,12,1,2024-06-21 15:41:00.637000
38617,31,328,12,1,2024-06-21 15:41:00.637000
38617,31,329,12,1,2024-06-21 15:41:00.637000
38617,31,330,12,1,2024-06-21 15:41:00.637000
38617,31,331,12,1,2024-06-21 15:41:00.637000
38617,31,332,12,1,2024-06-21 15:41:00.637000
38617,31,333,12,1,2024-06-21 15:41:00.637000
38617,31,334,12,1,2024-06-21 15:41:00.637000
38617,31,335,12,1,2024-06-21 15:41:00.637000
38617,31,336,12,1,2024-06-21 15:41:00.637000
38617,31,337,12,1,2024-06-21 15:41:00.637000
38617,31,338,12,1,2024-06-21 15:41:00.637000
38617,31,339,12,1,2024-06-21 15:41:00.637000
38623,21,500,8,1,2026-07-14 20:41:55.960000
38623,21,501,8,1,2026-07-14 20:41:55.960000
38623,21,502,8,1,2026-07-14 20:41:55.960000
38623,21,504,9,1,2026-07-14 20:41:55.960000
38623,21,505,9,1,2026-07-14 20:41:55.960000
38623,21,506,9,1,2026-07-14 20:41:55.960000
38623,21,507,13,1,2026-07-14 20:41:55.960000
38623,21,508,13,1,2026-07-14 20:41:55.960000
38623,21,509,13,1,2026-07-14 20:41:55.960000
38623,21,510,13,1,2026-07-14 20:41:55.960000
38623,21,511,13,1,2026-07-14 20:41:55.960000
38623,21,512,13,1,2026-07-14 20:41:55.960000
38623,21,513,13,1,2026-07-14 20:41:55.960000
38623,21,514,13,1,2026-07-14 20:41:55.960000
38623,21,515,13,1,2026-07-14 20:41:55.960000
38623,21,516,13,1,2026-07-14 20:41:55.960000
38623,21,517,13,1,2026-07-14 20:41:55.960000
38623,21,519,13,1,2026-07-14 20:41:55.960000
38623,21,520,13,1,2026-07-14 20:41:55.960000
38623,21,521,13,1,2026-07-14 20:41:55.960000
38623,21,522,13,1,2026-07-14 20:41:55.960000
38623,21,523,13,1,2026-07-14 20:41:55.960000
38629,5,360,12,1,2025-07-03 13:10:46.730000
38629,5,361,12,1,2025-07-03 13:10:46.730000
38629,5,362,12,1,2025-07-03 13:10:46.730000
38629,5,363,12,1,2025-07-03 13:10:46.730000
38629,5,364,12,1,2025-07-03 13:10:46.730000
38629,5,365,12,1,2025-07-03 13:10:46.730000
38629,5,366,12,1,2025-07-03 13:10:46.730000
38629,5,367,12,1,2025-07-03 13:10:46.730000
38643,8,340,12,1,2026-01-26 13:28:21.787000
38643,8,341,12,1,2026-01-26 13:28:21.787000
38643,8,342,12,1,2026-01-26 13:28:21.787000
38643,8,343,12,1,2026-01-26 13:28:21.787000
38643,8,344,12,1,2026-01-26 13:28:21.787000
38643,8,345,12,1,2026-01-26 13:28:21.787000
38643,8,346,12,1,2026-01-26 13:28:21.787000
38643,8,347,12,1,2026-01-26 13:28:21.787000
38643,8,348,12,1,2026-01-26 13:28:21.787000
38643,8,349,12,1,2026-01-26 13:28:21.787000
38643,8,350,12,1,2026-01-26 13:28:21.787000
38643,8,351,12,1,2026-01-26 13:28:21.787000
38643,8,352,12,1,2026-01-26 13:28:21.787000
38643,8,353,12,1,2026-01-26 13:28:21.787000
38643,8,354,12,1,2026-01-26 13:28:21.787000
38643,8,355,12,1,2026-01-26 13:28:21.787000
38643,8,356,12,1,2026-01-26 13:28:21.787000
38643,8,357,12,1,2026-01-26 13:28:21.787000
38643,8,358,12,1,2026-01-26 13:28:21.787000
38643,8,359,12,1,2026-01-26 13:28:21.787000
38643,8,360,12,1,2026-01-26 13:28:21.787000
38643,8,361,12,1,2026-01-26 13:28:21.787000
38643,8,362,12,1,2026-01-26 13:28:21.787000
38643,8,363,12,1,2026-01-26 13:28:21.787000
38643,8,364,12,1,2026-01-26 13:28:21.787000
38643,8,365,12,1,2026-01-26 13:28:21.787000
38643,8,366,12,1,2026-01-26 13:28:21.787000
38643,8,367,12,1,2026-01-26 13:28:21.787000
38647,14,340,12,1,2026-04-07 14:58:48.427000
38647,14,341,12,1,2026-04-07 14:58:48.427000
38647,14,342,12,1,2026-04-07 14:58:48.427000
38647,14,343,12,1,2026-04-07 14:58:48.427000
38647,14,344,12,1,2026-04-07 14:58:48.427000
38647,14,345,12,1,2026-04-07 14:58:48.427000
38647,14,346,12,1,2026-04-07 14:58:48.427000
38647,14,347,12,1,2026-04-07 14:58:48.427000
38647,14,348,12,1,2026-04-07 14:58:48.427000
38647,14,349,12,1,2026-04-07 14:58:48.427000
38647,14,350,12,1,2026-04-07 14:58:48.427000
38647,14,351,12,1,2026-04-07 14:58:48.427000
38647,14,352,12,1,2026-04-07 14:58:48.427000
38647,14,353,12,1,2026-04-07 14:58:48.427000
38647,14,354,12,1,2026-04-07 14:58:48.427000
38647,14,355,12,1,2026-04-07 14:58:48.427000
38647,14,356,12,1,2026-04-07 14:58:48.427000
38647,14,357,12,1,2026-04-07 14:58:48.427000
38647,14,358,12,1,2026-04-07 14:58:48.427000
38647,14,359,12,1,2026-04-07 14:58:48.427000
38647,14,360,12,1,2026-04-07 14:58:48.427000
38647,14,361,12,1,2026-04-07 14:58:48.427000
38647,14,362,12,1,2026-04-07 14:58:48.427000
38647,14,363,12,1,2026-04-07 14:58:48.427000
38647,14,364,12,1,2026-04-07 14:58:48.427000
38647,14,365,12,1,2026-04-07 14:58:48.427000
38647,14,366,12,1,2026-04-07 14:58:48.427000
38647,14,367,12,1,2026-04-07 14:58:48.427000
38657,21,340,12,1,2025-10-14 13:13:56.323000
38657,21,341,12,1,2025-10-14 13:13:56.323000
38657,21,342,12,1,2025-10-14 13:13:56.323000
38657,21,343,12,1,2025-10-14 13:13:56.323000
38657,21,344,12,1,2025-10-14 13:13:56.323000
38657,21,345,12,1,2025-10-14 13:13:56.323000
38657,21,346,12,1,2025-10-14 13:13:56.323000
38657,21,347,12,1,2025-10-14 13:13:56.323000
38657,21,348,12,1,2025-10-14 13:13:56.323000
38657,21,349,12,1,2025-10-14 13:13:56.323000
38657,21,350,12,1,2025-10-14 13:13:56.323000
38657,21,351,12,1,2025-10-14 13:13:56.323000
38657,21,352,12,1,2025-10-14 13:13:56.323000
38657,21,353,12,1,2025-10-14 13:13:56.323000
38657,21,354,12,1,2025-10-14 13:13:56.323000
38657,21,355,12,1,2025-10-14 13:13:56.323000
38657,21,356,12,1,2025-10-14 13:13:56.323000
38657,21,357,12,1,2025-10-14 13:13:56.323000
38657,21,358,12,1,2025-10-14 13:13:56.323000
38657,21,359,12,1,2025-10-14 13:13:56.323000
38657,21,360,12,1,2025-10-14 13:13:56.323000
38657,21,361,12,1,2025-10-14 13:13:56.323000
38657,21,362,12,1,2025-10-14 13:13:56.323000
38657,21,363,12,1,2025-10-14 13:13:56.323000
38657,21,364,12,1,2025-10-14 13:13:56.323000
38657,21,365,12,1,2025-10-14 13:13:56.323000
38657,21,366,12,1,2025-10-14 13:13:56.323000
38657,21,367,12,1,2025-10-14 13:13:56.323000
38662,18,228,9,2,2025-11-11 21:35:37.013000
38662,18,238,9,2,2025-11-11 21:35:37.013000
38662,18,239,8,1,2025-11-11 21:35:37.013000
38662,18,240,8,1,2025-11-11 21:35:37.013000
38664,26,368,12,1,2024-06-21 15:42:52.573000
38664,26,369,12,1,2024-06-21 15:42:52.573000
38664,26,370,12,1,2024-06-21 15:42:52.573000
38664,26,371,12,1,2024-06-21 15:42:52.573000
38664,26,372,12,1,2024-06-21 15:42:52.573000
38667,4,500,8,1,2026-07-14 20:41:55.200000
38667,4,501,8,1,2026-07-14 20:41:55.200000
38667,4,502,8,1,2026-07-14 20:41:55.200000
38667,4,504,9,1,2026-07-14 20:41:55.200000
38667,4,505,9,1,2026-07-14 20:41:55.200000
38667,4,506,9,1,2026-07-14 20:41:55.200000
38667,4,507,13,1,2026-07-14 20:41:55.200000
38667,4,508,13,1,2026-07-14 20:41:55.200000
38667,4,509,13,1,2026-07-14 20:41:55.200000
38667,4,510,13,1,2026-07-14 20:41:55.200000
38667,4,511,13,1,2026-07-14 20:41:55.200000
38667,4,512,13,1,2026-07-14 20:41:55.200000
38667,4,513,13,1,2026-07-14 20:41:55.200000
38667,4,514,13,1,2026-07-14 20:41:55.200000
38667,4,515,13,1,2026-07-14 20:41:55.200000
38667,4,516,13,1,2026-07-14 20:41:55.200000
38667,4,517,13,1,2026-07-14 20:41:55.200000
38667,4,519,13,1,2026-07-14 20:41:55.200000
38667,4,520,13,1,2026-07-14 20:41:55.200000
38667,4,521,13,1,2026-07-14 20:41:55.200000
38667,4,522,13,1,2026-07-14 20:41:55.200000
38667,4,523,13,1,2026-07-14 20:41:55.200000
38671,6,340,12,1,2025-07-03 13:11:25.390000
38671,6,341,12,1,2025-07-03 13:11:25.390000
38671,6,342,12,1,2025-07-03 13:11:25.390000
38671,6,343,12,1,2025-07-03 13:11:25.390000
38671,6,344,12,1,2025-07-03 13:11:25.390000
38671,6,345,12,1,2025-07-03 13:11:25.390000
38671,6,346,12,1,2025-07-03 13:11:25.390000
38671,6,347,12,1,2025-07-03 13:11:25.390000
38671,6,348,12,1,2025-07-03 13:11:25.390000
38671,6,349,12,1,2025-07-03 13:11:25.390000
38671,6,350,12,1,2025-07-03 13:11:25.390000
38671,6,351,12,1,2025-07-03 13:11:25.390000
38671,6,352,12,1,2025-07-03 13:11:25.390000
38671,6,353,12,1,2025-07-03 13:11:25.390000
38671,6,354,12,1,2025-07-03 13:11:25.390000
38671,6,355,12,1,2025-07-03 13:11:25.390000
38671,6,356,12,1,2025-07-03 13:11:25.390000
38671,6,357,12,1,2025-07-03 13:11:25.390000
38671,6,358,12,1,2025-07-03 13:11:25.390000
38671,6,359,12,1,2025-07-03 13:11:25.390000
38678,11,143,8,1,2026-06-18 15:32:47.850000
38678,11,144,8,1,2026-06-18 15:32:47.850000
38678,11,145,8,1,2026-06-18 15:32:47.850000
38678,11,146,8,1,2026-06-18 15:32:47.850000
38678,11,147,9,1,2026-06-18 15:32:47.850000
38678,11,148,9,1,2026-06-18 15:32:47.850000
38678,11,149,9,1,2026-06-18 15:32:47.850000
38678,11,151,9,1,2026-06-18 15:32:47.850000
38678,11,264,8,1,2026-06-18 15:32:47.850000
38678,11,265,9,1,2026-06-18 15:32:47.850000
38678,11,266,8,1,2026-06-18 15:32:47.850000
38678,11,267,9,1,2026-06-18 15:32:47.850000
38678,11,268,8,1,2026-06-18 15:32:47.850000
38680,7,143,8,1,2025-06-16 19:19:38.947000
38680,7,144,8,1,2025-06-16 19:19:38.947000
38680,7,145,8,1,2025-06-16 19:19:38.947000
38680,7,146,8,1,2025-06-16 19:19:38.947000
38680,7,147,9,1,2025-06-16 19:19:38.947000
38680,7,148,9,1,2025-06-16 19:19:38.947000
38680,7,149,9,1,2025-06-16 19:19:38.947000
38680,7,151,9,1,2025-06-16 19:19:38.947000
38680,7,264,8,1,2025-06-16 19:19:38.947000
38680,7,265,9,1,2025-06-16 19:19:38.947000
38680,7,266,8,1,2025-06-16 19:19:38.947000
38680,7,267,9,1,2025-06-16 19:19:38.947000
38680,7,268,8,1,2025-06-16 19:19:38.947000
38682,13,143,8,1,2025-10-21 13:06:16.680000
38682,13,144,8,1,2025-10-21 13:06:16.680000
38682,13,145,8,1,2025-10-21 13:06:16.680000
38682,13,146,8,1,2025-10-21 13:06:16.680000
38682,13,147,9,1,2025-10-21 13:06:16.680000
38682,13,148,9,1,2025-10-21 13:06:16.680000
38682,13,149,9,1,2025-10-21 13:06:16.680000
38682,13,151,9,1,2025-10-21 13:06:16.680000
38682,13,264,8,1,2025-10-21 13:06:16.680000
38682,13,265,9,1,2025-10-21 13:06:16.680000
38682,13,266,8,1,2025-10-21 13:06:16.680000
38682,13,267,9,1,2025-10-21 13:06:16.680000
38682,13,268,8,1,2025-10-21 13:06:16.680000
38684,10,143,8,1,2026-04-10 12:01:25.727000
38684,10,144,8,1,2026-04-10 12:01:25.727000
38684,10,145,8,1,2026-04-10 12:01:25.727000
38684,10,146,8,1,2026-04-10 12:01:25.727000
38684,10,147,9,1,2026-04-10 12:01:25.727000
38684,10,148,9,1,2026-04-10 12:01:25.727000
38684,10,149,9,1,2026-04-10 12:01:25.727000
38684,10,151,9,1,2026-04-10 12:01:25.727000
38684,10,264,8,1,2026-04-10 12:01:25.727000
38684,10,265,9,1,2026-04-10 12:01:25.727000
38684,10,266,8,1,2026-04-10 12:01:25.727000
38684,10,267,9,1,2026-04-10 12:01:25.727000
38684,10,268,8,1,2026-04-10 12:01:25.727000
38686,18,143,8,1,2026-06-18 12:44:46.470000
38686,18,144,8,1,2026-06-18 12:44:46.470000
38686,18,145,8,1,2026-06-18 12:44:46.470000
38686,18,146,8,1,2026-06-18 12:44:46.470000
38686,18,147,9,1,2026-06-18 12:44:46.470000
38686,18,148,9,1,2026-06-18 12:44:46.470000
38686,18,149,9,1,2026-06-18 12:44:46.470000
38686,18,151,9,1,2026-06-18 12:44:46.470000
38686,18,264,8,1,2026-06-18 12:44:46.470000
38686,18,265,9,1,2026-06-18 12:44:46.470000
38686,18,266,8,1,2026-06-18 12:44:46.470000
38686,18,267,9,1,2026-06-18 12:44:46.470000
38686,18,268,8,1,2026-06-18 12:44:46.470000
38694,12,228,9,2,2025-07-31 16:07:40.190000
38694,12,238,9,2,2025-07-31 16:07:40.190000
38694,12,239,8,1,2025-07-31 16:07:40.190000
38694,12,240,8,1,2025-07-31 16:07:40.190000
38705,14,340,12,1,2026-02-23 13:19:28.680000
38705,14,341,12,1,2026-02-23 13:19:28.680000
38705,14,342,12,1,2026-02-23 13:19:28.680000
38705,14,343,12,1,2026-02-23 13:19:28.680000
38705,14,344,12,1,2026-02-23 13:19:28.680000
38705,14,345,12,1,2026-02-23 13:19:28.680000
38705,14,346,12,1,2026-02-23 13:19:28.680000
38705,14,347,12,1,2026-02-23 13:19:28.680000
38705,14,348,12,1,2026-02-23 13:19:28.680000
38705,14,349,12,1,2026-02-23 13:19:28.680000
38705,14,350,12,1,2026-02-23 13:19:28.680000
38705,14,351,12,1,2026-02-23 13:19:28.680000
38705,14,352,12,1,2026-02-23 13:19:28.680000
38705,14,353,12,1,2026-02-23 13:19:28.680000
38705,14,354,12,1,2026-02-23 13:19:28.680000
38705,14,355,12,1,2026-02-23 13:19:28.680000
38705,14,356,12,1,2026-02-23 13:19:28.680000
38705,14,357,12,1,2026-02-23 13:19:28.680000
38705,14,358,12,1,2026-02-23 13:19:28.680000
38705,14,359,12,1,2026-02-23 13:19:28.680000
38705,14,360,12,1,2026-02-23 13:19:28.680000
38705,14,361,12,1,2026-02-23 13:19:28.680000
38705,14,362,12,1,2026-02-23 13:19:28.680000
38705,14,363,12,1,2026-02-23 13:19:28.680000
38705,14,364,12,1,2026-02-23 13:19:28.680000
38705,14,365,12,1,2026-02-23 13:19:28.680000
38705,14,366,12,1,2026-02-23 13:19:28.680000
38705,14,367,12,1,2026-02-23 13:19:28.680000
38709,5,340,12,1,2025-09-02 13:55:32.250000
38709,5,341,12,1,2025-09-02 13:55:32.250000
38709,5,342,12,1,2025-09-02 13:55:32.250000
38709,5,343,12,1,2025-09-02 13:55:32.250000
38709,5,344,12,1,2025-09-02 13:55:32.250000
38709,5,345,12,1,2025-09-02 13:55:32.250000
38709,5,346,12,1,2025-09-02 13:55:32.250000
38709,5,347,12,1,2025-09-02 13:55:32.250000
38709,5,348,12,1,2025-09-02 13:55:32.250000
38709,5,349,12,1,2025-09-02 13:55:32.250000
38709,5,350,12,1,2025-09-02 13:55:32.250000
38709,5,351,12,1,2025-09-02 13:55:32.250000
38709,5,352,12,1,2025-09-02 13:55:32.250000
38709,5,353,12,1,2025-09-02 13:55:32.250000
38709,5,354,12,1,2025-09-02 13:55:32.250000
38709,5,355,12,1,2025-09-02 13:55:32.250000
38709,5,356,12,1,2025-09-02 13:55:32.250000
38709,5,357,12,1,2025-09-02 13:55:32.250000
38709,5,358,12,1,2025-09-02 13:55:32.250000
38709,5,359,12,1,2025-09-02 13:55:32.250000
38709,5,360,12,1,2025-09-02 13:55:32.250000
38709,5,361,12,1,2025-09-02 13:55:32.250000
38709,5,362,12,1,2025-09-02 13:55:32.250000
38709,5,363,12,1,2025-09-02 13:55:32.250000
38709,5,364,12,1,2025-09-02 13:55:32.250000
38709,5,365,12,1,2025-09-02 13:55:32.250000
38709,5,366,12,1,2025-09-02 13:55:32.250000
38709,5,367,12,1,2025-09-02 13:55:32.250000
38712,18,314,12,1,2025-03-14 13:49:09.733000
38712,18,315,12,1,2025-03-14 13:49:09.733000
38712,18,316,12,1,2025-03-14 13:49:09.733000
38712,18,317,12,1,2025-03-14 13:49:09.733000
38712,18,318,12,1,2025-03-14 13:49:09.733000
38712,18,319,12,1,2025-03-14 13:49:09.733000
38712,18,320,12,1,2025-03-14 13:49:09.733000
38712,18,321,12,1,2025-03-14 13:49:09.733000
38712,18,322,12,1,2025-03-14 13:49:09.733000
38712,18,323,12,1,2025-03-14 13:49:09.733000
38712,18,324,12,1,2025-03-14 13:49:09.733000
38712,18,325,12,1,2025-03-14 13:49:09.733000
38712,18,326,12,1,2025-03-14 13:49:09.733000
38712,18,327,12,1,2025-03-14 13:49:09.733000
38712,18,328,12,1,2025-03-14 13:49:09.733000
38712,18,329,12,1,2025-03-14 13:49:09.733000
38712,18,330,12,1,2025-03-14 13:49:09.733000
38712,18,331,12,1,2025-03-14 13:49:09.733000
38712,18,332,12,1,2025-03-14 13:49:09.733000
38712,18,333,12,1,2025-03-14 13:49:09.733000
38712,18,334,12,1,2025-03-14 13:49:09.733000
38712,18,335,12,1,2025-03-14 13:49:09.733000
38712,18,336,12,1,2025-03-14 13:49:09.733000
38712,18,337,12,1,2025-03-14 13:49:09.733000
38712,18,338,12,1,2025-03-14 13:49:09.733000
38712,18,339,12,1,2025-03-14 13:49:09.733000
38720,6,368,12,1,2020-11-06 12:04:58.723000
38720,6,369,12,1,2020-11-06 12:04:58.723000
38720,6,370,12,1,2020-11-06 12:04:58.723000
38720,6,371,12,1,2020-11-06 12:04:58.723000
38720,6,372,12,1,2020-11-06 12:04:58.723000
38726,17,368,12,1,2025-03-14 13:49:57.177000
38726,17,369,12,1,2025-03-14 13:49:57.177000
38726,17,370,12,1,2025-03-14 13:49:57.177000
38726,17,371,12,1,2025-03-14 13:49:57.177000
38726,17,372,12,1,2025-03-14 13:49:57.177000
38737,19,374,13,1,2025-11-14 14:46:33.397000
38737,19,375,13,1,2025-11-14 14:46:33.397000
38737,19,376,13,1,2025-11-14 14:46:33.397000
38737,19,377,13,1,2025-11-14 14:46:33.397000
38737,19,378,13,1,2025-11-14 14:46:33.397000
38737,19,379,13,1,2025-11-14 14:46:33.397000
38737,19,380,13,1,2025-11-14 14:46:33.397000
38737,19,381,13,1,2025-11-14 14:46:33.397000
38737,19,391,12,1,2025-11-14 14:46:33.397000
38737,19,392,12,1,2025-11-14 14:46:33.397000
38737,19,393,12,1,2025-11-14 14:46:33.397000
38737,19,394,12,1,2025-11-14 14:46:33.397000
38737,19,395,12,1,2025-11-14 14:46:33.397000
38737,19,396,12,1,2025-11-14 14:46:33.397000
38743,15,374,13,1,2024-07-19 13:09:40.050000
38743,15,375,13,1,2024-07-19 13:09:40.050000
38743,15,376,13,1,2024-07-19 13:09:40.050000
38743,15,377,13,1,2024-07-19 13:09:40.050000
38743,15,378,13,1,2024-07-19 13:09:40.050000
38743,15,379,13,1,2024-07-19 13:09:40.050000
38743,15,380,13,1,2024-07-19 13:09:40.050000
38743,15,381,13,1,2024-07-19 13:09:40.050000
38743,15,391,12,1,2024-07-19 13:09:40.050000
38743,15,392,12,1,2024-07-19 13:09:40.050000
38743,15,393,12,1,2024-07-19 13:09:40.050000
38743,15,394,12,1,2024-07-19 13:09:40.050000
38743,15,395,12,1,2024-07-19 13:09:40.050000
38743,15,396,12,1,2024-07-19 13:09:40.050000
38745,17,374,13,1,2025-03-03 20:50:30.043000
38745,17,375,13,1,2025-03-03 20:50:30.043000
38745,17,376,13,1,2025-03-03 20:50:30.043000
38745,17,377,13,1,2025-03-03 20:50:30.043000
38745,17,378,13,1,2025-03-03 20:50:30.043000
38745,17,379,13,1,2025-03-03 20:50:30.043000
38745,17,380,13,1,2025-03-03 20:50:30.043000
38745,17,381,13,1,2025-03-03 20:50:30.043000
38745,17,391,12,1,2025-03-03 20:50:30.043000
38745,17,392,12,1,2025-03-03 20:50:30.043000
38745,17,393,12,1,2025-03-03 20:50:30.043000
38745,17,394,12,1,2025-03-03 20:50:30.043000
38745,17,395,12,1,2025-03-03 20:50:30.043000
38745,17,396,12,1,2025-03-03 20:50:30.043000
38747,9,374,13,1,2024-09-06 13:42:30.647000
38747,9,375,13,1,2024-09-06 13:42:30.647000
38747,9,376,13,1,2024-09-06 13:42:30.647000
38747,9,377,13,1,2024-09-06 13:42:30.647000
38747,9,378,13,1,2024-09-06 13:42:30.647000
38747,9,379,13,1,2024-09-06 13:42:30.647000
38747,9,380,13,1,2024-09-06 13:42:30.647000
38747,9,381,13,1,2024-09-06 13:42:30.647000
38747,9,391,12,1,2024-09-06 13:42:30.647000
38747,9,392,12,1,2024-09-06 13:42:30.647000
38747,9,393,12,1,2024-09-06 13:42:30.647000
38747,9,394,12,1,2024-09-06 13:42:30.647000
38747,9,395,12,1,2024-09-06 13:42:30.647000
38747,9,396,12,1,2024-09-06 13:42:30.647000
38755,6,374,13,1,2021-02-17 15:19:54.287000
38755,6,375,13,1,2021-02-17 15:19:54.287000
38755,6,376,13,1,2021-02-17 15:19:54.287000
38755,6,377,13,1,2021-02-17 15:19:54.287000
38755,6,378,13,1,2021-02-17 15:19:54.287000
38755,6,379,13,1,2021-02-17 15:19:54.287000
38755,6,380,13,1,2021-02-17 15:19:54.287000
38755,6,381,13,1,2021-02-17 15:19:54.287000
38755,6,391,12,1,2021-02-17 15:19:54.287000
38755,6,392,12,1,2021-02-17 15:19:54.287000
38755,6,393,12,1,2021-02-17 15:19:54.287000
38755,6,394,12,1,2021-02-17 15:19:54.287000
38755,6,395,12,1,2021-02-17 15:19:54.287000
38755,6,396,12,1,2021-02-17 15:19:54.287000
38765,27,374,13,1,2026-04-02 15:33:15.760000
38765,27,375,13,1,2026-04-02 15:33:15.760000
38765,27,376,13,1,2026-04-02 15:33:15.760000
38765,27,377,13,1,2026-04-02 15:33:15.760000
38765,27,378,13,1,2026-04-02 15:33:15.760000
38765,27,379,13,1,2026-04-02 15:33:15.760000
38765,27,380,13,1,2026-04-02 15:33:15.760000
38765,27,381,13,1,2026-04-02 15:33:15.760000
38765,27,391,12,1,2026-04-02 15:33:15.760000
38765,27,392,12,1,2026-04-02 15:33:15.760000
38765,27,393,12,1,2026-04-02 15:33:15.760000
38765,27,394,12,1,2026-04-02 15:33:15.760000
38765,27,395,12,1,2026-04-02 15:33:15.760000
38765,27,396,12,1,2026-04-02 15:33:15.760000
38769,14,374,13,1,2024-04-12 13:45:42.840000
38769,14,375,13,1,2024-04-12 13:45:42.840000
38769,14,376,13,1,2024-04-12 13:45:42.840000
38769,14,377,13,1,2024-04-12 13:45:42.840000
38769,14,378,13,1,2024-04-12 13:45:42.840000
38769,14,379,13,1,2024-04-12 13:45:42.840000
38769,14,380,13,1,2024-04-12 13:45:42.840000
38769,14,381,13,1,2024-04-12 13:45:42.840000
38769,14,391,12,1,2024-04-12 13:45:42.840000
38769,14,392,12,1,2024-04-12 13:45:42.840000
38769,14,393,12,1,2024-04-12 13:45:42.840000
38769,14,394,12,1,2024-04-12 13:45:42.840000
38769,14,395,12,1,2024-04-12 13:45:42.840000
38769,14,396,12,1,2024-04-12 13:45:42.840000
38771,18,228,9,2,2025-08-29 16:21:29.107000
38771,18,238,9,2,2025-08-29 16:21:29.107000
38771,18,239,8,1,2025-08-29 16:21:29.107000
38771,18,240,8,1,2025-08-29 16:21:29.107000
38773,32,228,9,2,2026-07-17 14:05:41.113000
38773,32,238,9,2,2026-07-17 14:05:41.113000
38773,32,239,8,1,2026-07-17 14:05:41.113000
38773,32,240,8,1,2026-07-17 14:05:41.113000
38775,10,374,13,1,2024-09-06 13:43:49.317000
38775,10,375,13,1,2024-09-06 13:43:49.317000
38775,10,376,13,1,2024-09-06 13:43:49.317000
38775,10,377,13,1,2024-09-06 13:43:49.317000
38775,10,378,13,1,2024-09-06 13:43:49.317000
38775,10,379,13,1,2024-09-06 13:43:49.317000
38775,10,380,13,1,2024-09-06 13:43:49.317000
38775,10,381,13,1,2024-09-06 13:43:49.317000
38775,10,391,12,1,2024-09-06 13:43:49.317000
38775,10,392,12,1,2024-09-06 13:43:49.317000
38775,10,393,12,1,2024-09-06 13:43:49.317000
38775,10,394,12,1,2024-09-06 13:43:49.317000
38775,10,395,12,1,2024-09-06 13:43:49.317000
38775,10,396,12,1,2024-09-06 13:43:49.317000
38777,7,228,9,2,2021-12-10 23:55:49.127000
38777,7,238,9,2,2021-12-10 23:55:49.127000
38777,7,239,8,1,2021-12-10 23:55:49.127000
38777,7,240,8,1,2021-12-10 23:55:49.127000
38779,4,374,13,1,2021-11-04 22:49:57.287000
38779,4,375,13,1,2021-11-04 22:49:57.287000
38779,4,376,13,1,2021-11-04 22:49:57.287000
38779,4,377,13,1,2021-11-04 22:49:57.287000
38779,4,378,13,1,2021-11-04 22:49:57.287000
38779,4,379,13,1,2021-11-04 22:49:57.287000
38779,4,380,13,1,2021-11-04 22:49:57.287000
38779,4,381,13,1,2021-11-04 22:49:57.287000
38779,4,391,12,1,2021-11-04 22:49:57.287000
38779,4,392,12,1,2021-11-04 22:49:57.287000
38779,4,393,12,1,2021-11-04 22:49:57.287000
38779,4,394,12,1,2021-11-04 22:49:57.287000
38779,4,395,12,1,2021-11-04 22:49:57.287000
38779,4,396,12,1,2021-11-04 22:49:57.287000
38786,10,374,13,1,2025-12-08 15:29:46.260000
38786,10,375,13,1,2025-12-08 15:29:46.260000
38786,10,376,13,1,2025-12-08 15:29:46.260000
38786,10,377,13,1,2025-12-08 15:29:46.260000
38786,10,378,13,1,2025-12-08 15:29:46.260000
38786,10,379,13,1,2025-12-08 15:29:46.260000
38786,10,380,13,1,2025-12-08 15:29:46.260000
38786,10,381,13,1,2025-12-08 15:29:46.260000
38786,10,391,12,1,2025-12-08 15:29:46.260000
38786,10,392,12,1,2025-12-08 15:29:46.260000
38786,10,393,12,1,2025-12-08 15:29:46.260000
38786,10,394,12,1,2025-12-08 15:29:46.260000
38786,10,395,12,1,2025-12-08 15:29:46.260000
38786,10,396,12,1,2025-12-08 15:29:46.260000
38792,6,374,13,1,2022-05-16 15:39:57.777000
38792,6,375,13,1,2022-05-16 15:39:57.777000
38792,6,376,13,1,2022-05-16 15:39:57.777000
38792,6,377,13,1,2022-05-16 15:39:57.777000
38792,6,378,13,1,2022-05-16 15:39:57.777000
38792,6,379,13,1,2022-05-16 15:39:57.777000
38792,6,380,13,1,2022-05-16 15:39:57.777000
38792,6,381,13,1,2022-05-16 15:39:57.777000
38792,6,391,12,1,2022-05-16 15:39:57.777000
38792,6,392,12,1,2022-05-16 15:39:57.777000
38792,6,393,12,1,2022-05-16 15:39:57.777000
38792,6,394,12,1,2022-05-16 15:39:57.777000
38792,6,395,12,1,2022-05-16 15:39:57.777000
38792,6,396,12,1,2022-05-16 15:39:57.777000
38801,23,340,12,1,2026-04-06 12:13:24.927000
38801,23,341,12,1,2026-04-06 12:13:24.927000
38801,23,342,12,1,2026-04-06 12:13:24.927000
38801,23,343,12,1,2026-04-06 12:13:24.927000
38801,23,344,12,1,2026-04-06 12:13:24.927000
38801,23,345,12,1,2026-04-06 12:13:24.927000
38801,23,346,12,1,2026-04-06 12:13:24.927000
38801,23,347,12,1,2026-04-06 12:13:24.927000
38801,23,348,12,1,2026-04-06 12:13:24.927000
38801,23,349,12,1,2026-04-06 12:13:24.927000
38801,23,350,12,1,2026-04-06 12:13:24.927000
38801,23,351,12,1,2026-04-06 12:13:24.927000
38801,23,352,12,1,2026-04-06 12:13:24.927000
38801,23,353,12,1,2026-04-06 12:13:24.927000
38801,23,354,12,1,2026-04-06 12:13:24.927000
38801,23,355,12,1,2026-04-06 12:13:24.927000
38801,23,356,12,1,2026-04-06 12:13:24.927000
38801,23,357,12,1,2026-04-06 12:13:24.927000
38801,23,358,12,1,2026-04-06 12:13:24.927000
38801,23,359,12,1,2026-04-06 12:13:24.927000
38801,23,360,12,1,2026-04-06 12:13:24.927000
38801,23,361,12,1,2026-04-06 12:13:24.927000
38801,23,362,12,1,2026-04-06 12:13:24.927000
38801,23,363,12,1,2026-04-06 12:13:24.927000
38801,23,364,12,1,2026-04-06 12:13:24.927000
38801,23,365,12,1,2026-04-06 12:13:24.927000
38801,23,366,12,1,2026-04-06 12:13:24.927000
38801,23,367,12,1,2026-04-06 12:13:24.927000
38805,7,368,12,1,2021-02-05 15:04:01.047000
38805,7,369,12,1,2021-02-05 15:04:01.047000
38805,7,370,12,1,2021-02-05 15:04:01.047000
38805,7,371,12,1,2021-02-05 15:04:01.047000
38805,7,372,12,1,2021-02-05 15:04:01.047000
38807,7,314,12,1,2021-02-05 15:02:31.713000
38807,7,315,12,1,2021-02-05 15:02:31.713000
38807,7,316,12,1,2021-02-05 15:02:31.713000
38807,7,317,12,1,2021-02-05 15:02:31.713000
38807,7,318,12,1,2021-02-05 15:02:31.713000
38807,7,319,12,1,2021-02-05 15:02:31.713000
38807,7,320,12,1,2021-02-05 15:02:31.713000
38807,7,321,12,1,2021-02-05 15:02:31.713000
38807,7,322,12,1,2021-02-05 15:02:31.713000
38807,7,323,12,1,2021-02-05 15:02:31.713000
38807,7,324,12,1,2021-02-05 15:02:31.713000
38807,7,325,12,1,2021-02-05 15:02:31.713000
38807,7,326,12,1,2021-02-05 15:02:31.713000
38807,7,327,12,1,2021-02-05 15:02:31.713000
38807,7,328,12,1,2021-02-05 15:02:31.713000
38807,7,329,12,1,2021-02-05 15:02:31.713000
38807,7,330,12,1,2021-02-05 15:02:31.713000
38807,7,331,12,1,2021-02-05 15:02:31.713000
38807,7,332,12,1,2021-02-05 15:02:31.713000
38807,7,333,12,1,2021-02-05 15:02:31.713000
38807,7,334,12,1,2021-02-05 15:02:31.713000
38807,7,335,12,1,2021-02-05 15:02:31.713000
38807,7,336,12,1,2021-02-05 15:02:31.713000
38807,7,337,12,1,2021-02-05 15:02:31.713000
38807,7,338,12,1,2021-02-05 15:02:31.713000
38807,7,339,12,1,2021-02-05 15:02:31.713000
38809,30,314,12,1,2025-09-19 13:01:43.543000
38809,30,315,12,1,2025-09-19 13:01:43.543000
38809,30,316,12,1,2025-09-19 13:01:43.543000
38809,30,317,12,1,2025-09-19 13:01:43.543000
38809,30,318,12,1,2025-09-19 13:01:43.543000
38809,30,319,12,1,2025-09-19 13:01:43.543000
38809,30,320,12,1,2025-09-19 13:01:43.543000
38809,30,321,12,1,2025-09-19 13:01:43.543000
38809,30,322,12,1,2025-09-19 13:01:43.543000
38809,30,323,12,1,2025-09-19 13:01:43.543000
38809,30,324,12,1,2025-09-19 13:01:43.543000
38809,30,325,12,1,2025-09-19 13:01:43.543000
38809,30,326,12,1,2025-09-19 13:01:43.543000
38809,30,327,12,1,2025-09-19 13:01:43.543000
38809,30,328,12,1,2025-09-19 13:01:43.543000
38809,30,329,12,1,2025-09-19 13:01:43.543000
38809,30,330,12,1,2025-09-19 13:01:43.543000
38809,30,331,12,1,2025-09-19 13:01:43.543000
38809,30,332,12,1,2025-09-19 13:01:43.543000
38809,30,333,12,1,2025-09-19 13:01:43.543000
38809,30,334,12,1,2025-09-19 13:01:43.543000
38809,30,335,12,1,2025-09-19 13:01:43.543000
38809,30,336,12,1,2025-09-19 13:01:43.543000
38809,30,337,12,1,2025-09-19 13:01:43.543000
38809,30,338,12,1,2025-09-19 13:01:43.543000
38809,30,339,12,1,2025-09-19 13:01:43.543000
38812,7,314,12,1,2021-01-29 19:03:20.217000
38812,7,315,12,1,2021-01-29 19:03:20.217000
38812,7,316,12,1,2021-01-29 19:03:20.217000
38812,7,317,12,1,2021-01-29 19:03:20.217000
38812,7,318,12,1,2021-01-29 19:03:20.217000
38812,7,319,12,1,2021-01-29 19:03:20.217000
38812,7,320,12,1,2021-01-29 19:03:20.217000
38812,7,321,12,1,2021-01-29 19:03:20.217000
38812,7,322,12,1,2021-01-29 19:03:20.217000
38812,7,323,12,1,2021-01-29 19:03:20.217000
38812,7,324,12,1,2021-01-29 19:03:20.217000
38812,7,325,12,1,2021-01-29 19:03:20.217000
38812,7,326,12,1,2021-01-29 19:03:20.217000
38812,7,327,12,1,2021-01-29 19:03:20.217000
38812,7,328,12,1,2021-01-29 19:03:20.217000
38812,7,329,12,1,2021-01-29 19:03:20.217000
38812,7,330,12,1,2021-01-29 19:03:20.217000
38812,7,331,12,1,2021-01-29 19:03:20.217000
38812,7,332,12,1,2021-01-29 19:03:20.217000
38812,7,333,12,1,2021-01-29 19:03:20.217000
38812,7,334,12,1,2021-01-29 19:03:20.217000
38812,7,335,12,1,2021-01-29 19:03:20.217000
38812,7,336,12,1,2021-01-29 19:03:20.217000
38812,7,337,12,1,2021-01-29 19:03:20.217000
38812,7,338,12,1,2021-01-29 19:03:20.217000
38812,7,339,12,1,2021-01-29 19:03:20.217000
38814,4,340,12,1,2026-01-26 13:28:20.823000
38814,4,341,12,1,2026-01-26 13:28:20.823000
38814,4,342,12,1,2026-01-26 13:28:20.823000
38814,4,343,12,1,2026-01-26 13:28:20.823000
38814,4,344,12,1,2026-01-26 13:28:20.823000
38814,4,345,12,1,2026-01-26 13:28:20.823000
38814,4,346,12,1,2026-01-26 13:28:20.823000
38814,4,347,12,1,2026-01-26 13:28:20.823000
38814,4,348,12,1,2026-01-26 13:28:20.823000
38814,4,349,12,1,2026-01-26 13:28:20.823000
38814,4,350,12,1,2026-01-26 13:28:20.823000
38814,4,351,12,1,2026-01-26 13:28:20.823000
38814,4,352,12,1,2026-01-26 13:28:20.823000
38814,4,353,12,1,2026-01-26 13:28:20.823000
38814,4,354,12,1,2026-01-26 13:28:20.823000
38814,4,355,12,1,2026-01-26 13:28:20.823000
38814,4,356,12,1,2026-01-26 13:28:20.823000
38814,4,357,12,1,2026-01-26 13:28:20.823000
38814,4,358,12,1,2026-01-26 13:28:20.823000
38814,4,359,12,1,2026-01-26 13:28:20.823000
38814,4,360,12,1,2026-01-26 13:28:20.823000
38814,4,361,12,1,2026-01-26 13:28:20.823000
38814,4,362,12,1,2026-01-26 13:28:20.823000
38814,4,363,12,1,2026-01-26 13:28:20.823000
38814,4,364,12,1,2026-01-26 13:28:20.823000
38814,4,365,12,1,2026-01-26 13:28:20.823000
38814,4,366,12,1,2026-01-26 13:28:20.823000
38814,4,367,12,1,2026-01-26 13:28:20.823000
38822,8,228,9,2,2025-10-31 20:32:17.570000
38822,8,238,9,2,2025-10-31 20:32:17.570000
38822,8,239,8,1,2025-10-31 20:32:17.570000
38822,8,240,8,1,2025-10-31 20:32:17.570000
38824,10,340,12,1,2025-09-02 13:55:32.147000
38824,10,341,12,1,2025-09-02 13:55:32.147000
38824,10,342,12,1,2025-09-02 13:55:32.147000
38824,10,343,12,1,2025-09-02 13:55:32.147000
38824,10,344,12,1,2025-09-02 13:55:32.147000
38824,10,345,12,1,2025-09-02 13:55:32.147000
38824,10,346,12,1,2025-09-02 13:55:32.147000
38824,10,347,12,1,2025-09-02 13:55:32.147000
38824,10,348,12,1,2025-09-02 13:55:32.147000
38824,10,349,12,1,2025-09-02 13:55:32.147000
38824,10,350,12,1,2025-09-02 13:55:32.147000
38824,10,351,12,1,2025-09-02 13:55:32.147000
38824,10,352,12,1,2025-09-02 13:55:32.147000
38824,10,353,12,1,2025-09-02 13:55:32.147000
38824,10,354,12,1,2025-09-02 13:55:32.147000
38824,10,355,12,1,2025-09-02 13:55:32.147000
38824,10,356,12,1,2025-09-02 13:55:32.147000
38824,10,357,12,1,2025-09-02 13:55:32.147000
38824,10,358,12,1,2025-09-02 13:55:32.147000
38824,10,359,12,1,2025-09-02 13:55:32.147000
38824,10,360,12,1,2025-09-02 13:55:32.147000
38824,10,361,12,1,2025-09-02 13:55:32.147000
38824,10,362,12,1,2025-09-02 13:55:32.147000
38824,10,363,12,1,2025-09-02 13:55:32.147000
38824,10,364,12,1,2025-09-02 13:55:32.147000
38824,10,365,12,1,2025-09-02 13:55:32.147000
38824,10,366,12,1,2025-09-02 13:55:32.147000
38824,10,367,12,1,2025-09-02 13:55:32.147000
38835,8,143,8,1,2025-10-21 15:50:07.993000
38835,8,144,8,1,2025-10-21 15:50:07.993000
38835,8,145,8,1,2025-10-21 15:50:07.993000
38835,8,146,8,1,2025-10-21 15:50:07.993000
38835,8,147,9,1,2025-10-21 15:50:07.993000
38835,8,148,9,1,2025-10-21 15:50:07.993000
38835,8,149,9,1,2025-10-21 15:50:07.993000
38835,8,151,9,1,2025-10-21 15:50:07.993000
38835,8,264,8,1,2025-10-21 15:50:07.993000
38835,8,265,9,1,2025-10-21 15:50:07.993000
38835,8,266,8,1,2025-10-21 15:50:07.993000
38835,8,267,9,1,2025-10-21 15:50:07.993000
38835,8,268,8,1,2025-10-21 15:50:07.993000
38837,7,143,8,1,2025-05-20 15:30:43.243000
38837,7,144,8,1,2025-05-20 15:30:43.243000
38837,7,145,8,1,2025-05-20 15:30:43.243000
38837,7,146,8,1,2025-05-20 15:30:43.243000
38837,7,147,9,1,2025-05-20 15:30:43.243000
38837,7,148,9,1,2025-05-20 15:30:43.243000
38837,7,149,9,1,2025-05-20 15:30:43.243000
38837,7,151,9,1,2025-05-20 15:30:43.243000
38837,7,264,8,1,2025-05-20 15:30:43.243000
38837,7,265,9,1,2025-05-20 15:30:43.243000
38837,7,266,8,1,2025-05-20 15:30:43.243000
38837,7,267,9,1,2025-05-20 15:30:43.243000
38837,7,268,8,1,2025-05-20 15:30:43.243000
38839,12,143,8,1,2026-05-21 14:24:47.267000
38839,12,144,8,1,2026-05-21 14:24:47.267000
38839,12,145,8,1,2026-05-21 14:24:47.267000
38839,12,146,8,1,2026-05-21 14:24:47.267000
38839,12,147,9,1,2026-05-21 14:24:47.267000
38839,12,148,9,1,2026-05-21 14:24:47.267000
38839,12,149,9,1,2026-05-21 14:24:47.267000
38839,12,151,9,1,2026-05-21 14:24:47.267000
38839,12,264,8,1,2026-05-21 14:24:47.267000
38839,12,265,9,1,2026-05-21 14:24:47.267000
38839,12,266,8,1,2026-05-21 14:24:47.267000
38839,12,267,9,1,2026-05-21 14:24:47.267000
38839,12,268,8,1,2026-05-21 14:24:47.267000
38841,20,143,8,1,2026-05-21 14:18:59.600000
38841,20,144,8,1,2026-05-21 14:18:59.600000
38841,20,145,8,1,2026-05-21 14:18:59.600000
38841,20,146,8,1,2026-05-21 14:18:59.600000
38841,20,147,9,1,2026-05-21 14:18:59.600000
38841,20,148,9,1,2026-05-21 14:18:59.600000
38841,20,149,9,1,2026-05-21 14:18:59.600000
38841,20,151,9,1,2026-05-21 14:18:59.600000
38841,20,264,8,1,2026-05-21 14:18:59.600000
38841,20,265,9,1,2026-05-21 14:18:59.600000
38841,20,266,8,1,2026-05-21 14:18:59.600000
38841,20,267,9,1,2026-05-21 14:18:59.600000
38841,20,268,8,1,2026-05-21 14:18:59.600000
38902,12,340,12,1,2025-09-02 13:55:33.600000
38902,12,341,12,1,2025-09-02 13:55:33.600000
38902,12,342,12,1,2025-09-02 13:55:33.600000
38902,12,343,12,1,2025-09-02 13:55:33.600000
38902,12,344,12,1,2025-09-02 13:55:33.600000
38902,12,345,12,1,2025-09-02 13:55:33.600000
38902,12,346,12,1,2025-09-02 13:55:33.600000
38902,12,347,12,1,2025-09-02 13:55:33.600000
38902,12,348,12,1,2025-09-02 13:55:33.600000
38902,12,349,12,1,2025-09-02 13:55:33.600000
38902,12,350,12,1,2025-09-02 13:55:33.600000
38902,12,351,12,1,2025-09-02 13:55:33.600000
38902,12,352,12,1,2025-09-02 13:55:33.600000
38902,12,353,12,1,2025-09-02 13:55:33.600000
38902,12,354,12,1,2025-09-02 13:55:33.600000
38902,12,355,12,1,2025-09-02 13:55:33.600000
38902,12,356,12,1,2025-09-02 13:55:33.600000
38902,12,357,12,1,2025-09-02 13:55:33.600000
38902,12,358,12,1,2025-09-02 13:55:33.600000
38902,12,359,12,1,2025-09-02 13:55:33.600000
38902,12,360,12,1,2025-09-02 13:55:33.600000
38902,12,361,12,1,2025-09-02 13:55:33.600000
38902,12,362,12,1,2025-09-02 13:55:33.600000
38902,12,363,12,1,2025-09-02 13:55:33.600000
38902,12,364,12,1,2025-09-02 13:55:33.600000
38902,12,365,12,1,2025-09-02 13:55:33.600000
38902,12,366,12,1,2025-09-02 13:55:33.600000
38902,12,367,12,1,2025-09-02 13:55:33.600000
38914,20,368,12,1,2022-05-13 11:23:09.323000
38914,20,369,12,1,2022-05-13 11:23:09.323000
38914,20,370,12,1,2022-05-13 11:23:09.323000
38914,20,371,12,1,2022-05-13 11:23:09.323000
38914,20,372,12,1,2022-05-13 11:23:09.323000
38916,8,319,12,1,2021-05-21 12:31:20.713000
38916,8,320,12,1,2021-05-21 12:31:20.713000
38916,8,321,12,1,2021-05-21 12:31:20.713000
38916,8,322,12,1,2021-05-21 12:31:20.713000
38916,8,323,12,1,2021-05-21 12:31:20.713000
38916,8,325,12,1,2021-05-21 12:31:20.713000
38916,8,326,12,1,2021-05-21 12:31:20.713000
38916,8,330,12,1,2021-05-21 12:31:20.713000
38916,8,335,12,1,2021-05-21 12:31:20.713000
38916,8,336,12,1,2021-05-21 12:31:20.713000
38916,8,337,12,1,2021-05-21 12:31:20.713000
38916,8,338,12,1,2021-05-21 12:31:20.713000
38918,8,370,12,1,2021-05-21 12:30:46.570000
38918,8,371,12,1,2021-05-21 12:30:46.570000
38918,8,372,12,1,2021-05-21 12:30:46.570000
38920,16,228,9,2,2026-07-24 21:07:43.627000
38920,16,238,9,2,2026-07-24 21:07:43.627000
38920,16,239,8,1,2026-07-24 21:07:43.627000
38920,16,240,8,1,2026-07-24 21:07:43.627000
38926,23,368,12,1,2021-09-03 12:10:12.540000
38926,23,369,12,1,2021-09-03 12:10:12.540000
38926,23,370,12,1,2021-09-03 12:10:12.540000
38926,23,371,12,1,2021-09-03 12:10:12.540000
38926,23,372,12,1,2021-09-03 12:10:12.540000
38937,7,500,8,1,2026-07-14 20:41:57.660000
38937,7,501,8,1,2026-07-14 20:41:57.660000
38937,7,502,8,1,2026-07-14 20:41:57.660000
38937,7,504,9,1,2026-07-14 20:41:57.660000
38937,7,505,9,1,2026-07-14 20:41:57.660000
38937,7,506,9,1,2026-07-14 20:41:57.660000
38937,7,507,13,1,2026-07-14 20:41:57.660000
38937,7,508,13,1,2026-07-14 20:41:57.660000
38937,7,509,13,1,2026-07-14 20:41:57.660000
38937,7,510,13,1,2026-07-14 20:41:57.660000
38937,7,511,13,1,2026-07-14 20:41:57.660000
38937,7,512,13,1,2026-07-14 20:41:57.660000
38937,7,513,13,1,2026-07-14 20:41:57.660000
38937,7,514,13,1,2026-07-14 20:41:57.660000
38937,7,515,13,1,2026-07-14 20:41:57.660000
38937,7,516,13,1,2026-07-14 20:41:57.660000
38937,7,517,13,1,2026-07-14 20:41:57.660000
38937,7,519,13,1,2026-07-14 20:41:57.660000
38937,7,520,13,1,2026-07-14 20:41:57.660000
38937,7,521,13,1,2026-07-14 20:41:57.660000
38937,7,522,13,1,2026-07-14 20:41:57.660000
38937,7,523,13,1,2026-07-14 20:41:57.660000
38953,16,139,10,2,2023-12-07 16:04:15.813000
38953,16,140,10,2,2023-12-07 16:04:15.813000
38953,16,388,10,1,2023-12-07 16:04:15.813000
38953,16,389,10,1,2023-12-07 16:04:15.813000
38955,24,139,10,2,2023-12-07 15:09:12.533000
38955,24,140,10,2,2023-12-07 15:09:12.533000
38955,24,388,10,1,2023-12-07 15:09:12.533000
38955,24,389,10,1,2023-12-07 15:09:12.533000
38966,5,374,13,1,2024-04-12 21:11:52.470000
38966,5,375,13,1,2024-04-12 21:11:52.470000
38966,5,376,13,1,2024-04-12 21:11:52.470000
38966,5,377,13,1,2024-04-12 21:11:52.470000
38966,5,378,13,1,2024-04-12 21:11:52.470000
38966,5,379,13,1,2024-04-12 21:11:52.470000
38966,5,380,13,1,2024-04-12 21:11:52.470000
38966,5,381,13,1,2024-04-12 21:11:52.470000
38966,5,391,12,1,2024-04-12 21:11:52.470000
38966,5,392,12,1,2024-04-12 21:11:52.470000
38966,5,393,12,1,2024-04-12 21:11:52.470000
38966,5,394,12,1,2024-04-12 21:11:52.470000
38966,5,395,12,1,2024-04-12 21:11:52.470000
38966,5,396,12,1,2024-04-12 21:11:52.470000
38968,5,500,8,1,2026-07-14 20:41:58.577000
38968,5,501,8,1,2026-07-14 20:41:58.577000
38968,5,502,8,1,2026-07-14 20:41:58.577000
38968,5,504,9,1,2026-07-14 20:41:58.577000
38968,5,505,9,1,2026-07-14 20:41:58.577000
38968,5,506,9,1,2026-07-14 20:41:58.577000
38968,5,507,13,1,2026-07-14 20:41:58.577000
38968,5,508,13,1,2026-07-14 20:41:58.577000
38968,5,509,13,1,2026-07-14 20:41:58.577000
38968,5,510,13,1,2026-07-14 20:41:58.577000
38968,5,511,13,1,2026-07-14 20:41:58.577000
38968,5,512,13,1,2026-07-14 20:41:58.577000
38968,5,513,13,1,2026-07-14 20:41:58.577000
38968,5,514,13,1,2026-07-14 20:41:58.577000
38968,5,515,13,1,2026-07-14 20:41:58.577000
38968,5,516,13,1,2026-07-14 20:41:58.577000
38968,5,517,13,1,2026-07-14 20:41:58.577000
38968,5,519,13,1,2026-07-14 20:41:58.577000
38968,5,520,13,1,2026-07-14 20:41:58.577000
38968,5,521,13,1,2026-07-14 20:41:58.577000
38968,5,522,13,1,2026-07-14 20:41:58.577000
38968,5,523,13,1,2026-07-14 20:41:58.577000
38970,8,374,13,1,2024-04-04 12:34:55.933000
38970,8,375,13,1,2024-04-04 12:34:55.933000
38970,8,376,13,1,2024-04-04 12:34:55.933000
38970,8,377,13,1,2024-04-04 12:34:55.933000
38970,8,378,13,1,2024-04-04 12:34:55.933000
38970,8,379,13,1,2024-04-04 12:34:55.933000
38970,8,380,13,1,2024-04-04 12:34:55.933000
38970,8,381,13,1,2024-04-04 12:34:55.933000
38970,8,391,12,1,2024-04-04 12:34:55.933000
38970,8,392,12,1,2024-04-04 12:34:55.933000
38970,8,393,12,1,2024-04-04 12:34:55.933000
38970,8,394,12,1,2024-04-04 12:34:55.933000
38970,8,395,12,1,2024-04-04 12:34:55.933000
38970,8,396,12,1,2024-04-04 12:34:55.933000
38972,9,340,12,1,2026-01-26 13:28:20.723000
38972,9,341,12,1,2026-01-26 13:28:20.723000
38972,9,342,12,1,2026-01-26 13:28:20.723000
38972,9,343,12,1,2026-01-26 13:28:20.723000
38972,9,344,12,1,2026-01-26 13:28:20.723000
38972,9,345,12,1,2026-01-26 13:28:20.723000
38972,9,346,12,1,2026-01-26 13:28:20.723000
38972,9,347,12,1,2026-01-26 13:28:20.723000
38972,9,348,12,1,2026-01-26 13:28:20.723000
38972,9,349,12,1,2026-01-26 13:28:20.723000
38972,9,350,12,1,2026-01-26 13:28:20.723000
38972,9,351,12,1,2026-01-26 13:28:20.723000
38972,9,352,12,1,2026-01-26 13:28:20.723000
38972,9,353,12,1,2026-01-26 13:28:20.723000
38972,9,354,12,1,2026-01-26 13:28:20.723000
38972,9,355,12,1,2026-01-26 13:28:20.723000
38972,9,356,12,1,2026-01-26 13:28:20.723000
38972,9,357,12,1,2026-01-26 13:28:20.723000
38972,9,358,12,1,2026-01-26 13:28:20.723000
38972,9,359,12,1,2026-01-26 13:28:20.723000
38972,9,360,12,1,2026-01-26 13:28:20.723000
38972,9,361,12,1,2026-01-26 13:28:20.723000
38972,9,362,12,1,2026-01-26 13:28:20.723000
38972,9,363,12,1,2026-01-26 13:28:20.723000
38972,9,364,12,1,2026-01-26 13:28:20.723000
38972,9,365,12,1,2026-01-26 13:28:20.723000
38972,9,366,12,1,2026-01-26 13:28:20.723000
38972,9,367,12,1,2026-01-26 13:28:20.723000
38985,17,374,13,1,2025-06-25 14:47:05.467000
38985,17,375,13,1,2025-06-25 14:47:05.467000
38985,17,376,13,1,2025-06-25 14:47:05.467000
38985,17,377,13,1,2025-06-25 14:47:05.467000
38985,17,378,13,1,2025-06-25 14:47:05.467000
38985,17,379,13,1,2025-06-25 14:47:05.467000
38985,17,380,13,1,2025-06-25 14:47:05.467000
38985,17,381,13,1,2025-06-25 14:47:05.467000
38985,17,391,12,1,2025-06-25 14:47:05.467000
38985,17,392,12,1,2025-06-25 14:47:05.467000
38985,17,393,12,1,2025-06-25 14:47:05.467000
38985,17,394,12,1,2025-06-25 14:47:05.467000
38985,17,395,12,1,2025-06-25 14:47:05.467000
38985,17,396,12,1,2025-06-25 14:47:05.467000
38988,18,374,13,1,2025-06-25 14:46:37.290000
38988,18,375,13,1,2025-06-25 14:46:37.290000
38988,18,376,13,1,2025-06-25 14:46:37.290000
38988,18,377,13,1,2025-06-25 14:46:37.290000
38988,18,378,13,1,2025-06-25 14:46:37.290000
38988,18,379,13,1,2025-06-25 14:46:37.290000
38988,18,380,13,1,2025-06-25 14:46:37.290000
38988,18,381,13,1,2025-06-25 14:46:37.290000
38988,18,391,12,1,2025-06-25 14:46:37.290000
38988,18,392,12,1,2025-06-25 14:46:37.290000
38988,18,393,12,1,2025-06-25 14:46:37.290000
38988,18,394,12,1,2025-06-25 14:46:37.290000
38988,18,395,12,1,2025-06-25 14:46:37.290000
38988,18,396,12,1,2025-06-25 14:46:37.290000
38992,14,228,9,2,2023-01-04 17:19:21.017000
38992,14,238,9,2,2023-01-04 17:19:21.017000
38992,14,239,8,1,2023-01-04 17:19:21.017000
38992,14,240,8,1,2023-01-04 17:19:21.017000
38994,20,374,13,1,2026-04-08 17:34:27.603000
38994,20,375,13,1,2026-04-08 17:34:27.603000
38994,20,376,13,1,2026-04-08 17:34:27.603000
38994,20,377,13,1,2026-04-08 17:34:27.603000
38994,20,378,13,1,2026-04-08 17:34:27.603000
38994,20,379,13,1,2026-04-08 17:34:27.603000
38994,20,380,13,1,2026-04-08 17:34:27.603000
38994,20,381,13,1,2026-04-08 17:34:27.603000
38994,20,391,12,1,2026-04-08 17:34:27.603000
38994,20,392,12,1,2026-04-08 17:34:27.603000
38994,20,393,12,1,2026-04-08 17:34:27.603000
38994,20,394,12,1,2026-04-08 17:34:27.603000
38994,20,395,12,1,2026-04-08 17:34:27.603000
38994,20,396,12,1,2026-04-08 17:34:27.603000
38997,12,228,9,2,2026-03-10 20:47:00.627000
38997,12,238,9,2,2026-03-10 20:47:00.627000
38997,12,239,8,1,2026-03-10 20:47:00.627000
38997,12,240,8,1,2026-03-10 20:47:00.627000
39001,16,340,12,1,2026-01-26 13:28:21.060000
39001,16,341,12,1,2026-01-26 13:28:21.060000
39001,16,342,12,1,2026-01-26 13:28:21.060000
39001,16,343,12,1,2026-01-26 13:28:21.060000
39001,16,344,12,1,2026-01-26 13:28:21.060000
39001,16,345,12,1,2026-01-26 13:28:21.060000
39001,16,346,12,1,2026-01-26 13:28:21.060000
39001,16,347,12,1,2026-01-26 13:28:21.060000
39001,16,348,12,1,2026-01-26 13:28:21.060000
39001,16,349,12,1,2026-01-26 13:28:21.060000
39001,16,350,12,1,2026-01-26 13:28:21.060000
39001,16,351,12,1,2026-01-26 13:28:21.060000
39001,16,352,12,1,2026-01-26 13:28:21.060000
39001,16,353,12,1,2026-01-26 13:28:21.060000
39001,16,354,12,1,2026-01-26 13:28:21.060000
39001,16,355,12,1,2026-01-26 13:28:21.060000
39001,16,356,12,1,2026-01-26 13:28:21.060000
39001,16,357,12,1,2026-01-26 13:28:21.060000
39001,16,358,12,1,2026-01-26 13:28:21.060000
39001,16,359,12,1,2026-01-26 13:28:21.060000
39001,16,360,12,1,2026-01-26 13:28:21.060000
39001,16,361,12,1,2026-01-26 13:28:21.060000
39001,16,362,12,1,2026-01-26 13:28:21.060000
39001,16,363,12,1,2026-01-26 13:28:21.060000
39001,16,364,12,1,2026-01-26 13:28:21.060000
39001,16,365,12,1,2026-01-26 13:28:21.060000
39001,16,366,12,1,2026-01-26 13:28:21.060000
39001,16,367,12,1,2026-01-26 13:28:21.060000
39005,9,340,12,1,2026-01-12 13:39:00.680000
39005,9,341,12,1,2026-01-12 13:39:00.680000
39005,9,342,12,1,2026-01-12 13:39:00.680000
39005,9,343,12,1,2026-01-12 13:39:00.680000
39005,9,344,12,1,2026-01-12 13:39:00.680000
39005,9,345,12,1,2026-01-12 13:39:00.680000
39005,9,346,12,1,2026-01-12 13:39:00.680000
39005,9,347,12,1,2026-01-12 13:39:00.680000
39005,9,348,12,1,2026-01-12 13:39:00.680000
39005,9,349,12,1,2026-01-12 13:39:00.680000
39005,9,350,12,1,2026-01-12 13:39:00.680000
39005,9,351,12,1,2026-01-12 13:39:00.680000
39005,9,352,12,1,2026-01-12 13:39:00.680000
39005,9,353,12,1,2026-01-12 13:39:00.680000
39005,9,354,12,1,2026-01-12 13:39:00.680000
39005,9,355,12,1,2026-01-12 13:39:00.680000
39005,9,356,12,1,2026-01-12 13:39:00.680000
39005,9,357,12,1,2026-01-12 13:39:00.680000
39005,9,358,12,1,2026-01-12 13:39:00.680000
39005,9,359,12,1,2026-01-12 13:39:00.680000
39005,9,360,12,1,2026-01-12 13:39:00.680000
39005,9,361,12,1,2026-01-12 13:39:00.680000
39005,9,362,12,1,2026-01-12 13:39:00.680000
39005,9,363,12,1,2026-01-12 13:39:00.680000
39005,9,364,12,1,2026-01-12 13:39:00.680000
39005,9,365,12,1,2026-01-12 13:39:00.680000
39005,9,366,12,1,2026-01-12 13:39:00.680000
39005,9,367,12,1,2026-01-12 13:39:00.680000
39015,16,228,9,2,2026-04-10 20:19:15.573000
39015,16,238,9,2,2026-04-10 20:19:15.573000
39015,16,239,8,1,2026-04-10 20:19:15.573000
39015,16,240,8,1,2026-04-10 20:19:15.573000
39017,10,228,9,2,2026-03-09 13:06:28.463000
39017,10,238,9,2,2026-03-09 13:06:28.463000
39017,10,239,8,1,2026-03-09 13:06:28.463000
39017,10,240,8,1,2026-03-09 13:06:28.463000
39023,23,228,9,2,2025-02-14 16:12:20.637000
39023,23,238,9,2,2025-02-14 16:12:20.637000
39023,23,239,8,1,2025-02-14 16:12:20.637000
39023,23,240,8,1,2025-02-14 16:12:20.637000
39027,8,504,9,1,2026-07-30 19:02:24.150000
39027,8,505,9,1,2026-07-30 19:02:24.150000
39027,8,506,9,1,2026-07-30 19:02:24.150000
39027,8,509,13,1,2026-07-30 19:02:24.150000
39027,8,510,13,1,2026-07-30 19:02:24.150000
39027,8,511,13,1,2026-07-30 19:02:24.150000
39027,8,512,13,1,2026-07-30 19:02:24.150000
39027,8,519,13,1,2026-07-30 19:02:24.150000
39027,8,520,13,1,2026-07-30 19:02:24.150000
39027,8,521,13,1,2026-07-30 19:02:24.150000
39027,8,522,13,1,2026-07-30 19:02:24.150000
39027,8,523,13,1,2026-07-30 19:02:24.150000
39036,24,500,8,1,2026-07-16 17:08:37.493000
39036,24,501,8,1,2026-07-16 17:08:37.493000
39036,24,502,8,1,2026-07-16 17:08:37.493000
39036,24,504,9,1,2026-07-16 17:08:37.493000
39036,24,505,9,1,2026-07-16 17:08:37.493000
39036,24,506,9,1,2026-07-16 17:08:37.493000
39036,24,507,13,1,2026-07-16 17:08:37.493000
39036,24,508,13,1,2026-07-16 17:08:37.493000
39036,24,509,13,1,2026-07-16 17:08:37.493000
39036,24,510,13,1,2026-07-16 17:08:37.493000
39036,24,511,13,1,2026-07-16 17:08:37.493000
39036,24,512,13,1,2026-07-16 17:08:37.493000
39036,24,513,13,1,2026-07-16 17:08:37.493000
39036,24,514,13,1,2026-07-16 17:08:37.493000
39036,24,515,13,1,2026-07-16 17:08:37.493000
39036,24,516,13,1,2026-07-16 17:08:37.493000
39036,24,517,13,1,2026-07-16 17:08:37.493000
39036,24,519,13,1,2026-07-16 17:08:37.493000
39036,24,520,13,1,2026-07-16 17:08:37.493000
39036,24,521,13,1,2026-07-16 17:08:37.493000
39036,24,522,13,1,2026-07-16 17:08:37.493000
39036,24,523,13,1,2026-07-16 17:08:37.493000
39038,14,228,9,2,2026-04-06 13:49:54.053000
39038,14,238,9,2,2026-04-06 13:49:54.053000
39038,14,239,8,1,2026-04-06 13:49:54.053000
39038,14,240,8,1,2026-04-06 13:49:54.053000
39040,8,143,8,1,2026-03-20 12:27:32.903000
39040,8,144,8,1,2026-03-20 12:27:32.903000
39040,8,145,8,1,2026-03-20 12:27:32.903000
39040,8,146,8,1,2026-03-20 12:27:32.903000
39040,8,147,9,1,2026-03-20 12:27:32.903000
39040,8,148,9,1,2026-03-20 12:27:32.903000
39040,8,149,9,1,2026-03-20 12:27:32.903000
39040,8,151,9,1,2026-03-20 12:27:32.903000
39040,8,264,8,1,2026-03-20 12:27:32.903000
39040,8,265,9,1,2026-03-20 12:27:32.903000
39040,8,266,8,1,2026-03-20 12:27:32.903000
39040,8,267,9,1,2026-03-20 12:27:32.903000
39040,8,268,8,1,2026-03-20 12:27:32.903000
39042,7,143,8,1,2025-06-17 13:42:36.990000
39042,7,144,8,1,2025-06-17 13:42:36.990000
39042,7,145,8,1,2025-06-17 13:42:36.990000
39042,7,146,8,1,2025-06-17 13:42:36.990000
39042,7,147,9,1,2025-06-17 13:42:36.990000
39042,7,148,9,1,2025-06-17 13:42:36.990000
39042,7,149,9,1,2025-06-17 13:42:36.990000
39042,7,151,9,1,2025-06-17 13:42:36.990000
39042,7,264,8,1,2025-06-17 13:42:36.990000
39042,7,265,9,1,2025-06-17 13:42:36.990000
39042,7,266,8,1,2025-06-17 13:42:36.990000
39042,7,267,9,1,2025-06-17 13:42:36.990000
39042,7,268,8,1,2025-06-17 13:42:36.990000
39044,15,143,8,1,2026-06-18 12:41:36.173000
39044,15,144,8,1,2026-06-18 12:41:36.173000
39044,15,145,8,1,2026-06-18 12:41:36.173000
39044,15,146,8,1,2026-06-18 12:41:36.173000
39044,15,147,9,1,2026-06-18 12:41:36.173000
39044,15,148,9,1,2026-06-18 12:41:36.173000
39044,15,149,9,1,2026-06-18 12:41:36.173000
39044,15,151,9,1,2026-06-18 12:41:36.173000
39044,15,264,8,1,2026-06-18 12:41:36.173000
39044,15,265,9,1,2026-06-18 12:41:36.173000
39044,15,266,8,1,2026-06-18 12:41:36.173000
39044,15,267,9,1,2026-06-18 12:41:36.173000
39044,15,268,8,1,2026-06-18 12:41:36.173000
39051,10,143,8,1,2024-08-22 13:03:58.253000
39051,10,144,8,1,2024-08-22 13:03:58.253000
39051,10,145,8,1,2024-08-22 13:03:58.253000
39051,10,146,8,1,2024-08-22 13:03:58.253000
39051,10,147,9,1,2024-08-22 13:03:58.253000
39051,10,148,9,1,2024-08-22 13:03:58.253000
39051,10,149,9,1,2024-08-22 13:03:58.253000
39051,10,151,9,1,2024-08-22 13:03:58.253000
39051,10,264,8,1,2024-08-22 13:03:58.253000
39051,10,265,9,1,2024-08-22 13:03:58.253000
39051,10,266,8,1,2024-08-22 13:03:58.253000
39051,10,267,9,1,2024-08-22 13:03:58.253000
39051,10,268,8,1,2024-08-22 13:03:58.253000
39054,17,143,8,1,2026-04-21 17:58:42.837000
39054,17,144,8,1,2026-04-21 17:58:42.837000
39054,17,145,8,1,2026-04-21 17:58:42.837000
39054,17,146,8,1,2026-04-21 17:58:42.837000
39054,17,147,9,1,2026-04-21 17:58:42.837000
39054,17,148,9,1,2026-04-21 17:58:42.837000
39054,17,149,9,1,2026-04-21 17:58:42.837000
39054,17,151,9,1,2026-04-21 17:58:42.837000
39054,17,264,8,1,2026-04-21 17:58:42.837000
39054,17,265,9,1,2026-04-21 17:58:42.837000
39054,17,266,8,1,2026-04-21 17:58:42.837000
39054,17,267,9,1,2026-04-21 17:58:42.837000
39054,17,268,8,1,2026-04-21 17:58:42.837000
39058,17,340,12,1,2025-09-02 13:55:33.400000
39058,17,341,12,1,2025-09-02 13:55:33.400000
39058,17,342,12,1,2025-09-02 13:55:33.400000
39058,17,343,12,1,2025-09-02 13:55:33.400000
39058,17,344,12,1,2025-09-02 13:55:33.400000
39058,17,345,12,1,2025-09-02 13:55:33.400000
39058,17,346,12,1,2025-09-02 13:55:33.400000
39058,17,347,12,1,2025-09-02 13:55:33.400000
39058,17,348,12,1,2025-09-02 13:55:33.400000
39058,17,349,12,1,2025-09-02 13:55:33.400000
39058,17,350,12,1,2025-09-02 13:55:33.400000
39058,17,351,12,1,2025-09-02 13:55:33.400000
39058,17,352,12,1,2025-09-02 13:55:33.400000
39058,17,353,12,1,2025-09-02 13:55:33.400000
39058,17,354,12,1,2025-09-02 13:55:33.400000
39058,17,355,12,1,2025-09-02 13:55:33.400000
39058,17,356,12,1,2025-09-02 13:55:33.400000
39058,17,357,12,1,2025-09-02 13:55:33.400000
39058,17,358,12,1,2025-09-02 13:55:33.400000
39058,17,359,12,1,2025-09-02 13:55:33.400000
39058,17,360,12,1,2025-09-02 13:55:33.400000
39058,17,361,12,1,2025-09-02 13:55:33.400000
39058,17,362,12,1,2025-09-02 13:55:33.400000
39058,17,363,12,1,2025-09-02 13:55:33.400000
39058,17,364,12,1,2025-09-02 13:55:33.400000
39058,17,365,12,1,2025-09-02 13:55:33.400000
39058,17,366,12,1,2025-09-02 13:55:33.400000
39058,17,367,12,1,2025-09-02 13:55:33.400000
39063,11,314,12,1,2021-10-22 13:19:44.093000
39063,11,315,12,1,2021-10-22 13:19:44.093000
39063,11,316,12,1,2021-10-22 13:19:44.093000
39063,11,317,12,1,2021-10-22 13:19:44.093000
39063,11,318,12,1,2021-10-22 13:19:44.093000
39063,11,319,12,1,2021-10-22 13:19:44.093000
39063,11,320,12,1,2021-10-22 13:19:44.093000
39063,11,321,12,1,2021-10-22 13:19:44.093000
39063,11,322,12,1,2021-10-22 13:19:44.093000
39063,11,323,12,1,2021-10-22 13:19:44.093000
39063,11,324,12,1,2021-10-22 13:19:44.093000
39063,11,325,12,1,2021-10-22 13:19:44.093000
39063,11,326,12,1,2021-10-22 13:19:44.093000
39063,11,327,12,1,2021-10-22 13:19:44.093000
39063,11,328,12,1,2021-10-22 13:19:44.093000
39063,11,329,12,1,2021-10-22 13:19:44.093000
39063,11,330,12,1,2021-10-22 13:19:44.093000
39063,11,331,12,1,2021-10-22 13:19:44.093000
39063,11,332,12,1,2021-10-22 13:19:44.093000
39063,11,333,12,1,2021-10-22 13:19:44.093000
39063,11,334,12,1,2021-10-22 13:19:44.093000
39063,11,335,12,1,2021-10-22 13:19:44.093000
39063,11,336,12,1,2021-10-22 13:19:44.093000
39063,11,337,12,1,2021-10-22 13:19:44.093000
39063,11,338,12,1,2021-10-22 13:19:44.093000
39063,11,339,12,1,2021-10-22 13:19:44.093000
39068,21,314,12,1,2025-07-03 15:40:18.470000
39068,21,315,12,1,2025-07-03 15:40:18.470000
39068,21,316,12,1,2025-07-03 15:40:18.470000
39068,21,317,12,1,2025-07-03 15:40:18.470000
39068,21,318,12,1,2025-07-03 15:40:18.470000
39068,21,319,12,1,2025-07-03 15:40:18.470000
39068,21,320,12,1,2025-07-03 15:40:18.470000
39068,21,321,12,1,2025-07-03 15:40:18.470000
39068,21,322,12,1,2025-07-03 15:40:18.470000
39068,21,323,12,1,2025-07-03 15:40:18.470000
39068,21,324,12,1,2025-07-03 15:40:18.470000
39068,21,325,12,1,2025-07-03 15:40:18.470000
39068,21,326,12,1,2025-07-03 15:40:18.470000
39068,21,327,12,1,2025-07-03 15:40:18.470000
39068,21,328,12,1,2025-07-03 15:40:18.470000
39068,21,329,12,1,2025-07-03 15:40:18.470000
39068,21,330,12,1,2025-07-03 15:40:18.470000
39068,21,331,12,1,2025-07-03 15:40:18.470000
39068,21,332,12,1,2025-07-03 15:40:18.470000
39068,21,333,12,1,2025-07-03 15:40:18.470000
39068,21,334,12,1,2025-07-03 15:40:18.470000
39068,21,335,12,1,2025-07-03 15:40:18.470000
39068,21,336,12,1,2025-07-03 15:40:18.470000
39068,21,337,12,1,2025-07-03 15:40:18.470000
39068,21,338,12,1,2025-07-03 15:40:18.470000
39068,21,339,12,1,2025-07-03 15:40:18.470000
39071,16,368,12,1,2025-07-03 15:40:57.653000
39071,16,369,12,1,2025-07-03 15:40:57.653000
39071,16,370,12,1,2025-07-03 15:40:57.653000
39071,16,371,12,1,2025-07-03 15:40:57.653000
39071,16,372,12,1,2025-07-03 15:40:57.653000
39073,4,368,12,1,2021-10-22 13:20:22.360000
39073,4,369,12,1,2021-10-22 13:20:22.360000
39073,4,370,12,1,2021-10-22 13:20:22.360000
39073,4,371,12,1,2021-10-22 13:20:22.360000
39073,4,372,12,1,2021-10-22 13:20:22.360000
39075,15,500,8,1,2026-07-14 20:41:56.667000
39075,15,501,8,1,2026-07-14 20:41:56.667000
39075,15,502,8,1,2026-07-14 20:41:56.667000
39075,15,504,9,1,2026-07-14 20:41:56.667000
39075,15,505,9,1,2026-07-14 20:41:56.667000
39075,15,506,9,1,2026-07-14 20:41:56.667000
39075,15,507,13,1,2026-07-14 20:41:56.667000
39075,15,508,13,1,2026-07-14 20:41:56.667000
39075,15,509,13,1,2026-07-14 20:41:56.667000
39075,15,510,13,1,2026-07-14 20:41:56.667000
39075,15,511,13,1,2026-07-14 20:41:56.667000
39075,15,512,13,1,2026-07-14 20:41:56.667000
39075,15,513,13,1,2026-07-14 20:41:56.667000
39075,15,514,13,1,2026-07-14 20:41:56.667000
39075,15,515,13,1,2026-07-14 20:41:56.667000
39075,15,516,13,1,2026-07-14 20:41:56.667000
39075,15,517,13,1,2026-07-14 20:41:56.667000
39075,15,519,13,1,2026-07-14 20:41:56.667000
39075,15,520,13,1,2026-07-14 20:41:56.667000
39075,15,521,13,1,2026-07-14 20:41:56.667000
39075,15,522,13,1,2026-07-14 20:41:56.667000
39075,15,523,13,1,2026-07-14 20:41:56.667000
39080,4,374,13,1,2021-10-19 13:18:37.777000
39080,4,375,13,1,2021-10-19 13:18:37.777000
39080,4,376,13,1,2021-10-19 13:18:37.777000
39080,4,377,13,1,2021-10-19 13:18:37.777000
39080,4,378,13,1,2021-10-19 13:18:37.777000
39080,4,379,13,1,2021-10-19 13:18:37.777000
39080,4,380,13,1,2021-10-19 13:18:37.777000
39080,4,381,13,1,2021-10-19 13:18:37.777000
39080,4,391,12,1,2021-10-19 13:18:37.777000
39080,4,392,12,1,2021-10-19 13:18:37.777000
39080,4,393,12,1,2021-10-19 13:18:37.777000
39080,4,394,12,1,2021-10-19 13:18:37.777000
39080,4,395,12,1,2021-10-19 13:18:37.777000
39080,4,396,12,1,2021-10-19 13:18:37.777000
39082,6,314,12,1,2021-12-23 12:41:09.270000
39082,6,315,12,1,2021-12-23 12:41:09.270000
39082,6,316,12,1,2021-12-23 12:41:09.270000
39082,6,317,12,1,2021-12-23 12:41:09.270000
39082,6,318,12,1,2021-12-23 12:41:09.270000
39082,6,319,12,1,2021-12-23 12:41:09.270000
39082,6,320,12,1,2021-12-23 12:41:09.270000
39082,6,321,12,1,2021-12-23 12:41:09.270000
39082,6,322,12,1,2021-12-23 12:41:09.270000
39082,6,323,12,1,2021-12-23 12:41:09.270000
39082,6,324,12,1,2021-12-23 12:41:09.270000
39082,6,325,12,1,2021-12-23 12:41:09.270000
39082,6,326,12,1,2021-12-23 12:41:09.270000
39082,6,327,12,1,2021-12-23 12:41:09.270000
39082,6,328,12,1,2021-12-23 12:41:09.270000
39082,6,329,12,1,2021-12-23 12:41:09.270000
39082,6,330,12,1,2021-12-23 12:41:09.270000
39082,6,331,12,1,2021-12-23 12:41:09.270000
39082,6,332,12,1,2021-12-23 12:41:09.270000
39082,6,333,12,1,2021-12-23 12:41:09.270000
39082,6,334,12,1,2021-12-23 12:41:09.270000
39082,6,335,12,1,2021-12-23 12:41:09.270000
39082,6,336,12,1,2021-12-23 12:41:09.270000
39082,6,337,12,1,2021-12-23 12:41:09.270000
39082,6,338,12,1,2021-12-23 12:41:09.270000
39082,6,339,12,1,2021-12-23 12:41:09.270000
39084,5,368,12,1,2021-12-23 12:43:47.263000
39084,5,369,12,1,2021-12-23 12:43:47.263000
39084,5,370,12,1,2021-12-23 12:43:47.263000
39084,5,371,12,1,2021-12-23 12:43:47.263000
39084,5,372,12,1,2021-12-23 12:43:47.263000
39086,10,374,13,1,2022-04-25 14:58:12.760000
39086,10,375,13,1,2022-04-25 14:58:12.760000
39086,10,376,13,1,2022-04-25 14:58:12.760000
39086,10,377,13,1,2022-04-25 14:58:12.760000
39086,10,378,13,1,2022-04-25 14:58:12.760000
39086,10,379,13,1,2022-04-25 14:58:12.760000
39086,10,380,13,1,2022-04-25 14:58:12.760000
39086,10,381,13,1,2022-04-25 14:58:12.760000
39086,10,391,12,1,2022-04-25 14:58:12.760000
39086,10,392,12,1,2022-04-25 14:58:12.760000
39086,10,393,12,1,2022-04-25 14:58:12.760000
39086,10,394,12,1,2022-04-25 14:58:12.760000
39086,10,395,12,1,2022-04-25 14:58:12.760000
39086,10,396,12,1,2022-04-25 14:58:12.760000
39116,6,340,12,1,2025-10-14 13:13:56.087000
39116,6,341,12,1,2025-10-14 13:13:56.087000
39116,6,342,12,1,2025-10-14 13:13:56.087000
39116,6,343,12,1,2025-10-14 13:13:56.087000
39116,6,344,12,1,2025-10-14 13:13:56.087000
39116,6,345,12,1,2025-10-14 13:13:56.087000
39116,6,346,12,1,2025-10-14 13:13:56.087000
39116,6,347,12,1,2025-10-14 13:13:56.087000
39116,6,348,12,1,2025-10-14 13:13:56.087000
39116,6,349,12,1,2025-10-14 13:13:56.087000
39116,6,350,12,1,2025-10-14 13:13:56.087000
39116,6,351,12,1,2025-10-14 13:13:56.087000
39116,6,352,12,1,2025-10-14 13:13:56.087000
39116,6,353,12,1,2025-10-14 13:13:56.087000
39116,6,354,12,1,2025-10-14 13:13:56.087000
39116,6,355,12,1,2025-10-14 13:13:56.087000
39116,6,356,12,1,2025-10-14 13:13:56.087000
39116,6,357,12,1,2025-10-14 13:13:56.087000
39116,6,358,12,1,2025-10-14 13:13:56.087000
39116,6,359,12,1,2025-10-14 13:13:56.087000
39116,6,360,12,1,2025-10-14 13:13:56.087000
39116,6,361,12,1,2025-10-14 13:13:56.087000
39116,6,362,12,1,2025-10-14 13:13:56.087000
39116,6,363,12,1,2025-10-14 13:13:56.087000
39116,6,364,12,1,2025-10-14 13:13:56.087000
39116,6,365,12,1,2025-10-14 13:13:56.087000
39116,6,366,12,1,2025-10-14 13:13:56.087000
39116,6,367,12,1,2025-10-14 13:13:56.087000
39121,9,374,13,1,2023-11-06 14:32:50.807000
39121,9,375,13,1,2023-11-06 14:32:50.807000
39121,9,376,13,1,2023-11-06 14:32:50.807000
39121,9,377,13,1,2023-11-06 14:32:50.807000
39121,9,378,13,1,2023-11-06 14:32:50.807000
39121,9,379,13,1,2023-11-06 14:32:50.807000
39121,9,380,13,1,2023-11-06 14:32:50.807000
39121,9,381,13,1,2023-11-06 14:32:50.807000
39121,9,391,12,1,2023-11-06 14:32:50.807000
39121,9,392,12,1,2023-11-06 14:32:50.807000
39121,9,393,12,1,2023-11-06 14:32:50.807000
39121,9,394,12,1,2023-11-06 14:32:50.807000
39121,9,395,12,1,2023-11-06 14:32:50.807000
39121,9,396,12,1,2023-11-06 14:32:50.807000
39122,3,269,8,1,2021-09-22 16:59:29.250000
39122,3,270,8,1,2021-09-22 16:59:29.250000
39122,3,271,8,1,2021-09-22 16:59:29.250000
39122,3,273,9,1,2021-09-22 16:59:29.250000
39122,3,274,9,1,2021-09-22 16:59:29.250000
39122,3,275,9,1,2021-09-22 16:59:29.250000
39122,3,297,13,1,2021-09-22 16:59:29.250000
39122,3,298,13,1,2021-09-22 16:59:29.250000
39122,3,299,13,1,2021-09-22 16:59:29.250000
39122,3,300,13,1,2021-09-22 16:59:29.250000
39122,3,301,13,1,2021-09-22 16:59:29.250000
39122,3,302,13,1,2021-09-22 16:59:29.250000
39122,3,303,13,1,2021-09-22 16:59:29.250000
39122,3,304,13,1,2021-09-22 16:59:29.250000
39122,3,305,13,1,2021-09-22 16:59:29.250000
39122,3,306,13,1,2021-09-22 16:59:29.250000
39122,3,307,13,1,2021-09-22 16:59:29.250000
39122,3,309,13,1,2021-09-22 16:59:29.250000
39122,3,310,13,1,2021-09-22 16:59:29.250000
39122,3,311,13,1,2021-09-22 16:59:29.250000
39122,3,312,13,1,2021-09-22 16:59:29.250000
39122,3,313,13,1,2021-09-22 16:59:29.250000
39128,15,374,13,1,2026-07-10 19:01:55.100000
39128,15,375,13,1,2026-07-10 19:01:55.100000
39128,15,376,13,1,2026-07-10 19:01:55.100000
39128,15,377,13,1,2026-07-10 19:01:55.100000
39128,15,378,13,1,2026-07-10 19:01:55.100000
39128,15,379,13,1,2026-07-10 19:01:55.100000
39128,15,380,13,1,2026-07-10 19:01:55.100000
39128,15,381,13,1,2026-07-10 19:01:55.100000
39128,15,391,12,1,2026-07-10 19:01:55.100000
39128,15,392,12,1,2026-07-10 19:01:55.100000
39128,15,393,12,1,2026-07-10 19:01:55.100000
39128,15,394,12,1,2026-07-10 19:01:55.100000
39128,15,395,12,1,2026-07-10 19:01:55.100000
39128,15,396,12,1,2026-07-10 19:01:55.100000
39139,5,500,8,1,2026-07-14 20:41:54.283000
39139,5,501,8,1,2026-07-14 20:41:54.283000
39139,5,502,8,1,2026-07-14 20:41:54.283000
39139,5,504,9,1,2026-07-14 20:41:54.283000
39139,5,505,9,1,2026-07-14 20:41:54.283000
39139,5,506,9,1,2026-07-14 20:41:54.283000
39139,5,507,13,1,2026-07-14 20:41:54.283000
39139,5,508,13,1,2026-07-14 20:41:54.283000
39139,5,509,13,1,2026-07-14 20:41:54.283000
39139,5,510,13,1,2026-07-14 20:41:54.283000
39139,5,511,13,1,2026-07-14 20:41:54.283000
39139,5,512,13,1,2026-07-14 20:41:54.283000
39139,5,513,13,1,2026-07-14 20:41:54.283000
39139,5,514,13,1,2026-07-14 20:41:54.283000
39139,5,515,13,1,2026-07-14 20:41:54.283000
39139,5,516,13,1,2026-07-14 20:41:54.283000
39139,5,517,13,1,2026-07-14 20:41:54.283000
39139,5,519,13,1,2026-07-14 20:41:54.283000
39139,5,520,13,1,2026-07-14 20:41:54.283000
39139,5,521,13,1,2026-07-14 20:41:54.283000
39139,5,522,13,1,2026-07-14 20:41:54.283000
39139,5,523,13,1,2026-07-14 20:41:54.283000
39189,8,500,8,1,2026-07-14 20:41:56.267000
39189,8,501,8,1,2026-07-14 20:41:56.267000
39189,8,502,8,1,2026-07-14 20:41:56.267000
39189,8,504,9,1,2026-07-14 20:41:56.267000
39189,8,505,9,1,2026-07-14 20:41:56.267000
39189,8,506,9,1,2026-07-14 20:41:56.267000
39189,8,507,13,1,2026-07-14 20:41:56.267000
39189,8,508,13,1,2026-07-14 20:41:56.267000
39189,8,509,13,1,2026-07-14 20:41:56.267000
39189,8,510,13,1,2026-07-14 20:41:56.267000
39189,8,511,13,1,2026-07-14 20:41:56.267000
39189,8,512,13,1,2026-07-14 20:41:56.267000
39189,8,513,13,1,2026-07-14 20:41:56.267000
39189,8,514,13,1,2026-07-14 20:41:56.267000
39189,8,515,13,1,2026-07-14 20:41:56.267000
39189,8,516,13,1,2026-07-14 20:41:56.267000
39189,8,517,13,1,2026-07-14 20:41:56.267000
39189,8,519,13,1,2026-07-14 20:41:56.267000
39189,8,520,13,1,2026-07-14 20:41:56.267000
39189,8,521,13,1,2026-07-14 20:41:56.267000
39189,8,522,13,1,2026-07-14 20:41:56.267000
39189,8,523,13,1,2026-07-14 20:41:56.267000
39226,13,500,8,1,2026-07-14 20:41:56.530000
39226,13,501,8,1,2026-07-14 20:41:56.530000
39226,13,502,8,1,2026-07-14 20:41:56.530000
39226,13,504,9,1,2026-07-14 20:41:56.530000
39226,13,505,9,1,2026-07-14 20:41:56.530000
39226,13,506,9,1,2026-07-14 20:41:56.530000
39226,13,507,13,1,2026-07-14 20:41:56.530000
39226,13,508,13,1,2026-07-14 20:41:56.530000
39226,13,509,13,1,2026-07-14 20:41:56.530000
39226,13,510,13,1,2026-07-14 20:41:56.530000
39226,13,511,13,1,2026-07-14 20:41:56.530000
39226,13,512,13,1,2026-07-14 20:41:56.530000
39226,13,513,13,1,2026-07-14 20:41:56.530000
39226,13,514,13,1,2026-07-14 20:41:56.530000
39226,13,515,13,1,2026-07-14 20:41:56.530000
39226,13,516,13,1,2026-07-14 20:41:56.530000
39226,13,517,13,1,2026-07-14 20:41:56.530000
39226,13,519,13,1,2026-07-14 20:41:56.530000
39226,13,520,13,1,2026-07-14 20:41:56.530000
39226,13,521,13,1,2026-07-14 20:41:56.530000
39226,13,522,13,1,2026-07-14 20:41:56.530000
39226,13,523,13,1,2026-07-14 20:41:56.530000
39230,7,340,12,1,2026-01-26 13:28:21.953000
39230,7,341,12,1,2026-01-26 13:28:21.953000
39230,7,342,12,1,2026-01-26 13:28:21.953000
39230,7,343,12,1,2026-01-26 13:28:21.953000
39230,7,344,12,1,2026-01-26 13:28:21.953000
39230,7,345,12,1,2026-01-26 13:28:21.953000
39230,7,346,12,1,2026-01-26 13:28:21.953000
39230,7,347,12,1,2026-01-26 13:28:21.953000
39230,7,348,12,1,2026-01-26 13:28:21.953000
39230,7,349,12,1,2026-01-26 13:28:21.953000
39230,7,350,12,1,2026-01-26 13:28:21.953000
39230,7,351,12,1,2026-01-26 13:28:21.953000
39230,7,352,12,1,2026-01-26 13:28:21.953000
39230,7,353,12,1,2026-01-26 13:28:21.953000
39230,7,354,12,1,2026-01-26 13:28:21.953000
39230,7,355,12,1,2026-01-26 13:28:21.953000
39230,7,356,12,1,2026-01-26 13:28:21.953000
39230,7,357,12,1,2026-01-26 13:28:21.953000
39230,7,358,12,1,2026-01-26 13:28:21.953000
39230,7,359,12,1,2026-01-26 13:28:21.953000
39230,7,360,12,1,2026-01-26 13:28:21.953000
39230,7,361,12,1,2026-01-26 13:28:21.953000
39230,7,362,12,1,2026-01-26 13:28:21.953000
39230,7,363,12,1,2026-01-26 13:28:21.953000
39230,7,364,12,1,2026-01-26 13:28:21.953000
39230,7,365,12,1,2026-01-26 13:28:21.953000
39230,7,366,12,1,2026-01-26 13:28:21.953000
39230,7,367,12,1,2026-01-26 13:28:21.953000
39237,10,374,13,1,2025-03-03 20:52:12.423000
39237,10,375,13,1,2025-03-03 20:52:12.423000
39237,10,376,13,1,2025-03-03 20:52:12.423000
39237,10,377,13,1,2025-03-03 20:52:12.423000
39237,10,378,13,1,2025-03-03 20:52:12.423000
39237,10,379,13,1,2025-03-03 20:52:12.423000
39237,10,380,13,1,2025-03-03 20:52:12.423000
39237,10,381,13,1,2025-03-03 20:52:12.423000
39237,10,391,12,1,2025-03-03 20:52:12.423000
39237,10,392,12,1,2025-03-03 20:52:12.423000
39237,10,393,12,1,2025-03-03 20:52:12.423000
39237,10,394,12,1,2025-03-03 20:52:12.423000
39237,10,395,12,1,2025-03-03 20:52:12.423000
39237,10,396,12,1,2025-03-03 20:52:12.423000
39240,15,340,12,1,2026-05-07 19:18:49.700000
39240,15,341,12,1,2026-05-07 19:18:49.700000
39240,15,342,12,1,2026-05-07 19:18:49.700000
39240,15,343,12,1,2026-05-07 19:18:49.700000
39240,15,344,12,1,2026-05-07 19:18:49.700000
39240,15,345,12,1,2026-05-07 19:18:49.700000
39240,15,346,12,1,2026-05-07 19:18:49.700000
39240,15,347,12,1,2026-05-07 19:18:49.700000
39240,15,348,12,1,2026-05-07 19:18:49.700000
39240,15,349,12,1,2026-05-07 19:18:49.700000
39240,15,350,12,1,2026-05-07 19:18:49.700000
39240,15,351,12,1,2026-05-07 19:18:49.700000
39240,15,352,12,1,2026-05-07 19:18:49.700000
39240,15,353,12,1,2026-05-07 19:18:49.700000
39240,15,354,12,1,2026-05-07 19:18:49.700000
39240,15,355,12,1,2026-05-07 19:18:49.700000
39240,15,356,12,1,2026-05-07 19:18:49.700000
39240,15,357,12,1,2026-05-07 19:18:49.700000
39240,15,358,12,1,2026-05-07 19:18:49.700000
39240,15,359,12,1,2026-05-07 19:18:49.700000
39240,15,360,12,1,2026-05-07 19:18:49.700000
39240,15,361,12,1,2026-05-07 19:18:49.700000
39240,15,362,12,1,2026-05-07 19:18:49.700000
39240,15,363,12,1,2026-05-07 19:18:49.700000
39240,15,364,12,1,2026-05-07 19:18:49.700000
39240,15,365,12,1,2026-05-07 19:18:49.700000
39240,15,366,12,1,2026-05-07 19:18:49.700000
39240,15,367,12,1,2026-05-07 19:18:49.700000
39256,7,374,13,1,2025-03-04 16:00:51.043000
39256,7,375,13,1,2025-03-04 16:00:51.043000
39256,7,376,13,1,2025-03-04 16:00:51.043000
39256,7,377,13,1,2025-03-04 16:00:51.043000
39256,7,378,13,1,2025-03-04 16:00:51.043000
39256,7,379,13,1,2025-03-04 16:00:51.043000
39256,7,380,13,1,2025-03-04 16:00:51.043000
39256,7,381,13,1,2025-03-04 16:00:51.043000
39256,7,391,12,1,2025-03-04 16:00:51.043000
39256,7,392,12,1,2025-03-04 16:00:51.043000
39256,7,393,12,1,2025-03-04 16:00:51.043000
39256,7,394,12,1,2025-03-04 16:00:51.043000
39256,7,395,12,1,2025-03-04 16:00:51.043000
39256,7,396,12,1,2025-03-04 16:00:51.043000
39258,12,374,13,1,2025-03-03 20:51:00.430000
39258,12,375,13,1,2025-03-03 20:51:00.430000
39258,12,376,13,1,2025-03-03 20:51:00.430000
39258,12,377,13,1,2025-03-03 20:51:00.430000
39258,12,378,13,1,2025-03-03 20:51:00.430000
39258,12,379,13,1,2025-03-03 20:51:00.430000
39258,12,380,13,1,2025-03-03 20:51:00.430000
39258,12,381,13,1,2025-03-03 20:51:00.430000
39258,12,391,12,1,2025-03-03 20:51:00.430000
39258,12,392,12,1,2025-03-03 20:51:00.430000
39258,12,393,12,1,2025-03-03 20:51:00.430000
39258,12,394,12,1,2025-03-03 20:51:00.430000
39258,12,395,12,1,2025-03-03 20:51:00.430000
39258,12,396,12,1,2025-03-03 20:51:00.430000
39260,5,374,13,1,2022-07-01 17:41:32.383000
39260,5,375,13,1,2022-07-01 17:41:32.383000
39260,5,376,13,1,2022-07-01 17:41:32.383000
39260,5,377,13,1,2022-07-01 17:41:32.383000
39260,5,378,13,1,2022-07-01 17:41:32.383000
39260,5,379,13,1,2022-07-01 17:41:32.383000
39260,5,380,13,1,2022-07-01 17:41:32.383000
39260,5,381,13,1,2022-07-01 17:41:32.383000
39260,5,391,12,1,2022-07-01 17:41:32.383000
39260,5,392,12,1,2022-07-01 17:41:32.383000
39260,5,393,12,1,2022-07-01 17:41:32.383000
39260,5,394,12,1,2022-07-01 17:41:32.383000
39260,5,395,12,1,2022-07-01 17:41:32.383000
39260,5,396,12,1,2022-07-01 17:41:32.383000
39262,8,340,12,1,2026-01-12 13:39:00.760000
39262,8,341,12,1,2026-01-12 13:39:00.760000
39262,8,342,12,1,2026-01-12 13:39:00.760000
39262,8,343,12,1,2026-01-12 13:39:00.760000
39262,8,344,12,1,2026-01-12 13:39:00.760000
39262,8,345,12,1,2026-01-12 13:39:00.760000
39262,8,346,12,1,2026-01-12 13:39:00.760000
39262,8,347,12,1,2026-01-12 13:39:00.760000
39262,8,348,12,1,2026-01-12 13:39:00.760000
39262,8,349,12,1,2026-01-12 13:39:00.760000
39262,8,350,12,1,2026-01-12 13:39:00.760000
39262,8,351,12,1,2026-01-12 13:39:00.760000
39262,8,352,12,1,2026-01-12 13:39:00.760000
39262,8,353,12,1,2026-01-12 13:39:00.760000
39262,8,354,12,1,2026-01-12 13:39:00.760000
39262,8,355,12,1,2026-01-12 13:39:00.760000
39262,8,356,12,1,2026-01-12 13:39:00.760000
39262,8,357,12,1,2026-01-12 13:39:00.760000
39262,8,358,12,1,2026-01-12 13:39:00.760000
39262,8,359,12,1,2026-01-12 13:39:00.760000
39262,8,360,12,1,2026-01-12 13:39:00.760000
39262,8,361,12,1,2026-01-12 13:39:00.760000
39262,8,362,12,1,2026-01-12 13:39:00.760000
39262,8,363,12,1,2026-01-12 13:39:00.760000
39262,8,364,12,1,2026-01-12 13:39:00.760000
39262,8,365,12,1,2026-01-12 13:39:00.760000
39262,8,366,12,1,2026-01-12 13:39:00.760000
39262,8,367,12,1,2026-01-12 13:39:00.760000
39266,3,374,13,1,2022-07-05 14:39:16.860000
39266,3,375,13,1,2022-07-05 14:39:16.860000
39266,3,376,13,1,2022-07-05 14:39:16.860000
39266,3,377,13,1,2022-07-05 14:39:16.860000
39266,3,378,13,1,2022-07-05 14:39:16.860000
39266,3,379,13,1,2022-07-05 14:39:16.860000
39266,3,380,13,1,2022-07-05 14:39:16.860000
39266,3,381,13,1,2022-07-05 14:39:16.860000
39266,3,391,12,1,2022-07-05 14:39:16.860000
39266,3,392,12,1,2022-07-05 14:39:16.860000
39266,3,393,12,1,2022-07-05 14:39:16.860000
39266,3,394,12,1,2022-07-05 14:39:16.860000
39266,3,395,12,1,2022-07-05 14:39:16.860000
39266,3,396,12,1,2022-07-05 14:39:16.860000
39268,7,374,13,1,2024-07-16 14:41:28.070000
39268,7,375,13,1,2024-07-16 14:41:28.070000
39268,7,376,13,1,2024-07-16 14:41:28.070000
39268,7,377,13,1,2024-07-16 14:41:28.070000
39268,7,378,13,1,2024-07-16 14:41:28.070000
39268,7,379,13,1,2024-07-16 14:41:28.070000
39268,7,380,13,1,2024-07-16 14:41:28.070000
39268,7,381,13,1,2024-07-16 14:41:28.070000
39268,7,391,12,1,2024-07-16 14:41:28.070000
39268,7,392,12,1,2024-07-16 14:41:28.070000
39268,7,393,12,1,2024-07-16 14:41:28.070000
39268,7,394,12,1,2024-07-16 14:41:28.070000
39268,7,395,12,1,2024-07-16 14:41:28.070000
39268,7,396,12,1,2024-07-16 14:41:28.070000
39270,8,374,13,1,2024-12-13 15:33:03.790000
39270,8,375,13,1,2024-12-13 15:33:03.790000
39270,8,376,13,1,2024-12-13 15:33:03.790000
39270,8,377,13,1,2024-12-13 15:33:03.790000
39270,8,378,13,1,2024-12-13 15:33:03.790000
39270,8,379,13,1,2024-12-13 15:33:03.790000
39270,8,380,13,1,2024-12-13 15:33:03.790000
39270,8,381,13,1,2024-12-13 15:33:03.790000
39270,8,391,12,1,2024-12-13 15:33:03.790000
39270,8,392,12,1,2024-12-13 15:33:03.790000
39270,8,393,12,1,2024-12-13 15:33:03.790000
39270,8,394,12,1,2024-12-13 15:33:03.790000
39270,8,395,12,1,2024-12-13 15:33:03.790000
39270,8,396,12,1,2024-12-13 15:33:03.790000
39276,9,228,9,2,2026-02-13 18:12:45.080000
39276,9,238,9,2,2026-02-13 18:12:45.080000
39276,9,239,8,1,2026-02-13 18:12:45.080000
39276,9,240,8,1,2026-02-13 18:12:45.080000
39284,12,228,9,2,2025-10-31 20:28:53.210000
39284,12,238,9,2,2025-10-31 20:28:53.210000
39284,12,239,8,1,2025-10-31 20:28:53.210000
39284,12,240,8,1,2025-10-31 20:28:53.210000
39297,7,500,8,1,2026-07-14 20:41:56.923000
39297,7,501,8,1,2026-07-14 20:41:56.923000
39297,7,502,8,1,2026-07-14 20:41:56.923000
39297,7,504,9,1,2026-07-14 20:41:56.923000
39297,7,505,9,1,2026-07-14 20:41:56.923000
39297,7,506,9,1,2026-07-14 20:41:56.923000
39297,7,507,13,1,2026-07-14 20:41:56.923000
39297,7,508,13,1,2026-07-14 20:41:56.923000
39297,7,509,13,1,2026-07-14 20:41:56.923000
39297,7,510,13,1,2026-07-14 20:41:56.923000
39297,7,511,13,1,2026-07-14 20:41:56.923000
39297,7,512,13,1,2026-07-14 20:41:56.923000
39297,7,513,13,1,2026-07-14 20:41:56.923000
39297,7,514,13,1,2026-07-14 20:41:56.923000
39297,7,515,13,1,2026-07-14 20:41:56.923000
39297,7,516,13,1,2026-07-14 20:41:56.923000
39297,7,517,13,1,2026-07-14 20:41:56.923000
39297,7,519,13,1,2026-07-14 20:41:56.923000
39297,7,520,13,1,2026-07-14 20:41:56.923000
39297,7,521,13,1,2026-07-14 20:41:56.923000
39297,7,522,13,1,2026-07-14 20:41:56.923000
39297,7,523,13,1,2026-07-14 20:41:56.923000
39314,12,500,8,1,2026-07-14 20:41:56.853000
39314,12,501,8,1,2026-07-14 20:41:56.853000
39314,12,502,8,1,2026-07-14 20:41:56.853000
39314,12,504,9,1,2026-07-14 20:41:56.853000
39314,12,505,9,1,2026-07-14 20:41:56.853000
39314,12,506,9,1,2026-07-14 20:41:56.853000
39314,12,507,13,1,2026-07-14 20:41:56.853000
39314,12,508,13,1,2026-07-14 20:41:56.853000
39314,12,509,13,1,2026-07-14 20:41:56.853000
39314,12,510,13,1,2026-07-14 20:41:56.853000
39314,12,511,13,1,2026-07-14 20:41:56.853000
39314,12,512,13,1,2026-07-14 20:41:56.853000
39314,12,513,13,1,2026-07-14 20:41:56.853000
39314,12,514,13,1,2026-07-14 20:41:56.853000
39314,12,515,13,1,2026-07-14 20:41:56.853000
39314,12,516,13,1,2026-07-14 20:41:56.853000
39314,12,517,13,1,2026-07-14 20:41:56.853000
39314,12,519,13,1,2026-07-14 20:41:56.853000
39314,12,520,13,1,2026-07-14 20:41:56.853000
39314,12,521,13,1,2026-07-14 20:41:56.853000
39314,12,522,13,1,2026-07-14 20:41:56.853000
39314,12,523,13,1,2026-07-14 20:41:56.853000
39345,3,374,13,1,2023-06-16 19:54:47.753000
39345,3,375,13,1,2023-06-16 19:54:47.753000
39345,3,376,13,1,2023-06-16 19:54:47.753000
39345,3,377,13,1,2023-06-16 19:54:47.753000
39345,3,378,13,1,2023-06-16 19:54:47.753000
39345,3,379,13,1,2023-06-16 19:54:47.753000
39345,3,380,13,1,2023-06-16 19:54:47.753000
39345,3,381,13,1,2023-06-16 19:54:47.753000
39345,3,391,12,1,2023-06-16 19:54:47.753000
39345,3,392,12,1,2023-06-16 19:54:47.753000
39345,3,393,12,1,2023-06-16 19:54:47.753000
39345,3,394,12,1,2023-06-16 19:54:47.753000
39345,3,395,12,1,2023-06-16 19:54:47.753000
39345,3,396,12,1,2023-06-16 19:54:47.753000
39356,5,143,8,1,2025-02-20 15:11:59.293000
39356,5,144,8,1,2025-02-20 15:11:59.293000
39356,5,145,8,1,2025-02-20 15:11:59.293000
39356,5,146,8,1,2025-02-20 15:11:59.293000
39356,5,147,9,1,2025-02-20 15:11:59.293000
39356,5,148,9,1,2025-02-20 15:11:59.293000
39356,5,149,9,1,2025-02-20 15:11:59.293000
39356,5,151,9,1,2025-02-20 15:11:59.293000
39356,5,264,8,1,2025-02-20 15:11:59.293000
39356,5,265,9,1,2025-02-20 15:11:59.293000
39356,5,266,8,1,2025-02-20 15:11:59.293000
39356,5,267,9,1,2025-02-20 15:11:59.293000
39356,5,268,8,1,2025-02-20 15:11:59.293000
39365,149,314,12,1,2025-04-25 11:56:06.493000
39365,149,315,12,1,2025-04-25 11:56:06.493000
39365,149,316,12,1,2025-04-25 11:56:06.493000
39365,149,317,12,1,2025-04-25 11:56:06.493000
39365,149,318,12,1,2025-04-25 11:56:06.493000
39365,149,319,12,1,2025-04-25 11:56:06.493000
39365,149,320,12,1,2025-04-25 11:56:06.493000
39365,149,321,12,1,2025-04-25 11:56:06.493000
39365,149,322,12,1,2025-04-25 11:56:06.493000
39365,149,323,12,1,2025-04-25 11:56:06.493000
39365,149,324,12,1,2025-04-25 11:56:06.493000
39365,149,325,12,1,2025-04-25 11:56:06.493000
39365,149,326,12,1,2025-04-25 11:56:06.493000
39365,149,327,12,1,2025-04-25 11:56:06.493000
39365,149,328,12,1,2025-04-25 11:56:06.493000
39365,149,329,12,1,2025-04-25 11:56:06.493000
39365,149,330,12,1,2025-04-25 11:56:06.493000
39365,149,331,12,1,2025-04-25 11:56:06.493000
39365,149,332,12,1,2025-04-25 11:56:06.493000
39365,149,333,12,1,2025-04-25 11:56:06.493000
39365,149,334,12,1,2025-04-25 11:56:06.493000
39365,149,335,12,1,2025-04-25 11:56:06.493000
39365,149,336,12,1,2025-04-25 11:56:06.493000
39365,149,337,12,1,2025-04-25 11:56:06.493000
39365,149,338,12,1,2025-04-25 11:56:06.493000
39365,149,339,12,1,2025-04-25 11:56:06.493000
39367,41,368,12,1,2025-04-25 11:57:25.867000
39367,41,369,12,1,2025-04-25 11:57:25.867000
39367,41,370,12,1,2025-04-25 11:57:25.867000
39367,41,371,12,1,2025-04-25 11:57:25.867000
39367,41,372,12,1,2025-04-25 11:57:25.867000
39373,6,340,12,1,2026-01-12 13:39:00.313000
39373,6,341,12,1,2026-01-12 13:39:00.313000
39373,6,342,12,1,2026-01-12 13:39:00.313000
39373,6,343,12,1,2026-01-12 13:39:00.313000
39373,6,344,12,1,2026-01-12 13:39:00.313000
39373,6,345,12,1,2026-01-12 13:39:00.313000
39373,6,346,12,1,2026-01-12 13:39:00.313000
39373,6,347,12,1,2026-01-12 13:39:00.313000
39373,6,348,12,1,2026-01-12 13:39:00.313000
39373,6,349,12,1,2026-01-12 13:39:00.313000
39373,6,350,12,1,2026-01-12 13:39:00.313000
39373,6,351,12,1,2026-01-12 13:39:00.313000
39373,6,352,12,1,2026-01-12 13:39:00.313000
39373,6,353,12,1,2026-01-12 13:39:00.313000
39373,6,354,12,1,2026-01-12 13:39:00.313000
39373,6,355,12,1,2026-01-12 13:39:00.313000
39373,6,356,12,1,2026-01-12 13:39:00.313000
39373,6,357,12,1,2026-01-12 13:39:00.313000
39373,6,358,12,1,2026-01-12 13:39:00.313000
39373,6,359,12,1,2026-01-12 13:39:00.313000
39373,6,360,12,1,2026-01-12 13:39:00.313000
39373,6,361,12,1,2026-01-12 13:39:00.313000
39373,6,362,12,1,2026-01-12 13:39:00.313000
39373,6,363,12,1,2026-01-12 13:39:00.313000
39373,6,364,12,1,2026-01-12 13:39:00.313000
39373,6,365,12,1,2026-01-12 13:39:00.313000
39373,6,366,12,1,2026-01-12 13:39:00.313000
39373,6,367,12,1,2026-01-12 13:39:00.313000
39383,13,228,9,2,2026-03-27 15:14:29.737000
39383,13,238,9,2,2026-03-27 15:14:29.737000
39383,13,239,8,1,2026-03-27 15:14:29.737000
39383,13,240,8,1,2026-03-27 15:14:29.737000
39385,6,374,13,1,2022-12-19 19:50:47.400000
39385,6,375,13,1,2022-12-19 19:50:47.400000
39385,6,376,13,1,2022-12-19 19:50:47.400000
39385,6,377,13,1,2022-12-19 19:50:47.400000
39385,6,378,13,1,2022-12-19 19:50:47.400000
39385,6,379,13,1,2022-12-19 19:50:47.400000
39385,6,380,13,1,2022-12-19 19:50:47.400000
39385,6,381,13,1,2022-12-19 19:50:47.400000
39385,6,391,12,1,2022-12-19 19:50:47.400000
39385,6,392,12,1,2022-12-19 19:50:47.400000
39385,6,393,12,1,2022-12-19 19:50:47.400000
39385,6,394,12,1,2022-12-19 19:50:47.400000
39385,6,395,12,1,2022-12-19 19:50:47.400000
39385,6,396,12,1,2022-12-19 19:50:47.400000
39387,8,374,13,1,2024-10-04 14:11:48.910000
39387,8,375,13,1,2024-10-04 14:11:48.910000
39387,8,376,13,1,2024-10-04 14:11:48.910000
39387,8,377,13,1,2024-10-04 14:11:48.910000
39387,8,378,13,1,2024-10-04 14:11:48.910000
39387,8,379,13,1,2024-10-04 14:11:48.910000
39387,8,380,13,1,2024-10-04 14:11:48.910000
39387,8,381,13,1,2024-10-04 14:11:48.910000
39387,8,391,12,1,2024-10-04 14:11:48.910000
39387,8,392,12,1,2024-10-04 14:11:48.910000
39387,8,393,12,1,2024-10-04 14:11:48.910000
39387,8,394,12,1,2024-10-04 14:11:48.910000
39387,8,395,12,1,2024-10-04 14:11:48.910000
39387,8,396,12,1,2024-10-04 14:11:48.910000
39389,6,228,9,2,2026-04-06 13:35:50.723000
39389,6,238,9,2,2026-04-06 13:35:50.723000
39389,6,239,8,1,2026-04-06 13:35:50.723000
39389,6,240,8,1,2026-04-06 13:35:50.723000
39391,9,374,13,1,2025-12-22 16:05:31.900000
39391,9,375,13,1,2025-12-22 16:05:31.900000
39391,9,376,13,1,2025-12-22 16:05:31.900000
39391,9,377,13,1,2025-12-22 16:05:31.900000
39391,9,378,13,1,2025-12-22 16:05:31.900000
39391,9,379,13,1,2025-12-22 16:05:31.900000
39391,9,380,13,1,2025-12-22 16:05:31.900000
39391,9,381,13,1,2025-12-22 16:05:31.900000
39391,9,391,12,1,2025-12-22 16:05:31.900000
39391,9,392,12,1,2025-12-22 16:05:31.900000
39391,9,393,12,1,2025-12-22 16:05:31.900000
39391,9,394,12,1,2025-12-22 16:05:31.900000
39391,9,395,12,1,2025-12-22 16:05:31.900000
39391,9,396,12,1,2025-12-22 16:05:31.900000
39396,7,340,12,1,2026-02-23 13:19:27.760000
39396,7,341,12,1,2026-02-23 13:19:27.760000
39396,7,342,12,1,2026-02-23 13:19:27.760000
39396,7,343,12,1,2026-02-23 13:19:27.760000
39396,7,344,12,1,2026-02-23 13:19:27.760000
39396,7,345,12,1,2026-02-23 13:19:27.760000
39396,7,346,12,1,2026-02-23 13:19:27.760000
39396,7,347,12,1,2026-02-23 13:19:27.760000
39396,7,348,12,1,2026-02-23 13:19:27.760000
39396,7,349,12,1,2026-02-23 13:19:27.760000
39396,7,350,12,1,2026-02-23 13:19:27.760000
39396,7,351,12,1,2026-02-23 13:19:27.760000
39396,7,352,12,1,2026-02-23 13:19:27.760000
39396,7,353,12,1,2026-02-23 13:19:27.760000
39396,7,354,12,1,2026-02-23 13:19:27.760000
39396,7,355,12,1,2026-02-23 13:19:27.760000
39396,7,356,12,1,2026-02-23 13:19:27.760000
39396,7,357,12,1,2026-02-23 13:19:27.760000
39396,7,358,12,1,2026-02-23 13:19:27.760000
39396,7,359,12,1,2026-02-23 13:19:27.760000
39396,7,360,12,1,2026-02-23 13:19:27.760000
39396,7,361,12,1,2026-02-23 13:19:27.760000
39396,7,362,12,1,2026-02-23 13:19:27.760000
39396,7,363,12,1,2026-02-23 13:19:27.760000
39396,7,364,12,1,2026-02-23 13:19:27.760000
39396,7,365,12,1,2026-02-23 13:19:27.760000
39396,7,366,12,1,2026-02-23 13:19:27.760000
39396,7,367,12,1,2026-02-23 13:19:27.760000
39400,8,374,13,1,2024-09-06 13:41:47.123000
39400,8,375,13,1,2024-09-06 13:41:47.123000
39400,8,376,13,1,2024-09-06 13:41:47.123000
39400,8,377,13,1,2024-09-06 13:41:47.123000
39400,8,378,13,1,2024-09-06 13:41:47.123000
39400,8,379,13,1,2024-09-06 13:41:47.123000
39400,8,380,13,1,2024-09-06 13:41:47.123000
39400,8,381,13,1,2024-09-06 13:41:47.123000
39400,8,391,12,1,2024-09-06 13:41:47.123000
39400,8,392,12,1,2024-09-06 13:41:47.123000
39400,8,393,12,1,2024-09-06 13:41:47.123000
39400,8,394,12,1,2024-09-06 13:41:47.123000
39400,8,395,12,1,2024-09-06 13:41:47.123000
39400,8,396,12,1,2024-09-06 13:41:47.123000
39402,14,374,13,1,2024-11-20 12:58:54.037000
39402,14,375,13,1,2024-11-20 12:58:54.037000
39402,14,376,13,1,2024-11-20 12:58:54.037000
39402,14,377,13,1,2024-11-20 12:58:54.037000
39402,14,378,13,1,2024-11-20 12:58:54.037000
39402,14,379,13,1,2024-11-20 12:58:54.037000
39402,14,380,13,1,2024-11-20 12:58:54.037000
39402,14,381,13,1,2024-11-20 12:58:54.037000
39402,14,391,12,1,2024-11-20 12:58:54.037000
39402,14,392,12,1,2024-11-20 12:58:54.037000
39402,14,393,12,1,2024-11-20 12:58:54.037000
39402,14,394,12,1,2024-11-20 12:58:54.037000
39402,14,395,12,1,2024-11-20 12:58:54.037000
39402,14,396,12,1,2024-11-20 12:58:54.037000
39420,4,374,13,1,2023-01-13 15:56:08.893000
39420,4,375,13,1,2023-01-13 15:56:08.893000
39420,4,376,13,1,2023-01-13 15:56:08.893000
39420,4,377,13,1,2023-01-13 15:56:08.893000
39420,4,378,13,1,2023-01-13 15:56:08.893000
39420,4,379,13,1,2023-01-13 15:56:08.893000
39420,4,380,13,1,2023-01-13 15:56:08.893000
39420,4,381,13,1,2023-01-13 15:56:08.893000
39420,4,391,12,1,2023-01-13 15:56:08.893000
39420,4,392,12,1,2023-01-13 15:56:08.893000
39420,4,393,12,1,2023-01-13 15:56:08.893000
39420,4,394,12,1,2023-01-13 15:56:08.893000
39420,4,395,12,1,2023-01-13 15:56:08.893000
39420,4,396,12,1,2023-01-13 15:56:08.893000
39424,6,374,13,1,2024-08-13 19:03:36.340000
39424,6,375,13,1,2024-08-13 19:03:36.340000
39424,6,376,13,1,2024-08-13 19:03:36.340000
39424,6,377,13,1,2024-08-13 19:03:36.340000
39424,6,378,13,1,2024-08-13 19:03:36.340000
39424,6,379,13,1,2024-08-13 19:03:36.340000
39424,6,380,13,1,2024-08-13 19:03:36.340000
39424,6,381,13,1,2024-08-13 19:03:36.340000
39424,6,391,12,1,2024-08-13 19:03:36.340000
39424,6,392,12,1,2024-08-13 19:03:36.340000
39424,6,393,12,1,2024-08-13 19:03:36.340000
39424,6,394,12,1,2024-08-13 19:03:36.340000
39424,6,395,12,1,2024-08-13 19:03:36.340000
39424,6,396,12,1,2024-08-13 19:03:36.340000
39427,7,228,9,2,2026-07-02 13:29:50.807000
39427,7,238,9,2,2026-07-02 13:29:50.807000
39427,7,239,8,1,2026-07-02 13:29:50.807000
39427,7,240,8,1,2026-07-02 13:29:50.807000
39434,8,228,9,2,2026-02-27 14:07:27.700000
39434,8,238,9,2,2026-02-27 14:07:27.700000
39434,8,239,8,1,2026-02-27 14:07:27.700000
39434,8,240,8,1,2026-02-27 14:07:27.700000
39455,7,500,8,1,2026-07-14 20:41:58.190000
39455,7,501,8,1,2026-07-14 20:41:58.190000
39455,7,502,8,1,2026-07-14 20:41:58.190000
39455,7,504,9,1,2026-07-14 20:41:58.190000
39455,7,505,9,1,2026-07-14 20:41:58.190000
39455,7,506,9,1,2026-07-14 20:41:58.190000
39455,7,507,13,1,2026-07-14 20:41:58.190000
39455,7,508,13,1,2026-07-14 20:41:58.190000
39455,7,509,13,1,2026-07-14 20:41:58.190000
39455,7,510,13,1,2026-07-14 20:41:58.190000
39455,7,511,13,1,2026-07-14 20:41:58.190000
39455,7,512,13,1,2026-07-14 20:41:58.190000
39455,7,513,13,1,2026-07-14 20:41:58.190000
39455,7,514,13,1,2026-07-14 20:41:58.190000
39455,7,515,13,1,2026-07-14 20:41:58.190000
39455,7,516,13,1,2026-07-14 20:41:58.190000
39455,7,517,13,1,2026-07-14 20:41:58.190000
39455,7,519,13,1,2026-07-14 20:41:58.190000
39455,7,520,13,1,2026-07-14 20:41:58.190000
39455,7,521,13,1,2026-07-14 20:41:58.190000
39455,7,522,13,1,2026-07-14 20:41:58.190000
39455,7,523,13,1,2026-07-14 20:41:58.190000
39462,9,340,12,1,2026-02-23 13:19:28.543000
39462,9,341,12,1,2026-02-23 13:19:28.543000
39462,9,342,12,1,2026-02-23 13:19:28.543000
39462,9,343,12,1,2026-02-23 13:19:28.543000
39462,9,344,12,1,2026-02-23 13:19:28.543000
39462,9,345,12,1,2026-02-23 13:19:28.543000
39462,9,346,12,1,2026-02-23 13:19:28.543000
39462,9,347,12,1,2026-02-23 13:19:28.543000
39462,9,348,12,1,2026-02-23 13:19:28.543000
39462,9,349,12,1,2026-02-23 13:19:28.543000
39462,9,350,12,1,2026-02-23 13:19:28.543000
39462,9,351,12,1,2026-02-23 13:19:28.543000
39462,9,352,12,1,2026-02-23 13:19:28.543000
39462,9,353,12,1,2026-02-23 13:19:28.543000
39462,9,354,12,1,2026-02-23 13:19:28.543000
39462,9,355,12,1,2026-02-23 13:19:28.543000
39462,9,356,12,1,2026-02-23 13:19:28.543000
39462,9,357,12,1,2026-02-23 13:19:28.543000
39462,9,358,12,1,2026-02-23 13:19:28.543000
39462,9,359,12,1,2026-02-23 13:19:28.543000
39462,9,360,12,1,2026-02-23 13:19:28.543000
39462,9,361,12,1,2026-02-23 13:19:28.543000
39462,9,362,12,1,2026-02-23 13:19:28.543000
39462,9,363,12,1,2026-02-23 13:19:28.543000
39462,9,364,12,1,2026-02-23 13:19:28.543000
39462,9,365,12,1,2026-02-23 13:19:28.543000
39462,9,366,12,1,2026-02-23 13:19:28.543000
39462,9,367,12,1,2026-02-23 13:19:28.543000
39467,9,340,12,1,2026-01-12 13:39:00.503000
39467,9,341,12,1,2026-01-12 13:39:00.503000
39467,9,342,12,1,2026-01-12 13:39:00.503000
39467,9,343,12,1,2026-01-12 13:39:00.503000
39467,9,344,12,1,2026-01-12 13:39:00.503000
39467,9,345,12,1,2026-01-12 13:39:00.503000
39467,9,346,12,1,2026-01-12 13:39:00.503000
39467,9,347,12,1,2026-01-12 13:39:00.503000
39467,9,348,12,1,2026-01-12 13:39:00.503000
39467,9,349,12,1,2026-01-12 13:39:00.503000
39467,9,350,12,1,2026-01-12 13:39:00.503000
39467,9,351,12,1,2026-01-12 13:39:00.503000
39467,9,352,12,1,2026-01-12 13:39:00.503000
39467,9,353,12,1,2026-01-12 13:39:00.503000
39467,9,354,12,1,2026-01-12 13:39:00.503000
39467,9,355,12,1,2026-01-12 13:39:00.503000
39467,9,356,12,1,2026-01-12 13:39:00.503000
39467,9,357,12,1,2026-01-12 13:39:00.503000
39467,9,358,12,1,2026-01-12 13:39:00.503000
39467,9,359,12,1,2026-01-12 13:39:00.503000
39467,9,360,12,1,2026-01-12 13:39:00.503000
39467,9,361,12,1,2026-01-12 13:39:00.503000
39467,9,362,12,1,2026-01-12 13:39:00.503000
39467,9,363,12,1,2026-01-12 13:39:00.503000
39467,9,364,12,1,2026-01-12 13:39:00.503000
39467,9,365,12,1,2026-01-12 13:39:00.503000
39467,9,366,12,1,2026-01-12 13:39:00.503000
39467,9,367,12,1,2026-01-12 13:39:00.503000
39475,7,143,8,1,2024-12-18 13:19:38.047000
39475,7,144,8,1,2024-12-18 13:19:38.047000
39475,7,145,8,1,2024-12-18 13:19:38.047000
39475,7,146,8,1,2024-12-18 13:19:38.047000
39475,7,147,9,1,2024-12-18 13:19:38.047000
39475,7,148,9,1,2024-12-18 13:19:38.047000
39475,7,149,9,1,2024-12-18 13:19:38.047000
39475,7,151,9,1,2024-12-18 13:19:38.047000
39475,7,264,8,1,2024-12-18 13:19:38.047000
39475,7,265,9,1,2024-12-18 13:19:38.047000
39475,7,266,8,1,2024-12-18 13:19:38.047000
39475,7,267,9,1,2024-12-18 13:19:38.047000
39475,7,268,8,1,2024-12-18 13:19:38.047000
39477,7,143,8,1,2024-12-18 13:28:00.917000
39477,7,144,8,1,2024-12-18 13:28:00.917000
39477,7,145,8,1,2024-12-18 13:28:00.917000
39477,7,146,8,1,2024-12-18 13:28:00.917000
39477,7,147,9,1,2024-12-18 13:28:00.917000
39477,7,148,9,1,2024-12-18 13:28:00.917000
39477,7,149,9,1,2024-12-18 13:28:00.917000
39477,7,151,9,1,2024-12-18 13:28:00.917000
39477,7,264,8,1,2024-12-18 13:28:00.917000
39477,7,265,9,1,2024-12-18 13:28:00.917000
39477,7,266,8,1,2024-12-18 13:28:00.917000
39477,7,267,9,1,2024-12-18 13:28:00.917000
39477,7,268,8,1,2024-12-18 13:28:00.917000
39479,5,143,8,1,2025-04-22 16:18:28.383000
39479,5,144,8,1,2025-04-22 16:18:28.383000
39479,5,145,8,1,2025-04-22 16:18:28.383000
39479,5,146,8,1,2025-04-22 16:18:28.383000
39479,5,147,9,1,2025-04-22 16:18:28.383000
39479,5,148,9,1,2025-04-22 16:18:28.383000
39479,5,149,9,1,2025-04-22 16:18:28.383000
39479,5,151,9,1,2025-04-22 16:18:28.383000
39479,5,264,8,1,2025-04-22 16:18:28.383000
39479,5,265,9,1,2025-04-22 16:18:28.383000
39479,5,266,8,1,2025-04-22 16:18:28.383000
39479,5,267,9,1,2025-04-22 16:18:28.383000
39479,5,268,8,1,2025-04-22 16:18:28.383000
39481,8,143,8,1,2025-08-01 11:59:42.190000
39481,8,144,8,1,2025-08-01 11:59:42.190000
39481,8,145,8,1,2025-08-01 11:59:42.190000
39481,8,146,8,1,2025-08-01 11:59:42.190000
39481,8,147,9,1,2025-08-01 11:59:42.190000
39481,8,148,9,1,2025-08-01 11:59:42.190000
39481,8,149,9,1,2025-08-01 11:59:42.190000
39481,8,151,9,1,2025-08-01 11:59:42.190000
39481,8,264,8,1,2025-08-01 11:59:42.190000
39481,8,265,9,1,2025-08-01 11:59:42.190000
39481,8,266,8,1,2025-08-01 11:59:42.190000
39481,8,267,9,1,2025-08-01 11:59:42.190000
39481,8,268,8,1,2025-08-01 11:59:42.190000
39490,7,314,12,1,2023-04-21 15:18:15.497000
39490,7,315,12,1,2023-04-21 15:18:15.497000
39490,7,316,12,1,2023-04-21 15:18:15.497000
39490,7,317,12,1,2023-04-21 15:18:15.497000
39490,7,318,12,1,2023-04-21 15:18:15.497000
39490,7,319,12,1,2023-04-21 15:18:15.497000
39490,7,320,12,1,2023-04-21 15:18:15.497000
39490,7,321,12,1,2023-04-21 15:18:15.497000
39490,7,322,12,1,2023-04-21 15:18:15.497000
39490,7,323,12,1,2023-04-21 15:18:15.497000
39490,7,324,12,1,2023-04-21 15:18:15.497000
39490,7,325,12,1,2023-04-21 15:18:15.497000
39490,7,326,12,1,2023-04-21 15:18:15.497000
39490,7,327,12,1,2023-04-21 15:18:15.497000
39490,7,328,12,1,2023-04-21 15:18:15.497000
39490,7,329,12,1,2023-04-21 15:18:15.497000
39490,7,330,12,1,2023-04-21 15:18:15.497000
39490,7,331,12,1,2023-04-21 15:18:15.497000
39490,7,332,12,1,2023-04-21 15:18:15.497000
39490,7,333,12,1,2023-04-21 15:18:15.497000
39490,7,334,12,1,2023-04-21 15:18:15.497000
39490,7,335,12,1,2023-04-21 15:18:15.497000
39490,7,336,12,1,2023-04-21 15:18:15.497000
39490,7,337,12,1,2023-04-21 15:18:15.497000
39490,7,338,12,1,2023-04-21 15:18:15.497000
39490,7,339,12,1,2023-04-21 15:18:15.497000
39492,7,368,12,1,2023-04-21 15:20:30.617000
39492,7,369,12,1,2023-04-21 15:20:30.617000
39492,7,370,12,1,2023-04-21 15:20:30.617000
39492,7,371,12,1,2023-04-21 15:20:30.617000
39492,7,372,12,1,2023-04-21 15:20:30.617000
39506,6,228,9,2,2026-05-11 16:58:02.167000
39506,6,238,9,2,2026-05-11 16:58:02.167000
39506,6,239,8,1,2026-05-11 16:58:02.167000
39506,6,240,8,1,2026-05-11 16:58:02.167000
39513,4,500,8,1,2026-07-14 20:41:54.210000
39513,4,501,8,1,2026-07-14 20:41:54.210000
39513,4,502,8,1,2026-07-14 20:41:54.210000
39513,4,504,9,1,2026-07-14 20:41:54.210000
39513,4,505,9,1,2026-07-14 20:41:54.210000
39513,4,506,9,1,2026-07-14 20:41:54.210000
39513,4,507,13,1,2026-07-14 20:41:54.210000
39513,4,508,13,1,2026-07-14 20:41:54.210000
39513,4,509,13,1,2026-07-14 20:41:54.210000
39513,4,510,13,1,2026-07-14 20:41:54.210000
39513,4,511,13,1,2026-07-14 20:41:54.210000
39513,4,512,13,1,2026-07-14 20:41:54.210000
39513,4,513,13,1,2026-07-14 20:41:54.210000
39513,4,514,13,1,2026-07-14 20:41:54.210000
39513,4,515,13,1,2026-07-14 20:41:54.210000
39513,4,516,13,1,2026-07-14 20:41:54.210000
39513,4,517,13,1,2026-07-14 20:41:54.210000
39513,4,519,13,1,2026-07-14 20:41:54.210000
39513,4,520,13,1,2026-07-14 20:41:54.210000
39513,4,521,13,1,2026-07-14 20:41:54.210000
39513,4,522,13,1,2026-07-14 20:41:54.210000
39513,4,523,13,1,2026-07-14 20:41:54.210000
39521,8,228,9,2,2026-02-19 15:06:37.200000
39521,8,238,9,2,2026-02-19 15:06:37.200000
39521,8,239,8,1,2026-02-19 15:06:37.200000
39521,8,240,8,1,2026-02-19 15:06:37.200000
39529,5,143,8,1,2025-04-22 15:46:43.653000
39529,5,144,8,1,2025-04-22 15:46:43.653000
39529,5,145,8,1,2025-04-22 15:46:43.653000
39529,5,146,8,1,2025-04-22 15:46:43.653000
39529,5,147,9,1,2025-04-22 15:46:43.653000
39529,5,148,9,1,2025-04-22 15:46:43.653000
39529,5,149,9,1,2025-04-22 15:46:43.653000
39529,5,151,9,1,2025-04-22 15:46:43.653000
39529,5,264,8,1,2025-04-22 15:46:43.653000
39529,5,265,9,1,2025-04-22 15:46:43.653000
39529,5,266,8,1,2025-04-22 15:46:43.653000
39529,5,267,9,1,2025-04-22 15:46:43.653000
39529,5,268,8,1,2025-04-22 15:46:43.653000
39543,5,374,13,1,2023-09-12 15:06:35.503000
39543,5,375,13,1,2023-09-12 15:06:35.503000
39543,5,376,13,1,2023-09-12 15:06:35.503000
39543,5,377,13,1,2023-09-12 15:06:35.503000
39543,5,378,13,1,2023-09-12 15:06:35.503000
39543,5,379,13,1,2023-09-12 15:06:35.503000
39543,5,380,13,1,2023-09-12 15:06:35.503000
39543,5,381,13,1,2023-09-12 15:06:35.503000
39543,5,391,12,1,2023-09-12 15:06:35.503000
39543,5,392,12,1,2023-09-12 15:06:35.503000
39543,5,393,12,1,2023-09-12 15:06:35.503000
39543,5,394,12,1,2023-09-12 15:06:35.503000
39543,5,395,12,1,2023-09-12 15:06:35.503000
39543,5,396,12,1,2023-09-12 15:06:35.503000
39553,24,374,13,1,2025-12-08 15:30:20.490000
39553,24,375,13,1,2025-12-08 15:30:20.490000
39553,24,376,13,1,2025-12-08 15:30:20.490000
39553,24,377,13,1,2025-12-08 15:30:20.490000
39553,24,378,13,1,2025-12-08 15:30:20.490000
39553,24,379,13,1,2025-12-08 15:30:20.490000
39553,24,380,13,1,2025-12-08 15:30:20.490000
39553,24,381,13,1,2025-12-08 15:30:20.490000
39553,24,391,12,1,2025-12-08 15:30:20.490000
39553,24,392,12,1,2025-12-08 15:30:20.490000
39553,24,393,12,1,2025-12-08 15:30:20.490000
39553,24,394,12,1,2025-12-08 15:30:20.490000
39553,24,395,12,1,2025-12-08 15:30:20.490000
39553,24,396,12,1,2025-12-08 15:30:20.490000
39573,3,374,13,1,2023-09-18 14:02:06.160000
39573,3,375,13,1,2023-09-18 14:02:06.160000
39573,3,376,13,1,2023-09-18 14:02:06.160000
39573,3,377,13,1,2023-09-18 14:02:06.160000
39573,3,378,13,1,2023-09-18 14:02:06.160000
39573,3,379,13,1,2023-09-18 14:02:06.160000
39573,3,380,13,1,2023-09-18 14:02:06.160000
39573,3,381,13,1,2023-09-18 14:02:06.160000
39573,3,391,12,1,2023-09-18 14:02:06.160000
39573,3,392,12,1,2023-09-18 14:02:06.160000
39573,3,393,12,1,2023-09-18 14:02:06.160000
39573,3,394,12,1,2023-09-18 14:02:06.160000
39573,3,395,12,1,2023-09-18 14:02:06.160000
39573,3,396,12,1,2023-09-18 14:02:06.160000
39575,4,228,9,2,2023-10-16 13:30:01.433000
39575,4,238,9,2,2023-10-16 13:30:01.433000
39575,4,239,8,1,2023-10-16 13:30:01.433000
39575,4,240,8,1,2023-10-16 13:30:01.433000
39583,3,374,13,1,2024-06-28 17:34:17.370000
39583,3,375,13,1,2024-06-28 17:34:17.370000
39583,3,376,13,1,2024-06-28 17:34:17.370000
39583,3,377,13,1,2024-06-28 17:34:17.370000
39583,3,378,13,1,2024-06-28 17:34:17.370000
39583,3,379,13,1,2024-06-28 17:34:17.370000
39583,3,380,13,1,2024-06-28 17:34:17.370000
39583,3,381,13,1,2024-06-28 17:34:17.370000
39583,3,391,12,1,2024-06-28 17:34:17.370000
39583,3,392,12,1,2024-06-28 17:34:17.370000
39583,3,393,12,1,2024-06-28 17:34:17.370000
39583,3,394,12,1,2024-06-28 17:34:17.370000
39583,3,395,12,1,2024-06-28 17:34:17.370000
39583,3,396,12,1,2024-06-28 17:34:17.370000
39585,5,228,9,2,2026-05-22 15:21:41.117000
39585,5,238,9,2,2026-05-22 15:21:41.117000
39585,5,239,8,1,2026-05-22 15:21:41.117000
39585,5,240,8,1,2026-05-22 15:21:41.117000
39589,4,340,12,1,2026-01-12 13:39:00.413000
39589,4,341,12,1,2026-01-12 13:39:00.413000
39589,4,342,12,1,2026-01-12 13:39:00.413000
39589,4,343,12,1,2026-01-12 13:39:00.413000
39589,4,344,12,1,2026-01-12 13:39:00.413000
39589,4,345,12,1,2026-01-12 13:39:00.413000
39589,4,346,12,1,2026-01-12 13:39:00.413000
39589,4,347,12,1,2026-01-12 13:39:00.413000
39589,4,348,12,1,2026-01-12 13:39:00.413000
39589,4,349,12,1,2026-01-12 13:39:00.413000
39589,4,350,12,1,2026-01-12 13:39:00.413000
39589,4,351,12,1,2026-01-12 13:39:00.413000
39589,4,352,12,1,2026-01-12 13:39:00.413000
39589,4,353,12,1,2026-01-12 13:39:00.413000
39589,4,354,12,1,2026-01-12 13:39:00.413000
39589,4,355,12,1,2026-01-12 13:39:00.413000
39589,4,356,12,1,2026-01-12 13:39:00.413000
39589,4,357,12,1,2026-01-12 13:39:00.413000
39589,4,358,12,1,2026-01-12 13:39:00.413000
39589,4,359,12,1,2026-01-12 13:39:00.413000
39589,4,360,12,1,2026-01-12 13:39:00.413000
39589,4,361,12,1,2026-01-12 13:39:00.413000
39589,4,362,12,1,2026-01-12 13:39:00.413000
39589,4,363,12,1,2026-01-12 13:39:00.413000
39589,4,364,12,1,2026-01-12 13:39:00.413000
39589,4,365,12,1,2026-01-12 13:39:00.413000
39589,4,366,12,1,2026-01-12 13:39:00.413000
39589,4,367,12,1,2026-01-12 13:39:00.413000
39591,11,139,10,2,2024-02-16 18:39:45.910000
39591,11,140,10,2,2024-02-16 18:39:45.910000
39591,11,388,10,1,2024-02-16 18:39:45.910000
39591,11,389,10,1,2024-02-16 18:39:45.910000
39611,5,500,8,1,2026-07-14 20:41:58.983000
39611,5,501,8,1,2026-07-14 20:41:58.983000
39611,5,502,8,1,2026-07-14 20:41:58.983000
39611,5,504,9,1,2026-07-14 20:41:58.983000
39611,5,505,9,1,2026-07-14 20:41:58.983000
39611,5,506,9,1,2026-07-14 20:41:58.983000
39611,5,507,13,1,2026-07-14 20:41:58.983000
39611,5,508,13,1,2026-07-14 20:41:58.983000
39611,5,509,13,1,2026-07-14 20:41:58.983000
39611,5,510,13,1,2026-07-14 20:41:58.983000
39611,5,511,13,1,2026-07-14 20:41:58.983000
39611,5,512,13,1,2026-07-14 20:41:58.983000
39611,5,513,13,1,2026-07-14 20:41:58.983000
39611,5,514,13,1,2026-07-14 20:41:58.983000
39611,5,515,13,1,2026-07-14 20:41:58.983000
39611,5,516,13,1,2026-07-14 20:41:58.983000
39611,5,517,13,1,2026-07-14 20:41:58.983000
39611,5,519,13,1,2026-07-14 20:41:58.983000
39611,5,520,13,1,2026-07-14 20:41:58.983000
39611,5,521,13,1,2026-07-14 20:41:58.983000
39611,5,522,13,1,2026-07-14 20:41:58.983000
39611,5,523,13,1,2026-07-14 20:41:58.983000
39614,5,143,8,1,2026-05-21 14:12:48.913000
39614,5,144,8,1,2026-05-21 14:12:48.913000
39614,5,145,8,1,2026-05-21 14:12:48.913000
39614,5,146,8,1,2026-05-21 14:12:48.913000
39614,5,147,9,1,2026-05-21 14:12:48.913000
39614,5,148,9,1,2026-05-21 14:12:48.913000
39614,5,149,9,1,2026-05-21 14:12:48.913000
39614,5,151,9,1,2026-05-21 14:12:48.913000
39614,5,264,8,1,2026-05-21 14:12:48.913000
39614,5,265,9,1,2026-05-21 14:12:48.913000
39614,5,266,8,1,2026-05-21 14:12:48.913000
39614,5,267,9,1,2026-05-21 14:12:48.913000
39614,5,268,8,1,2026-05-21 14:12:48.913000
39616,5,228,9,2,2026-02-19 16:02:28.030000
39616,5,238,9,2,2026-02-19 16:02:28.030000
39616,5,239,8,1,2026-02-19 16:02:28.030000
39616,5,240,8,1,2026-02-19 16:02:28.030000
39624,5,143,8,1,2025-09-15 19:04:29.273000
39624,5,144,8,1,2025-09-15 19:04:29.273000
39624,5,145,8,1,2025-09-15 19:04:29.273000
39624,5,146,8,1,2025-09-15 19:04:29.273000
39624,5,147,9,1,2025-09-15 19:04:29.273000
39624,5,148,9,1,2025-09-15 19:04:29.273000
39624,5,149,9,1,2025-09-15 19:04:29.273000
39624,5,151,9,1,2025-09-15 19:04:29.273000
39624,5,264,8,1,2025-09-15 19:04:29.273000
39624,5,265,9,1,2025-09-15 19:04:29.273000
39624,5,266,8,1,2025-09-15 19:04:29.273000
39624,5,267,9,1,2025-09-15 19:04:29.273000
39624,5,268,8,1,2025-09-15 19:04:29.273000
39636,4,374,13,1,2024-08-01 13:55:34.370000
39636,4,375,13,1,2024-08-01 13:55:34.370000
39636,4,376,13,1,2024-08-01 13:55:34.370000
39636,4,377,13,1,2024-08-01 13:55:34.370000
39636,4,378,13,1,2024-08-01 13:55:34.370000
39636,4,379,13,1,2024-08-01 13:55:34.370000
39636,4,380,13,1,2024-08-01 13:55:34.370000
39636,4,381,13,1,2024-08-01 13:55:34.370000
39636,4,391,12,1,2024-08-01 13:55:34.370000
39636,4,392,12,1,2024-08-01 13:55:34.370000
39636,4,393,12,1,2024-08-01 13:55:34.370000
39636,4,394,12,1,2024-08-01 13:55:34.370000
39636,4,395,12,1,2024-08-01 13:55:34.370000
39636,4,396,12,1,2024-08-01 13:55:34.370000
39642,11,340,12,1,2026-02-23 13:19:28.130000
39642,11,341,12,1,2026-02-23 13:19:28.130000
39642,11,342,12,1,2026-02-23 13:19:28.130000
39642,11,343,12,1,2026-02-23 13:19:28.130000
39642,11,344,12,1,2026-02-23 13:19:28.130000
39642,11,345,12,1,2026-02-23 13:19:28.130000
39642,11,346,12,1,2026-02-23 13:19:28.130000
39642,11,347,12,1,2026-02-23 13:19:28.130000
39642,11,348,12,1,2026-02-23 13:19:28.130000
39642,11,349,12,1,2026-02-23 13:19:28.130000
39642,11,350,12,1,2026-02-23 13:19:28.130000
39642,11,351,12,1,2026-02-23 13:19:28.130000
39642,11,352,12,1,2026-02-23 13:19:28.130000
39642,11,353,12,1,2026-02-23 13:19:28.130000
39642,11,354,12,1,2026-02-23 13:19:28.130000
39642,11,355,12,1,2026-02-23 13:19:28.130000
39642,11,356,12,1,2026-02-23 13:19:28.130000
39642,11,357,12,1,2026-02-23 13:19:28.130000
39642,11,358,12,1,2026-02-23 13:19:28.130000
39642,11,359,12,1,2026-02-23 13:19:28.130000
39642,11,360,12,1,2026-02-23 13:19:28.130000
39642,11,361,12,1,2026-02-23 13:19:28.130000
39642,11,362,12,1,2026-02-23 13:19:28.130000
39642,11,363,12,1,2026-02-23 13:19:28.130000
39642,11,364,12,1,2026-02-23 13:19:28.130000
39642,11,365,12,1,2026-02-23 13:19:28.130000
39642,11,366,12,1,2026-02-23 13:19:28.130000
39642,11,367,12,1,2026-02-23 13:19:28.130000
39646,7,374,13,1,2025-03-04 15:58:09.167000
39646,7,375,13,1,2025-03-04 15:58:09.167000
39646,7,376,13,1,2025-03-04 15:58:09.167000
39646,7,377,13,1,2025-03-04 15:58:09.167000
39646,7,378,13,1,2025-03-04 15:58:09.167000
39646,7,379,13,1,2025-03-04 15:58:09.167000
39646,7,380,13,1,2025-03-04 15:58:09.167000
39646,7,381,13,1,2025-03-04 15:58:09.167000
39646,7,391,12,1,2025-03-04 15:58:09.167000
39646,7,392,12,1,2025-03-04 15:58:09.167000
39646,7,393,12,1,2025-03-04 15:58:09.167000
39646,7,394,12,1,2025-03-04 15:58:09.167000
39646,7,395,12,1,2025-03-04 15:58:09.167000
39646,7,396,12,1,2025-03-04 15:58:09.167000
39648,4,228,9,2,2024-08-01 14:05:33.390000
39648,4,238,9,2,2024-08-01 14:05:33.390000
39648,4,239,8,1,2024-08-01 14:05:33.390000
39648,4,240,8,1,2024-08-01 14:05:33.390000
39650,7,228,9,2,2026-05-22 15:15:06.250000
39650,7,238,9,2,2026-05-22 15:15:06.250000
39650,7,239,8,1,2026-05-22 15:15:06.250000
39650,7,240,8,1,2026-05-22 15:15:06.250000
39654,3,374,13,1,2024-08-02 17:44:09.470000
39654,3,375,13,1,2024-08-02 17:44:09.470000
39654,3,376,13,1,2024-08-02 17:44:09.470000
39654,3,377,13,1,2024-08-02 17:44:09.470000
39654,3,378,13,1,2024-08-02 17:44:09.470000
39654,3,379,13,1,2024-08-02 17:44:09.470000
39654,3,380,13,1,2024-08-02 17:44:09.470000
39654,3,381,13,1,2024-08-02 17:44:09.470000
39654,3,391,12,1,2024-08-02 17:44:09.470000
39654,3,392,12,1,2024-08-02 17:44:09.470000
39654,3,393,12,1,2024-08-02 17:44:09.470000
39654,3,394,12,1,2024-08-02 17:44:09.470000
39654,3,395,12,1,2024-08-02 17:44:09.470000
39654,3,396,12,1,2024-08-02 17:44:09.470000
39656,9,228,9,2,2024-03-05 23:43:01.233000
39656,9,238,9,2,2024-03-05 23:43:01.233000
39656,9,239,8,1,2024-03-05 23:43:01.233000
39656,9,240,8,1,2024-03-05 23:43:01.233000
39658,5,228,9,2,2026-06-08 12:27:33.747000
39658,5,238,9,2,2026-06-08 12:27:33.747000
39658,5,239,8,1,2026-06-08 12:27:33.747000
39658,5,240,8,1,2026-06-08 12:27:33.747000
39662,6,500,8,1,2026-07-14 20:41:58.910000
39662,6,501,8,1,2026-07-14 20:41:58.910000
39662,6,502,8,1,2026-07-14 20:41:58.910000
39662,6,504,9,1,2026-07-14 20:41:58.910000
39662,6,505,9,1,2026-07-14 20:41:58.910000
39662,6,506,9,1,2026-07-14 20:41:58.910000
39662,6,507,13,1,2026-07-14 20:41:58.910000
39662,6,508,13,1,2026-07-14 20:41:58.910000
39662,6,509,13,1,2026-07-14 20:41:58.910000
39662,6,510,13,1,2026-07-14 20:41:58.910000
39662,6,511,13,1,2026-07-14 20:41:58.910000
39662,6,512,13,1,2026-07-14 20:41:58.910000
39662,6,513,13,1,2026-07-14 20:41:58.910000
39662,6,514,13,1,2026-07-14 20:41:58.910000
39662,6,515,13,1,2026-07-14 20:41:58.910000
39662,6,516,13,1,2026-07-14 20:41:58.910000
39662,6,517,13,1,2026-07-14 20:41:58.910000
39662,6,519,13,1,2026-07-14 20:41:58.910000
39662,6,520,13,1,2026-07-14 20:41:58.910000
39662,6,521,13,1,2026-07-14 20:41:58.910000
39662,6,522,13,1,2026-07-14 20:41:58.910000
39662,6,523,13,1,2026-07-14 20:41:58.910000
39671,5,374,13,1,2024-02-07 14:20:30.263000
39671,5,375,13,1,2024-02-07 14:20:30.263000
39671,5,376,13,1,2024-02-07 14:20:30.263000
39671,5,377,13,1,2024-02-07 14:20:30.263000
39671,5,378,13,1,2024-02-07 14:20:30.263000
39671,5,379,13,1,2024-02-07 14:20:30.263000
39671,5,380,13,1,2024-02-07 14:20:30.263000
39671,5,381,13,1,2024-02-07 14:20:30.263000
39671,5,391,12,1,2024-02-07 14:20:30.263000
39671,5,392,12,1,2024-02-07 14:20:30.263000
39671,5,393,12,1,2024-02-07 14:20:30.263000
39671,5,394,12,1,2024-02-07 14:20:30.263000
39671,5,395,12,1,2024-02-07 14:20:30.263000
39671,5,396,12,1,2024-02-07 14:20:30.263000
39678,5,340,12,1,2026-01-12 13:39:00.597000
39678,5,341,12,1,2026-01-12 13:39:00.597000
39678,5,342,12,1,2026-01-12 13:39:00.597000
39678,5,343,12,1,2026-01-12 13:39:00.597000
39678,5,344,12,1,2026-01-12 13:39:00.597000
39678,5,345,12,1,2026-01-12 13:39:00.597000
39678,5,346,12,1,2026-01-12 13:39:00.597000
39678,5,347,12,1,2026-01-12 13:39:00.597000
39678,5,348,12,1,2026-01-12 13:39:00.597000
39678,5,349,12,1,2026-01-12 13:39:00.597000
39678,5,350,12,1,2026-01-12 13:39:00.597000
39678,5,351,12,1,2026-01-12 13:39:00.597000
39678,5,352,12,1,2026-01-12 13:39:00.597000
39678,5,353,12,1,2026-01-12 13:39:00.597000
39678,5,354,12,1,2026-01-12 13:39:00.597000
39678,5,355,12,1,2026-01-12 13:39:00.597000
39678,5,356,12,1,2026-01-12 13:39:00.597000
39678,5,357,12,1,2026-01-12 13:39:00.597000
39678,5,358,12,1,2026-01-12 13:39:00.597000
39678,5,359,12,1,2026-01-12 13:39:00.597000
39678,5,360,12,1,2026-01-12 13:39:00.597000
39678,5,361,12,1,2026-01-12 13:39:00.597000
39678,5,362,12,1,2026-01-12 13:39:00.597000
39678,5,363,12,1,2026-01-12 13:39:00.597000
39678,5,364,12,1,2026-01-12 13:39:00.597000
39678,5,365,12,1,2026-01-12 13:39:00.597000
39678,5,366,12,1,2026-01-12 13:39:00.597000
39678,5,367,12,1,2026-01-12 13:39:00.597000
39682,8,340,12,1,2026-01-26 13:28:21.230000
39682,8,341,12,1,2026-01-26 13:28:21.230000
39682,8,342,12,1,2026-01-26 13:28:21.230000
39682,8,343,12,1,2026-01-26 13:28:21.230000
39682,8,344,12,1,2026-01-26 13:28:21.230000
39682,8,345,12,1,2026-01-26 13:28:21.230000
39682,8,346,12,1,2026-01-26 13:28:21.230000
39682,8,347,12,1,2026-01-26 13:28:21.230000
39682,8,348,12,1,2026-01-26 13:28:21.230000
39682,8,349,12,1,2026-01-26 13:28:21.230000
39682,8,350,12,1,2026-01-26 13:28:21.230000
39682,8,351,12,1,2026-01-26 13:28:21.230000
39682,8,352,12,1,2026-01-26 13:28:21.230000
39682,8,353,12,1,2026-01-26 13:28:21.230000
39682,8,354,12,1,2026-01-26 13:28:21.230000
39682,8,355,12,1,2026-01-26 13:28:21.230000
39682,8,356,12,1,2026-01-26 13:28:21.230000
39682,8,357,12,1,2026-01-26 13:28:21.230000
39682,8,358,12,1,2026-01-26 13:28:21.230000
39682,8,359,12,1,2026-01-26 13:28:21.230000
39682,8,360,12,1,2026-01-26 13:28:21.230000
39682,8,361,12,1,2026-01-26 13:28:21.230000
39682,8,362,12,1,2026-01-26 13:28:21.230000
39682,8,363,12,1,2026-01-26 13:28:21.230000
39682,8,364,12,1,2026-01-26 13:28:21.230000
39682,8,365,12,1,2026-01-26 13:28:21.230000
39682,8,366,12,1,2026-01-26 13:28:21.230000
39682,8,367,12,1,2026-01-26 13:28:21.230000
39686,4,340,12,1,2026-01-12 13:38:59.730000
39686,4,341,12,1,2026-01-12 13:38:59.730000
39686,4,342,12,1,2026-01-12 13:38:59.730000
39686,4,343,12,1,2026-01-12 13:38:59.730000
39686,4,344,12,1,2026-01-12 13:38:59.730000
39686,4,345,12,1,2026-01-12 13:38:59.730000
39686,4,346,12,1,2026-01-12 13:38:59.730000
39686,4,347,12,1,2026-01-12 13:38:59.730000
39686,4,348,12,1,2026-01-12 13:38:59.730000
39686,4,349,12,1,2026-01-12 13:38:59.730000
39686,4,350,12,1,2026-01-12 13:38:59.730000
39686,4,351,12,1,2026-01-12 13:38:59.730000
39686,4,352,12,1,2026-01-12 13:38:59.730000
39686,4,353,12,1,2026-01-12 13:38:59.730000
39686,4,354,12,1,2026-01-12 13:38:59.730000
39686,4,355,12,1,2026-01-12 13:38:59.730000
39686,4,356,12,1,2026-01-12 13:38:59.730000
39686,4,357,12,1,2026-01-12 13:38:59.730000
39686,4,358,12,1,2026-01-12 13:38:59.730000
39686,4,359,12,1,2026-01-12 13:38:59.730000
39686,4,360,12,1,2026-01-12 13:38:59.730000
39686,4,361,12,1,2026-01-12 13:38:59.730000
39686,4,362,12,1,2026-01-12 13:38:59.730000
39686,4,363,12,1,2026-01-12 13:38:59.730000
39686,4,364,12,1,2026-01-12 13:38:59.730000
39686,4,365,12,1,2026-01-12 13:38:59.730000
39686,4,366,12,1,2026-01-12 13:38:59.730000
39686,4,367,12,1,2026-01-12 13:38:59.730000
39709,3,143,8,1,2024-07-24 14:24:49.293000
39709,3,144,8,1,2024-07-24 14:24:49.293000
39709,3,145,8,1,2024-07-24 14:24:49.293000
39709,3,146,8,1,2024-07-24 14:24:49.293000
39709,3,147,9,1,2024-07-24 14:24:49.293000
39709,3,148,9,1,2024-07-24 14:24:49.293000
39709,3,149,9,1,2024-07-24 14:24:49.293000
39709,3,151,9,1,2024-07-24 14:24:49.293000
39709,3,264,8,1,2024-07-24 14:24:49.293000
39709,3,265,9,1,2024-07-24 14:24:49.293000
39709,3,266,8,1,2024-07-24 14:24:49.293000
39709,3,267,9,1,2024-07-24 14:24:49.293000
39709,3,268,8,1,2024-07-24 14:24:49.293000
39711,5,143,8,1,2026-06-18 12:49:46.337000
39711,5,144,8,1,2026-06-18 12:49:46.337000
39711,5,145,8,1,2026-06-18 12:49:46.337000
39711,5,146,8,1,2026-06-18 12:49:46.337000
39711,5,147,9,1,2026-06-18 12:49:46.337000
39711,5,148,9,1,2026-06-18 12:49:46.337000
39711,5,149,9,1,2026-06-18 12:49:46.337000
39711,5,151,9,1,2026-06-18 12:49:46.337000
39711,5,264,8,1,2026-06-18 12:49:46.337000
39711,5,265,9,1,2026-06-18 12:49:46.337000
39711,5,266,8,1,2026-06-18 12:49:46.337000
39711,5,267,9,1,2026-06-18 12:49:46.337000
39711,5,268,8,1,2026-06-18 12:49:46.337000
39713,7,143,8,1,2026-01-22 19:37:48.603000
39713,7,144,8,1,2026-01-22 19:37:48.603000
39713,7,145,8,1,2026-01-22 19:37:48.603000
39713,7,146,8,1,2026-01-22 19:37:48.603000
39713,7,147,9,1,2026-01-22 19:37:48.603000
39713,7,148,9,1,2026-01-22 19:37:48.603000
39713,7,149,9,1,2026-01-22 19:37:48.603000
39713,7,151,9,1,2026-01-22 19:37:48.603000
39713,7,264,8,1,2026-01-22 19:37:48.603000
39713,7,265,9,1,2026-01-22 19:37:48.603000
39713,7,266,8,1,2026-01-22 19:37:48.603000
39713,7,267,9,1,2026-01-22 19:37:48.603000
39713,7,268,8,1,2026-01-22 19:37:48.603000
39720,7,143,8,1,2026-05-21 14:09:37.053000
39720,7,144,8,1,2026-05-21 14:09:37.053000
39720,7,145,8,1,2026-05-21 14:09:37.053000
39720,7,146,8,1,2026-05-21 14:09:37.053000
39720,7,147,9,1,2026-05-21 14:09:37.053000
39720,7,148,9,1,2026-05-21 14:09:37.053000
39720,7,149,9,1,2026-05-21 14:09:37.053000
39720,7,151,9,1,2026-05-21 14:09:37.053000
39720,7,264,8,1,2026-05-21 14:09:37.053000
39720,7,265,9,1,2026-05-21 14:09:37.053000
39720,7,266,8,1,2026-05-21 14:09:37.053000
39720,7,267,9,1,2026-05-21 14:09:37.053000
39720,7,268,8,1,2026-05-21 14:09:37.053000
39726,4,500,8,1,2026-07-14 20:41:56.083000
39726,4,501,8,1,2026-07-14 20:41:56.083000
39726,4,502,8,1,2026-07-14 20:41:56.083000
39726,4,504,9,1,2026-07-14 20:41:56.083000
39726,4,505,9,1,2026-07-14 20:41:56.083000
39726,4,506,9,1,2026-07-14 20:41:56.083000
39726,4,507,13,1,2026-07-14 20:41:56.083000
39726,4,508,13,1,2026-07-14 20:41:56.083000
39726,4,509,13,1,2026-07-14 20:41:56.083000
39726,4,510,13,1,2026-07-14 20:41:56.083000
39726,4,511,13,1,2026-07-14 20:41:56.083000
39726,4,512,13,1,2026-07-14 20:41:56.083000
39726,4,513,13,1,2026-07-14 20:41:56.083000
39726,4,514,13,1,2026-07-14 20:41:56.083000
39726,4,515,13,1,2026-07-14 20:41:56.083000
39726,4,516,13,1,2026-07-14 20:41:56.083000
39726,4,517,13,1,2026-07-14 20:41:56.083000
39726,4,519,13,1,2026-07-14 20:41:56.083000
39726,4,520,13,1,2026-07-14 20:41:56.083000
39726,4,521,13,1,2026-07-14 20:41:56.083000
39726,4,522,13,1,2026-07-14 20:41:56.083000
39726,4,523,13,1,2026-07-14 20:41:56.083000
39741,8,228,9,2,2025-01-29 16:17:57.570000
39741,8,238,9,2,2025-01-29 16:17:57.570000
39741,8,239,8,1,2025-01-29 16:17:57.570000
39741,8,240,8,1,2025-01-29 16:17:57.570000
39758,14,340,12,1,2025-09-02 13:55:32.023000
39758,14,341,12,1,2025-09-02 13:55:32.023000
39758,14,342,12,1,2025-09-02 13:55:32.023000
39758,14,343,12,1,2025-09-02 13:55:32.023000
39758,14,344,12,1,2025-09-02 13:55:32.023000
39758,14,345,12,1,2025-09-02 13:55:32.023000
39758,14,346,12,1,2025-09-02 13:55:32.023000
39758,14,347,12,1,2025-09-02 13:55:32.023000
39758,14,348,12,1,2025-09-02 13:55:32.023000
39758,14,349,12,1,2025-09-02 13:55:32.023000
39758,14,350,12,1,2025-09-02 13:55:32.023000
39758,14,351,12,1,2025-09-02 13:55:32.023000
39758,14,352,12,1,2025-09-02 13:55:32.023000
39758,14,353,12,1,2025-09-02 13:55:32.023000
39758,14,354,12,1,2025-09-02 13:55:32.023000
39758,14,355,12,1,2025-09-02 13:55:32.023000
39758,14,356,12,1,2025-09-02 13:55:32.023000
39758,14,357,12,1,2025-09-02 13:55:32.023000
39758,14,358,12,1,2025-09-02 13:55:32.023000
39758,14,359,12,1,2025-09-02 13:55:32.023000
39758,14,360,12,1,2025-09-02 13:55:32.023000
39758,14,361,12,1,2025-09-02 13:55:32.023000
39758,14,362,12,1,2025-09-02 13:55:32.023000
39758,14,363,12,1,2025-09-02 13:55:32.023000
39758,14,364,12,1,2025-09-02 13:55:32.023000
39758,14,365,12,1,2025-09-02 13:55:32.023000
39758,14,366,12,1,2025-09-02 13:55:32.023000
39758,14,367,12,1,2025-09-02 13:55:32.023000
39770,15,500,8,1,2026-07-16 15:31:55.230000
39770,15,501,8,1,2026-07-16 15:31:55.230000
39770,15,502,8,1,2026-07-16 15:31:55.230000
39770,15,504,9,1,2026-07-16 15:31:55.230000
39770,15,505,9,1,2026-07-16 15:31:55.230000
39770,15,506,9,1,2026-07-16 15:31:55.230000
39770,15,507,13,1,2026-07-16 15:31:55.230000
39770,15,508,13,1,2026-07-16 15:31:55.230000
39770,15,509,13,1,2026-07-16 15:31:55.230000
39770,15,510,13,1,2026-07-16 15:31:55.230000
39770,15,511,13,1,2026-07-16 15:31:55.230000
39770,15,512,13,1,2026-07-16 15:31:55.230000
39770,15,513,13,1,2026-07-16 15:31:55.230000
39770,15,514,13,1,2026-07-16 15:31:55.230000
39770,15,515,13,1,2026-07-16 15:31:55.230000
39770,15,516,13,1,2026-07-16 15:31:55.230000
39770,15,517,13,1,2026-07-16 15:31:55.230000
39770,15,519,13,1,2026-07-16 15:31:55.230000
39770,15,520,13,1,2026-07-16 15:31:55.230000
39770,15,521,13,1,2026-07-16 15:31:55.230000
39770,15,522,13,1,2026-07-16 15:31:55.230000
39770,15,523,13,1,2026-07-16 15:31:55.230000
39773,7,374,13,1,2025-01-10 13:08:57.950000
39773,7,375,13,1,2025-01-10 13:08:57.950000
39773,7,376,13,1,2025-01-10 13:08:57.950000
39773,7,377,13,1,2025-01-10 13:08:57.950000
39773,7,378,13,1,2025-01-10 13:08:57.950000
39773,7,379,13,1,2025-01-10 13:08:57.950000
39773,7,380,13,1,2025-01-10 13:08:57.950000
39773,7,381,13,1,2025-01-10 13:08:57.950000
39773,7,391,12,1,2025-01-10 13:08:57.950000
39773,7,392,12,1,2025-01-10 13:08:57.950000
39773,7,393,12,1,2025-01-10 13:08:57.950000
39773,7,394,12,1,2025-01-10 13:08:57.950000
39773,7,395,12,1,2025-01-10 13:08:57.950000
39773,7,396,12,1,2025-01-10 13:08:57.950000
39780,5,374,13,1,2025-12-08 15:29:15.420000
39780,5,375,13,1,2025-12-08 15:29:15.420000
39780,5,376,13,1,2025-12-08 15:29:15.420000
39780,5,377,13,1,2025-12-08 15:29:15.420000
39780,5,378,13,1,2025-12-08 15:29:15.420000
39780,5,379,13,1,2025-12-08 15:29:15.420000
39780,5,380,13,1,2025-12-08 15:29:15.420000
39780,5,381,13,1,2025-12-08 15:29:15.420000
39780,5,391,12,1,2025-12-08 15:29:15.420000
39780,5,392,12,1,2025-12-08 15:29:15.420000
39780,5,393,12,1,2025-12-08 15:29:15.420000
39780,5,394,12,1,2025-12-08 15:29:15.420000
39780,5,395,12,1,2025-12-08 15:29:15.420000
39780,5,396,12,1,2025-12-08 15:29:15.420000
39788,11,143,8,1,2026-05-21 14:16:47.963000
39788,11,144,8,1,2026-05-21 14:16:47.963000
39788,11,145,8,1,2026-05-21 14:16:47.963000
39788,11,146,8,1,2026-05-21 14:16:47.963000
39788,11,147,9,1,2026-05-21 14:16:47.963000
39788,11,148,9,1,2026-05-21 14:16:47.963000
39788,11,149,9,1,2026-05-21 14:16:47.963000
39788,11,151,9,1,2026-05-21 14:16:47.963000
39788,11,264,8,1,2026-05-21 14:16:47.963000
39788,11,265,9,1,2026-05-21 14:16:47.963000
39788,11,266,8,1,2026-05-21 14:16:47.963000
39788,11,267,9,1,2026-05-21 14:16:47.963000
39788,11,268,8,1,2026-05-21 14:16:47.963000
39793,47,314,12,1,2025-03-07 18:20:14.550000
39793,47,315,12,1,2025-03-07 18:20:14.550000
39793,47,316,12,1,2025-03-07 18:20:14.550000
39793,47,317,12,1,2025-03-07 18:20:14.550000
39793,47,318,12,1,2025-03-07 18:20:14.550000
39793,47,319,12,1,2025-03-07 18:20:14.550000
39793,47,320,12,1,2025-03-07 18:20:14.550000
39793,47,321,12,1,2025-03-07 18:20:14.550000
39793,47,322,12,1,2025-03-07 18:20:14.550000
39793,47,323,12,1,2025-03-07 18:20:14.550000
39793,47,324,12,1,2025-03-07 18:20:14.550000
39793,47,325,12,1,2025-03-07 18:20:14.550000
39793,47,326,12,1,2025-03-07 18:20:14.550000
39793,47,327,12,1,2025-03-07 18:20:14.550000
39793,47,328,12,1,2025-03-07 18:20:14.550000
39793,47,329,12,1,2025-03-07 18:20:14.550000
39793,47,330,12,1,2025-03-07 18:20:14.550000
39793,47,331,12,1,2025-03-07 18:20:14.550000
39793,47,332,12,1,2025-03-07 18:20:14.550000
39793,47,333,12,1,2025-03-07 18:20:14.550000
39793,47,334,12,1,2025-03-07 18:20:14.550000
39793,47,335,12,1,2025-03-07 18:20:14.550000
39793,47,336,12,1,2025-03-07 18:20:14.550000
39793,47,337,12,1,2025-03-07 18:20:14.550000
39793,47,338,12,1,2025-03-07 18:20:14.550000
39793,47,339,12,1,2025-03-07 18:20:14.550000
39797,13,374,13,1,2025-06-12 16:21:10.830000
39797,13,375,13,1,2025-06-12 16:21:10.830000
39797,13,376,13,1,2025-06-12 16:21:10.830000
39797,13,377,13,1,2025-06-12 16:21:10.830000
39797,13,378,13,1,2025-06-12 16:21:10.830000
39797,13,379,13,1,2025-06-12 16:21:10.830000
39797,13,380,13,1,2025-06-12 16:21:10.830000
39797,13,381,13,1,2025-06-12 16:21:10.830000
39797,13,391,12,1,2025-06-12 16:21:10.830000
39797,13,392,12,1,2025-06-12 16:21:10.830000
39797,13,393,12,1,2025-06-12 16:21:10.830000
39797,13,394,12,1,2025-06-12 16:21:10.830000
39797,13,395,12,1,2025-06-12 16:21:10.830000
39797,13,396,12,1,2025-06-12 16:21:10.830000
39799,16,368,12,1,2025-03-07 18:21:23.990000
39799,16,369,12,1,2025-03-07 18:21:23.990000
39799,16,370,12,1,2025-03-07 18:21:23.990000
39799,16,371,12,1,2025-03-07 18:21:23.990000
39799,16,372,12,1,2025-03-07 18:21:23.990000
39802,8,228,9,2,2025-05-09 14:59:41.200000
39802,8,238,9,2,2025-05-09 14:59:41.200000
39802,8,239,8,1,2025-05-09 14:59:41.200000
39802,8,240,8,1,2025-05-09 14:59:41.200000
39810,13,340,12,1,2025-10-14 13:13:56.637000
39810,13,341,12,1,2025-10-14 13:13:56.637000
39810,13,342,12,1,2025-10-14 13:13:56.637000
39810,13,343,12,1,2025-10-14 13:13:56.637000
39810,13,344,12,1,2025-10-14 13:13:56.637000
39810,13,345,12,1,2025-10-14 13:13:56.637000
39810,13,346,12,1,2025-10-14 13:13:56.637000
39810,13,347,12,1,2025-10-14 13:13:56.637000
39810,13,348,12,1,2025-10-14 13:13:56.637000
39810,13,349,12,1,2025-10-14 13:13:56.637000
39810,13,350,12,1,2025-10-14 13:13:56.637000
39810,13,351,12,1,2025-10-14 13:13:56.637000
39810,13,352,12,1,2025-10-14 13:13:56.637000
39810,13,353,12,1,2025-10-14 13:13:56.637000
39810,13,354,12,1,2025-10-14 13:13:56.637000
39810,13,355,12,1,2025-10-14 13:13:56.637000
39810,13,356,12,1,2025-10-14 13:13:56.637000
39810,13,357,12,1,2025-10-14 13:13:56.637000
39810,13,358,12,1,2025-10-14 13:13:56.637000
39810,13,359,12,1,2025-10-14 13:13:56.637000
39810,13,360,12,1,2025-10-14 13:13:56.637000
39810,13,361,12,1,2025-10-14 13:13:56.637000
39810,13,362,12,1,2025-10-14 13:13:56.637000
39810,13,363,12,1,2025-10-14 13:13:56.637000
39810,13,364,12,1,2025-10-14 13:13:56.637000
39810,13,365,12,1,2025-10-14 13:13:56.637000
39810,13,366,12,1,2025-10-14 13:13:56.637000
39810,13,367,12,1,2025-10-14 13:13:56.637000
39832,15,500,8,1,2026-07-15 21:49:53.960000
39832,15,501,8,1,2026-07-15 21:49:53.960000
39832,15,502,8,1,2026-07-15 21:49:53.960000
39832,15,504,9,1,2026-07-15 21:49:53.960000
39832,15,505,9,1,2026-07-15 21:49:53.960000
39832,15,506,9,1,2026-07-15 21:49:53.960000
39832,15,507,13,1,2026-07-15 21:49:53.960000
39832,15,508,13,1,2026-07-15 21:49:53.960000
39832,15,509,13,1,2026-07-15 21:49:53.960000
39832,15,510,13,1,2026-07-15 21:49:53.960000
39832,15,511,13,1,2026-07-15 21:49:53.960000
39832,15,512,13,1,2026-07-15 21:49:53.960000
39832,15,513,13,1,2026-07-15 21:49:53.960000
39832,15,514,13,1,2026-07-15 21:49:53.960000
39832,15,515,13,1,2026-07-15 21:49:53.960000
39832,15,516,13,1,2026-07-15 21:49:53.960000
39832,15,517,13,1,2026-07-15 21:49:53.960000
39832,15,519,13,1,2026-07-15 21:49:53.960000
39832,15,520,13,1,2026-07-15 21:49:53.960000
39832,15,521,13,1,2026-07-15 21:49:53.960000
39832,15,522,13,1,2026-07-15 21:49:53.960000
39832,15,523,13,1,2026-07-15 21:49:53.960000
39835,10,374,13,1,2024-05-20 14:26:27.003000
39835,10,375,13,1,2024-05-20 14:26:27.003000
39835,10,376,13,1,2024-05-20 14:26:27.003000
39835,10,377,13,1,2024-05-20 14:26:27.003000
39835,10,378,13,1,2024-05-20 14:26:27.003000
39835,10,379,13,1,2024-05-20 14:26:27.003000
39835,10,380,13,1,2024-05-20 14:26:27.003000
39835,10,381,13,1,2024-05-20 14:26:27.003000
39835,10,391,12,1,2024-05-20 14:26:27.003000
39835,10,392,12,1,2024-05-20 14:26:27.003000
39835,10,393,12,1,2024-05-20 14:26:27.003000
39835,10,394,12,1,2024-05-20 14:26:27.003000
39835,10,395,12,1,2024-05-20 14:26:27.003000
39835,10,396,12,1,2024-05-20 14:26:27.003000
39836,8,374,13,1,2026-01-20 13:11:44.547000
39836,8,375,13,1,2026-01-20 13:11:44.547000
39836,8,376,13,1,2026-01-20 13:11:44.547000
39836,8,377,13,1,2026-01-20 13:11:44.547000
39836,8,378,13,1,2026-01-20 13:11:44.547000
39836,8,379,13,1,2026-01-20 13:11:44.547000
39836,8,380,13,1,2026-01-20 13:11:44.547000
39836,8,381,13,1,2026-01-20 13:11:44.547000
39836,8,391,12,1,2026-01-20 13:11:44.547000
39836,8,392,12,1,2026-01-20 13:11:44.547000
39836,8,393,12,1,2026-01-20 13:11:44.547000
39836,8,394,12,1,2026-01-20 13:11:44.547000
39836,8,395,12,1,2026-01-20 13:11:44.547000
39836,8,396,12,1,2026-01-20 13:11:44.547000
39840,14,228,9,2,2025-02-14 16:03:39.103000
39840,14,238,9,2,2025-02-14 16:03:39.103000
39840,14,239,8,1,2025-02-14 16:03:39.103000
39840,14,240,8,1,2025-02-14 16:03:39.103000
39849,3,374,13,1,2024-08-29 19:51:36.720000
39849,3,375,13,1,2024-08-29 19:51:36.720000
39849,3,376,13,1,2024-08-29 19:51:36.720000
39849,3,377,13,1,2024-08-29 19:51:36.720000
39849,3,378,13,1,2024-08-29 19:51:36.720000
39849,3,379,13,1,2024-08-29 19:51:36.720000
39849,3,380,13,1,2024-08-29 19:51:36.720000
39849,3,381,13,1,2024-08-29 19:51:36.720000
39849,3,391,12,1,2024-08-29 19:51:36.720000
39849,3,392,12,1,2024-08-29 19:51:36.720000
39849,3,393,12,1,2024-08-29 19:51:36.720000
39849,3,394,12,1,2024-08-29 19:51:36.720000
39849,3,395,12,1,2024-08-29 19:51:36.720000
39849,3,396,12,1,2024-08-29 19:51:36.720000
39851,15,374,13,1,2025-03-04 17:47:59.640000
39851,15,375,13,1,2025-03-04 17:47:59.640000
39851,15,376,13,1,2025-03-04 17:47:59.640000
39851,15,377,13,1,2025-03-04 17:47:59.640000
39851,15,378,13,1,2025-03-04 17:47:59.640000
39851,15,379,13,1,2025-03-04 17:47:59.640000
39851,15,380,13,1,2025-03-04 17:47:59.640000
39851,15,381,13,1,2025-03-04 17:47:59.640000
39851,15,391,12,1,2025-03-04 17:47:59.640000
39851,15,392,12,1,2025-03-04 17:47:59.640000
39851,15,393,12,1,2025-03-04 17:47:59.640000
39851,15,394,12,1,2025-03-04 17:47:59.640000
39851,15,395,12,1,2025-03-04 17:47:59.640000
39851,15,396,12,1,2025-03-04 17:47:59.640000
39853,3,374,13,1,2024-08-29 19:52:10.800000
39853,3,375,13,1,2024-08-29 19:52:10.800000
39853,3,376,13,1,2024-08-29 19:52:10.800000
39853,3,377,13,1,2024-08-29 19:52:10.800000
39853,3,378,13,1,2024-08-29 19:52:10.800000
39853,3,379,13,1,2024-08-29 19:52:10.800000
39853,3,380,13,1,2024-08-29 19:52:10.800000
39853,3,381,13,1,2024-08-29 19:52:10.800000
39853,3,391,12,1,2024-08-29 19:52:10.800000
39853,3,392,12,1,2024-08-29 19:52:10.800000
39853,3,393,12,1,2024-08-29 19:52:10.800000
39853,3,394,12,1,2024-08-29 19:52:10.800000
39853,3,395,12,1,2024-08-29 19:52:10.800000
39853,3,396,12,1,2024-08-29 19:52:10.800000
39856,3,228,9,2,2024-05-23 12:33:41.477000
39856,3,238,9,2,2024-05-23 12:33:41.477000
39856,3,239,8,1,2024-05-23 12:33:41.477000
39856,3,240,8,1,2024-05-23 12:33:41.477000
39857,7,228,9,2,2026-01-21 13:20:14.627000
39857,7,238,9,2,2026-01-21 13:20:14.627000
39857,7,239,8,1,2026-01-21 13:20:14.627000
39857,7,240,8,1,2026-01-21 13:20:14.627000
39858,4,360,12,1,2024-05-23 22:41:27.767000
39858,4,361,12,1,2024-05-23 22:41:27.767000
39858,4,362,12,1,2024-05-23 22:41:27.767000
39858,4,363,12,1,2024-05-23 22:41:27.767000
39858,4,364,12,1,2024-05-23 22:41:27.767000
39858,4,365,12,1,2024-05-23 22:41:27.767000
39858,4,366,12,1,2024-05-23 22:41:27.767000
39858,4,367,12,1,2024-05-23 22:41:27.767000
39859,4,340,12,1,2024-05-23 22:48:20.263000
39859,4,341,12,1,2024-05-23 22:48:20.263000
39859,4,342,12,1,2024-05-23 22:48:20.263000
39859,4,343,12,1,2024-05-23 22:48:20.263000
39859,4,344,12,1,2024-05-23 22:48:20.263000
39859,4,345,12,1,2024-05-23 22:48:20.263000
39859,4,346,12,1,2024-05-23 22:48:20.263000
39859,4,347,12,1,2024-05-23 22:48:20.263000
39859,4,348,12,1,2024-05-23 22:48:20.263000
39859,4,349,12,1,2024-05-23 22:48:20.263000
39859,4,350,12,1,2024-05-23 22:48:20.263000
39859,4,351,12,1,2024-05-23 22:48:20.263000
39859,4,352,12,1,2024-05-23 22:48:20.263000
39859,4,353,12,1,2024-05-23 22:48:20.263000
39859,4,354,12,1,2024-05-23 22:48:20.263000
39859,4,355,12,1,2024-05-23 22:48:20.263000
39859,4,356,12,1,2024-05-23 22:48:20.263000
39859,4,357,12,1,2024-05-23 22:48:20.263000
39859,4,358,12,1,2024-05-23 22:48:20.263000
39859,4,359,12,1,2024-05-23 22:48:20.263000
39863,10,500,8,1,2026-07-14 20:41:54.357000
39863,10,501,8,1,2026-07-14 20:41:54.357000
39863,10,502,8,1,2026-07-14 20:41:54.357000
39863,10,504,9,1,2026-07-14 20:41:54.357000
39863,10,505,9,1,2026-07-14 20:41:54.357000
39863,10,506,9,1,2026-07-14 20:41:54.357000
39863,10,507,13,1,2026-07-14 20:41:54.357000
39863,10,508,13,1,2026-07-14 20:41:54.357000
39863,10,509,13,1,2026-07-14 20:41:54.357000
39863,10,510,13,1,2026-07-14 20:41:54.357000
39863,10,511,13,1,2026-07-14 20:41:54.357000
39863,10,512,13,1,2026-07-14 20:41:54.357000
39863,10,513,13,1,2026-07-14 20:41:54.357000
39863,10,514,13,1,2026-07-14 20:41:54.357000
39863,10,515,13,1,2026-07-14 20:41:54.357000
39863,10,516,13,1,2026-07-14 20:41:54.357000
39863,10,517,13,1,2026-07-14 20:41:54.357000
39863,10,519,13,1,2026-07-14 20:41:54.357000
39863,10,520,13,1,2026-07-14 20:41:54.357000
39863,10,521,13,1,2026-07-14 20:41:54.357000
39863,10,522,13,1,2026-07-14 20:41:54.357000
39863,10,523,13,1,2026-07-14 20:41:54.357000
39877,4,368,12,1,2024-10-11 13:57:10.633000
39877,4,369,12,1,2024-10-11 13:57:10.633000
39877,4,370,12,1,2024-10-11 13:57:10.633000
39877,4,371,12,1,2024-10-11 13:57:10.633000
39877,4,372,12,1,2024-10-11 13:57:10.633000
39879,10,314,12,1,2024-10-11 13:56:39.607000
39879,10,315,12,1,2024-10-11 13:56:39.607000
39879,10,316,12,1,2024-10-11 13:56:39.607000
39879,10,317,12,1,2024-10-11 13:56:39.607000
39879,10,318,12,1,2024-10-11 13:56:39.607000
39879,10,319,12,1,2024-10-11 13:56:39.607000
39879,10,320,12,1,2024-10-11 13:56:39.607000
39879,10,321,12,1,2024-10-11 13:56:39.607000
39879,10,322,12,1,2024-10-11 13:56:39.607000
39879,10,323,12,1,2024-10-11 13:56:39.607000
39879,10,324,12,1,2024-10-11 13:56:39.607000
39879,10,325,12,1,2024-10-11 13:56:39.607000
39879,10,326,12,1,2024-10-11 13:56:39.607000
39879,10,327,12,1,2024-10-11 13:56:39.607000
39879,10,328,12,1,2024-10-11 13:56:39.607000
39879,10,329,12,1,2024-10-11 13:56:39.607000
39879,10,330,12,1,2024-10-11 13:56:39.607000
39879,10,331,12,1,2024-10-11 13:56:39.607000
39879,10,332,12,1,2024-10-11 13:56:39.607000
39879,10,333,12,1,2024-10-11 13:56:39.607000
39879,10,334,12,1,2024-10-11 13:56:39.607000
39879,10,335,12,1,2024-10-11 13:56:39.607000
39879,10,336,12,1,2024-10-11 13:56:39.607000
39879,10,337,12,1,2024-10-11 13:56:39.607000
39879,10,338,12,1,2024-10-11 13:56:39.607000
39879,10,339,12,1,2024-10-11 13:56:39.607000
39881,9,340,12,1,2025-10-07 13:39:17.780000
39881,9,341,12,1,2025-10-07 13:39:17.780000
39881,9,342,12,1,2025-10-07 13:39:17.780000
39881,9,343,12,1,2025-10-07 13:39:17.780000
39881,9,344,12,1,2025-10-07 13:39:17.780000
39881,9,345,12,1,2025-10-07 13:39:17.780000
39881,9,346,12,1,2025-10-07 13:39:17.780000
39881,9,347,12,1,2025-10-07 13:39:17.780000
39881,9,348,12,1,2025-10-07 13:39:17.780000
39881,9,349,12,1,2025-10-07 13:39:17.780000
39881,9,350,12,1,2025-10-07 13:39:17.780000
39881,9,351,12,1,2025-10-07 13:39:17.780000
39881,9,352,12,1,2025-10-07 13:39:17.780000
39881,9,353,12,1,2025-10-07 13:39:17.780000
39881,9,354,12,1,2025-10-07 13:39:17.780000
39881,9,355,12,1,2025-10-07 13:39:17.780000
39881,9,356,12,1,2025-10-07 13:39:17.780000
39881,9,357,12,1,2025-10-07 13:39:17.780000
39881,9,358,12,1,2025-10-07 13:39:17.780000
39881,9,359,12,1,2025-10-07 13:39:17.780000
39881,9,360,12,1,2025-10-07 13:39:17.780000
39881,9,361,12,1,2025-10-07 13:39:17.780000
39881,9,362,12,1,2025-10-07 13:39:17.780000
39881,9,363,12,1,2025-10-07 13:39:17.780000
39881,9,364,12,1,2025-10-07 13:39:17.780000
39881,9,365,12,1,2025-10-07 13:39:17.780000
39881,9,366,12,1,2025-10-07 13:39:17.780000
39881,9,367,12,1,2025-10-07 13:39:17.780000
39905,5,143,8,1,2026-07-24 11:43:52.090000
39905,5,144,8,1,2026-07-24 11:43:52.090000
39905,5,145,8,1,2026-07-24 11:43:52.090000
39905,5,146,8,1,2026-07-24 11:43:52.090000
39905,5,147,9,1,2026-07-24 11:43:52.090000
39905,5,148,9,1,2026-07-24 11:43:52.090000
39905,5,149,9,1,2026-07-24 11:43:52.090000
39905,5,151,9,1,2026-07-24 11:43:52.090000
39905,5,264,8,1,2026-07-24 11:43:52.090000
39905,5,265,9,1,2026-07-24 11:43:52.090000
39905,5,266,8,1,2026-07-24 11:43:52.090000
39905,5,267,9,1,2026-07-24 11:43:52.090000
39905,5,268,8,1,2026-07-24 11:43:52.090000
39907,3,143,8,1,2024-09-26 12:13:57.200000
39907,3,144,8,1,2024-09-26 12:13:57.200000
39907,3,145,8,1,2024-09-26 12:13:57.200000
39907,3,146,8,1,2024-09-26 12:13:57.200000
39907,3,147,9,1,2024-09-26 12:13:57.200000
39907,3,148,9,1,2024-09-26 12:13:57.200000
39907,3,149,9,1,2024-09-26 12:13:57.200000
39907,3,151,9,1,2024-09-26 12:13:57.200000
39907,3,264,8,1,2024-09-26 12:13:57.200000
39907,3,265,9,1,2024-09-26 12:13:57.200000
39907,3,266,8,1,2024-09-26 12:13:57.200000
39907,3,267,9,1,2024-09-26 12:13:57.200000
39907,3,268,8,1,2024-09-26 12:13:57.200000
39908,2,143,8,1,2024-05-21 16:44:27.280000
39908,2,144,8,1,2024-05-21 16:44:27.280000
39908,2,145,8,1,2024-05-21 16:44:27.280000
39908,2,146,8,1,2024-05-21 16:44:27.280000
39908,2,147,9,1,2024-05-21 16:44:27.280000
39908,2,148,9,1,2024-05-21 16:44:27.280000
39908,2,149,9,1,2024-05-21 16:44:27.280000
39908,2,151,9,1,2024-05-21 16:44:27.280000
39908,2,264,8,1,2024-05-21 16:44:27.280000
39908,2,265,9,1,2024-05-21 16:44:27.280000
39908,2,266,8,1,2024-05-21 16:44:27.280000
39908,2,267,9,1,2024-05-21 16:44:27.280000
39908,2,268,8,1,2024-05-21 16:44:27.280000
39909,6,143,8,1,2026-03-26 12:05:37.053000
39909,6,144,8,1,2026-03-26 12:05:37.053000
39909,6,145,8,1,2026-03-26 12:05:37.053000
39909,6,146,8,1,2026-03-26 12:05:37.053000
39909,6,147,9,1,2026-03-26 12:05:37.053000
39909,6,148,9,1,2026-03-26 12:05:37.053000
39909,6,149,9,1,2026-03-26 12:05:37.053000
39909,6,151,9,1,2026-03-26 12:05:37.053000
39909,6,264,8,1,2026-03-26 12:05:37.053000
39909,6,265,9,1,2026-03-26 12:05:37.053000
39909,6,266,8,1,2026-03-26 12:05:37.053000
39909,6,267,9,1,2026-03-26 12:05:37.053000
39909,6,268,8,1,2026-03-26 12:05:37.053000
39911,7,143,8,1,2025-02-20 14:40:32.343000
39911,7,144,8,1,2025-02-20 14:40:32.343000
39911,7,145,8,1,2025-02-20 14:40:32.343000
39911,7,146,8,1,2025-02-20 14:40:32.343000
39911,7,147,9,1,2025-02-20 14:40:32.343000
39911,7,148,9,1,2025-02-20 14:40:32.343000
39911,7,149,9,1,2025-02-20 14:40:32.343000
39911,7,151,9,1,2025-02-20 14:40:32.343000
39911,7,264,8,1,2025-02-20 14:40:32.343000
39911,7,265,9,1,2025-02-20 14:40:32.343000
39911,7,266,8,1,2025-02-20 14:40:32.343000
39911,7,267,9,1,2025-02-20 14:40:32.343000
39911,7,268,8,1,2025-02-20 14:40:32.343000
39913,7,143,8,1,2025-02-20 17:26:59.187000
39913,7,144,8,1,2025-02-20 17:26:59.187000
39913,7,145,8,1,2025-02-20 17:26:59.187000
39913,7,146,8,1,2025-02-20 17:26:59.187000
39913,7,147,9,1,2025-02-20 17:26:59.187000
39913,7,148,9,1,2025-02-20 17:26:59.187000
39913,7,149,9,1,2025-02-20 17:26:59.187000
39913,7,151,9,1,2025-02-20 17:26:59.187000
39913,7,264,8,1,2025-02-20 17:26:59.187000
39913,7,265,9,1,2025-02-20 17:26:59.187000
39913,7,266,8,1,2025-02-20 17:26:59.187000
39913,7,267,9,1,2025-02-20 17:26:59.187000
39913,7,268,8,1,2025-02-20 17:26:59.187000
39919,5,374,13,1,2025-06-27 15:32:08.420000
39919,5,375,13,1,2025-06-27 15:32:08.420000
39919,5,376,13,1,2025-06-27 15:32:08.420000
39919,5,377,13,1,2025-06-27 15:32:08.420000
39919,5,378,13,1,2025-06-27 15:32:08.420000
39919,5,379,13,1,2025-06-27 15:32:08.420000
39919,5,380,13,1,2025-06-27 15:32:08.420000
39919,5,381,13,1,2025-06-27 15:32:08.420000
39919,5,391,12,1,2025-06-27 15:32:08.420000
39919,5,392,12,1,2025-06-27 15:32:08.420000
39919,5,393,12,1,2025-06-27 15:32:08.420000
39919,5,394,12,1,2025-06-27 15:32:08.420000
39919,5,395,12,1,2025-06-27 15:32:08.420000
39919,5,396,12,1,2025-06-27 15:32:08.420000
39923,14,340,12,1,2026-01-26 13:28:21.490000
39923,14,341,12,1,2026-01-26 13:28:21.490000
39923,14,342,12,1,2026-01-26 13:28:21.490000
39923,14,343,12,1,2026-01-26 13:28:21.490000
39923,14,344,12,1,2026-01-26 13:28:21.490000
39923,14,345,12,1,2026-01-26 13:28:21.490000
39923,14,346,12,1,2026-01-26 13:28:21.490000
39923,14,347,12,1,2026-01-26 13:28:21.490000
39923,14,348,12,1,2026-01-26 13:28:21.490000
39923,14,349,12,1,2026-01-26 13:28:21.490000
39923,14,350,12,1,2026-01-26 13:28:21.490000
39923,14,351,12,1,2026-01-26 13:28:21.490000
39923,14,352,12,1,2026-01-26 13:28:21.490000
39923,14,353,12,1,2026-01-26 13:28:21.490000
39923,14,354,12,1,2026-01-26 13:28:21.490000
39923,14,355,12,1,2026-01-26 13:28:21.490000
39923,14,356,12,1,2026-01-26 13:28:21.490000
39923,14,357,12,1,2026-01-26 13:28:21.490000
39923,14,358,12,1,2026-01-26 13:28:21.490000
39923,14,359,12,1,2026-01-26 13:28:21.490000
39923,14,360,12,1,2026-01-26 13:28:21.490000
39923,14,361,12,1,2026-01-26 13:28:21.490000
39923,14,362,12,1,2026-01-26 13:28:21.490000
39923,14,363,12,1,2026-01-26 13:28:21.490000
39923,14,364,12,1,2026-01-26 13:28:21.490000
39923,14,365,12,1,2026-01-26 13:28:21.490000
39923,14,366,12,1,2026-01-26 13:28:21.490000
39923,14,367,12,1,2026-01-26 13:28:21.490000
39933,5,374,13,1,2025-06-25 14:47:55.477000
39933,5,375,13,1,2025-06-25 14:47:55.477000
39933,5,376,13,1,2025-06-25 14:47:55.477000
39933,5,377,13,1,2025-06-25 14:47:55.477000
39933,5,378,13,1,2025-06-25 14:47:55.477000
39933,5,379,13,1,2025-06-25 14:47:55.477000
39933,5,380,13,1,2025-06-25 14:47:55.477000
39933,5,381,13,1,2025-06-25 14:47:55.477000
39933,5,391,12,1,2025-06-25 14:47:55.477000
39933,5,392,12,1,2025-06-25 14:47:55.477000
39933,5,393,12,1,2025-06-25 14:47:55.477000
39933,5,394,12,1,2025-06-25 14:47:55.477000
39933,5,395,12,1,2025-06-25 14:47:55.477000
39933,5,396,12,1,2025-06-25 14:47:55.477000
39935,8,374,13,1,2025-06-25 14:47:28.083000
39935,8,375,13,1,2025-06-25 14:47:28.083000
39935,8,376,13,1,2025-06-25 14:47:28.083000
39935,8,377,13,1,2025-06-25 14:47:28.083000
39935,8,378,13,1,2025-06-25 14:47:28.083000
39935,8,379,13,1,2025-06-25 14:47:28.083000
39935,8,380,13,1,2025-06-25 14:47:28.083000
39935,8,381,13,1,2025-06-25 14:47:28.083000
39935,8,391,12,1,2025-06-25 14:47:28.083000
39935,8,392,12,1,2025-06-25 14:47:28.083000
39935,8,393,12,1,2025-06-25 14:47:28.083000
39935,8,394,12,1,2025-06-25 14:47:28.083000
39935,8,395,12,1,2025-06-25 14:47:28.083000
39935,8,396,12,1,2025-06-25 14:47:28.083000
39936,14,139,10,2,2025-07-18 18:00:15.460000
39936,14,140,10,2,2025-07-18 18:00:15.460000
39936,14,388,10,1,2025-07-18 18:00:15.460000
39936,14,389,10,1,2025-07-18 18:00:15.460000
39938,5,228,9,2,2026-06-19 12:24:50.657000
39938,5,238,9,2,2026-06-19 12:24:50.657000
39938,5,239,8,1,2026-06-19 12:24:50.657000
39938,5,240,8,1,2026-06-19 12:24:50.657000
39940,10,228,9,2,2026-03-10 20:52:24.057000
39940,10,238,9,2,2026-03-10 20:52:24.057000
39940,10,239,8,1,2026-03-10 20:52:24.057000
39940,10,240,8,1,2026-03-10 20:52:24.057000
39942,5,374,13,1,2025-02-18 14:49:36.977000
39942,5,375,13,1,2025-02-18 14:49:36.977000
39942,5,376,13,1,2025-02-18 14:49:36.977000
39942,5,377,13,1,2025-02-18 14:49:36.977000
39942,5,378,13,1,2025-02-18 14:49:36.977000
39942,5,379,13,1,2025-02-18 14:49:36.977000
39942,5,380,13,1,2025-02-18 14:49:36.977000
39942,5,381,13,1,2025-02-18 14:49:36.977000
39942,5,391,12,1,2025-02-18 14:49:36.977000
39942,5,392,12,1,2025-02-18 14:49:36.977000
39942,5,393,12,1,2025-02-18 14:49:36.977000
39942,5,394,12,1,2025-02-18 14:49:36.977000
39942,5,395,12,1,2025-02-18 14:49:36.977000
39942,5,396,12,1,2025-02-18 14:49:36.977000
39944,7,340,12,1,2026-01-12 13:38:59.810000
39944,7,341,12,1,2026-01-12 13:38:59.810000
39944,7,342,12,1,2026-01-12 13:38:59.810000
39944,7,343,12,1,2026-01-12 13:38:59.810000
39944,7,344,12,1,2026-01-12 13:38:59.810000
39944,7,345,12,1,2026-01-12 13:38:59.810000
39944,7,346,12,1,2026-01-12 13:38:59.810000
39944,7,347,12,1,2026-01-12 13:38:59.810000
39944,7,348,12,1,2026-01-12 13:38:59.810000
39944,7,349,12,1,2026-01-12 13:38:59.810000
39944,7,350,12,1,2026-01-12 13:38:59.810000
39944,7,351,12,1,2026-01-12 13:38:59.810000
39944,7,352,12,1,2026-01-12 13:38:59.810000
39944,7,353,12,1,2026-01-12 13:38:59.810000
39944,7,354,12,1,2026-01-12 13:38:59.810000
39944,7,355,12,1,2026-01-12 13:38:59.810000
39944,7,356,12,1,2026-01-12 13:38:59.810000
39944,7,357,12,1,2026-01-12 13:38:59.810000
39944,7,358,12,1,2026-01-12 13:38:59.810000
39944,7,359,12,1,2026-01-12 13:38:59.810000
39944,7,360,12,1,2026-01-12 13:38:59.810000
39944,7,361,12,1,2026-01-12 13:38:59.810000
39944,7,362,12,1,2026-01-12 13:38:59.810000
39944,7,363,12,1,2026-01-12 13:38:59.810000
39944,7,364,12,1,2026-01-12 13:38:59.810000
39944,7,365,12,1,2026-01-12 13:38:59.810000
39944,7,366,12,1,2026-01-12 13:38:59.810000
39944,7,367,12,1,2026-01-12 13:38:59.810000
39948,7,340,12,1,2026-01-26 13:28:21.140000
39948,7,341,12,1,2026-01-26 13:28:21.140000
39948,7,342,12,1,2026-01-26 13:28:21.140000
39948,7,343,12,1,2026-01-26 13:28:21.140000
39948,7,344,12,1,2026-01-26 13:28:21.140000
39948,7,345,12,1,2026-01-26 13:28:21.140000
39948,7,346,12,1,2026-01-26 13:28:21.140000
39948,7,347,12,1,2026-01-26 13:28:21.140000
39948,7,348,12,1,2026-01-26 13:28:21.140000
39948,7,349,12,1,2026-01-26 13:28:21.140000
39948,7,350,12,1,2026-01-26 13:28:21.140000
39948,7,351,12,1,2026-01-26 13:28:21.140000
39948,7,352,12,1,2026-01-26 13:28:21.140000
39948,7,353,12,1,2026-01-26 13:28:21.140000
39948,7,354,12,1,2026-01-26 13:28:21.140000
39948,7,355,12,1,2026-01-26 13:28:21.140000
39948,7,356,12,1,2026-01-26 13:28:21.140000
39948,7,357,12,1,2026-01-26 13:28:21.140000
39948,7,358,12,1,2026-01-26 13:28:21.140000
39948,7,359,12,1,2026-01-26 13:28:21.140000
39948,7,360,12,1,2026-01-26 13:28:21.140000
39948,7,361,12,1,2026-01-26 13:28:21.140000
39948,7,362,12,1,2026-01-26 13:28:21.140000
39948,7,363,12,1,2026-01-26 13:28:21.140000
39948,7,364,12,1,2026-01-26 13:28:21.140000
39948,7,365,12,1,2026-01-26 13:28:21.140000
39948,7,366,12,1,2026-01-26 13:28:21.140000
39948,7,367,12,1,2026-01-26 13:28:21.140000
39956,5,374,13,1,2025-01-24 20:08:23.627000
39956,5,375,13,1,2025-01-24 20:08:23.627000
39956,5,376,13,1,2025-01-24 20:08:23.627000
39956,5,377,13,1,2025-01-24 20:08:23.627000
39956,5,378,13,1,2025-01-24 20:08:23.627000
39956,5,379,13,1,2025-01-24 20:08:23.627000
39956,5,380,13,1,2025-01-24 20:08:23.627000
39956,5,381,13,1,2025-01-24 20:08:23.627000
39956,5,391,12,1,2025-01-24 20:08:23.627000
39956,5,392,12,1,2025-01-24 20:08:23.627000
39956,5,393,12,1,2025-01-24 20:08:23.627000
39956,5,394,12,1,2025-01-24 20:08:23.627000
39956,5,395,12,1,2025-01-24 20:08:23.627000
39956,5,396,12,1,2025-01-24 20:08:23.627000
39958,4,228,9,2,2025-02-18 17:15:13.443000
39958,4,238,9,2,2025-02-18 17:15:13.443000
39958,4,239,8,1,2025-02-18 17:15:13.443000
39958,4,240,8,1,2025-02-18 17:15:13.443000
39960,4,340,12,1,2025-09-02 13:55:32.580000
39960,4,341,12,1,2025-09-02 13:55:32.580000
39960,4,342,12,1,2025-09-02 13:55:32.580000
39960,4,343,12,1,2025-09-02 13:55:32.580000
39960,4,344,12,1,2025-09-02 13:55:32.580000
39960,4,345,12,1,2025-09-02 13:55:32.580000
39960,4,346,12,1,2025-09-02 13:55:32.580000
39960,4,347,12,1,2025-09-02 13:55:32.580000
39960,4,348,12,1,2025-09-02 13:55:32.580000
39960,4,349,12,1,2025-09-02 13:55:32.580000
39960,4,350,12,1,2025-09-02 13:55:32.580000
39960,4,351,12,1,2025-09-02 13:55:32.580000
39960,4,352,12,1,2025-09-02 13:55:32.580000
39960,4,353,12,1,2025-09-02 13:55:32.580000
39960,4,354,12,1,2025-09-02 13:55:32.580000
39960,4,355,12,1,2025-09-02 13:55:32.580000
39960,4,356,12,1,2025-09-02 13:55:32.580000
39960,4,357,12,1,2025-09-02 13:55:32.580000
39960,4,358,12,1,2025-09-02 13:55:32.580000
39960,4,359,12,1,2025-09-02 13:55:32.580000
39960,4,360,12,1,2025-09-02 13:55:32.580000
39960,4,361,12,1,2025-09-02 13:55:32.580000
39960,4,362,12,1,2025-09-02 13:55:32.580000
39960,4,363,12,1,2025-09-02 13:55:32.580000
39960,4,364,12,1,2025-09-02 13:55:32.580000
39960,4,365,12,1,2025-09-02 13:55:32.580000
39960,4,366,12,1,2025-09-02 13:55:32.580000
39960,4,367,12,1,2025-09-02 13:55:32.580000
39987,4,143,8,1,2025-06-25 19:24:52.927000
39987,4,144,8,1,2025-06-25 19:24:52.927000
39987,4,145,8,1,2025-06-25 19:24:52.927000
39987,4,146,8,1,2025-06-25 19:24:52.927000
39987,4,147,9,1,2025-06-25 19:24:52.927000
39987,4,148,9,1,2025-06-25 19:24:52.927000
39987,4,149,9,1,2025-06-25 19:24:52.927000
39987,4,151,9,1,2025-06-25 19:24:52.927000
39987,4,264,8,1,2025-06-25 19:24:52.927000
39987,4,265,9,1,2025-06-25 19:24:52.927000
39987,4,266,8,1,2025-06-25 19:24:52.927000
39987,4,267,9,1,2025-06-25 19:24:52.927000
39987,4,268,8,1,2025-06-25 19:24:52.927000
39989,4,143,8,1,2025-06-25 19:50:16.257000
39989,4,144,8,1,2025-06-25 19:50:16.257000
39989,4,145,8,1,2025-06-25 19:50:16.257000
39989,4,146,8,1,2025-06-25 19:50:16.257000
39989,4,147,9,1,2025-06-25 19:50:16.257000
39989,4,148,9,1,2025-06-25 19:50:16.257000
39989,4,149,9,1,2025-06-25 19:50:16.257000
39989,4,151,9,1,2025-06-25 19:50:16.257000
39989,4,264,8,1,2025-06-25 19:50:16.257000
39989,4,265,9,1,2025-06-25 19:50:16.257000
39989,4,266,8,1,2025-06-25 19:50:16.257000
39989,4,267,9,1,2025-06-25 19:50:16.257000
39989,4,268,8,1,2025-06-25 19:50:16.257000
39995,6,500,8,1,2026-07-14 20:41:57.597000
39995,6,501,8,1,2026-07-14 20:41:57.597000
39995,6,502,8,1,2026-07-14 20:41:57.597000
39995,6,504,9,1,2026-07-14 20:41:57.597000
39995,6,505,9,1,2026-07-14 20:41:57.597000
39995,6,506,9,1,2026-07-14 20:41:57.597000
39995,6,507,13,1,2026-07-14 20:41:57.597000
39995,6,508,13,1,2026-07-14 20:41:57.597000
39995,6,509,13,1,2026-07-14 20:41:57.597000
39995,6,510,13,1,2026-07-14 20:41:57.597000
39995,6,511,13,1,2026-07-14 20:41:57.597000
39995,6,512,13,1,2026-07-14 20:41:57.597000
39995,6,513,13,1,2026-07-14 20:41:57.597000
39995,6,514,13,1,2026-07-14 20:41:57.597000
39995,6,515,13,1,2026-07-14 20:41:57.597000
39995,6,516,13,1,2026-07-14 20:41:57.597000
39995,6,517,13,1,2026-07-14 20:41:57.597000
39995,6,519,13,1,2026-07-14 20:41:57.597000
39995,6,520,13,1,2026-07-14 20:41:57.597000
39995,6,521,13,1,2026-07-14 20:41:57.597000
39995,6,522,13,1,2026-07-14 20:41:57.597000
39995,6,523,13,1,2026-07-14 20:41:57.597000
40000,4,228,9,2,2026-06-08 12:24:21.210000
40000,4,238,9,2,2026-06-08 12:24:21.210000
40000,4,239,8,1,2026-06-08 12:24:21.210000
40000,4,240,8,1,2026-06-08 12:24:21.210000
40022,3,143,8,1,2025-06-27 19:50:37.873000
40022,3,144,8,1,2025-06-27 19:50:37.873000
40022,3,145,8,1,2025-06-27 19:50:37.873000
40022,3,146,8,1,2025-06-27 19:50:37.873000
40022,3,147,9,1,2025-06-27 19:50:37.873000
40022,3,148,9,1,2025-06-27 19:50:37.873000
40022,3,149,9,1,2025-06-27 19:50:37.873000
40022,3,151,9,1,2025-06-27 19:50:37.873000
40022,3,264,8,1,2025-06-27 19:50:37.873000
40022,3,265,9,1,2025-06-27 19:50:37.873000
40022,3,266,8,1,2025-06-27 19:50:37.873000
40022,3,267,9,1,2025-06-27 19:50:37.873000
40022,3,268,8,1,2025-06-27 19:50:37.873000
40025,8,368,12,1,2024-10-04 15:28:14.497000
40025,8,369,12,1,2024-10-04 15:28:14.497000
40025,8,370,12,1,2024-10-04 15:28:14.497000
40025,8,371,12,1,2024-10-04 15:28:14.497000
40025,8,372,12,1,2024-10-04 15:28:14.497000
40037,4,374,13,1,2025-01-31 15:44:59.103000
40037,4,375,13,1,2025-01-31 15:44:59.103000
40037,4,376,13,1,2025-01-31 15:44:59.103000
40037,4,377,13,1,2025-01-31 15:44:59.103000
40037,4,378,13,1,2025-01-31 15:44:59.103000
40037,4,379,13,1,2025-01-31 15:44:59.103000
40037,4,380,13,1,2025-01-31 15:44:59.103000
40037,4,381,13,1,2025-01-31 15:44:59.103000
40037,4,391,12,1,2025-01-31 15:44:59.103000
40037,4,392,12,1,2025-01-31 15:44:59.103000
40037,4,393,12,1,2025-01-31 15:44:59.103000
40037,4,394,12,1,2025-01-31 15:44:59.103000
40037,4,395,12,1,2025-01-31 15:44:59.103000
40037,4,396,12,1,2025-01-31 15:44:59.103000
40046,3,374,13,1,2025-09-05 14:15:56.543000
40046,3,375,13,1,2025-09-05 14:15:56.543000
40046,3,376,13,1,2025-09-05 14:15:56.543000
40046,3,377,13,1,2025-09-05 14:15:56.543000
40046,3,378,13,1,2025-09-05 14:15:56.543000
40046,3,379,13,1,2025-09-05 14:15:56.543000
40046,3,380,13,1,2025-09-05 14:15:56.543000
40046,3,381,13,1,2025-09-05 14:15:56.543000
40046,3,391,12,1,2025-09-05 14:15:56.543000
40046,3,392,12,1,2025-09-05 14:15:56.543000
40046,3,393,12,1,2025-09-05 14:15:56.543000
40046,3,394,12,1,2025-09-05 14:15:56.543000
40046,3,395,12,1,2025-09-05 14:15:56.543000
40046,3,396,12,1,2025-09-05 14:15:56.543000
40048,6,500,8,1,2026-07-14 20:41:54.143000
40048,6,501,8,1,2026-07-14 20:41:54.143000
40048,6,502,8,1,2026-07-14 20:41:54.143000
40048,6,504,9,1,2026-07-14 20:41:54.143000
40048,6,505,9,1,2026-07-14 20:41:54.143000
40048,6,506,9,1,2026-07-14 20:41:54.143000
40048,6,507,13,1,2026-07-14 20:41:54.143000
40048,6,508,13,1,2026-07-14 20:41:54.143000
40048,6,509,13,1,2026-07-14 20:41:54.143000
40048,6,510,13,1,2026-07-14 20:41:54.143000
40048,6,511,13,1,2026-07-14 20:41:54.143000
40048,6,512,13,1,2026-07-14 20:41:54.143000
40048,6,513,13,1,2026-07-14 20:41:54.143000
40048,6,514,13,1,2026-07-14 20:41:54.143000
40048,6,515,13,1,2026-07-14 20:41:54.143000
40048,6,516,13,1,2026-07-14 20:41:54.143000
40048,6,517,13,1,2026-07-14 20:41:54.143000
40048,6,519,13,1,2026-07-14 20:41:54.143000
40048,6,520,13,1,2026-07-14 20:41:54.143000
40048,6,521,13,1,2026-07-14 20:41:54.143000
40048,6,522,13,1,2026-07-14 20:41:54.143000
40048,6,523,13,1,2026-07-14 20:41:54.143000
40050,6,340,12,1,2025-10-27 12:14:33.987000
40050,6,341,12,1,2025-10-27 12:14:33.987000
40050,6,342,12,1,2025-10-27 12:14:33.987000
40050,6,343,12,1,2025-10-27 12:14:33.987000
40050,6,344,12,1,2025-10-27 12:14:33.987000
40050,6,345,12,1,2025-10-27 12:14:33.987000
40050,6,346,12,1,2025-10-27 12:14:33.987000
40050,6,347,12,1,2025-10-27 12:14:33.987000
40050,6,348,12,1,2025-10-27 12:14:33.987000
40050,6,349,12,1,2025-10-27 12:14:33.987000
40050,6,350,12,1,2025-10-27 12:14:33.987000
40050,6,351,12,1,2025-10-27 12:14:33.987000
40050,6,352,12,1,2025-10-27 12:14:33.987000
40050,6,353,12,1,2025-10-27 12:14:33.987000
40050,6,354,12,1,2025-10-27 12:14:33.987000
40050,6,355,12,1,2025-10-27 12:14:33.987000
40050,6,356,12,1,2025-10-27 12:14:33.987000
40050,6,357,12,1,2025-10-27 12:14:33.987000
40050,6,358,12,1,2025-10-27 12:14:33.987000
40050,6,359,12,1,2025-10-27 12:14:33.987000
40050,6,360,12,1,2025-10-27 12:14:33.987000
40050,6,361,12,1,2025-10-27 12:14:33.987000
40050,6,362,12,1,2025-10-27 12:14:33.987000
40050,6,363,12,1,2025-10-27 12:14:33.987000
40050,6,364,12,1,2025-10-27 12:14:33.987000
40050,6,365,12,1,2025-10-27 12:14:33.987000
40050,6,366,12,1,2025-10-27 12:14:33.987000
40050,6,367,12,1,2025-10-27 12:14:33.987000
40056,3,228,9,2,2025-09-03 10:57:40.293000
40056,3,238,9,2,2025-09-03 10:57:40.293000
40056,3,239,8,1,2025-09-03 10:57:40.293000
40056,3,240,8,1,2025-09-03 10:57:40.293000
40057,9,374,13,1,2025-07-09 18:51:35.563000
40057,9,375,13,1,2025-07-09 18:51:35.563000
40057,9,376,13,1,2025-07-09 18:51:35.563000
40057,9,377,13,1,2025-07-09 18:51:35.563000
40057,9,378,13,1,2025-07-09 18:51:35.563000
40057,9,379,13,1,2025-07-09 18:51:35.563000
40057,9,380,13,1,2025-07-09 18:51:35.563000
40057,9,381,13,1,2025-07-09 18:51:35.563000
40057,9,391,12,1,2025-07-09 18:51:35.563000
40057,9,392,12,1,2025-07-09 18:51:35.563000
40057,9,393,12,1,2025-07-09 18:51:35.563000
40057,9,394,12,1,2025-07-09 18:51:35.563000
40057,9,395,12,1,2025-07-09 18:51:35.563000
40057,9,396,12,1,2025-07-09 18:51:35.563000
40058,7,374,13,1,2026-07-08 19:32:02.190000
40058,7,375,13,1,2026-07-08 19:32:02.190000
40058,7,376,13,1,2026-07-08 19:32:02.190000
40058,7,377,13,1,2026-07-08 19:32:02.190000
40058,7,378,13,1,2026-07-08 19:32:02.190000
40058,7,379,13,1,2026-07-08 19:32:02.190000
40058,7,380,13,1,2026-07-08 19:32:02.190000
40058,7,381,13,1,2026-07-08 19:32:02.190000
40058,7,391,12,1,2026-07-08 19:32:02.190000
40058,7,392,12,1,2026-07-08 19:32:02.190000
40058,7,393,12,1,2026-07-08 19:32:02.190000
40058,7,394,12,1,2026-07-08 19:32:02.190000
40058,7,395,12,1,2026-07-08 19:32:02.190000
40058,7,396,12,1,2026-07-08 19:32:02.190000
40059,8,360,12,1,2025-07-11 15:13:41.750000
40059,8,361,12,1,2025-07-11 15:13:41.750000
40059,8,362,12,1,2025-07-11 15:13:41.750000
40059,8,363,12,1,2025-07-11 15:13:41.750000
40059,8,364,12,1,2025-07-11 15:13:41.750000
40059,8,365,12,1,2025-07-11 15:13:41.750000
40059,8,366,12,1,2025-07-11 15:13:41.750000
40059,8,367,12,1,2025-07-11 15:13:41.750000
40060,6,360,12,1,2026-07-09 16:15:56.460000
40060,6,361,12,1,2026-07-09 16:15:56.460000
40060,6,362,12,1,2026-07-09 16:15:56.460000
40060,6,363,12,1,2026-07-09 16:15:56.460000
40060,6,364,12,1,2026-07-09 16:15:56.460000
40060,6,365,12,1,2026-07-09 16:15:56.460000
40060,6,366,12,1,2026-07-09 16:15:56.460000
40060,6,367,12,1,2026-07-09 16:15:56.460000
40061,7,340,12,1,2025-07-11 15:15:07.343000
40061,7,341,12,1,2025-07-11 15:15:07.343000
40061,7,342,12,1,2025-07-11 15:15:07.343000
40061,7,343,12,1,2025-07-11 15:15:07.343000
40061,7,344,12,1,2025-07-11 15:15:07.343000
40061,7,345,12,1,2025-07-11 15:15:07.343000
40061,7,346,12,1,2025-07-11 15:15:07.343000
40061,7,347,12,1,2025-07-11 15:15:07.343000
40061,7,348,12,1,2025-07-11 15:15:07.343000
40061,7,349,12,1,2025-07-11 15:15:07.343000
40061,7,350,12,1,2025-07-11 15:15:07.343000
40061,7,351,12,1,2025-07-11 15:15:07.343000
40061,7,352,12,1,2025-07-11 15:15:07.343000
40061,7,353,12,1,2025-07-11 15:15:07.343000
40061,7,354,12,1,2025-07-11 15:15:07.343000
40061,7,355,12,1,2025-07-11 15:15:07.343000
40061,7,356,12,1,2025-07-11 15:15:07.343000
40061,7,357,12,1,2025-07-11 15:15:07.343000
40061,7,358,12,1,2025-07-11 15:15:07.343000
40061,7,359,12,1,2025-07-11 15:15:07.343000
40062,6,340,12,1,2026-07-09 16:16:53.727000
40062,6,341,12,1,2026-07-09 16:16:53.727000
40062,6,342,12,1,2026-07-09 16:16:53.727000
40062,6,343,12,1,2026-07-09 16:16:53.727000
40062,6,344,12,1,2026-07-09 16:16:53.727000
40062,6,345,12,1,2026-07-09 16:16:53.727000
40062,6,346,12,1,2026-07-09 16:16:53.727000
40062,6,347,12,1,2026-07-09 16:16:53.727000
40062,6,348,12,1,2026-07-09 16:16:53.727000
40062,6,349,12,1,2026-07-09 16:16:53.727000
40062,6,350,12,1,2026-07-09 16:16:53.727000
40062,6,351,12,1,2026-07-09 16:16:53.727000
40062,6,352,12,1,2026-07-09 16:16:53.727000
40062,6,353,12,1,2026-07-09 16:16:53.727000
40062,6,354,12,1,2026-07-09 16:16:53.727000
40062,6,355,12,1,2026-07-09 16:16:53.727000
40062,6,356,12,1,2026-07-09 16:16:53.727000
40062,6,357,12,1,2026-07-09 16:16:53.727000
40062,6,358,12,1,2026-07-09 16:16:53.727000
40062,6,359,12,1,2026-07-09 16:16:53.727000
40139,7,228,9,2,2025-07-10 11:34:44.607000
40139,7,238,9,2,2025-07-10 11:34:44.607000
40139,7,239,8,1,2025-07-10 11:34:44.607000
40139,7,240,8,1,2025-07-10 11:34:44.607000
40140,6,228,9,2,2026-07-10 14:27:28.193000
40140,6,238,9,2,2026-07-10 14:27:28.193000
40140,6,239,8,1,2026-07-10 14:27:28.193000
40140,6,240,8,1,2026-07-10 14:27:28.193000
40141,4,374,13,1,2025-07-09 19:32:41.580000
40141,4,375,13,1,2025-07-09 19:32:41.580000
40141,4,376,13,1,2025-07-09 19:32:41.580000
40141,4,377,13,1,2025-07-09 19:32:41.580000
40141,4,378,13,1,2025-07-09 19:32:41.580000
40141,4,379,13,1,2025-07-09 19:32:41.580000
40141,4,380,13,1,2025-07-09 19:32:41.580000
40141,4,381,13,1,2025-07-09 19:32:41.580000
40141,4,391,12,1,2025-07-09 19:32:41.580000
40141,4,392,12,1,2025-07-09 19:32:41.580000
40141,4,393,12,1,2025-07-09 19:32:41.580000
40141,4,394,12,1,2025-07-09 19:32:41.580000
40141,4,395,12,1,2025-07-09 19:32:41.580000
40141,4,396,12,1,2025-07-09 19:32:41.580000
40143,8,340,12,1,2025-07-11 15:04:29.260000
40143,8,341,12,1,2025-07-11 15:04:29.260000
40143,8,342,12,1,2025-07-11 15:04:29.260000
40143,8,343,12,1,2025-07-11 15:04:29.260000
40143,8,344,12,1,2025-07-11 15:04:29.260000
40143,8,345,12,1,2025-07-11 15:04:29.260000
40143,8,346,12,1,2025-07-11 15:04:29.260000
40143,8,347,12,1,2025-07-11 15:04:29.260000
40143,8,348,12,1,2025-07-11 15:04:29.260000
40143,8,349,12,1,2025-07-11 15:04:29.260000
40143,8,350,12,1,2025-07-11 15:04:29.260000
40143,8,351,12,1,2025-07-11 15:04:29.260000
40143,8,352,12,1,2025-07-11 15:04:29.260000
40143,8,353,12,1,2025-07-11 15:04:29.260000
40143,8,354,12,1,2025-07-11 15:04:29.260000
40143,8,355,12,1,2025-07-11 15:04:29.260000
40143,8,356,12,1,2025-07-11 15:04:29.260000
40143,8,357,12,1,2025-07-11 15:04:29.260000
40143,8,358,12,1,2025-07-11 15:04:29.260000
40143,8,359,12,1,2025-07-11 15:04:29.260000
40143,8,360,12,1,2025-07-11 15:04:29.260000
40143,8,361,12,1,2025-07-11 15:04:29.260000
40143,8,362,12,1,2025-07-11 15:04:29.260000
40143,8,363,12,1,2025-07-11 15:04:29.260000
40143,8,364,12,1,2025-07-11 15:04:29.260000
40143,8,365,12,1,2025-07-11 15:04:29.260000
40143,8,366,12,1,2025-07-11 15:04:29.260000
40143,8,367,12,1,2025-07-11 15:04:29.260000
40167,12,269,8,1,2025-05-09 11:28:11.363000
40167,12,270,8,1,2025-05-09 11:28:11.363000
40167,12,271,8,1,2025-05-09 11:28:11.363000
40167,12,273,9,1,2025-05-09 11:28:11.363000
40167,12,274,9,1,2025-05-09 11:28:11.363000
40167,12,275,9,1,2025-05-09 11:28:11.363000
40167,12,297,13,1,2025-05-09 11:28:11.363000
40167,12,298,13,1,2025-05-09 11:28:11.363000
40167,12,299,13,1,2025-05-09 11:28:11.363000
40167,12,300,13,1,2025-05-09 11:28:11.363000
40167,12,301,13,1,2025-05-09 11:28:11.363000
40167,12,302,13,1,2025-05-09 11:28:11.363000
40167,12,303,13,1,2025-05-09 11:28:11.363000
40167,12,304,13,1,2025-05-09 11:28:11.363000
40167,12,305,13,1,2025-05-09 11:28:11.363000
40167,12,306,13,1,2025-05-09 11:28:11.363000
40167,12,307,13,1,2025-05-09 11:28:11.363000
40167,12,309,13,1,2025-05-09 11:28:11.363000
40167,12,310,13,1,2025-05-09 11:28:11.363000
40167,12,311,13,1,2025-05-09 11:28:11.363000
40167,12,312,13,1,2025-05-09 11:28:11.363000
40167,12,313,13,1,2025-05-09 11:28:11.363000
40168,9,500,8,1,2026-07-14 20:41:58.520000
40168,9,501,8,1,2026-07-14 20:41:58.520000
40168,9,502,8,1,2026-07-14 20:41:58.520000
40168,9,504,9,1,2026-07-14 20:41:58.520000
40168,9,505,9,1,2026-07-14 20:41:58.520000
40168,9,506,9,1,2026-07-14 20:41:58.520000
40168,9,507,13,1,2026-07-14 20:41:58.520000
40168,9,508,13,1,2026-07-14 20:41:58.520000
40168,9,509,13,1,2026-07-14 20:41:58.520000
40168,9,510,13,1,2026-07-14 20:41:58.520000
40168,9,511,13,1,2026-07-14 20:41:58.520000
40168,9,512,13,1,2026-07-14 20:41:58.520000
40168,9,513,13,1,2026-07-14 20:41:58.520000
40168,9,514,13,1,2026-07-14 20:41:58.520000
40168,9,515,13,1,2026-07-14 20:41:58.520000
40168,9,516,13,1,2026-07-14 20:41:58.520000
40168,9,517,13,1,2026-07-14 20:41:58.520000
40168,9,519,13,1,2026-07-14 20:41:58.520000
40168,9,520,13,1,2026-07-14 20:41:58.520000
40168,9,521,13,1,2026-07-14 20:41:58.520000
40168,9,522,13,1,2026-07-14 20:41:58.520000
40168,9,523,13,1,2026-07-14 20:41:58.520000
40173,4,360,12,1,2025-05-06 21:56:49.023000
40173,4,361,12,1,2025-05-06 21:56:49.023000
40173,4,362,12,1,2025-05-06 21:56:49.023000
40173,4,363,12,1,2025-05-06 21:56:49.023000
40173,4,364,12,1,2025-05-06 21:56:49.023000
40173,4,365,12,1,2025-05-06 21:56:49.023000
40173,4,366,12,1,2025-05-06 21:56:49.023000
40173,4,367,12,1,2025-05-06 21:56:49.023000
40174,4,340,12,1,2025-05-06 21:58:06.290000
40174,4,341,12,1,2025-05-06 21:58:06.290000
40174,4,342,12,1,2025-05-06 21:58:06.290000
40174,4,343,12,1,2025-05-06 21:58:06.290000
40174,4,344,12,1,2025-05-06 21:58:06.290000
40174,4,345,12,1,2025-05-06 21:58:06.290000
40174,4,346,12,1,2025-05-06 21:58:06.290000
40174,4,347,12,1,2025-05-06 21:58:06.290000
40174,4,348,12,1,2025-05-06 21:58:06.290000
40174,4,349,12,1,2025-05-06 21:58:06.290000
40174,4,350,12,1,2025-05-06 21:58:06.290000
40174,4,351,12,1,2025-05-06 21:58:06.290000
40174,4,352,12,1,2025-05-06 21:58:06.290000
40174,4,353,12,1,2025-05-06 21:58:06.290000
40174,4,354,12,1,2025-05-06 21:58:06.290000
40174,4,355,12,1,2025-05-06 21:58:06.290000
40174,4,356,12,1,2025-05-06 21:58:06.290000
40174,4,357,12,1,2025-05-06 21:58:06.290000
40174,4,358,12,1,2025-05-06 21:58:06.290000
40174,4,359,12,1,2025-05-06 21:58:06.290000
40175,4,340,12,1,2025-05-08 12:24:18.290000
40175,4,341,12,1,2025-05-08 12:24:18.290000
40175,4,342,12,1,2025-05-08 12:24:18.290000
40175,4,343,12,1,2025-05-08 12:24:18.290000
40175,4,344,12,1,2025-05-08 12:24:18.290000
40175,4,345,12,1,2025-05-08 12:24:18.290000
40175,4,346,12,1,2025-05-08 12:24:18.290000
40175,4,347,12,1,2025-05-08 12:24:18.290000
40175,4,348,12,1,2025-05-08 12:24:18.290000
40175,4,349,12,1,2025-05-08 12:24:18.290000
40175,4,350,12,1,2025-05-08 12:24:18.290000
40175,4,351,12,1,2025-05-08 12:24:18.290000
40175,4,352,12,1,2025-05-08 12:24:18.290000
40175,4,353,12,1,2025-05-08 12:24:18.290000
40175,4,354,12,1,2025-05-08 12:24:18.290000
40175,4,355,12,1,2025-05-08 12:24:18.290000
40175,4,356,12,1,2025-05-08 12:24:18.290000
40175,4,357,12,1,2025-05-08 12:24:18.290000
40175,4,358,12,1,2025-05-08 12:24:18.290000
40175,4,359,12,1,2025-05-08 12:24:18.290000
40175,4,360,12,1,2025-05-08 12:24:18.290000
40175,4,361,12,1,2025-05-08 12:24:18.290000
40175,4,362,12,1,2025-05-08 12:24:18.290000
40175,4,363,12,1,2025-05-08 12:24:18.290000
40175,4,364,12,1,2025-05-08 12:24:18.290000
40175,4,365,12,1,2025-05-08 12:24:18.290000
40175,4,366,12,1,2025-05-08 12:24:18.290000
40175,4,367,12,1,2025-05-08 12:24:18.290000
40176,7,340,12,1,2026-03-10 19:50:49.707000
40176,7,341,12,1,2026-03-10 19:50:49.707000
40176,7,342,12,1,2026-03-10 19:50:49.707000
40176,7,343,12,1,2026-03-10 19:50:49.707000
40176,7,344,12,1,2026-03-10 19:50:49.707000
40176,7,345,12,1,2026-03-10 19:50:49.707000
40176,7,346,12,1,2026-03-10 19:50:49.707000
40176,7,347,12,1,2026-03-10 19:50:49.707000
40176,7,348,12,1,2026-03-10 19:50:49.707000
40176,7,349,12,1,2026-03-10 19:50:49.707000
40176,7,350,12,1,2026-03-10 19:50:49.707000
40176,7,351,12,1,2026-03-10 19:50:49.707000
40176,7,352,12,1,2026-03-10 19:50:49.707000
40176,7,353,12,1,2026-03-10 19:50:49.707000
40176,7,354,12,1,2026-03-10 19:50:49.707000
40176,7,355,12,1,2026-03-10 19:50:49.707000
40176,7,356,12,1,2026-03-10 19:50:49.707000
40176,7,357,12,1,2026-03-10 19:50:49.707000
40176,7,358,12,1,2026-03-10 19:50:49.707000
40176,7,359,12,1,2026-03-10 19:50:49.707000
40176,7,360,12,1,2026-03-10 19:50:49.707000
40176,7,361,12,1,2026-03-10 19:50:49.707000
40176,7,362,12,1,2026-03-10 19:50:49.707000
40176,7,363,12,1,2026-03-10 19:50:49.707000
40176,7,364,12,1,2026-03-10 19:50:49.707000
40176,7,365,12,1,2026-03-10 19:50:49.707000
40176,7,366,12,1,2026-03-10 19:50:49.707000
40176,7,367,12,1,2026-03-10 19:50:49.707000
40178,3,228,9,2,2025-05-09 13:51:19.850000
40178,3,238,9,2,2025-05-09 13:51:19.850000
40178,3,239,8,1,2025-05-09 13:51:19.850000
40178,3,240,8,1,2025-05-09 13:51:19.850000
40179,7,228,9,2,2026-04-17 20:39:32.743000
40179,7,238,9,2,2026-04-17 20:39:32.743000
40179,7,239,8,1,2026-04-17 20:39:32.743000
40179,7,240,8,1,2026-04-17 20:39:32.743000
40183,9,228,9,2,2025-05-06 15:02:26.377000
40183,9,238,9,2,2025-05-06 15:02:26.377000
40183,9,239,8,1,2025-05-06 15:02:26.377000
40183,9,240,8,1,2025-05-06 15:02:26.377000
40184,7,360,12,1,2025-05-26 03:19:30.710000
40184,7,361,12,1,2025-05-26 03:19:30.710000
40184,7,362,12,1,2025-05-26 03:19:30.710000
40184,7,363,12,1,2025-05-26 03:19:30.710000
40184,7,364,12,1,2025-05-26 03:19:30.710000
40184,7,365,12,1,2025-05-26 03:19:30.710000
40184,7,366,12,1,2025-05-26 03:19:30.710000
40184,7,367,12,1,2025-05-26 03:19:30.710000
40185,7,340,12,1,2025-05-26 03:20:00.973000
40185,7,341,12,1,2025-05-26 03:20:00.973000
40185,7,342,12,1,2025-05-26 03:20:00.973000
40185,7,343,12,1,2025-05-26 03:20:00.973000
40185,7,344,12,1,2025-05-26 03:20:00.973000
40185,7,345,12,1,2025-05-26 03:20:00.973000
40185,7,346,12,1,2025-05-26 03:20:00.973000
40185,7,347,12,1,2025-05-26 03:20:00.973000
40185,7,348,12,1,2025-05-26 03:20:00.973000
40185,7,349,12,1,2025-05-26 03:20:00.973000
40185,7,350,12,1,2025-05-26 03:20:00.973000
40185,7,351,12,1,2025-05-26 03:20:00.973000
40185,7,352,12,1,2025-05-26 03:20:00.973000
40185,7,353,12,1,2025-05-26 03:20:00.973000
40185,7,354,12,1,2025-05-26 03:20:00.973000
40185,7,355,12,1,2025-05-26 03:20:00.973000
40185,7,356,12,1,2025-05-26 03:20:00.973000
40185,7,357,12,1,2025-05-26 03:20:00.973000
40185,7,358,12,1,2025-05-26 03:20:00.973000
40185,7,359,12,1,2025-05-26 03:20:00.973000
40186,8,374,13,1,2025-08-18 19:42:53.570000
40186,8,375,13,1,2025-08-18 19:42:53.570000
40186,8,376,13,1,2025-08-18 19:42:53.570000
40186,8,377,13,1,2025-08-18 19:42:53.570000
40186,8,378,13,1,2025-08-18 19:42:53.570000
40186,8,379,13,1,2025-08-18 19:42:53.570000
40186,8,380,13,1,2025-08-18 19:42:53.570000
40186,8,381,13,1,2025-08-18 19:42:53.570000
40186,8,391,12,1,2025-08-18 19:42:53.570000
40186,8,392,12,1,2025-08-18 19:42:53.570000
40186,8,393,12,1,2025-08-18 19:42:53.570000
40186,8,394,12,1,2025-08-18 19:42:53.570000
40186,8,395,12,1,2025-08-18 19:42:53.570000
40186,8,396,12,1,2025-08-18 19:42:53.570000
40187,3,374,13,1,2026-06-19 15:13:06.653000
40187,3,375,13,1,2026-06-19 15:13:06.653000
40187,3,376,13,1,2026-06-19 15:13:06.653000
40187,3,377,13,1,2026-06-19 15:13:06.653000
40187,3,378,13,1,2026-06-19 15:13:06.653000
40187,3,379,13,1,2026-06-19 15:13:06.653000
40187,3,380,13,1,2026-06-19 15:13:06.653000
40187,3,381,13,1,2026-06-19 15:13:06.653000
40187,3,391,12,1,2026-06-19 15:13:06.653000
40187,3,392,12,1,2026-06-19 15:13:06.653000
40187,3,393,12,1,2026-06-19 15:13:06.653000
40187,3,394,12,1,2026-06-19 15:13:06.653000
40187,3,395,12,1,2026-06-19 15:13:06.653000
40187,3,396,12,1,2026-06-19 15:13:06.653000
40188,6,374,13,1,2025-05-08 21:09:52.403000
40188,6,375,13,1,2025-05-08 21:09:52.403000
40188,6,376,13,1,2025-05-08 21:09:52.403000
40188,6,377,13,1,2025-05-08 21:09:52.403000
40188,6,378,13,1,2025-05-08 21:09:52.403000
40188,6,379,13,1,2025-05-08 21:09:52.403000
40188,6,380,13,1,2025-05-08 21:09:52.403000
40188,6,381,13,1,2025-05-08 21:09:52.403000
40188,6,391,12,1,2025-05-08 21:09:52.403000
40188,6,392,12,1,2025-05-08 21:09:52.403000
40188,6,393,12,1,2025-05-08 21:09:52.403000
40188,6,394,12,1,2025-05-08 21:09:52.403000
40188,6,395,12,1,2025-05-08 21:09:52.403000
40188,6,396,12,1,2025-05-08 21:09:52.403000
40189,10,374,13,1,2026-03-11 13:49:07.170000
40189,10,375,13,1,2026-03-11 13:49:07.170000
40189,10,376,13,1,2026-03-11 13:49:07.170000
40189,10,377,13,1,2026-03-11 13:49:07.170000
40189,10,378,13,1,2026-03-11 13:49:07.170000
40189,10,379,13,1,2026-03-11 13:49:07.170000
40189,10,380,13,1,2026-03-11 13:49:07.170000
40189,10,381,13,1,2026-03-11 13:49:07.170000
40189,10,391,12,1,2026-03-11 13:49:07.170000
40189,10,392,12,1,2026-03-11 13:49:07.170000
40189,10,393,12,1,2026-03-11 13:49:07.170000
40189,10,394,12,1,2026-03-11 13:49:07.170000
40189,10,395,12,1,2026-03-11 13:49:07.170000
40189,10,396,12,1,2026-03-11 13:49:07.170000
40192,3,143,8,1,2025-05-09 14:53:37.857000
40192,3,144,8,1,2025-05-09 14:53:37.857000
40192,3,145,8,1,2025-05-09 14:53:37.857000
40192,3,146,8,1,2025-05-09 14:53:37.857000
40192,3,147,9,1,2025-05-09 14:53:37.857000
40192,3,148,9,1,2025-05-09 14:53:37.857000
40192,3,149,9,1,2025-05-09 14:53:37.857000
40192,3,151,9,1,2025-05-09 14:53:37.857000
40192,3,264,8,1,2025-05-09 14:53:37.857000
40192,3,265,9,1,2025-05-09 14:53:37.857000
40192,3,266,8,1,2025-05-09 14:53:37.857000
40192,3,267,9,1,2025-05-09 14:53:37.857000
40192,3,268,8,1,2025-05-09 14:53:37.857000
40193,9,143,8,1,2026-03-12 16:59:47.593000
40193,9,144,8,1,2026-03-12 16:59:47.593000
40193,9,145,8,1,2026-03-12 16:59:47.593000
40193,9,146,8,1,2026-03-12 16:59:47.593000
40193,9,147,9,1,2026-03-12 16:59:47.593000
40193,9,148,9,1,2026-03-12 16:59:47.593000
40193,9,149,9,1,2026-03-12 16:59:47.593000
40193,9,151,9,1,2026-03-12 16:59:47.593000
40193,9,264,8,1,2026-03-12 16:59:47.593000
40193,9,265,9,1,2026-03-12 16:59:47.593000
40193,9,266,8,1,2026-03-12 16:59:47.593000
40193,9,267,9,1,2026-03-12 16:59:47.593000
40193,9,268,8,1,2026-03-12 16:59:47.593000
40194,3,143,8,1,2025-05-19 19:49:46.990000
40194,3,144,8,1,2025-05-19 19:49:46.990000
40194,3,145,8,1,2025-05-19 19:49:46.990000
40194,3,146,8,1,2025-05-19 19:49:46.990000
40194,3,147,9,1,2025-05-19 19:49:46.990000
40194,3,148,9,1,2025-05-19 19:49:46.990000
40194,3,149,9,1,2025-05-19 19:49:46.990000
40194,3,151,9,1,2025-05-19 19:49:46.990000
40194,3,264,8,1,2025-05-19 19:49:46.990000
40194,3,265,9,1,2025-05-19 19:49:46.990000
40194,3,266,8,1,2025-05-19 19:49:46.990000
40194,3,267,9,1,2025-05-19 19:49:46.990000
40194,3,268,8,1,2025-05-19 19:49:46.990000
40195,3,143,8,1,2025-05-20 15:03:31.673000
40195,3,144,8,1,2025-05-20 15:03:31.673000
40195,3,145,8,1,2025-05-20 15:03:31.673000
40195,3,146,8,1,2025-05-20 15:03:31.673000
40195,3,147,9,1,2025-05-20 15:03:31.673000
40195,3,148,9,1,2025-05-20 15:03:31.673000
40195,3,149,9,1,2025-05-20 15:03:31.673000
40195,3,151,9,1,2025-05-20 15:03:31.673000
40195,3,264,8,1,2025-05-20 15:03:31.673000
40195,3,265,9,1,2025-05-20 15:03:31.673000
40195,3,266,8,1,2025-05-20 15:03:31.673000
40195,3,267,9,1,2025-05-20 15:03:31.673000
40195,3,268,8,1,2025-05-20 15:03:31.673000
40196,4,340,12,1,2025-08-22 14:18:16.617000
40196,4,341,12,1,2025-08-22 14:18:16.617000
40196,4,342,12,1,2025-08-22 14:18:16.617000
40196,4,343,12,1,2025-08-22 14:18:16.617000
40196,4,344,12,1,2025-08-22 14:18:16.617000
40196,4,345,12,1,2025-08-22 14:18:16.617000
40196,4,346,12,1,2025-08-22 14:18:16.617000
40196,4,347,12,1,2025-08-22 14:18:16.617000
40196,4,348,12,1,2025-08-22 14:18:16.617000
40196,4,349,12,1,2025-08-22 14:18:16.617000
40196,4,350,12,1,2025-08-22 14:18:16.617000
40196,4,351,12,1,2025-08-22 14:18:16.617000
40196,4,352,12,1,2025-08-22 14:18:16.617000
40196,4,353,12,1,2025-08-22 14:18:16.617000
40196,4,354,12,1,2025-08-22 14:18:16.617000
40196,4,355,12,1,2025-08-22 14:18:16.617000
40196,4,356,12,1,2025-08-22 14:18:16.617000
40196,4,357,12,1,2025-08-22 14:18:16.617000
40196,4,358,12,1,2025-08-22 14:18:16.617000
40196,4,359,12,1,2025-08-22 14:18:16.617000
40196,4,360,12,1,2025-08-22 14:18:16.617000
40196,4,361,12,1,2025-08-22 14:18:16.617000
40196,4,362,12,1,2025-08-22 14:18:16.617000
40196,4,363,12,1,2025-08-22 14:18:16.617000
40196,4,364,12,1,2025-08-22 14:18:16.617000
40196,4,365,12,1,2025-08-22 14:18:16.617000
40196,4,366,12,1,2025-08-22 14:18:16.617000
40196,4,367,12,1,2025-08-22 14:18:16.617000
40197,4,340,12,1,2026-06-19 13:15:26.763000
40197,4,341,12,1,2026-06-19 13:15:26.763000
40197,4,342,12,1,2026-06-19 13:15:26.763000
40197,4,343,12,1,2026-06-19 13:15:26.763000
40197,4,344,12,1,2026-06-19 13:15:26.763000
40197,4,345,12,1,2026-06-19 13:15:26.763000
40197,4,346,12,1,2026-06-19 13:15:26.763000
40197,4,347,12,1,2026-06-19 13:15:26.763000
40197,4,348,12,1,2026-06-19 13:15:26.763000
40197,4,349,12,1,2026-06-19 13:15:26.763000
40197,4,350,12,1,2026-06-19 13:15:26.763000
40197,4,351,12,1,2026-06-19 13:15:26.763000
40197,4,352,12,1,2026-06-19 13:15:26.763000
40197,4,353,12,1,2026-06-19 13:15:26.763000
40197,4,354,12,1,2026-06-19 13:15:26.763000
40197,4,355,12,1,2026-06-19 13:15:26.763000
40197,4,356,12,1,2026-06-19 13:15:26.763000
40197,4,357,12,1,2026-06-19 13:15:26.763000
40197,4,358,12,1,2026-06-19 13:15:26.763000
40197,4,359,12,1,2026-06-19 13:15:26.763000
40197,4,360,12,1,2026-06-19 13:15:26.763000
40197,4,361,12,1,2026-06-19 13:15:26.763000
40197,4,362,12,1,2026-06-19 13:15:26.763000
40197,4,363,12,1,2026-06-19 13:15:26.763000
40197,4,364,12,1,2026-06-19 13:15:26.763000
40197,4,365,12,1,2026-06-19 13:15:26.763000
40197,4,366,12,1,2026-06-19 13:15:26.763000
40197,4,367,12,1,2026-06-19 13:15:26.763000
40198,5,228,9,2,2025-08-21 18:34:05.800000
40198,5,238,9,2,2025-08-21 18:34:05.800000
40198,5,239,8,1,2025-08-21 18:34:05.800000
40198,5,240,8,1,2025-08-21 18:34:05.800000
40199,4,228,9,2,2026-06-19 12:19:42.107000
40199,4,238,9,2,2026-06-19 12:19:42.107000
40199,4,239,8,1,2026-06-19 12:19:42.107000
40199,4,240,8,1,2026-06-19 12:19:42.107000
40204,9,374,13,1,2025-09-19 13:51:47.780000
40204,9,375,13,1,2025-09-19 13:51:47.780000
40204,9,376,13,1,2025-09-19 13:51:47.780000
40204,9,377,13,1,2025-09-19 13:51:47.780000
40204,9,378,13,1,2025-09-19 13:51:47.780000
40204,9,379,13,1,2025-09-19 13:51:47.780000
40204,9,380,13,1,2025-09-19 13:51:47.780000
40204,9,381,13,1,2025-09-19 13:51:47.780000
40204,9,391,12,1,2025-09-19 13:51:47.780000
40204,9,392,12,1,2025-09-19 13:51:47.780000
40204,9,393,12,1,2025-09-19 13:51:47.780000
40204,9,394,12,1,2025-09-19 13:51:47.780000
40204,9,395,12,1,2025-09-19 13:51:47.780000
40204,9,396,12,1,2025-09-19 13:51:47.780000
40205,8,374,13,1,2026-05-14 14:29:32.573000
40205,8,375,13,1,2026-05-14 14:29:32.573000
40205,8,376,13,1,2026-05-14 14:29:32.573000
40205,8,377,13,1,2026-05-14 14:29:32.573000
40205,8,378,13,1,2026-05-14 14:29:32.573000
40205,8,379,13,1,2026-05-14 14:29:32.573000
40205,8,380,13,1,2026-05-14 14:29:32.573000
40205,8,381,13,1,2026-05-14 14:29:32.573000
40205,8,391,12,1,2026-05-14 14:29:32.573000
40205,8,392,12,1,2026-05-14 14:29:32.573000
40205,8,393,12,1,2026-05-14 14:29:32.573000
40205,8,394,12,1,2026-05-14 14:29:32.573000
40205,8,395,12,1,2026-05-14 14:29:32.573000
40205,8,396,12,1,2026-05-14 14:29:32.573000
40208,6,374,13,1,2025-07-17 15:15:53.913000
40208,6,375,13,1,2025-07-17 15:15:53.913000
40208,6,376,13,1,2025-07-17 15:15:53.913000
40208,6,377,13,1,2025-07-17 15:15:53.913000
40208,6,378,13,1,2025-07-17 15:15:53.913000
40208,6,379,13,1,2025-07-17 15:15:53.913000
40208,6,380,13,1,2025-07-17 15:15:53.913000
40208,6,381,13,1,2025-07-17 15:15:53.913000
40208,6,391,12,1,2025-07-17 15:15:53.913000
40208,6,392,12,1,2025-07-17 15:15:53.913000
40208,6,393,12,1,2025-07-17 15:15:53.913000
40208,6,394,12,1,2025-07-17 15:15:53.913000
40208,6,395,12,1,2025-07-17 15:15:53.913000
40208,6,396,12,1,2025-07-17 15:15:53.913000
40209,8,374,13,1,2025-08-18 19:54:50.777000
40209,8,375,13,1,2025-08-18 19:54:50.777000
40209,8,376,13,1,2025-08-18 19:54:50.777000
40209,8,377,13,1,2025-08-18 19:54:50.777000
40209,8,378,13,1,2025-08-18 19:54:50.777000
40209,8,379,13,1,2025-08-18 19:54:50.777000
40209,8,380,13,1,2025-08-18 19:54:50.777000
40209,8,381,13,1,2025-08-18 19:54:50.777000
40209,8,391,12,1,2025-08-18 19:54:50.777000
40209,8,392,12,1,2025-08-18 19:54:50.777000
40209,8,393,12,1,2025-08-18 19:54:50.777000
40209,8,394,12,1,2025-08-18 19:54:50.777000
40209,8,395,12,1,2025-08-18 19:54:50.777000
40209,8,396,12,1,2025-08-18 19:54:50.777000
40221,4,340,12,1,2025-08-22 13:36:19.810000
40221,4,341,12,1,2025-08-22 13:36:19.810000
40221,4,342,12,1,2025-08-22 13:36:19.810000
40221,4,343,12,1,2025-08-22 13:36:19.810000
40221,4,344,12,1,2025-08-22 13:36:19.810000
40221,4,345,12,1,2025-08-22 13:36:19.810000
40221,4,346,12,1,2025-08-22 13:36:19.810000
40221,4,347,12,1,2025-08-22 13:36:19.810000
40221,4,348,12,1,2025-08-22 13:36:19.810000
40221,4,349,12,1,2025-08-22 13:36:19.810000
40221,4,350,12,1,2025-08-22 13:36:19.810000
40221,4,351,12,1,2025-08-22 13:36:19.810000
40221,4,352,12,1,2025-08-22 13:36:19.810000
40221,4,353,12,1,2025-08-22 13:36:19.810000
40221,4,354,12,1,2025-08-22 13:36:19.810000
40221,4,355,12,1,2025-08-22 13:36:19.810000
40221,4,356,12,1,2025-08-22 13:36:19.810000
40221,4,357,12,1,2025-08-22 13:36:19.810000
40221,4,358,12,1,2025-08-22 13:36:19.810000
40221,4,359,12,1,2025-08-22 13:36:19.810000
40221,4,360,12,1,2025-08-22 13:36:19.810000
40221,4,361,12,1,2025-08-22 13:36:19.810000
40221,4,362,12,1,2025-08-22 13:36:19.810000
40221,4,363,12,1,2025-08-22 13:36:19.810000
40221,4,364,12,1,2025-08-22 13:36:19.810000
40221,4,365,12,1,2025-08-22 13:36:19.810000
40221,4,366,12,1,2025-08-22 13:36:19.810000
40221,4,367,12,1,2025-08-22 13:36:19.810000
40223,5,228,9,2,2025-09-18 15:24:43.487000
40223,5,238,9,2,2025-09-18 15:24:43.487000
40223,5,239,8,1,2025-09-18 15:24:43.487000
40223,5,240,8,1,2025-09-18 15:24:43.487000
40224,3,228,9,2,2025-11-24 14:28:47.450000
40224,3,238,9,2,2025-11-24 14:28:47.450000
40224,3,239,8,1,2025-11-24 14:28:47.450000
40224,3,240,8,1,2025-11-24 14:28:47.450000
40225,6,228,9,2,2025-08-21 18:33:31.527000
40225,6,238,9,2,2025-08-21 18:33:31.527000
40225,6,239,8,1,2025-08-21 18:33:31.527000
40225,6,240,8,1,2025-08-21 18:33:31.527000
40227,5,374,13,1,2025-09-19 13:54:55.093000
40227,5,375,13,1,2025-09-19 13:54:55.093000
40227,5,376,13,1,2025-09-19 13:54:55.093000
40227,5,377,13,1,2025-09-19 13:54:55.093000
40227,5,378,13,1,2025-09-19 13:54:55.093000
40227,5,379,13,1,2025-09-19 13:54:55.093000
40227,5,380,13,1,2025-09-19 13:54:55.093000
40227,5,381,13,1,2025-09-19 13:54:55.093000
40227,5,391,12,1,2025-09-19 13:54:55.093000
40227,5,392,12,1,2025-09-19 13:54:55.093000
40227,5,393,12,1,2025-09-19 13:54:55.093000
40227,5,394,12,1,2025-09-19 13:54:55.093000
40227,5,395,12,1,2025-09-19 13:54:55.093000
40227,5,396,12,1,2025-09-19 13:54:55.093000
40228,4,374,13,1,2026-02-20 14:57:35.073000
40228,4,375,13,1,2026-02-20 14:57:35.073000
40228,4,376,13,1,2026-02-20 14:57:35.073000
40228,4,377,13,1,2026-02-20 14:57:35.073000
40228,4,378,13,1,2026-02-20 14:57:35.073000
40228,4,379,13,1,2026-02-20 14:57:35.073000
40228,4,380,13,1,2026-02-20 14:57:35.073000
40228,4,381,13,1,2026-02-20 14:57:35.073000
40228,4,391,12,1,2026-02-20 14:57:35.073000
40228,4,392,12,1,2026-02-20 14:57:35.073000
40228,4,393,12,1,2026-02-20 14:57:35.073000
40228,4,394,12,1,2026-02-20 14:57:35.073000
40228,4,395,12,1,2026-02-20 14:57:35.073000
40228,4,396,12,1,2026-02-20 14:57:35.073000
40231,6,228,9,2,2025-09-18 15:29:00.570000
40231,6,238,9,2,2025-09-18 15:29:00.570000
40231,6,239,8,1,2025-09-18 15:29:00.570000
40231,6,240,8,1,2025-09-18 15:29:00.570000
40232,5,228,9,2,2026-01-22 14:27:54.483000
40232,5,238,9,2,2026-01-22 14:27:54.483000
40232,5,239,8,1,2026-01-22 14:27:54.483000
40232,5,240,8,1,2026-01-22 14:27:54.483000
40237,6,374,13,1,2025-08-18 19:44:18.360000
40237,6,375,13,1,2025-08-18 19:44:18.360000
40237,6,376,13,1,2025-08-18 19:44:18.360000
40237,6,377,13,1,2025-08-18 19:44:18.360000
40237,6,378,13,1,2025-08-18 19:44:18.360000
40237,6,379,13,1,2025-08-18 19:44:18.360000
40237,6,380,13,1,2025-08-18 19:44:18.360000
40237,6,381,13,1,2025-08-18 19:44:18.360000
40237,6,391,12,1,2025-08-18 19:44:18.360000
40237,6,392,12,1,2025-08-18 19:44:18.360000
40237,6,393,12,1,2025-08-18 19:44:18.360000
40237,6,394,12,1,2025-08-18 19:44:18.360000
40237,6,395,12,1,2025-08-18 19:44:18.360000
40237,6,396,12,1,2025-08-18 19:44:18.360000
40241,4,340,12,1,2025-08-22 13:57:58.617000
40241,4,341,12,1,2025-08-22 13:57:58.617000
40241,4,342,12,1,2025-08-22 13:57:58.617000
40241,4,343,12,1,2025-08-22 13:57:58.617000
40241,4,344,12,1,2025-08-22 13:57:58.617000
40241,4,345,12,1,2025-08-22 13:57:58.617000
40241,4,346,12,1,2025-08-22 13:57:58.617000
40241,4,347,12,1,2025-08-22 13:57:58.617000
40241,4,348,12,1,2025-08-22 13:57:58.617000
40241,4,349,12,1,2025-08-22 13:57:58.617000
40241,4,350,12,1,2025-08-22 13:57:58.617000
40241,4,351,12,1,2025-08-22 13:57:58.617000
40241,4,352,12,1,2025-08-22 13:57:58.617000
40241,4,353,12,1,2025-08-22 13:57:58.617000
40241,4,354,12,1,2025-08-22 13:57:58.617000
40241,4,355,12,1,2025-08-22 13:57:58.617000
40241,4,356,12,1,2025-08-22 13:57:58.617000
40241,4,357,12,1,2025-08-22 13:57:58.617000
40241,4,358,12,1,2025-08-22 13:57:58.617000
40241,4,359,12,1,2025-08-22 13:57:58.617000
40241,4,360,12,1,2025-08-22 13:57:58.617000
40241,4,361,12,1,2025-08-22 13:57:58.617000
40241,4,362,12,1,2025-08-22 13:57:58.617000
40241,4,363,12,1,2025-08-22 13:57:58.617000
40241,4,364,12,1,2025-08-22 13:57:58.617000
40241,4,365,12,1,2025-08-22 13:57:58.617000
40241,4,366,12,1,2025-08-22 13:57:58.617000
40241,4,367,12,1,2025-08-22 13:57:58.617000
40243,17,228,9,2,2025-09-17 13:37:27.030000
40243,17,238,9,2,2025-09-17 13:37:27.030000
40243,17,239,8,1,2025-09-17 13:37:27.030000
40243,17,240,8,1,2025-09-17 13:37:27.030000
40244,4,228,9,2,2026-05-08 13:10:37.490000
40244,4,238,9,2,2026-05-08 13:10:37.490000
40244,4,239,8,1,2026-05-08 13:10:37.490000
40244,4,240,8,1,2026-05-08 13:10:37.490000
40245,3,228,9,2,2025-07-10 11:33:17.597000
40245,3,238,9,2,2025-07-10 11:33:17.597000
40245,3,239,8,1,2025-07-10 11:33:17.597000
40245,3,240,8,1,2025-07-10 11:33:17.597000
40247,8,139,10,2,2025-07-18 14:17:34.347000
40247,8,140,10,2,2025-07-18 14:17:34.347000
40247,8,388,10,1,2025-07-18 14:17:34.347000
40247,8,389,10,1,2025-07-18 14:17:34.347000
40248,2,143,8,1,2025-07-11 18:19:08.113000
40248,2,144,8,1,2025-07-11 18:19:08.113000
40248,2,145,8,1,2025-07-11 18:19:08.113000
40248,2,146,8,1,2025-07-11 18:19:08.113000
40248,2,147,9,1,2025-07-11 18:19:08.113000
40248,2,148,9,1,2025-07-11 18:19:08.113000
40248,2,149,9,1,2025-07-11 18:19:08.113000
40248,2,151,9,1,2025-07-11 18:19:08.113000
40248,2,264,8,1,2025-07-11 18:19:08.113000
40248,2,265,9,1,2025-07-11 18:19:08.113000
40248,2,266,8,1,2025-07-11 18:19:08.113000
40248,2,267,9,1,2025-07-11 18:19:08.113000
40248,2,268,8,1,2025-07-11 18:19:08.113000
40249,5,143,8,1,2026-07-10 12:43:52.640000
40249,5,144,8,1,2026-07-10 12:43:52.640000
40249,5,145,8,1,2026-07-10 12:43:52.640000
40249,5,146,8,1,2026-07-10 12:43:52.640000
40249,5,147,9,1,2026-07-10 12:43:52.640000
40249,5,148,9,1,2026-07-10 12:43:52.640000
40249,5,149,9,1,2026-07-10 12:43:52.640000
40249,5,151,9,1,2026-07-10 12:43:52.640000
40249,5,264,8,1,2026-07-10 12:43:52.640000
40249,5,265,9,1,2026-07-10 12:43:52.640000
40249,5,266,8,1,2026-07-10 12:43:52.640000
40249,5,267,9,1,2026-07-10 12:43:52.640000
40249,5,268,8,1,2026-07-10 12:43:52.640000
40250,2,143,8,1,2025-07-11 19:45:36.750000
40250,2,144,8,1,2025-07-11 19:45:36.750000
40250,2,145,8,1,2025-07-11 19:45:36.750000
40250,2,146,8,1,2025-07-11 19:45:36.750000
40250,2,147,9,1,2025-07-11 19:45:36.750000
40250,2,148,9,1,2025-07-11 19:45:36.750000
40250,2,149,9,1,2025-07-11 19:45:36.750000
40250,2,151,9,1,2025-07-11 19:45:36.750000
40250,2,264,8,1,2025-07-11 19:45:36.750000
40250,2,265,9,1,2025-07-11 19:45:36.750000
40250,2,266,8,1,2025-07-11 19:45:36.750000
40250,2,267,9,1,2025-07-11 19:45:36.750000
40250,2,268,8,1,2025-07-11 19:45:36.750000
40254,6,340,12,1,2025-09-19 13:28:02.760000
40254,6,341,12,1,2025-09-19 13:28:02.760000
40254,6,342,12,1,2025-09-19 13:28:02.760000
40254,6,343,12,1,2025-09-19 13:28:02.760000
40254,6,344,12,1,2025-09-19 13:28:02.760000
40254,6,345,12,1,2025-09-19 13:28:02.760000
40254,6,346,12,1,2025-09-19 13:28:02.760000
40254,6,347,12,1,2025-09-19 13:28:02.760000
40254,6,348,12,1,2025-09-19 13:28:02.760000
40254,6,349,12,1,2025-09-19 13:28:02.760000
40254,6,350,12,1,2025-09-19 13:28:02.760000
40254,6,351,12,1,2025-09-19 13:28:02.760000
40254,6,352,12,1,2025-09-19 13:28:02.760000
40254,6,353,12,1,2025-09-19 13:28:02.760000
40254,6,354,12,1,2025-09-19 13:28:02.760000
40254,6,355,12,1,2025-09-19 13:28:02.760000
40254,6,356,12,1,2025-09-19 13:28:02.760000
40254,6,357,12,1,2025-09-19 13:28:02.760000
40254,6,358,12,1,2025-09-19 13:28:02.760000
40254,6,359,12,1,2025-09-19 13:28:02.760000
40254,6,360,12,1,2025-09-19 13:28:02.760000
40254,6,361,12,1,2025-09-19 13:28:02.760000
40254,6,362,12,1,2025-09-19 13:28:02.760000
40254,6,363,12,1,2025-09-19 13:28:02.760000
40254,6,364,12,1,2025-09-19 13:28:02.760000
40254,6,365,12,1,2025-09-19 13:28:02.760000
40254,6,366,12,1,2025-09-19 13:28:02.760000
40254,6,367,12,1,2025-09-19 13:28:02.760000
40255,6,340,12,1,2026-04-29 14:36:58.560000
40255,6,341,12,1,2026-04-29 14:36:58.560000
40255,6,342,12,1,2026-04-29 14:36:58.560000
40255,6,343,12,1,2026-04-29 14:36:58.560000
40255,6,344,12,1,2026-04-29 14:36:58.560000
40255,6,345,12,1,2026-04-29 14:36:58.560000
40255,6,346,12,1,2026-04-29 14:36:58.560000
40255,6,347,12,1,2026-04-29 14:36:58.560000
40255,6,348,12,1,2026-04-29 14:36:58.560000
40255,6,349,12,1,2026-04-29 14:36:58.560000
40255,6,350,12,1,2026-04-29 14:36:58.560000
40255,6,351,12,1,2026-04-29 14:36:58.560000
40255,6,352,12,1,2026-04-29 14:36:58.560000
40255,6,353,12,1,2026-04-29 14:36:58.560000
40255,6,354,12,1,2026-04-29 14:36:58.560000
40255,6,355,12,1,2026-04-29 14:36:58.560000
40255,6,356,12,1,2026-04-29 14:36:58.560000
40255,6,357,12,1,2026-04-29 14:36:58.560000
40255,6,358,12,1,2026-04-29 14:36:58.560000
40255,6,359,12,1,2026-04-29 14:36:58.560000
40255,6,360,12,1,2026-04-29 14:36:58.560000
40255,6,361,12,1,2026-04-29 14:36:58.560000
40255,6,362,12,1,2026-04-29 14:36:58.560000
40255,6,363,12,1,2026-04-29 14:36:58.560000
40255,6,364,12,1,2026-04-29 14:36:58.560000
40255,6,365,12,1,2026-04-29 14:36:58.560000
40255,6,366,12,1,2026-04-29 14:36:58.560000
40255,6,367,12,1,2026-04-29 14:36:58.560000
40256,6,374,13,1,2025-09-19 13:57:05.443000
40256,6,375,13,1,2025-09-19 13:57:05.443000
40256,6,376,13,1,2025-09-19 13:57:05.443000
40256,6,377,13,1,2025-09-19 13:57:05.443000
40256,6,378,13,1,2025-09-19 13:57:05.443000
40256,6,379,13,1,2025-09-19 13:57:05.443000
40256,6,380,13,1,2025-09-19 13:57:05.443000
40256,6,381,13,1,2025-09-19 13:57:05.443000
40256,6,391,12,1,2025-09-19 13:57:05.443000
40256,6,392,12,1,2025-09-19 13:57:05.443000
40256,6,393,12,1,2025-09-19 13:57:05.443000
40256,6,394,12,1,2025-09-19 13:57:05.443000
40256,6,395,12,1,2025-09-19 13:57:05.443000
40256,6,396,12,1,2025-09-19 13:57:05.443000
40257,7,374,13,1,2026-05-08 14:23:27.380000
40257,7,375,13,1,2026-05-08 14:23:27.380000
40257,7,376,13,1,2026-05-08 14:23:27.380000
40257,7,377,13,1,2026-05-08 14:23:27.380000
40257,7,378,13,1,2026-05-08 14:23:27.380000
40257,7,379,13,1,2026-05-08 14:23:27.380000
40257,7,380,13,1,2026-05-08 14:23:27.380000
40257,7,381,13,1,2026-05-08 14:23:27.380000
40257,7,391,12,1,2026-05-08 14:23:27.380000
40257,7,392,12,1,2026-05-08 14:23:27.380000
40257,7,393,12,1,2026-05-08 14:23:27.380000
40257,7,394,12,1,2026-05-08 14:23:27.380000
40257,7,395,12,1,2026-05-08 14:23:27.380000
40257,7,396,12,1,2026-05-08 14:23:27.380000
40258,4,228,9,2,2025-08-21 18:32:38.877000
40258,4,238,9,2,2025-08-21 18:32:38.877000
40258,4,239,8,1,2025-08-21 18:32:38.877000
40258,4,240,8,1,2025-08-21 18:32:38.877000
40260,5,228,9,2,2025-09-17 13:36:29.580000
40260,5,238,9,2,2025-09-17 13:36:29.580000
40260,5,239,8,1,2025-09-17 13:36:29.580000
40260,5,240,8,1,2025-09-17 13:36:29.580000
40262,8,374,13,1,2025-09-19 13:55:38.393000
40262,8,375,13,1,2025-09-19 13:55:38.393000
40262,8,376,13,1,2025-09-19 13:55:38.393000
40262,8,377,13,1,2025-09-19 13:55:38.393000
40262,8,378,13,1,2025-09-19 13:55:38.393000
40262,8,379,13,1,2025-09-19 13:55:38.393000
40262,8,380,13,1,2025-09-19 13:55:38.393000
40262,8,381,13,1,2025-09-19 13:55:38.393000
40262,8,391,12,1,2025-09-19 13:55:38.393000
40262,8,392,12,1,2025-09-19 13:55:38.393000
40262,8,393,12,1,2025-09-19 13:55:38.393000
40262,8,394,12,1,2025-09-19 13:55:38.393000
40262,8,395,12,1,2025-09-19 13:55:38.393000
40262,8,396,12,1,2025-09-19 13:55:38.393000
40264,7,340,12,1,2025-09-16 18:37:32.617000
40264,7,341,12,1,2025-09-16 18:37:32.617000
40264,7,342,12,1,2025-09-16 18:37:32.617000
40264,7,343,12,1,2025-09-16 18:37:32.617000
40264,7,344,12,1,2025-09-16 18:37:32.617000
40264,7,345,12,1,2025-09-16 18:37:32.617000
40264,7,346,12,1,2025-09-16 18:37:32.617000
40264,7,347,12,1,2025-09-16 18:37:32.617000
40264,7,348,12,1,2025-09-16 18:37:32.617000
40264,7,349,12,1,2025-09-16 18:37:32.617000
40264,7,350,12,1,2025-09-16 18:37:32.617000
40264,7,351,12,1,2025-09-16 18:37:32.617000
40264,7,352,12,1,2025-09-16 18:37:32.617000
40264,7,353,12,1,2025-09-16 18:37:32.617000
40264,7,354,12,1,2025-09-16 18:37:32.617000
40264,7,355,12,1,2025-09-16 18:37:32.617000
40264,7,356,12,1,2025-09-16 18:37:32.617000
40264,7,357,12,1,2025-09-16 18:37:32.617000
40264,7,358,12,1,2025-09-16 18:37:32.617000
40264,7,359,12,1,2025-09-16 18:37:32.617000
40264,7,360,12,1,2025-09-16 18:37:32.617000
40264,7,361,12,1,2025-09-16 18:37:32.617000
40264,7,362,12,1,2025-09-16 18:37:32.617000
40264,7,363,12,1,2025-09-16 18:37:32.617000
40264,7,364,12,1,2025-09-16 18:37:32.617000
40264,7,365,12,1,2025-09-16 18:37:32.617000
40264,7,366,12,1,2025-09-16 18:37:32.617000
40264,7,367,12,1,2025-09-16 18:37:32.617000
40266,5,269,8,1,2025-09-18 15:06:53.913000
40266,5,270,8,1,2025-09-18 15:06:53.913000
40266,5,271,8,1,2025-09-18 15:06:53.913000
40266,5,273,9,1,2025-09-18 15:06:53.913000
40266,5,274,9,1,2025-09-18 15:06:53.913000
40266,5,275,9,1,2025-09-18 15:06:53.913000
40266,5,297,13,1,2025-09-18 15:06:53.913000
40266,5,298,13,1,2025-09-18 15:06:53.913000
40266,5,299,13,1,2025-09-18 15:06:53.913000
40266,5,300,13,1,2025-09-18 15:06:53.913000
40266,5,301,13,1,2025-09-18 15:06:53.913000
40266,5,302,13,1,2025-09-18 15:06:53.913000
40266,5,303,13,1,2025-09-18 15:06:53.913000
40266,5,304,13,1,2025-09-18 15:06:53.913000
40266,5,305,13,1,2025-09-18 15:06:53.913000
40266,5,306,13,1,2025-09-18 15:06:53.913000
40266,5,307,13,1,2025-09-18 15:06:53.913000
40266,5,309,13,1,2025-09-18 15:06:53.913000
40266,5,310,13,1,2025-09-18 15:06:53.913000
40266,5,311,13,1,2025-09-18 15:06:53.913000
40266,5,312,13,1,2025-09-18 15:06:53.913000
40266,5,313,13,1,2025-09-18 15:06:53.913000
40268,6,269,8,1,2025-09-18 15:48:42.977000
40268,6,270,8,1,2025-09-18 15:48:42.977000
40268,6,271,8,1,2025-09-18 15:48:42.977000
40268,6,273,9,1,2025-09-18 15:48:42.977000
40268,6,274,9,1,2025-09-18 15:48:42.977000
40268,6,275,9,1,2025-09-18 15:48:42.977000
40268,6,297,13,1,2025-09-18 15:48:42.977000
40268,6,298,13,1,2025-09-18 15:48:42.977000
40268,6,299,13,1,2025-09-18 15:48:42.977000
40268,6,300,13,1,2025-09-18 15:48:42.977000
40268,6,301,13,1,2025-09-18 15:48:42.977000
40268,6,302,13,1,2025-09-18 15:48:42.977000
40268,6,303,13,1,2025-09-18 15:48:42.977000
40268,6,304,13,1,2025-09-18 15:48:42.977000
40268,6,305,13,1,2025-09-18 15:48:42.977000
40268,6,306,13,1,2025-09-18 15:48:42.977000
40268,6,307,13,1,2025-09-18 15:48:42.977000
40268,6,309,13,1,2025-09-18 15:48:42.977000
40268,6,310,13,1,2025-09-18 15:48:42.977000
40268,6,311,13,1,2025-09-18 15:48:42.977000
40268,6,312,13,1,2025-09-18 15:48:42.977000
40268,6,313,13,1,2025-09-18 15:48:42.977000
40269,12,139,10,2,2025-08-22 15:23:34.930000
40269,12,140,10,2,2025-08-22 15:23:34.930000
40269,12,388,10,1,2025-08-22 15:23:34.930000
40269,12,389,10,1,2025-08-22 15:23:34.930000
40270,19,139,10,2,2025-08-22 13:24:09.540000
40270,19,140,10,2,2025-08-22 13:24:09.540000
40270,19,388,10,1,2025-08-22 13:24:09.540000
40270,19,389,10,1,2025-08-22 13:24:09.540000
40271,3,143,8,1,2025-08-20 18:51:42.540000
40271,3,144,8,1,2025-08-20 18:51:42.540000
40271,3,145,8,1,2025-08-20 18:51:42.540000
40271,3,146,8,1,2025-08-20 18:51:42.540000
40271,3,147,9,1,2025-08-20 18:51:42.540000
40271,3,148,9,1,2025-08-20 18:51:42.540000
40271,3,149,9,1,2025-08-20 18:51:42.540000
40271,3,151,9,1,2025-08-20 18:51:42.540000
40271,3,264,8,1,2025-08-20 18:51:42.540000
40271,3,265,9,1,2025-08-20 18:51:42.540000
40271,3,266,8,1,2025-08-20 18:51:42.540000
40271,3,267,9,1,2025-08-20 18:51:42.540000
40271,3,268,8,1,2025-08-20 18:51:42.540000
40272,3,143,8,1,2026-06-18 15:20:39.580000
40272,3,144,8,1,2026-06-18 15:20:39.580000
40272,3,145,8,1,2026-06-18 15:20:39.580000
40272,3,146,8,1,2026-06-18 15:20:39.580000
40272,3,147,9,1,2026-06-18 15:20:39.580000
40272,3,148,9,1,2026-06-18 15:20:39.580000
40272,3,149,9,1,2026-06-18 15:20:39.580000
40272,3,151,9,1,2026-06-18 15:20:39.580000
40272,3,264,8,1,2026-06-18 15:20:39.580000
40272,3,265,9,1,2026-06-18 15:20:39.580000
40272,3,266,8,1,2026-06-18 15:20:39.580000
40272,3,267,9,1,2026-06-18 15:20:39.580000
40272,3,268,8,1,2026-06-18 15:20:39.580000
40273,5,143,8,1,2025-09-15 15:15:58.730000
40273,5,144,8,1,2025-09-15 15:15:58.730000
40273,5,145,8,1,2025-09-15 15:15:58.730000
40273,5,146,8,1,2025-09-15 15:15:58.730000
40273,5,147,9,1,2025-09-15 15:15:58.730000
40273,5,148,9,1,2025-09-15 15:15:58.730000
40273,5,149,9,1,2025-09-15 15:15:58.730000
40273,5,151,9,1,2025-09-15 15:15:58.730000
40273,5,264,8,1,2025-09-15 15:15:58.730000
40273,5,265,9,1,2025-09-15 15:15:58.730000
40273,5,266,8,1,2025-09-15 15:15:58.730000
40273,5,267,9,1,2025-09-15 15:15:58.730000
40273,5,268,8,1,2025-09-15 15:15:58.730000
40275,8,314,12,1,2025-09-05 17:10:07.437000
40275,8,315,12,1,2025-09-05 17:10:07.437000
40275,8,316,12,1,2025-09-05 17:10:07.437000
40275,8,317,12,1,2025-09-05 17:10:07.437000
40275,8,318,12,1,2025-09-05 17:10:07.437000
40275,8,319,12,1,2025-09-05 17:10:07.437000
40275,8,320,12,1,2025-09-05 17:10:07.437000
40275,8,321,12,1,2025-09-05 17:10:07.437000
40275,8,322,12,1,2025-09-05 17:10:07.437000
40275,8,323,12,1,2025-09-05 17:10:07.437000
40275,8,324,12,1,2025-09-05 17:10:07.437000
40275,8,325,12,1,2025-09-05 17:10:07.437000
40275,8,326,12,1,2025-09-05 17:10:07.437000
40275,8,327,12,1,2025-09-05 17:10:07.437000
40275,8,328,12,1,2025-09-05 17:10:07.437000
40275,8,329,12,1,2025-09-05 17:10:07.437000
40275,8,330,12,1,2025-09-05 17:10:07.437000
40275,8,331,12,1,2025-09-05 17:10:07.437000
40275,8,332,12,1,2025-09-05 17:10:07.437000
40275,8,333,12,1,2025-09-05 17:10:07.437000
40275,8,334,12,1,2025-09-05 17:10:07.437000
40275,8,335,12,1,2025-09-05 17:10:07.437000
40275,8,336,12,1,2025-09-05 17:10:07.437000
40275,8,337,12,1,2025-09-05 17:10:07.437000
40275,8,338,12,1,2025-09-05 17:10:07.437000
40275,8,339,12,1,2025-09-05 17:10:07.437000
40276,7,314,12,1,2026-03-27 18:33:50.777000
40276,7,315,12,1,2026-03-27 18:33:50.777000
40276,7,316,12,1,2026-03-27 18:33:50.777000
40276,7,317,12,1,2026-03-27 18:33:50.777000
40276,7,318,12,1,2026-03-27 18:33:50.777000
40276,7,319,12,1,2026-03-27 18:33:50.777000
40276,7,320,12,1,2026-03-27 18:33:50.777000
40276,7,321,12,1,2026-03-27 18:33:50.777000
40276,7,322,12,1,2026-03-27 18:33:50.777000
40276,7,323,12,1,2026-03-27 18:33:50.777000
40276,7,324,12,1,2026-03-27 18:33:50.777000
40276,7,325,12,1,2026-03-27 18:33:50.777000
40276,7,326,12,1,2026-03-27 18:33:50.777000
40276,7,327,12,1,2026-03-27 18:33:50.777000
40276,7,328,12,1,2026-03-27 18:33:50.777000
40276,7,329,12,1,2026-03-27 18:33:50.777000
40276,7,330,12,1,2026-03-27 18:33:50.777000
40276,7,331,12,1,2026-03-27 18:33:50.777000
40276,7,332,12,1,2026-03-27 18:33:50.777000
40276,7,333,12,1,2026-03-27 18:33:50.777000
40276,7,334,12,1,2026-03-27 18:33:50.777000
40276,7,335,12,1,2026-03-27 18:33:50.777000
40276,7,336,12,1,2026-03-27 18:33:50.777000
40276,7,337,12,1,2026-03-27 18:33:50.777000
40276,7,338,12,1,2026-03-27 18:33:50.777000
40276,7,339,12,1,2026-03-27 18:33:50.777000
40277,4,143,8,1,2025-09-15 16:24:50.467000
40277,4,144,8,1,2025-09-15 16:24:50.467000
40277,4,145,8,1,2025-09-15 16:24:50.467000
40277,4,146,8,1,2025-09-15 16:24:50.467000
40277,4,147,9,1,2025-09-15 16:24:50.467000
40277,4,148,9,1,2025-09-15 16:24:50.467000
40277,4,149,9,1,2025-09-15 16:24:50.467000
40277,4,151,9,1,2025-09-15 16:24:50.467000
40277,4,264,8,1,2025-09-15 16:24:50.467000
40277,4,265,9,1,2025-09-15 16:24:50.467000
40277,4,266,8,1,2025-09-15 16:24:50.467000
40277,4,267,9,1,2025-09-15 16:24:50.467000
40277,4,268,8,1,2025-09-15 16:24:50.467000
40279,6,269,8,1,2025-09-18 18:59:41.580000
40279,6,270,8,1,2025-09-18 18:59:41.580000
40279,6,271,8,1,2025-09-18 18:59:41.580000
40279,6,273,9,1,2025-09-18 18:59:41.580000
40279,6,274,9,1,2025-09-18 18:59:41.580000
40279,6,275,9,1,2025-09-18 18:59:41.580000
40279,6,297,13,1,2025-09-18 18:59:41.580000
40279,6,298,13,1,2025-09-18 18:59:41.580000
40279,6,299,13,1,2025-09-18 18:59:41.580000
40279,6,300,13,1,2025-09-18 18:59:41.580000
40279,6,301,13,1,2025-09-18 18:59:41.580000
40279,6,302,13,1,2025-09-18 18:59:41.580000
40279,6,303,13,1,2025-09-18 18:59:41.580000
40279,6,304,13,1,2025-09-18 18:59:41.580000
40279,6,305,13,1,2025-09-18 18:59:41.580000
40279,6,306,13,1,2025-09-18 18:59:41.580000
40279,6,307,13,1,2025-09-18 18:59:41.580000
40279,6,309,13,1,2025-09-18 18:59:41.580000
40279,6,310,13,1,2025-09-18 18:59:41.580000
40279,6,311,13,1,2025-09-18 18:59:41.580000
40279,6,312,13,1,2025-09-18 18:59:41.580000
40279,6,313,13,1,2025-09-18 18:59:41.580000
40288,7,368,12,1,2025-09-05 17:21:31.467000
40288,7,369,12,1,2025-09-05 17:21:31.467000
40288,7,370,12,1,2025-09-05 17:21:31.467000
40288,7,371,12,1,2025-09-05 17:21:31.467000
40288,7,372,12,1,2025-09-05 17:21:31.467000
40289,6,368,12,1,2026-03-27 18:36:51.820000
40289,6,369,12,1,2026-03-27 18:36:51.820000
40289,6,370,12,1,2026-03-27 18:36:51.820000
40289,6,371,12,1,2026-03-27 18:36:51.820000
40289,6,372,12,1,2026-03-27 18:36:51.820000
40299,2,143,8,1,2025-09-16 17:27:08.437000
40299,2,144,8,1,2025-09-16 17:27:08.437000
40299,2,145,8,1,2025-09-16 17:27:08.437000
40299,2,146,8,1,2025-09-16 17:27:08.437000
40299,2,147,9,1,2025-09-16 17:27:08.437000
40299,2,148,9,1,2025-09-16 17:27:08.437000
40299,2,149,9,1,2025-09-16 17:27:08.437000
40299,2,151,9,1,2025-09-16 17:27:08.437000
40299,2,264,8,1,2025-09-16 17:27:08.437000
40299,2,265,9,1,2025-09-16 17:27:08.437000
40299,2,266,8,1,2025-09-16 17:27:08.437000
40299,2,267,9,1,2025-09-16 17:27:08.437000
40299,2,268,8,1,2025-09-16 17:27:08.437000
40301,7,269,8,1,2026-01-08 13:45:42.713000
40301,7,270,8,1,2026-01-08 13:45:42.713000
40301,7,271,8,1,2026-01-08 13:45:42.713000
40301,7,273,9,1,2026-01-08 13:45:42.713000
40301,7,274,9,1,2026-01-08 13:45:42.713000
40301,7,275,9,1,2026-01-08 13:45:42.713000
40301,7,297,13,1,2026-01-08 13:45:42.713000
40301,7,298,13,1,2026-01-08 13:45:42.713000
40301,7,299,13,1,2026-01-08 13:45:42.713000
40301,7,300,13,1,2026-01-08 13:45:42.713000
40301,7,301,13,1,2026-01-08 13:45:42.713000
40301,7,302,13,1,2026-01-08 13:45:42.713000
40301,7,303,13,1,2026-01-08 13:45:42.713000
40301,7,304,13,1,2026-01-08 13:45:42.713000
40301,7,305,13,1,2026-01-08 13:45:42.713000
40301,7,306,13,1,2026-01-08 13:45:42.713000
40301,7,307,13,1,2026-01-08 13:45:42.713000
40301,7,309,13,1,2026-01-08 13:45:42.713000
40301,7,310,13,1,2026-01-08 13:45:42.713000
40301,7,311,13,1,2026-01-08 13:45:42.713000
40301,7,312,13,1,2026-01-08 13:45:42.713000
40301,7,313,13,1,2026-01-08 13:45:42.713000
40302,3,500,8,1,2026-07-16 17:29:54.050000
40302,3,501,8,1,2026-07-16 17:29:54.050000
40302,3,502,8,1,2026-07-16 17:29:54.050000
40302,3,504,9,1,2026-07-16 17:29:54.050000
40302,3,505,9,1,2026-07-16 17:29:54.050000
40302,3,506,9,1,2026-07-16 17:29:54.050000
40302,3,507,13,1,2026-07-16 17:29:54.050000
40302,3,508,13,1,2026-07-16 17:29:54.050000
40302,3,509,13,1,2026-07-16 17:29:54.050000
40302,3,510,13,1,2026-07-16 17:29:54.050000
40302,3,511,13,1,2026-07-16 17:29:54.050000
40302,3,512,13,1,2026-07-16 17:29:54.050000
40302,3,513,13,1,2026-07-16 17:29:54.050000
40302,3,514,13,1,2026-07-16 17:29:54.050000
40302,3,515,13,1,2026-07-16 17:29:54.050000
40302,3,516,13,1,2026-07-16 17:29:54.050000
40302,3,517,13,1,2026-07-16 17:29:54.050000
40302,3,519,13,1,2026-07-16 17:29:54.050000
40302,3,520,13,1,2026-07-16 17:29:54.050000
40302,3,521,13,1,2026-07-16 17:29:54.050000
40302,3,522,13,1,2026-07-16 17:29:54.050000
40302,3,523,13,1,2026-07-16 17:29:54.050000
40310,20,314,12,1,2026-02-13 18:42:59.257000
40310,20,315,12,1,2026-02-13 18:42:59.257000
40310,20,316,12,1,2026-02-13 18:42:59.257000
40310,20,317,12,1,2026-02-13 18:42:59.257000
40310,20,318,12,1,2026-02-13 18:42:59.257000
40310,20,319,12,1,2026-02-13 18:42:59.257000
40310,20,320,12,1,2026-02-13 18:42:59.257000
40310,20,321,12,1,2026-02-13 18:42:59.257000
40310,20,322,12,1,2026-02-13 18:42:59.257000
40310,20,323,12,1,2026-02-13 18:42:59.257000
40310,20,324,12,1,2026-02-13 18:42:59.257000
40310,20,325,12,1,2026-02-13 18:42:59.257000
40310,20,326,12,1,2026-02-13 18:42:59.257000
40310,20,327,12,1,2026-02-13 18:42:59.257000
40310,20,328,12,1,2026-02-13 18:42:59.257000
40310,20,329,12,1,2026-02-13 18:42:59.257000
40310,20,330,12,1,2026-02-13 18:42:59.257000
40310,20,331,12,1,2026-02-13 18:42:59.257000
40310,20,332,12,1,2026-02-13 18:42:59.257000
40310,20,333,12,1,2026-02-13 18:42:59.257000
40310,20,334,12,1,2026-02-13 18:42:59.257000
40310,20,335,12,1,2026-02-13 18:42:59.257000
40310,20,336,12,1,2026-02-13 18:42:59.257000
40310,20,337,12,1,2026-02-13 18:42:59.257000
40310,20,338,12,1,2026-02-13 18:42:59.257000
40310,20,339,12,1,2026-02-13 18:42:59.257000
40314,11,368,12,1,2026-02-13 18:46:16.377000
40314,11,369,12,1,2026-02-13 18:46:16.377000
40314,11,370,12,1,2026-02-13 18:46:16.377000
40314,11,371,12,1,2026-02-13 18:46:16.377000
40314,11,372,12,1,2026-02-13 18:46:16.377000
40323,7,340,12,1,2026-01-09 13:41:37.953000
40323,7,341,12,1,2026-01-09 13:41:37.953000
40323,7,342,12,1,2026-01-09 13:41:37.953000
40323,7,343,12,1,2026-01-09 13:41:37.953000
40323,7,344,12,1,2026-01-09 13:41:37.953000
40323,7,345,12,1,2026-01-09 13:41:37.953000
40323,7,346,12,1,2026-01-09 13:41:37.953000
40323,7,347,12,1,2026-01-09 13:41:37.953000
40323,7,348,12,1,2026-01-09 13:41:37.953000
40323,7,349,12,1,2026-01-09 13:41:37.953000
40323,7,350,12,1,2026-01-09 13:41:37.953000
40323,7,351,12,1,2026-01-09 13:41:37.953000
40323,7,352,12,1,2026-01-09 13:41:37.953000
40323,7,353,12,1,2026-01-09 13:41:37.953000
40323,7,354,12,1,2026-01-09 13:41:37.953000
40323,7,355,12,1,2026-01-09 13:41:37.953000
40323,7,356,12,1,2026-01-09 13:41:37.953000
40323,7,357,12,1,2026-01-09 13:41:37.953000
40323,7,358,12,1,2026-01-09 13:41:37.953000
40323,7,359,12,1,2026-01-09 13:41:37.953000
40323,7,360,12,1,2026-01-09 13:41:37.953000
40323,7,361,12,1,2026-01-09 13:41:37.953000
40323,7,362,12,1,2026-01-09 13:41:37.953000
40323,7,363,12,1,2026-01-09 13:41:37.953000
40323,7,364,12,1,2026-01-09 13:41:37.953000
40323,7,365,12,1,2026-01-09 13:41:37.953000
40323,7,366,12,1,2026-01-09 13:41:37.953000
40323,7,367,12,1,2026-01-09 13:41:37.953000
40325,4,228,9,2,2026-01-26 17:00:39.977000
40325,4,238,9,2,2026-01-26 17:00:39.977000
40325,4,239,8,1,2026-01-26 17:00:39.977000
40325,4,240,8,1,2026-01-26 17:00:39.977000
40327,4,374,13,1,2026-01-09 14:57:58.770000
40327,4,375,13,1,2026-01-09 14:57:58.770000
40327,4,376,13,1,2026-01-09 14:57:58.770000
40327,4,377,13,1,2026-01-09 14:57:58.770000
40327,4,378,13,1,2026-01-09 14:57:58.770000
40327,4,379,13,1,2026-01-09 14:57:58.770000
40327,4,380,13,1,2026-01-09 14:57:58.770000
40327,4,381,13,1,2026-01-09 14:57:58.770000
40327,4,391,12,1,2026-01-09 14:57:58.770000
40327,4,392,12,1,2026-01-09 14:57:58.770000
40327,4,393,12,1,2026-01-09 14:57:58.770000
40327,4,394,12,1,2026-01-09 14:57:58.770000
40327,4,395,12,1,2026-01-09 14:57:58.770000
40327,4,396,12,1,2026-01-09 14:57:58.770000
40329,5,269,8,1,2026-01-08 15:35:24.897000
40329,5,270,8,1,2026-01-08 15:35:24.897000
40329,5,271,8,1,2026-01-08 15:35:24.897000
40329,5,273,9,1,2026-01-08 15:35:24.897000
40329,5,274,9,1,2026-01-08 15:35:24.897000
40329,5,275,9,1,2026-01-08 15:35:24.897000
40329,5,297,13,1,2026-01-08 15:35:24.897000
40329,5,298,13,1,2026-01-08 15:35:24.897000
40329,5,299,13,1,2026-01-08 15:35:24.897000
40329,5,300,13,1,2026-01-08 15:35:24.897000
40329,5,301,13,1,2026-01-08 15:35:24.897000
40329,5,302,13,1,2026-01-08 15:35:24.897000
40329,5,303,13,1,2026-01-08 15:35:24.897000
40329,5,304,13,1,2026-01-08 15:35:24.897000
40329,5,305,13,1,2026-01-08 15:35:24.897000
40329,5,306,13,1,2026-01-08 15:35:24.897000
40329,5,307,13,1,2026-01-08 15:35:24.897000
40329,5,309,13,1,2026-01-08 15:35:24.897000
40329,5,310,13,1,2026-01-08 15:35:24.897000
40329,5,311,13,1,2026-01-08 15:35:24.897000
40329,5,312,13,1,2026-01-08 15:35:24.897000
40329,5,313,13,1,2026-01-08 15:35:24.897000
40331,7,269,8,1,2026-01-16 23:46:36.817000
40331,7,270,8,1,2026-01-16 23:46:36.817000
40331,7,271,8,1,2026-01-16 23:46:36.817000
40331,7,273,9,1,2026-01-16 23:46:36.817000
40331,7,274,9,1,2026-01-16 23:46:36.817000
40331,7,275,9,1,2026-01-16 23:46:36.817000
40331,7,297,13,1,2026-01-16 23:46:36.817000
40331,7,298,13,1,2026-01-16 23:46:36.817000
40331,7,299,13,1,2026-01-16 23:46:36.817000
40331,7,300,13,1,2026-01-16 23:46:36.817000
40331,7,301,13,1,2026-01-16 23:46:36.817000
40331,7,302,13,1,2026-01-16 23:46:36.817000
40331,7,303,13,1,2026-01-16 23:46:36.817000
40331,7,304,13,1,2026-01-16 23:46:36.817000
40331,7,305,13,1,2026-01-16 23:46:36.817000
40331,7,306,13,1,2026-01-16 23:46:36.817000
40331,7,307,13,1,2026-01-16 23:46:36.817000
40331,7,309,13,1,2026-01-16 23:46:36.817000
40331,7,310,13,1,2026-01-16 23:46:36.817000
40331,7,311,13,1,2026-01-16 23:46:36.817000
40331,7,312,13,1,2026-01-16 23:46:36.817000
40331,7,313,13,1,2026-01-16 23:46:36.817000
40333,7,269,8,1,2026-01-08 19:46:08.340000
40333,7,270,8,1,2026-01-08 19:46:08.340000
40333,7,271,8,1,2026-01-08 19:46:08.340000
40333,7,273,9,1,2026-01-08 19:46:08.340000
40333,7,274,9,1,2026-01-08 19:46:08.340000
40333,7,275,9,1,2026-01-08 19:46:08.340000
40333,7,297,13,1,2026-01-08 19:46:08.340000
40333,7,298,13,1,2026-01-08 19:46:08.340000
40333,7,299,13,1,2026-01-08 19:46:08.340000
40333,7,300,13,1,2026-01-08 19:46:08.340000
40333,7,301,13,1,2026-01-08 19:46:08.340000
40333,7,302,13,1,2026-01-08 19:46:08.340000
40333,7,303,13,1,2026-01-08 19:46:08.340000
40333,7,304,13,1,2026-01-08 19:46:08.340000
40333,7,305,13,1,2026-01-08 19:46:08.340000
40333,7,306,13,1,2026-01-08 19:46:08.340000
40333,7,307,13,1,2026-01-08 19:46:08.340000
40333,7,309,13,1,2026-01-08 19:46:08.340000
40333,7,310,13,1,2026-01-08 19:46:08.340000
40333,7,311,13,1,2026-01-08 19:46:08.340000
40333,7,312,13,1,2026-01-08 19:46:08.340000
40333,7,313,13,1,2026-01-08 19:46:08.340000
40334,3,500,8,1,2026-07-16 17:12:48.670000
40334,3,501,8,1,2026-07-16 17:12:48.670000
40334,3,502,8,1,2026-07-16 17:12:48.670000
40334,3,504,9,1,2026-07-16 17:12:48.670000
40334,3,505,9,1,2026-07-16 17:12:48.670000
40334,3,506,9,1,2026-07-16 17:12:48.670000
40334,3,507,13,1,2026-07-16 17:12:48.670000
40334,3,508,13,1,2026-07-16 17:12:48.670000
40334,3,509,13,1,2026-07-16 17:12:48.670000
40334,3,510,13,1,2026-07-16 17:12:48.670000
40334,3,511,13,1,2026-07-16 17:12:48.670000
40334,3,512,13,1,2026-07-16 17:12:48.670000
40334,3,513,13,1,2026-07-16 17:12:48.670000
40334,3,514,13,1,2026-07-16 17:12:48.670000
40334,3,515,13,1,2026-07-16 17:12:48.670000
40334,3,516,13,1,2026-07-16 17:12:48.670000
40334,3,517,13,1,2026-07-16 17:12:48.670000
40334,3,519,13,1,2026-07-16 17:12:48.670000
40334,3,520,13,1,2026-07-16 17:12:48.670000
40334,3,521,13,1,2026-07-16 17:12:48.670000
40334,3,522,13,1,2026-07-16 17:12:48.670000
40334,3,523,13,1,2026-07-16 17:12:48.670000
40340,3,143,8,1,2026-01-22 17:43:46.497000
40342,2,143,8,1,2026-01-22 19:15:31.223000
40344,12,139,10,2,2026-02-13 15:44:41.680000
40344,12,140,10,2,2026-02-13 15:44:41.680000
40344,12,388,10,1,2026-02-13 15:44:41.680000
40344,12,389,10,1,2026-02-13 15:44:41.680000
40345,10,139,10,2,2026-02-13 15:47:51.113000
40345,10,140,10,2,2026-02-13 15:47:51.113000
40345,10,388,10,1,2026-02-13 15:47:51.113000
40345,10,389,10,1,2026-02-13 15:47:51.113000
40350,15,269,8,1,2026-03-27 15:43:05.133000
40350,15,270,8,1,2026-03-27 15:43:05.133000
40350,15,271,8,1,2026-03-27 15:43:05.133000
40350,15,273,9,1,2026-03-27 15:43:05.133000
40350,15,274,9,1,2026-03-27 15:43:05.133000
40350,15,275,9,1,2026-03-27 15:43:05.133000
40350,15,297,13,1,2026-03-27 15:43:05.133000
40350,15,298,13,1,2026-03-27 15:43:05.133000
40350,15,299,13,1,2026-03-27 15:43:05.133000
40350,15,300,13,1,2026-03-27 15:43:05.133000
40350,15,301,13,1,2026-03-27 15:43:05.133000
40350,15,302,13,1,2026-03-27 15:43:05.133000
40350,15,303,13,1,2026-03-27 15:43:05.133000
40350,15,304,13,1,2026-03-27 15:43:05.133000
40350,15,305,13,1,2026-03-27 15:43:05.133000
40350,15,306,13,1,2026-03-27 15:43:05.133000
40350,15,307,13,1,2026-03-27 15:43:05.133000
40350,15,309,13,1,2026-03-27 15:43:05.133000
40350,15,310,13,1,2026-03-27 15:43:05.133000
40350,15,311,13,1,2026-03-27 15:43:05.133000
40350,15,312,13,1,2026-03-27 15:43:05.133000
40350,15,313,13,1,2026-03-27 15:43:05.133000
40351,3,269,8,1,2026-03-27 15:34:37.770000
40351,3,270,8,1,2026-03-27 15:34:37.770000
40351,3,271,8,1,2026-03-27 15:34:37.770000
40351,3,273,9,1,2026-03-27 15:34:37.770000
40351,3,274,9,1,2026-03-27 15:34:37.770000
40351,3,275,9,1,2026-03-27 15:34:37.770000
40351,3,297,13,1,2026-03-27 15:34:37.770000
40351,3,298,13,1,2026-03-27 15:34:37.770000
40351,3,299,13,1,2026-03-27 15:34:37.770000
40351,3,300,13,1,2026-03-27 15:34:37.770000
40351,3,301,13,1,2026-03-27 15:34:37.770000
40351,3,302,13,1,2026-03-27 15:34:37.770000
40351,3,303,13,1,2026-03-27 15:34:37.770000
40351,3,304,13,1,2026-03-27 15:34:37.770000
40351,3,305,13,1,2026-03-27 15:34:37.770000
40351,3,306,13,1,2026-03-27 15:34:37.770000
40351,3,307,13,1,2026-03-27 15:34:37.770000
40351,3,309,13,1,2026-03-27 15:34:37.770000
40351,3,310,13,1,2026-03-27 15:34:37.770000
40351,3,311,13,1,2026-03-27 15:34:37.770000
40351,3,312,13,1,2026-03-27 15:34:37.770000
40351,3,313,13,1,2026-03-27 15:34:37.770000
40352,6,374,13,1,2026-03-27 13:55:55.970000
40352,6,375,13,1,2026-03-27 13:55:55.970000
40352,6,376,13,1,2026-03-27 13:55:55.970000
40352,6,377,13,1,2026-03-27 13:55:55.970000
40352,6,378,13,1,2026-03-27 13:55:55.970000
40352,6,379,13,1,2026-03-27 13:55:55.970000
40352,6,380,13,1,2026-03-27 13:55:55.970000
40352,6,381,13,1,2026-03-27 13:55:55.970000
40352,6,391,12,1,2026-03-27 13:55:55.970000
40352,6,392,12,1,2026-03-27 13:55:55.970000
40352,6,393,12,1,2026-03-27 13:55:55.970000
40352,6,394,12,1,2026-03-27 13:55:55.970000
40352,6,395,12,1,2026-03-27 13:55:55.970000
40352,6,396,12,1,2026-03-27 13:55:55.970000
40353,6,360,12,1,2026-03-27 13:29:05.903000
40353,6,361,12,1,2026-03-27 13:29:05.903000
40353,6,362,12,1,2026-03-27 13:29:05.903000
40353,6,363,12,1,2026-03-27 13:29:05.903000
40353,6,364,12,1,2026-03-27 13:29:05.903000
40353,6,365,12,1,2026-03-27 13:29:05.903000
40353,6,366,12,1,2026-03-27 13:29:05.903000
40353,6,367,12,1,2026-03-27 13:29:05.903000
40354,4,340,12,1,2026-03-27 13:44:45.543000
40354,4,341,12,1,2026-03-27 13:44:45.543000
40354,4,342,12,1,2026-03-27 13:44:45.543000
40354,4,343,12,1,2026-03-27 13:44:45.543000
40354,4,344,12,1,2026-03-27 13:44:45.543000
40354,4,345,12,1,2026-03-27 13:44:45.543000
40354,4,346,12,1,2026-03-27 13:44:45.543000
40354,4,347,12,1,2026-03-27 13:44:45.543000
40354,4,348,12,1,2026-03-27 13:44:45.543000
40354,4,349,12,1,2026-03-27 13:44:45.543000
40354,4,350,12,1,2026-03-27 13:44:45.543000
40354,4,351,12,1,2026-03-27 13:44:45.543000
40354,4,352,12,1,2026-03-27 13:44:45.543000
40354,4,353,12,1,2026-03-27 13:44:45.543000
40354,4,354,12,1,2026-03-27 13:44:45.543000
40354,4,355,12,1,2026-03-27 13:44:45.543000
40354,4,356,12,1,2026-03-27 13:44:45.543000
40354,4,357,12,1,2026-03-27 13:44:45.543000
40354,4,358,12,1,2026-03-27 13:44:45.543000
40354,4,359,12,1,2026-03-27 13:44:45.543000
40355,8,228,9,2,2026-05-14 15:29:14.957000
40355,8,238,9,2,2026-05-14 15:29:14.957000
40355,8,239,8,1,2026-05-14 15:29:14.957000
40355,8,240,8,1,2026-05-14 15:29:14.957000
40357,4,269,8,1,2026-03-27 13:00:59.557000
40357,4,270,8,1,2026-03-27 13:00:59.557000
40357,4,271,8,1,2026-03-27 13:00:59.557000
40357,4,273,9,1,2026-03-27 13:00:59.557000
40357,4,274,9,1,2026-03-27 13:00:59.557000
40357,4,275,9,1,2026-03-27 13:00:59.557000
40357,4,297,13,1,2026-03-27 13:00:59.557000
40357,4,298,13,1,2026-03-27 13:00:59.557000
40357,4,299,13,1,2026-03-27 13:00:59.557000
40357,4,300,13,1,2026-03-27 13:00:59.557000
40357,4,301,13,1,2026-03-27 13:00:59.557000
40357,4,302,13,1,2026-03-27 13:00:59.557000
40357,4,303,13,1,2026-03-27 13:00:59.557000
40357,4,304,13,1,2026-03-27 13:00:59.557000
40357,4,305,13,1,2026-03-27 13:00:59.557000
40357,4,306,13,1,2026-03-27 13:00:59.557000
40357,4,307,13,1,2026-03-27 13:00:59.557000
40357,4,309,13,1,2026-03-27 13:00:59.557000
40357,4,310,13,1,2026-03-27 13:00:59.557000
40357,4,311,13,1,2026-03-27 13:00:59.557000
40357,4,312,13,1,2026-03-27 13:00:59.557000
40357,4,313,13,1,2026-03-27 13:00:59.557000
40358,4,340,12,1,2026-05-11 15:24:48.670000
40358,4,341,12,1,2026-05-11 15:24:48.670000
40358,4,342,12,1,2026-05-11 15:24:48.670000
40358,4,343,12,1,2026-05-11 15:24:48.670000
40358,4,344,12,1,2026-05-11 15:24:48.670000
40358,4,345,12,1,2026-05-11 15:24:48.670000
40358,4,346,12,1,2026-05-11 15:24:48.670000
40358,4,347,12,1,2026-05-11 15:24:48.670000
40358,4,348,12,1,2026-05-11 15:24:48.670000
40358,4,349,12,1,2026-05-11 15:24:48.670000
40358,4,350,12,1,2026-05-11 15:24:48.670000
40358,4,351,12,1,2026-05-11 15:24:48.670000
40358,4,352,12,1,2026-05-11 15:24:48.670000
40358,4,353,12,1,2026-05-11 15:24:48.670000
40358,4,354,12,1,2026-05-11 15:24:48.670000
40358,4,355,12,1,2026-05-11 15:24:48.670000
40358,4,356,12,1,2026-05-11 15:24:48.670000
40358,4,357,12,1,2026-05-11 15:24:48.670000
40358,4,358,12,1,2026-05-11 15:24:48.670000
40358,4,359,12,1,2026-05-11 15:24:48.670000
40358,4,360,12,1,2026-05-11 15:24:48.670000
40358,4,361,12,1,2026-05-11 15:24:48.670000
40358,4,362,12,1,2026-05-11 15:24:48.670000
40358,4,363,12,1,2026-05-11 15:24:48.670000
40358,4,364,12,1,2026-05-11 15:24:48.670000
40358,4,365,12,1,2026-05-11 15:24:48.670000
40358,4,366,12,1,2026-05-11 15:24:48.670000
40358,4,367,12,1,2026-05-11 15:24:48.670000
40362,4,269,8,1,2026-05-14 12:33:03.233000
40362,4,270,8,1,2026-05-14 12:33:03.233000
40362,4,271,8,1,2026-05-14 12:33:03.233000
40362,4,273,9,1,2026-05-14 12:33:03.233000
40362,4,274,9,1,2026-05-14 12:33:03.233000
40362,4,275,9,1,2026-05-14 12:33:03.233000
40362,4,297,13,1,2026-05-14 12:33:03.233000
40362,4,298,13,1,2026-05-14 12:33:03.233000
40362,4,299,13,1,2026-05-14 12:33:03.233000
40362,4,300,13,1,2026-05-14 12:33:03.233000
40362,4,301,13,1,2026-05-14 12:33:03.233000
40362,4,302,13,1,2026-05-14 12:33:03.233000
40362,4,303,13,1,2026-05-14 12:33:03.233000
40362,4,304,13,1,2026-05-14 12:33:03.233000
40362,4,305,13,1,2026-05-14 12:33:03.233000
40362,4,306,13,1,2026-05-14 12:33:03.233000
40362,4,307,13,1,2026-05-14 12:33:03.233000
40362,4,309,13,1,2026-05-14 12:33:03.233000
40362,4,310,13,1,2026-05-14 12:33:03.233000
40362,4,311,13,1,2026-05-14 12:33:03.233000
40362,4,312,13,1,2026-05-14 12:33:03.233000
40362,4,313,13,1,2026-05-14 12:33:03.233000
40366,3,374,13,1,2026-05-14 14:31:17.153000
40366,3,375,13,1,2026-05-14 14:31:17.153000
40366,3,376,13,1,2026-05-14 14:31:17.153000
40366,3,377,13,1,2026-05-14 14:31:17.153000
40366,3,378,13,1,2026-05-14 14:31:17.153000
40366,3,379,13,1,2026-05-14 14:31:17.153000
40366,3,380,13,1,2026-05-14 14:31:17.153000
40366,3,381,13,1,2026-05-14 14:31:17.153000
40366,3,391,12,1,2026-05-14 14:31:17.153000
40366,3,392,12,1,2026-05-14 14:31:17.153000
40366,3,393,12,1,2026-05-14 14:31:17.153000
40366,3,394,12,1,2026-05-14 14:31:17.153000
40366,3,395,12,1,2026-05-14 14:31:17.153000
40366,3,396,12,1,2026-05-14 14:31:17.153000
40376,6,228,9,2,2026-04-16 12:05:19.993000
40376,6,238,9,2,2026-04-16 12:05:19.993000
40376,6,239,8,1,2026-04-16 12:05:19.993000
40376,6,240,8,1,2026-04-16 12:05:19.993000
40377,27,314,12,1,2026-05-08 16:25:31.143000
40377,27,315,12,1,2026-05-08 16:25:31.143000
40377,27,316,12,1,2026-05-08 16:25:31.143000
40377,27,317,12,1,2026-05-08 16:25:31.143000
40377,27,318,12,1,2026-05-08 16:25:31.143000
40377,27,319,12,1,2026-05-08 16:25:31.143000
40377,27,320,12,1,2026-05-08 16:25:31.143000
40377,27,321,12,1,2026-05-08 16:25:31.143000
40377,27,322,12,1,2026-05-08 16:25:31.143000
40377,27,323,12,1,2026-05-08 16:25:31.143000
40377,27,324,12,1,2026-05-08 16:25:31.143000
40377,27,325,12,1,2026-05-08 16:25:31.143000
40377,27,326,12,1,2026-05-08 16:25:31.143000
40377,27,327,12,1,2026-05-08 16:25:31.143000
40377,27,328,12,1,2026-05-08 16:25:31.143000
40377,27,329,12,1,2026-05-08 16:25:31.143000
40377,27,330,12,1,2026-05-08 16:25:31.143000
40377,27,331,12,1,2026-05-08 16:25:31.143000
40377,27,332,12,1,2026-05-08 16:25:31.143000
40377,27,333,12,1,2026-05-08 16:25:31.143000
40377,27,334,12,1,2026-05-08 16:25:31.143000
40377,27,335,12,1,2026-05-08 16:25:31.143000
40377,27,336,12,1,2026-05-08 16:25:31.143000
40377,27,337,12,1,2026-05-08 16:25:31.143000
40377,27,338,12,1,2026-05-08 16:25:31.143000
40377,27,339,12,1,2026-05-08 16:25:31.143000
40379,8,368,12,1,2026-05-08 16:28:39.763000
40379,8,369,12,1,2026-05-08 16:28:39.763000
40379,8,370,12,1,2026-05-08 16:28:39.763000
40379,8,371,12,1,2026-05-08 16:28:39.763000
40379,8,372,12,1,2026-05-08 16:28:39.763000
40381,4,143,8,1,2026-03-27 13:41:02.633000
40381,4,144,8,1,2026-03-27 13:41:02.633000
40381,4,145,8,1,2026-03-27 13:41:02.633000
40381,4,146,8,1,2026-03-27 13:41:02.633000
40381,4,147,9,1,2026-03-27 13:41:02.633000
40381,4,148,9,1,2026-03-27 13:41:02.633000
40381,4,149,9,1,2026-03-27 13:41:02.633000
40381,4,151,9,1,2026-03-27 13:41:02.633000
40381,4,264,8,1,2026-03-27 13:41:02.633000
40381,4,265,9,1,2026-03-27 13:41:02.633000
40381,4,266,8,1,2026-03-27 13:41:02.633000
40381,4,267,9,1,2026-03-27 13:41:02.633000
40381,4,268,8,1,2026-03-27 13:41:02.633000
40384,5,143,8,1,2026-05-14 19:57:37.947000
40384,5,144,8,1,2026-05-14 19:57:37.947000
40384,5,145,8,1,2026-05-14 19:57:37.947000
40384,5,146,8,1,2026-05-14 19:57:37.947000
40384,5,147,9,1,2026-05-14 19:57:37.947000
40384,5,148,9,1,2026-05-14 19:57:37.947000
40384,5,149,9,1,2026-05-14 19:57:37.947000
40384,5,151,9,1,2026-05-14 19:57:37.947000
40384,5,264,8,1,2026-05-14 19:57:37.947000
40384,5,265,9,1,2026-05-14 19:57:37.947000
40384,5,266,8,1,2026-05-14 19:57:37.947000
40384,5,267,9,1,2026-05-14 19:57:37.947000
40384,5,268,8,1,2026-05-14 19:57:37.947000
40386,6,228,9,2,2026-05-12 00:01:23.990000
40386,6,238,9,2,2026-05-12 00:01:23.990000
40386,6,239,8,1,2026-05-12 00:01:23.990000
40386,6,240,8,1,2026-05-12 00:01:23.990000
40391,25,314,12,1,2026-07-02 16:09:52.700000
40391,25,315,12,1,2026-07-02 16:09:52.700000
40391,25,316,12,1,2026-07-02 16:09:52.700000
40391,25,317,12,1,2026-07-02 16:09:52.700000
40391,25,318,12,1,2026-07-02 16:09:52.700000
40391,25,319,12,1,2026-07-02 16:09:52.700000
40391,25,320,12,1,2026-07-02 16:09:52.700000
40391,25,321,12,1,2026-07-02 16:09:52.700000
40391,25,322,12,1,2026-07-02 16:09:52.700000
40391,25,323,12,1,2026-07-02 16:09:52.700000
40391,25,324,12,1,2026-07-02 16:09:52.700000
40391,25,325,12,1,2026-07-02 16:09:52.700000
40391,25,326,12,1,2026-07-02 16:09:52.700000
40391,25,327,12,1,2026-07-02 16:09:52.700000
40391,25,328,12,1,2026-07-02 16:09:52.700000
40391,25,329,12,1,2026-07-02 16:09:52.700000
40391,25,330,12,1,2026-07-02 16:09:52.700000
40391,25,331,12,1,2026-07-02 16:09:52.700000
40391,25,332,12,1,2026-07-02 16:09:52.700000
40391,25,333,12,1,2026-07-02 16:09:52.700000
40391,25,334,12,1,2026-07-02 16:09:52.700000
40391,25,335,12,1,2026-07-02 16:09:52.700000
40391,25,336,12,1,2026-07-02 16:09:52.700000
40391,25,337,12,1,2026-07-02 16:09:52.700000
40391,25,338,12,1,2026-07-02 16:09:52.700000
40391,25,339,12,1,2026-07-02 16:09:52.700000
40402,7,139,10,2,2026-07-16 20:19:10.927000
40402,7,140,10,2,2026-07-16 20:19:10.927000
40402,7,388,10,1,2026-07-16 20:19:10.927000
40402,7,389,10,1,2026-07-16 20:19:10.927000
40403,11,139,10,2,2026-07-16 20:38:16.583000
40403,11,140,10,2,2026-07-16 20:38:16.583000
40403,11,388,10,1,2026-07-16 20:38:16.583000
40403,11,389,10,1,2026-07-16 20:38:16.583000
40404,7,368,12,1,2026-07-02 16:10:21.180000
40404,7,369,12,1,2026-07-02 16:10:21.180000
40404,7,370,12,1,2026-07-02 16:10:21.180000
40404,7,371,12,1,2026-07-02 16:10:21.180000
40404,7,372,12,1,2026-07-02 16:10:21.180000
